{"epoch": 1, "val_accuracy": 0.9048566878980892, "train_accuracy": 0.86376953125, "f1_macro": 0.9038377065676769, "pre_macro": 0.9095214582973901, "re_macro": 0.9043694512668626, "best_epoch": 1, "val_loss": 0.32200802965860836, "train_loss": 0.7798536864363335}
{"epoch": 2, "val_accuracy": 0.9163017515923567, "train_accuracy": 0.9222745028409091, "f1_macro": 0.9147049109517222, "pre_macro": 0.9185819586208798, "re_macro": 0.9149586779827734, "best_epoch": 2, "val_loss": 0.2771958307879176, "train_loss": 0.51728190604428}
{"epoch": 3, "val_accuracy": 0.9258558917197452, "train_accuracy": 0.9381658380681818, "f1_macro": 0.9248049830577221, "pre_macro": 0.928181780358158, "re_macro": 0.9243264494916165, "best_epoch": 3, "val_loss": 0.24443303722484855, "train_loss": 0.43365797362374986}
{"epoch": 4, "val_accuracy": 0.929140127388535, "train_accuracy": 0.9474209872159091, "f1_macro": 0.9284782180794027, "pre_macro": 0.9320655169575479, "re_macro": 0.9278576288416212, "best_epoch": 4, "val_loss": 0.2264018342681941, "train_loss": 0.3896107690366493}
{"epoch": 5, "val_accuracy": 0.9387937898089171, "train_accuracy": 0.9540127840909091, "f1_macro": 0.9380619181422203, "pre_macro": 0.939872451928802, "re_macro": 0.9377537384519027, "best_epoch": 5, "val_loss": 0.1977894952591912, "train_loss": 0.36088595634580334}
{"epoch": 6, "val_accuracy": 0.943968949044586, "train_accuracy": 0.9590953480113636, "f1_macro": 0.9435655998386041, "pre_macro": 0.9452366898211997, "re_macro": 0.9433604782228213, "best_epoch": 6, "val_loss": 0.1839869426130347, "train_loss": 0.34104093725115736}
{"epoch": 7, "val_accuracy": 0.9446656050955414, "train_accuracy": 0.9636674360795454, "f1_macro": 0.9442087111477229, "pre_macro": 0.9457518312390791, "re_macro": 0.9440588233589369, "best_epoch": 7, "val_loss": 0.1771393442989155, "train_loss": 0.3256522032474591}
{"epoch": 8, "val_accuracy": 0.9514331210191083, "train_accuracy": 0.9664639559659091, "f1_macro": 0.9509240626470016, "pre_macro": 0.951711534715743, "re_macro": 0.9507691448589565, "best_epoch": 8, "val_loss": 0.16234405165550056, "train_loss": 0.31342283043671737}
{"epoch": 9, "val_accuracy": 0.9553144904458599, "train_accuracy": 0.9687056107954546, "f1_macro": 0.954771207846604, "pre_macro": 0.9551978885155069, "re_macro": 0.9546424275410613, "best_epoch": 9, "val_loss": 0.15279209339445468, "train_loss": 0.3037758226591078}
{"epoch": 10, "val_accuracy": 0.9573049363057324, "train_accuracy": 0.9713467684659091, "f1_macro": 0.9567083980776102, "pre_macro": 0.9569790350856351, "re_macro": 0.9565965610088967, "best_epoch": 10, "val_loss": 0.1480299664311301, "train_loss": 0.2954497887668284}
{"epoch": 11, "val_accuracy": 0.9583001592356688, "train_accuracy": 0.9733442826704546, "f1_macro": 0.9576855579930822, "pre_macro": 0.9579363559251941, "re_macro": 0.9575665745729385, "best_epoch": 11, "val_loss": 0.14444713927746103, "train_loss": 0.28862608647481963}
{"epoch": 12, "val_accuracy": 0.9585987261146497, "train_accuracy": 0.9748757102272727, "f1_macro": 0.957940416521225, "pre_macro": 0.9582217943654575, "re_macro": 0.9578412733288145, "best_epoch": 12, "val_loss": 0.1427627637697633, "train_loss": 0.2831738178237257}
{"epoch": 13, "val_accuracy": 0.9589968152866242, "train_accuracy": 0.9762517755681818, "f1_macro": 0.9583804357048822, "pre_macro": 0.9586488076318688, "re_macro": 0.9583076645601931, "best_epoch": 13, "val_loss": 0.1420783777928846, "train_loss": 0.278814014386047}
{"epoch": 14, "val_accuracy": 0.9590963375796179, "train_accuracy": 0.9771173650568182, "f1_macro": 0.9585153167759056, "pre_macro": 0.9588067753474283, "re_macro": 0.9584257340529831, "best_epoch": 14, "val_loss": 0.14140856974301444, "train_loss": 0.2753683080981401}
{"epoch": 15, "val_accuracy": 0.9593949044585988, "train_accuracy": 0.9783602627840909, "f1_macro": 0.9588147308833571, "pre_macro": 0.9591197274766905, "re_macro": 0.9586932199860358, "best_epoch": 15, "val_loss": 0.14054149516508174, "train_loss": 0.2726143054156141}
{"training time": 110.06184124946594}
