{"epoch": 1, "val_accuracy": 0.9175955414012739, "train_accuracy": 0.873067697228145, "f1_macro": 0.9159448173440314, "pre_macro": 0.9191128492549787, "re_macro": 0.9157924445965261, "best_epoch": 1, "val_loss": 0.277754764090393, "train_loss": 0.7316257035744979}
{"epoch": 2, "val_accuracy": 0.9247611464968153, "train_accuracy": 0.9227745202558635, "f1_macro": 0.9236821676102591, "pre_macro": 0.9268737400743655, "re_macro": 0.9231805284239819, "best_epoch": 2, "val_loss": 0.24171030096069074, "train_loss": 0.48812990268664574}
{"epoch": 3, "val_accuracy": 0.9345143312101911, "train_accuracy": 0.9367170842217484, "f1_macro": 0.9335901825353531, "pre_macro": 0.935887342503315, "re_macro": 0.9330747256030815, "best_epoch": 3, "val_loss": 0.21150200348347425, "train_loss": 0.41707121455338975}
{"epoch": 4, "val_accuracy": 0.9372014331210191, "train_accuracy": 0.9452125533049041, "f1_macro": 0.9361640567383238, "pre_macro": 0.9387264465888927, "re_macro": 0.9356208461253711, "best_epoch": 4, "val_loss": 0.2013701999850666, "train_loss": 0.3798865347083952}
{"epoch": 5, "val_accuracy": 0.9449641719745223, "train_accuracy": 0.9513592750533049, "f1_macro": 0.9441513405535409, "pre_macro": 0.9455359364946292, "re_macro": 0.9436810958914542, "best_epoch": 5, "val_loss": 0.17948534393350885, "train_loss": 0.3548133255703363}
{"epoch": 6, "val_accuracy": 0.9480493630573248, "train_accuracy": 0.9557569296375267, "f1_macro": 0.9473865180054499, "pre_macro": 0.9484565912208271, "re_macro": 0.9471075384426332, "best_epoch": 6, "val_loss": 0.1749296637376545, "train_loss": 0.3375545328518729}
{"epoch": 7, "val_accuracy": 0.9494426751592356, "train_accuracy": 0.9597214818763327, "f1_macro": 0.9488106872452408, "pre_macro": 0.9496623583050242, "re_macro": 0.9486360435980362, "best_epoch": 7, "val_loss": 0.1676132215519145, "train_loss": 0.32321099773335304}
{"epoch": 8, "val_accuracy": 0.953125, "train_accuracy": 0.962836487206823, "f1_macro": 0.9525529930668746, "pre_macro": 0.9528900102238008, "re_macro": 0.9525933654858383, "best_epoch": 8, "val_loss": 0.1581561695294941, "train_loss": 0.3114862302218927}
{"epoch": 9, "val_accuracy": 0.9551154458598726, "train_accuracy": 0.9653851279317697, "f1_macro": 0.954550826492086, "pre_macro": 0.9547176065752211, "re_macro": 0.9546613435093917, "best_epoch": 9, "val_loss": 0.1513728348220918, "train_loss": 0.30245966214869324}
{"epoch": 10, "val_accuracy": 0.9567078025477707, "train_accuracy": 0.9678171641791045, "f1_macro": 0.9561266664079986, "pre_macro": 0.9562027376625233, "re_macro": 0.9562396777248127, "best_epoch": 10, "val_loss": 0.1467242371394732, "train_loss": 0.2945518602472124}
{"epoch": 11, "val_accuracy": 0.9586982484076433, "train_accuracy": 0.9702325426439232, "f1_macro": 0.9581224085844067, "pre_macro": 0.9581823339029081, "re_macro": 0.9582127035613901, "best_epoch": 11, "val_loss": 0.14417549857134176, "train_loss": 0.2879635548667867}
{"epoch": 12, "val_accuracy": 0.959593949044586, "train_accuracy": 0.9718816631130064, "f1_macro": 0.9590487003133357, "pre_macro": 0.9591884572092543, "re_macro": 0.9590600346342182, "best_epoch": 12, "val_loss": 0.14163995605662086, "train_loss": 0.28272054104535566}
{"epoch": 13, "val_accuracy": 0.9599920382165605, "train_accuracy": 0.9734141791044776, "f1_macro": 0.9594613843429256, "pre_macro": 0.959733757815792, "re_macro": 0.9593619044626698, "best_epoch": 13, "val_loss": 0.13992843528984078, "train_loss": 0.2784745311146098}
{"epoch": 14, "val_accuracy": 0.9608877388535032, "train_accuracy": 0.9744469616204691, "f1_macro": 0.9603607676563339, "pre_macro": 0.9606690274598095, "re_macro": 0.9602301314176487, "best_epoch": 14, "val_loss": 0.13852361488233136, "train_loss": 0.275107075553586}
{"epoch": 15, "val_accuracy": 0.9613853503184714, "train_accuracy": 0.9750632995735607, "f1_macro": 0.9608861150344827, "pre_macro": 0.9611959648007208, "re_macro": 0.9607433440745824, "best_epoch": 15, "val_loss": 0.13700512801979187, "train_loss": 0.27243553453099245}
{"training time": 144.88171076774597}
