{"epoch": 1, "val_accuracy": 0.8266321656050956, "train_accuracy": 0.7868470149253731, "f1_macro": 0.8248790693592454, "pre_macro": 0.824917778748345, "re_macro": 0.8263999999999999, "best_epoch": 1, "val_loss": 0.5158064915875721, "train_loss": 0.8465013280987486}
{"epoch": 2, "val_accuracy": 0.8425557324840764, "train_accuracy": 0.8512793176972282, "f1_macro": 0.8414440114592276, "pre_macro": 0.8426705122672512, "re_macro": 0.8423999999999999, "best_epoch": 2, "val_loss": 0.4697895457220685, "train_loss": 0.621755284509425}
{"epoch": 3, "val_accuracy": 0.8490246815286624, "train_accuracy": 0.8718849946695096, "f1_macro": 0.8467165725836405, "pre_macro": 0.8472869425379844, "re_macro": 0.8486, "best_epoch": 3, "val_loss": 0.42861108567304673, "train_loss": 0.5432320210788804}
{"epoch": 4, "val_accuracy": 0.8509156050955414, "train_accuracy": 0.888676039445629, "f1_macro": 0.8493067814603534, "pre_macro": 0.8494679067994688, "re_macro": 0.8501999999999998, "best_epoch": 4, "val_loss": 0.41478334879799256, "train_loss": 0.47796623405617183}
{"epoch": 5, "val_accuracy": 0.8534036624203821, "train_accuracy": 0.9040178571428571, "f1_macro": 0.8522441699669387, "pre_macro": 0.8533619414914334, "re_macro": 0.8533, "best_epoch": 5, "val_loss": 0.4148517262404132, "train_loss": 0.4266370795111158}
{"epoch": 6, "val_accuracy": 0.8536027070063694, "train_accuracy": 0.9181936300639659, "f1_macro": 0.8519632237187164, "pre_macro": 0.8533316879133397, "re_macro": 0.8532, "best_epoch": 6, "val_loss": 0.41327358336205694, "train_loss": 0.38402643383566}
{"epoch": 7, "val_accuracy": 0.8583797770700637, "train_accuracy": 0.9323527452025586, "f1_macro": 0.8567574017957831, "pre_macro": 0.8575103834372317, "re_macro": 0.8583000000000001, "best_epoch": 7, "val_loss": 0.40642066148056344, "train_loss": 0.3476090426129827}
{"epoch": 8, "val_accuracy": 0.8572850318471338, "train_accuracy": 0.9446961620469083, "f1_macro": 0.8552028282572403, "pre_macro": 0.8564477119774907, "re_macro": 0.8572000000000001, "best_epoch": 7, "val_loss": 0.40725941301151447, "train_loss": 0.31786892920541865}
{"epoch": 9, "val_accuracy": 0.8580812101910829, "train_accuracy": 0.9554737473347548, "f1_macro": 0.8564363622325842, "pre_macro": 0.8578194881048791, "re_macro": 0.8580000000000002, "best_epoch": 7, "val_loss": 0.4070254166604607, "train_loss": 0.29230086780242576}
{"epoch": 10, "val_accuracy": 0.8611664012738853, "train_accuracy": 0.964852078891258, "f1_macro": 0.8595497853553731, "pre_macro": 0.8610352783234015, "re_macro": 0.8605, "best_epoch": 10, "val_loss": 0.4072358792374848, "train_loss": 0.2707727211815462}
{"epoch": 11, "val_accuracy": 0.8624601910828026, "train_accuracy": 0.9719149786780383, "f1_macro": 0.8613709125528963, "pre_macro": 0.8625851542359001, "re_macro": 0.8618, "best_epoch": 11, "val_loss": 0.40610827614737166, "train_loss": 0.2518792445344457}
{"epoch": 12, "val_accuracy": 0.863156847133758, "train_accuracy": 0.9780950159914712, "f1_macro": 0.8624214456844517, "pre_macro": 0.8628938316931041, "re_macro": 0.8625, "best_epoch": 12, "val_loss": 0.4040955949076422, "train_loss": 0.23708292324024477}
{"epoch": 13, "val_accuracy": 0.8644506369426752, "train_accuracy": 0.9826092750533049, "f1_macro": 0.8637989434661323, "pre_macro": 0.8642192147210027, "re_macro": 0.8638, "best_epoch": 13, "val_loss": 0.40405106368907695, "train_loss": 0.2257609405656105}
{"epoch": 14, "val_accuracy": 0.865047770700637, "train_accuracy": 0.9856743070362474, "f1_macro": 0.8643398571446982, "pre_macro": 0.8646305890144313, "re_macro": 0.8644000000000001, "best_epoch": 14, "val_loss": 0.4046852582484294, "train_loss": 0.21688395594038182}
{"epoch": 15, "val_accuracy": 0.8649482484076433, "train_accuracy": 0.9877565298507462, "f1_macro": 0.8641417784678576, "pre_macro": 0.8643348720189671, "re_macro": 0.8643000000000001, "best_epoch": 14, "val_loss": 0.40531797612168985, "train_loss": 0.20997257977088632}
{"epoch": 16, "val_accuracy": 0.8647492038216561, "train_accuracy": 0.9891557835820896, "f1_macro": 0.8638958068790762, "pre_macro": 0.8640091719517169, "re_macro": 0.8641, "best_epoch": 14, "val_loss": 0.40563496292396717, "train_loss": 0.20448292547197483}
{"epoch": 17, "val_accuracy": 0.8664410828025477, "train_accuracy": 0.9904717484008528, "f1_macro": 0.8656875778439979, "pre_macro": 0.8658498653398532, "re_macro": 0.8657999999999999, "best_epoch": 17, "val_loss": 0.40544011405888636, "train_loss": 0.20012135795756444}
{"epoch": 18, "val_accuracy": 0.8669386942675159, "train_accuracy": 0.9912879797441365, "f1_macro": 0.8662125431636156, "pre_macro": 0.8663506650874109, "re_macro": 0.8663000000000001, "best_epoch": 18, "val_loss": 0.40498065677987544, "train_loss": 0.19664796383014874}
{"epoch": 19, "val_accuracy": 0.8665406050955414, "train_accuracy": 0.9919876066098081, "f1_macro": 0.8657663372693257, "pre_macro": 0.8658318054674267, "re_macro": 0.8659000000000001, "best_epoch": 18, "val_loss": 0.404574549881516, "train_loss": 0.19386021179685206}
{"epoch": 20, "val_accuracy": 0.8661425159235668, "train_accuracy": 0.9923374200426439, "f1_macro": 0.8653721526005709, "pre_macro": 0.8654396428810056, "re_macro": 0.8654999999999999, "best_epoch": 18, "val_loss": 0.4043382684326476, "train_loss": 0.19160620580667626}
{"epoch": 21, "val_accuracy": 0.8653463375796179, "train_accuracy": 0.9927705223880597, "f1_macro": 0.8645025746919132, "pre_macro": 0.8645216475586915, "re_macro": 0.8647, "best_epoch": 18, "val_loss": 0.40422774054062593, "train_loss": 0.1897707476830686}
{"epoch": 22, "val_accuracy": 0.8664410828025477, "train_accuracy": 0.9929204424307037, "f1_macro": 0.8656058785274073, "pre_macro": 0.865634371172734, "re_macro": 0.8657999999999999, "best_epoch": 18, "val_loss": 0.404164877856613, "train_loss": 0.18826448761705142}
{"epoch": 23, "val_accuracy": 0.866640127388535, "train_accuracy": 0.9932369402985075, "f1_macro": 0.8658199710280361, "pre_macro": 0.8658560542498789, "re_macro": 0.866, "best_epoch": 18, "val_loss": 0.404101740070589, "train_loss": 0.1870217341572237}
{"epoch": 24, "val_accuracy": 0.8665406050955414, "train_accuracy": 0.9935700959488273, "f1_macro": 0.8657607397534518, "pre_macro": 0.8658444047815947, "re_macro": 0.8659000000000001, "best_epoch": 18, "val_loss": 0.4040243532627251, "train_loss": 0.18599583386485255}
{"epoch": 25, "val_accuracy": 0.8664410828025477, "train_accuracy": 0.9936533848614072, "f1_macro": 0.8657031327175672, "pre_macro": 0.8658207324504191, "re_macro": 0.8658000000000001, "best_epoch": 18, "val_loss": 0.40393418339407366, "train_loss": 0.1851498319872661}
{"training time": 223.00839614868164}
