{"epoch": 1, "val_accuracy": 0.786922770700637, "train_accuracy": 0.7150487590343394, "f1_macro": 0.7814124083624252, "pre_macro": 0.7816904440210688, "re_macro": 0.7865, "best_epoch": 1, "val_loss": 0.6887966113485349, "train_loss": 1.1244491754694188}
{"epoch": 2, "val_accuracy": 0.8069267515923567, "train_accuracy": 0.8227615249917862, "f1_macro": 0.8001993344836691, "pre_macro": 0.8043662511922569, "re_macro": 0.8069, "best_epoch": 2, "val_loss": 0.5848086404192979, "train_loss": 0.6905178744742211}
{"epoch": 3, "val_accuracy": 0.8214570063694268, "train_accuracy": 0.8531693263256803, "f1_macro": 0.8188777387161039, "pre_macro": 0.8203423667732539, "re_macro": 0.8215, "best_epoch": 3, "val_loss": 0.5340644918429623, "train_loss": 0.5869079034379188}
{"epoch": 4, "val_accuracy": 0.8297173566878981, "train_accuracy": 0.8779255319148936, "f1_macro": 0.8265566423259921, "pre_macro": 0.8291504223415664, "re_macro": 0.8295, "best_epoch": 4, "val_loss": 0.49388642314892667, "train_loss": 0.5106962138033928}
{"epoch": 5, "val_accuracy": 0.8274283439490446, "train_accuracy": 0.9039450356300841, "f1_macro": 0.8245377804063085, "pre_macro": 0.8280207423348109, "re_macro": 0.8275, "best_epoch": 4, "val_loss": 0.4927025446846227, "train_loss": 0.44423505841417515}
{"epoch": 6, "val_accuracy": 0.8297173566878981, "train_accuracy": 0.9238696808510638, "f1_macro": 0.829389141031674, "pre_macro": 0.8316749351993125, "re_macro": 0.8295, "best_epoch": 4, "val_loss": 0.48144790017680755, "train_loss": 0.393737892013915}
{"epoch": 7, "val_accuracy": 0.8324044585987261, "train_accuracy": 0.9428856382978723, "f1_macro": 0.8323298988310472, "pre_macro": 0.8337343417118047, "re_macro": 0.8322, "best_epoch": 7, "val_loss": 0.46545093017778577, "train_loss": 0.34669012890217155}
{"epoch": 8, "val_accuracy": 0.8360867834394905, "train_accuracy": 0.9559175531914894, "f1_macro": 0.8352969115321566, "pre_macro": 0.8356487770379951, "re_macro": 0.8356, "best_epoch": 8, "val_loss": 0.4600107386043877, "train_loss": 0.3142139319409715}
{"epoch": 9, "val_accuracy": 0.8379777070063694, "train_accuracy": 0.9659574468085106, "f1_macro": 0.8368084729247236, "pre_macro": 0.8378564698528951, "re_macro": 0.8375, "best_epoch": 9, "val_loss": 0.46086608661208184, "train_loss": 0.2882956585351457}
{"epoch": 10, "val_accuracy": 0.8392714968152867, "train_accuracy": 0.9740026595744681, "f1_macro": 0.8380074520452732, "pre_macro": 0.840340132932065, "re_macro": 0.8388, "best_epoch": 10, "val_loss": 0.46599862026940486, "train_loss": 0.2670102958349471}
{"epoch": 11, "val_accuracy": 0.8396695859872612, "train_accuracy": 0.9803856382978723, "f1_macro": 0.8386108108572511, "pre_macro": 0.8405289860969459, "re_macro": 0.8395000000000001, "best_epoch": 11, "val_loss": 0.466238982263644, "train_loss": 0.2511072576680082}
{"epoch": 12, "val_accuracy": 0.8390724522292994, "train_accuracy": 0.9853058510638298, "f1_macro": 0.8379513428403935, "pre_macro": 0.8394693298236795, "re_macro": 0.8389, "best_epoch": 11, "val_loss": 0.4644430293968529, "train_loss": 0.23892110573484543}
{"epoch": 13, "val_accuracy": 0.8431528662420382, "train_accuracy": 0.9875664893617021, "f1_macro": 0.8419732542268512, "pre_macro": 0.8429123082915094, "re_macro": 0.843, "best_epoch": 13, "val_loss": 0.4616089632177049, "train_loss": 0.2296256239109851}
{"epoch": 14, "val_accuracy": 0.8431528662420382, "train_accuracy": 0.9894281914893617, "f1_macro": 0.8417460249701133, "pre_macro": 0.8422635502082464, "re_macro": 0.8427000000000001, "best_epoch": 13, "val_loss": 0.4592322633144962, "train_loss": 0.2223268242592507}
{"epoch": 15, "val_accuracy": 0.8446457006369427, "train_accuracy": 0.9900930851063829, "f1_macro": 0.8434078153450578, "pre_macro": 0.8436047632655603, "re_macro": 0.8442000000000001, "best_epoch": 15, "val_loss": 0.4576947874134513, "train_loss": 0.21650061670770038}
{"epoch": 16, "val_accuracy": 0.8461385350318471, "train_accuracy": 0.9912234042553192, "f1_macro": 0.8450208266526194, "pre_macro": 0.8451083075924244, "re_macro": 0.8456999999999999, "best_epoch": 16, "val_loss": 0.4569056802874158, "train_loss": 0.21150557925092414}
{"epoch": 17, "val_accuracy": 0.8470342356687898, "train_accuracy": 0.9919547872340425, "f1_macro": 0.8460581052983066, "pre_macro": 0.846177703622887, "re_macro": 0.8465999999999999, "best_epoch": 17, "val_loss": 0.4565776703274174, "train_loss": 0.20744611589198417}
{"epoch": 18, "val_accuracy": 0.8468351910828026, "train_accuracy": 0.9928856382978724, "f1_macro": 0.8459927831469283, "pre_macro": 0.8461002625951737, "re_macro": 0.8464, "best_epoch": 17, "val_loss": 0.4566652034498324, "train_loss": 0.20409422180754072}
{"epoch": 19, "val_accuracy": 0.8458399681528662, "train_accuracy": 0.9933510638297872, "f1_macro": 0.8451938920582247, "pre_macro": 0.8454181372996832, "re_macro": 0.8454, "best_epoch": 17, "val_loss": 0.4570039050404433, "train_loss": 0.20131109344198347}
{"epoch": 20, "val_accuracy": 0.8459394904458599, "train_accuracy": 0.9938829787234043, "f1_macro": 0.8453966544466945, "pre_macro": 0.8456771766637164, "re_macro": 0.8455, "best_epoch": 17, "val_loss": 0.45734207588396253, "train_loss": 0.1989980913857196}
{"epoch": 21, "val_accuracy": 0.8457404458598726, "train_accuracy": 0.9940824468085107, "f1_macro": 0.845211676126637, "pre_macro": 0.8454910081262537, "re_macro": 0.8452999999999999, "best_epoch": 17, "val_loss": 0.45757096360443505, "train_loss": 0.1970733458691455}
{"epoch": 22, "val_accuracy": 0.8454418789808917, "train_accuracy": 0.9942154255319149, "f1_macro": 0.8449080560152125, "pre_macro": 0.8451657693215143, "re_macro": 0.845, "best_epoch": 17, "val_loss": 0.45769800350164913, "train_loss": 0.1954640638955096}
{"epoch": 23, "val_accuracy": 0.8459394904458599, "train_accuracy": 0.9946143617021277, "f1_macro": 0.8454424354773176, "pre_macro": 0.8457100596714259, "re_macro": 0.8455, "best_epoch": 17, "val_loss": 0.4577638561938219, "train_loss": 0.19410613946458127}
{"epoch": 24, "val_accuracy": 0.8458399681528662, "train_accuracy": 0.9948138297872341, "f1_macro": 0.8453228644227961, "pre_macro": 0.845598391026764, "re_macro": 0.8454, "best_epoch": 17, "val_loss": 0.45780510099450494, "train_loss": 0.19295111133697185}
{"epoch": 25, "val_accuracy": 0.8462380573248408, "train_accuracy": 0.9950132978723404, "f1_macro": 0.8456472343260865, "pre_macro": 0.8458828362377643, "re_macro": 0.8457999999999999, "best_epoch": 17, "val_loss": 0.45784482037185864, "train_loss": 0.19196713471666296}
{"training time": 71.56373429298401}
