{"epoch": 1, "val_accuracy": 0.8126990445859873, "train_accuracy": 0.7824041193181818, "f1_macro": 0.8126955802463, "pre_macro": 0.8175013295612976, "re_macro": 0.813, "best_epoch": 1, "val_loss": 0.5747838694198876, "train_loss": 0.8683941353281791}
{"epoch": 2, "val_accuracy": 0.8340963375796179, "train_accuracy": 0.8493208451704546, "f1_macro": 0.8310156655075256, "pre_macro": 0.8332300938433669, "re_macro": 0.8336, "best_epoch": 2, "val_loss": 0.481774375981586, "train_loss": 0.6243494970893319}
{"epoch": 3, "val_accuracy": 0.8419585987261147, "train_accuracy": 0.8707164417613636, "f1_macro": 0.8402002356060556, "pre_macro": 0.8415951785312545, "re_macro": 0.8412000000000001, "best_epoch": 3, "val_loss": 0.4491694598061264, "train_loss": 0.5432451209053397}
{"epoch": 4, "val_accuracy": 0.8435509554140127, "train_accuracy": 0.8892489346590909, "f1_macro": 0.8430238411042044, "pre_macro": 0.8464516370327131, "re_macro": 0.8431, "best_epoch": 4, "val_loss": 0.44336023594543433, "train_loss": 0.47765761076218705}
{"epoch": 5, "val_accuracy": 0.8462380573248408, "train_accuracy": 0.9068492542613636, "f1_macro": 0.8461123375051764, "pre_macro": 0.8490099966857649, "re_macro": 0.8457999999999999, "best_epoch": 5, "val_loss": 0.43426801700880574, "train_loss": 0.42416324360634794}
{"epoch": 6, "val_accuracy": 0.8476313694267515, "train_accuracy": 0.9212535511363636, "f1_macro": 0.8472026048397744, "pre_macro": 0.8501102935434194, "re_macro": 0.8472000000000002, "best_epoch": 6, "val_loss": 0.42473845202831706, "train_loss": 0.38105292235162447}
{"epoch": 7, "val_accuracy": 0.8543988853503185, "train_accuracy": 0.9349920099431818, "f1_macro": 0.8541803854002639, "pre_macro": 0.8557896264505768, "re_macro": 0.8539999999999999, "best_epoch": 7, "val_loss": 0.40878579191341524, "train_loss": 0.3471165699037639}
{"epoch": 8, "val_accuracy": 0.8573845541401274, "train_accuracy": 0.9464666193181818, "f1_macro": 0.8573155853896253, "pre_macro": 0.8583663268186603, "re_macro": 0.857, "best_epoch": 8, "val_loss": 0.4043280591440808, "train_loss": 0.3177993092050945}
{"epoch": 9, "val_accuracy": 0.8563893312101911, "train_accuracy": 0.9572088068181818, "f1_macro": 0.8562851813145075, "pre_macro": 0.8568774293654531, "re_macro": 0.8560000000000001, "best_epoch": 8, "val_loss": 0.4050906662158905, "train_loss": 0.29175544782033697}
{"epoch": 10, "val_accuracy": 0.855593152866242, "train_accuracy": 0.9659756747159091, "f1_macro": 0.8551924090824334, "pre_macro": 0.8556181241478169, "re_macro": 0.8552, "best_epoch": 8, "val_loss": 0.4087743109009068, "train_loss": 0.2692578311120583}
{"epoch": 11, "val_accuracy": 0.8563893312101911, "train_accuracy": 0.9733442826704546, "f1_macro": 0.8557460070537593, "pre_macro": 0.85622038577271, "re_macro": 0.8560000000000001, "best_epoch": 8, "val_loss": 0.4113716989945454, "train_loss": 0.2506341597446325}
{"epoch": 12, "val_accuracy": 0.8576831210191083, "train_accuracy": 0.9796031605113636, "f1_macro": 0.856937286320208, "pre_macro": 0.8576549122321284, "re_macro": 0.8572999999999998, "best_epoch": 12, "val_loss": 0.41374411694942764, "train_loss": 0.23603330815041607}
{"epoch": 13, "val_accuracy": 0.857484076433121, "train_accuracy": 0.9837313565340909, "f1_macro": 0.8564821094734304, "pre_macro": 0.8574334184653798, "re_macro": 0.8571, "best_epoch": 12, "val_loss": 0.4172516890392182, "train_loss": 0.22477982788008044}
{"epoch": 14, "val_accuracy": 0.8588773885350318, "train_accuracy": 0.9865944602272727, "f1_macro": 0.8577335460219061, "pre_macro": 0.8587651046513439, "re_macro": 0.8585, "best_epoch": 14, "val_loss": 0.419384935669079, "train_loss": 0.21609010740013962}
{"epoch": 15, "val_accuracy": 0.8605692675159236, "train_accuracy": 0.9885697798295454, "f1_macro": 0.8593781729757671, "pre_macro": 0.8601381552647137, "re_macro": 0.8602000000000001, "best_epoch": 15, "val_loss": 0.41928100130360596, "train_loss": 0.20929743620482358}
{"epoch": 16, "val_accuracy": 0.8591759554140127, "train_accuracy": 0.9896351207386364, "f1_macro": 0.8579737464915782, "pre_macro": 0.8583169258358117, "re_macro": 0.8587999999999999, "best_epoch": 15, "val_loss": 0.4179132927185411, "train_loss": 0.2038783581546423}
{"epoch": 17, "val_accuracy": 0.8592754777070064, "train_accuracy": 0.99072265625, "f1_macro": 0.8582086067758992, "pre_macro": 0.858312256326591, "re_macro": 0.8589, "best_epoch": 15, "val_loss": 0.416703282932567, "train_loss": 0.19953198851594192}
{"epoch": 18, "val_accuracy": 0.859375, "train_accuracy": 0.9914328835227273, "f1_macro": 0.858333131176001, "pre_macro": 0.8582602125637078, "re_macro": 0.859, "best_epoch": 15, "val_loss": 0.4160725933256423, "train_loss": 0.19607386200434782}
{"epoch": 19, "val_accuracy": 0.8594745222929936, "train_accuracy": 0.9921209161931818, "f1_macro": 0.8585415660321571, "pre_macro": 0.858475990148327, "re_macro": 0.8591, "best_epoch": 15, "val_loss": 0.41589513141068685, "train_loss": 0.19332130801525305}
{"epoch": 20, "val_accuracy": 0.8605692675159236, "train_accuracy": 0.9926313920454546, "f1_macro": 0.8595551143497095, "pre_macro": 0.8594626808614878, "re_macro": 0.8602000000000001, "best_epoch": 15, "val_loss": 0.4159613060913268, "train_loss": 0.19110900646244938}
{"epoch": 21, "val_accuracy": 0.8608678343949044, "train_accuracy": 0.992919921875, "f1_macro": 0.8598800099731253, "pre_macro": 0.8597969538028186, "re_macro": 0.8605, "best_epoch": 21, "val_loss": 0.41612275822716915, "train_loss": 0.18930902526798574}
{"epoch": 22, "val_accuracy": 0.8609673566878981, "train_accuracy": 0.9931196732954546, "f1_macro": 0.859979139296693, "pre_macro": 0.8598910938144779, "re_macro": 0.8606, "best_epoch": 22, "val_loss": 0.4163075797022528, "train_loss": 0.1878293689382686}
{"epoch": 23, "val_accuracy": 0.8609673566878981, "train_accuracy": 0.9933860085227273, "f1_macro": 0.8599980467000125, "pre_macro": 0.8599123026612592, "re_macro": 0.8606, "best_epoch": 22, "val_loss": 0.41648943105321024, "train_loss": 0.18660499409518458}
{"epoch": 24, "val_accuracy": 0.8608678343949044, "train_accuracy": 0.9936301491477273, "f1_macro": 0.8598684034490344, "pre_macro": 0.8597546467230025, "re_macro": 0.8605, "best_epoch": 22, "val_loss": 0.4166620534601485, "train_loss": 0.18558954551223328}
{"epoch": 25, "val_accuracy": 0.861265923566879, "train_accuracy": 0.9938077059659091, "f1_macro": 0.8602520228278216, "pre_macro": 0.860110977849358, "re_macro": 0.8609, "best_epoch": 25, "val_loss": 0.41682766937905813, "train_loss": 0.18474854037842967}
{"training time": 173.3065664768219}
