{"epoch": 1, "val_accuracy": 0.6809315286624203, "train_accuracy": 0.5497720368365024, "f1_macro": 0.6704233122521843, "pre_macro": 0.6759947492770494, "re_macro": 0.6806, "best_epoch": 1, "val_loss": 1.3827227809626585, "train_loss": 1.8223352432250977}
{"epoch": 2, "val_accuracy": 0.7319864649681529, "train_accuracy": 0.7592135261982045, "f1_macro": 0.7285632474615567, "pre_macro": 0.7302043570885749, "re_macro": 0.7319000000000001, "best_epoch": 2, "val_loss": 1.0292562781625492, "train_loss": 1.1935605508215883}
{"epoch": 3, "val_accuracy": 0.7532842356687898, "train_accuracy": 0.8178666424244008, "f1_macro": 0.7506065909443447, "pre_macro": 0.7535962873200532, "re_macro": 0.753, "best_epoch": 3, "val_loss": 0.8714457108716297, "train_loss": 0.888418139295375}
{"epoch": 4, "val_accuracy": 0.7676154458598726, "train_accuracy": 0.8636493175587756, "f1_macro": 0.7649512392343336, "pre_macro": 0.7649395912529124, "re_macro": 0.7677, "best_epoch": 4, "val_loss": 0.7793280759434791, "train_loss": 0.7194058704883495}
{"epoch": 5, "val_accuracy": 0.7724920382165605, "train_accuracy": 0.8956591956158901, "f1_macro": 0.7702233016639772, "pre_macro": 0.7728007673939278, "re_macro": 0.7723, "best_epoch": 5, "val_loss": 0.7494447679276679, "train_loss": 0.6137687766805608}
{"epoch": 6, "val_accuracy": 0.774781050955414, "train_accuracy": 0.9196903502687495, "f1_macro": 0.7713024647772834, "pre_macro": 0.7730905109338014, "re_macro": 0.7743, "best_epoch": 6, "val_loss": 0.7067740079323956, "train_loss": 0.5437144491266697}
{"epoch": 7, "val_accuracy": 0.7811504777070064, "train_accuracy": 0.930043693552626, "f1_macro": 0.7795807179638408, "pre_macro": 0.7809880957577724, "re_macro": 0.7809999999999999, "best_epoch": 7, "val_loss": 0.6833885021650108, "train_loss": 0.48071712255477905}
{"epoch": 8, "val_accuracy": 0.7808519108280255, "train_accuracy": 0.94595364814109, "f1_macro": 0.7791792367016827, "pre_macro": 0.7802257325801942, "re_macro": 0.7807, "best_epoch": 7, "val_loss": 0.6643868031775116, "train_loss": 0.4323144104886562}
{"epoch": 9, "val_accuracy": 0.785828025477707, "train_accuracy": 0.9563069914249663, "f1_macro": 0.7837763042948196, "pre_macro": 0.7848760167742053, "re_macro": 0.7854, "best_epoch": 9, "val_loss": 0.6472369591901257, "train_loss": 0.39624286205210585}
{"epoch": 10, "val_accuracy": 0.7875199044585988, "train_accuracy": 0.9659479488717749, "f1_macro": 0.7859466723828473, "pre_macro": 0.7879496625089308, "re_macro": 0.7870999999999999, "best_epoch": 10, "val_loss": 0.6401850839329374, "train_loss": 0.3583024803628313}
{"epoch": 11, "val_accuracy": 0.7862261146496815, "train_accuracy": 0.9766812324523926, "f1_macro": 0.7849273915752428, "pre_macro": 0.7872771006682595, "re_macro": 0.7858, "best_epoch": 10, "val_loss": 0.6336308955007298, "train_loss": 0.33194634762216124}
{"epoch": 12, "val_accuracy": 0.7871218152866242, "train_accuracy": 0.9813354877715416, "f1_macro": 0.786156004626119, "pre_macro": 0.7881434127392952, "re_macro": 0.7867, "best_epoch": 10, "val_loss": 0.6288896725056278, "train_loss": 0.3133262814359462}
{"epoch": 13, "val_accuracy": 0.7874203821656051, "train_accuracy": 0.9833301686226054, "f1_macro": 0.7864226712561007, "pre_macro": 0.788011684616258, "re_macro": 0.787, "best_epoch": 10, "val_loss": 0.6254799608971663, "train_loss": 0.30309322476387024}
{"epoch": 14, "val_accuracy": 0.7876194267515924, "train_accuracy": 0.9846599558566479, "f1_macro": 0.786729338662003, "pre_macro": 0.7880495108208411, "re_macro": 0.7872, "best_epoch": 14, "val_loss": 0.6226007594804096, "train_loss": 0.2962896269052587}
{"epoch": 15, "val_accuracy": 0.7889132165605095, "train_accuracy": 0.9849924026651585, "f1_macro": 0.7881824057563275, "pre_macro": 0.7891073407207866, "re_macro": 0.7888, "best_epoch": 15, "val_loss": 0.6201277249937605, "train_loss": 0.2895896019453698}
{"epoch": 16, "val_accuracy": 0.7909036624203821, "train_accuracy": 0.9866546367077117, "f1_macro": 0.7900684260190076, "pre_macro": 0.7909199542827726, "re_macro": 0.7905, "best_epoch": 16, "val_loss": 0.6177139897255381, "train_loss": 0.2828538433668461}
{"epoch": 17, "val_accuracy": 0.7913017515923567, "train_accuracy": 0.9886968085106383, "f1_macro": 0.7904781912038464, "pre_macro": 0.7911707397667794, "re_macro": 0.7909, "best_epoch": 17, "val_loss": 0.615604266429403, "train_loss": 0.2763518044289122}
{"epoch": 18, "val_accuracy": 0.7916998407643312, "train_accuracy": 0.9910239361702128, "f1_macro": 0.7909128684559679, "pre_macro": 0.791571957800484, "re_macro": 0.7913000000000001, "best_epoch": 18, "val_loss": 0.6141481997480818, "train_loss": 0.2706943243107897}
{"epoch": 19, "val_accuracy": 0.7920979299363057, "train_accuracy": 0.9923537234042553, "f1_macro": 0.7913123758464307, "pre_macro": 0.7919352428480552, "re_macro": 0.7917000000000001, "best_epoch": 19, "val_loss": 0.6132395656625177, "train_loss": 0.26630582866516517}
{"epoch": 20, "val_accuracy": 0.792296974522293, "train_accuracy": 0.9933510638297872, "f1_macro": 0.7914918693984668, "pre_macro": 0.7920845145062907, "re_macro": 0.7918999999999999, "best_epoch": 20, "val_loss": 0.6126326466821561, "train_loss": 0.2630356125375058}
{"epoch": 21, "val_accuracy": 0.7920979299363057, "train_accuracy": 0.9943484042553191, "f1_macro": 0.791306421021908, "pre_macro": 0.7919240625313337, "re_macro": 0.7917000000000001, "best_epoch": 20, "val_loss": 0.6121973735132035, "train_loss": 0.26056372834012864}
{"epoch": 22, "val_accuracy": 0.7921974522292994, "train_accuracy": 0.9946808510638298, "f1_macro": 0.7913819187668227, "pre_macro": 0.7919921075033801, "re_macro": 0.7918000000000001, "best_epoch": 20, "val_loss": 0.6118728199582191, "train_loss": 0.25865940400894655}
{"epoch": 23, "val_accuracy": 0.792296974522293, "train_accuracy": 0.9950132978723404, "f1_macro": 0.7915111304926479, "pre_macro": 0.7921640456780726, "re_macro": 0.7919, "best_epoch": 20, "val_loss": 0.6116245620569606, "train_loss": 0.25717229570480105}
{"epoch": 24, "val_accuracy": 0.792296974522293, "train_accuracy": 0.995345744680851, "f1_macro": 0.7915385323923506, "pre_macro": 0.7922251536308275, "re_macro": 0.7919, "best_epoch": 20, "val_loss": 0.6114314181409823, "train_loss": 0.25599967577355975}
{"epoch": 25, "val_accuracy": 0.7919984076433121, "train_accuracy": 0.9956781914893617, "f1_macro": 0.7912434473715482, "pre_macro": 0.791956496512925, "re_macro": 0.7916000000000001, "best_epoch": 20, "val_loss": 0.6112793653633943, "train_loss": 0.2550685335981085}
{"training time": 31.62002158164978}
