{"epoch": 100, "loss": 0.29104653000831604}
{"epoch": 200, "loss": 0.09211450070142746}
{"epoch": 300, "loss": 0.07065286487340927}
{"epoch": 400, "loss": 0.06150244548916817}
{"epoch": 500, "loss": 0.05646307021379471}
{"epoch": 600, "loss": 0.052855659276247025}
{"epoch": 700, "loss": 0.04990839213132858}
{"epoch": 800, "loss": 0.047325536608695984}
{"epoch": 900, "loss": 0.04503306373953819}
{"epoch": 1000, "loss": 0.04304679483175278}
{"training_time:": "4.6048s", "final_loss": 0.04304679483175278}
