{"epoch": 1, "val_accuracy": 0.7708001592356688, "train_accuracy": 0.7012411348363187, "f1_macro": 0.7638645648285344, "pre_macro": 0.7684130318672704, "re_macro": 0.7706000000000001, "best_epoch": 1, "val_loss": 0.7780181408687762, "train_loss": 1.1990713583662156}
{"epoch": 2, "val_accuracy": 0.7960788216560509, "train_accuracy": 0.8036347518575953, "f1_macro": 0.7922571252758766, "pre_macro": 0.7928243109096427, "re_macro": 0.796, "best_epoch": 2, "val_loss": 0.6388852649433597, "train_loss": 0.7828468388699471}
{"epoch": 3, "val_accuracy": 0.7963773885350318, "train_accuracy": 0.8284796100981692, "f1_macro": 0.7936939209564217, "pre_macro": 0.7952480803244473, "re_macro": 0.7966, "best_epoch": 3, "val_loss": 0.6229292395388245, "train_loss": 0.6956001157456256}
{"epoch": 4, "val_accuracy": 0.8085191082802548, "train_accuracy": 0.850376773134191, "f1_macro": 0.8052041977815605, "pre_macro": 0.8060477040264343, "re_macro": 0.8085000000000001, "best_epoch": 4, "val_loss": 0.553670127110876, "train_loss": 0.6300401828390487}
{"epoch": 5, "val_accuracy": 0.8119028662420382, "train_accuracy": 0.8649157803109352, "f1_macro": 0.8101643044817347, "pre_macro": 0.8126876231941955, "re_macro": 0.8122, "best_epoch": 5, "val_loss": 0.5454260520874314, "train_loss": 0.5779160661900297}
{"epoch": 6, "val_accuracy": 0.8196656050955414, "train_accuracy": 0.881781914893617, "f1_macro": 0.8144743705727528, "pre_macro": 0.8156079965268027, "re_macro": 0.8194000000000001, "best_epoch": 6, "val_loss": 0.5146597033473337, "train_loss": 0.5312181137977763}
{"epoch": 7, "val_accuracy": 0.8229498407643312, "train_accuracy": 0.8961657803109352, "f1_macro": 0.8206829258861189, "pre_macro": 0.8214462593562329, "re_macro": 0.8230000000000001, "best_epoch": 7, "val_loss": 0.506358989864398, "train_loss": 0.49093988043196657}
{"epoch": 8, "val_accuracy": 0.8236464968152867, "train_accuracy": 0.9114361702127659, "f1_macro": 0.8225009286364342, "pre_macro": 0.8226623700447059, "re_macro": 0.8237, "best_epoch": 8, "val_loss": 0.49773545079170517, "train_loss": 0.45176109836456624}
{"epoch": 9, "val_accuracy": 0.8274283439490446, "train_accuracy": 0.9263297872340426, "f1_macro": 0.8261956072664969, "pre_macro": 0.8264205755314398, "re_macro": 0.8275, "best_epoch": 9, "val_loss": 0.49411844011324985, "train_loss": 0.4211889151563036}
{"epoch": 10, "val_accuracy": 0.8286226114649682, "train_accuracy": 0.9361480497299357, "f1_macro": 0.826942691104178, "pre_macro": 0.8267878191757638, "re_macro": 0.8287000000000001, "best_epoch": 10, "val_loss": 0.49300647370374884, "train_loss": 0.3952222536218927}
{"epoch": 11, "val_accuracy": 0.8286226114649682, "train_accuracy": 0.9442375888215735, "f1_macro": 0.8273996615448544, "pre_macro": 0.8273331205806421, "re_macro": 0.8287000000000001, "best_epoch": 10, "val_loss": 0.4897402566709336, "train_loss": 0.37478149368407876}
{"epoch": 12, "val_accuracy": 0.8277269108280255, "train_accuracy": 0.9520168441407224, "f1_macro": 0.8268809989906536, "pre_macro": 0.8269938381744382, "re_macro": 0.8278000000000001, "best_epoch": 10, "val_loss": 0.4876823046594668, "train_loss": 0.3593874309925323}
{"epoch": 13, "val_accuracy": 0.8291202229299363, "train_accuracy": 0.9562721632896586, "f1_macro": 0.8284396919685639, "pre_macro": 0.8285574018740058, "re_macro": 0.8291999999999999, "best_epoch": 13, "val_loss": 0.48548721669206196, "train_loss": 0.3468759436556633}
{"epoch": 14, "val_accuracy": 0.8280254777070064, "train_accuracy": 0.9584663122258288, "f1_macro": 0.8274280687764065, "pre_macro": 0.8273543056168278, "re_macro": 0.8281000000000001, "best_epoch": 13, "val_loss": 0.48427231268138643, "train_loss": 0.33780532986559764}
{"epoch": 15, "val_accuracy": 0.8284235668789809, "train_accuracy": 0.961192376055616, "f1_macro": 0.8277463823296806, "pre_macro": 0.8275526230401222, "re_macro": 0.8285, "best_epoch": 13, "val_loss": 0.48372645932398023, "train_loss": 0.3303798529695957}
{"epoch": 16, "val_accuracy": 0.82921974522293, "train_accuracy": 0.963253546268382, "f1_macro": 0.828658488856022, "pre_macro": 0.8285943391989035, "re_macro": 0.8292999999999999, "best_epoch": 16, "val_loss": 0.48321964463610556, "train_loss": 0.32433039622103915}
{"epoch": 17, "val_accuracy": 0.82921974522293, "train_accuracy": 0.965093085106383, "f1_macro": 0.8288391204303721, "pre_macro": 0.8288824489536377, "re_macro": 0.8292999999999999, "best_epoch": 16, "val_loss": 0.4828345549714034, "train_loss": 0.3192058965246728}
{"epoch": 18, "val_accuracy": 0.8301154458598726, "train_accuracy": 0.966688829787234, "f1_macro": 0.8299308578156515, "pre_macro": 0.8300580560050494, "re_macro": 0.8301999999999999, "best_epoch": 18, "val_loss": 0.482596547930104, "train_loss": 0.3147699094833212}
{"epoch": 19, "val_accuracy": 0.8295183121019108, "train_accuracy": 0.968218085106383, "f1_macro": 0.8294212501520452, "pre_macro": 0.8295450515454013, "re_macro": 0.8296000000000001, "best_epoch": 18, "val_loss": 0.4823159760540458, "train_loss": 0.3105454640185579}
{"epoch": 20, "val_accuracy": 0.8297173566878981, "train_accuracy": 0.9697473404255319, "f1_macro": 0.8297022463112205, "pre_macro": 0.82985898888236, "re_macro": 0.8298, "best_epoch": 18, "val_loss": 0.48189579852067743, "train_loss": 0.3068866589602004}
{"epoch": 21, "val_accuracy": 0.8301154458598726, "train_accuracy": 0.9707446808510638, "f1_macro": 0.8301389934300065, "pre_macro": 0.8303014870903962, "re_macro": 0.8301999999999999, "best_epoch": 18, "val_loss": 0.48132954945989476, "train_loss": 0.3039081837902678}
{"epoch": 22, "val_accuracy": 0.8303144904458599, "train_accuracy": 0.9716090425531915, "f1_macro": 0.8302879744000669, "pre_macro": 0.8304019422207704, "re_macro": 0.8304, "best_epoch": 22, "val_loss": 0.4807261609157939, "train_loss": 0.30148225534469525}
{"epoch": 23, "val_accuracy": 0.8306130573248408, "train_accuracy": 0.9721409574468085, "f1_macro": 0.8305740818878962, "pre_macro": 0.8306726776557033, "re_macro": 0.8307, "best_epoch": 23, "val_loss": 0.4802082087014132, "train_loss": 0.2994351775722301}
{"epoch": 24, "val_accuracy": 0.8312101910828026, "train_accuracy": 0.972406914893617, "f1_macro": 0.8312030424444037, "pre_macro": 0.831321743308799, "re_macro": 0.8313, "best_epoch": 24, "val_loss": 0.4798278084416298, "train_loss": 0.29765514388997505}
{"epoch": 25, "val_accuracy": 0.8315087579617835, "train_accuracy": 0.972938829787234, "f1_macro": 0.8314883889227549, "pre_macro": 0.831605014524037, "re_macro": 0.8316000000000001, "best_epoch": 25, "val_loss": 0.4795763538141919, "train_loss": 0.2960927852290742}
{"training time": 71.42902660369873}
