{"epoch": 1, "val_accuracy": 0.43570859872611467, "train_accuracy": 0.27916666865348816, "f1_macro": 0.4061222534422047, "pre_macro": 0.43916210550365936, "re_macro": 0.4354, "best_epoch": 1, "val_loss": 1.9295447700342554, "train_loss": 2.2301098108291626}
{"epoch": 2, "val_accuracy": 0.5383160828025477, "train_accuracy": 0.5453125, "f1_macro": 0.5169103727673365, "pre_macro": 0.5331519062754808, "re_macro": 0.5385, "best_epoch": 2, "val_loss": 1.779299329040916, "train_loss": 1.923055064678192}
{"epoch": 3, "val_accuracy": 0.5759355095541401, "train_accuracy": 0.6947916686534882, "f1_macro": 0.5584184083571673, "pre_macro": 0.5754813927214056, "re_macro": 0.5751000000000002, "best_epoch": 3, "val_loss": 1.6466614167401745, "train_loss": 1.6691832542419434}
{"epoch": 4, "val_accuracy": 0.6285828025477707, "train_accuracy": 0.79375, "f1_macro": 0.6162654007337138, "pre_macro": 0.6228556340828675, "re_macro": 0.6279999999999999, "best_epoch": 4, "val_loss": 1.5351899338375992, "train_loss": 1.4735253691673278}
{"epoch": 5, "val_accuracy": 0.6495820063694268, "train_accuracy": 0.8578125, "f1_macro": 0.6414403854913031, "pre_macro": 0.6449576328874707, "re_macro": 0.6485000000000001, "best_epoch": 5, "val_loss": 1.46005134218058, "train_loss": 1.2785890817642211}
{"epoch": 6, "val_accuracy": 0.6620222929936306, "train_accuracy": 0.896875, "f1_macro": 0.6552615823026732, "pre_macro": 0.6556747775886531, "re_macro": 0.6616, "best_epoch": 6, "val_loss": 1.3952290032319963, "train_loss": 1.1492562174797059}
{"epoch": 7, "val_accuracy": 0.669187898089172, "train_accuracy": 0.921875, "f1_macro": 0.659895471806487, "pre_macro": 0.6618275178023107, "re_macro": 0.6688000000000001, "best_epoch": 7, "val_loss": 1.3561025440313255, "train_loss": 1.0226491570472718}
{"epoch": 8, "val_accuracy": 0.6752587579617835, "train_accuracy": 0.9421875, "f1_macro": 0.669106142146503, "pre_macro": 0.6707007936894092, "re_macro": 0.6749, "best_epoch": 8, "val_loss": 1.3270934372191217, "train_loss": 0.9219989657402039}
{"epoch": 9, "val_accuracy": 0.6786425159235668, "train_accuracy": 0.9546875, "f1_macro": 0.6725821863232844, "pre_macro": 0.6748982457075966, "re_macro": 0.678, "best_epoch": 9, "val_loss": 1.3069700579734365, "train_loss": 0.8557426869869232}
{"epoch": 10, "val_accuracy": 0.6821257961783439, "train_accuracy": 0.959375, "f1_macro": 0.6760766424650264, "pre_macro": 0.6773547687734425, "re_macro": 0.6815000000000001, "best_epoch": 10, "val_loss": 1.2945894390154795, "train_loss": 0.809123033285141}
{"epoch": 11, "val_accuracy": 0.6841162420382165, "train_accuracy": 0.965625, "f1_macro": 0.6780881433165022, "pre_macro": 0.6798526181314624, "re_macro": 0.6835, "best_epoch": 11, "val_loss": 1.284195202171423, "train_loss": 0.7753594219684601}
{"epoch": 12, "val_accuracy": 0.6851114649681529, "train_accuracy": 0.9734375, "f1_macro": 0.6792919884181378, "pre_macro": 0.6807673602881146, "re_macro": 0.6845, "best_epoch": 12, "val_loss": 1.2763824219916278, "train_loss": 0.7504011243581772}
{"epoch": 13, "val_accuracy": 0.6869028662420382, "train_accuracy": 0.9765625, "f1_macro": 0.6812586964484119, "pre_macro": 0.682760994971657, "re_macro": 0.6862999999999999, "best_epoch": 13, "val_loss": 1.270234943954808, "train_loss": 0.7313519895076752}
{"epoch": 14, "val_accuracy": 0.6871019108280255, "train_accuracy": 0.9765625, "f1_macro": 0.6815025478249623, "pre_macro": 0.6829452087938088, "re_macro": 0.6865, "best_epoch": 14, "val_loss": 1.265517441330442, "train_loss": 0.7165799379348755}
{"epoch": 15, "val_accuracy": 0.6874004777070064, "train_accuracy": 0.978125, "f1_macro": 0.6818648413599675, "pre_macro": 0.6831871335007003, "re_macro": 0.6868000000000001, "best_epoch": 15, "val_loss": 1.26177486644429, "train_loss": 0.7050232231616974}
{"epoch": 16, "val_accuracy": 0.6876990445859873, "train_accuracy": 0.9796875, "f1_macro": 0.6821726217546613, "pre_macro": 0.6833940083040445, "re_macro": 0.6871, "best_epoch": 16, "val_loss": 1.2587596155275964, "train_loss": 0.6958551049232483}
{"epoch": 17, "val_accuracy": 0.6882961783439491, "train_accuracy": 0.98125, "f1_macro": 0.6828859098990091, "pre_macro": 0.6841357901883487, "re_macro": 0.6877, "best_epoch": 17, "val_loss": 1.2563593038328134, "train_loss": 0.688572108745575}
{"epoch": 18, "val_accuracy": 0.6887937898089171, "train_accuracy": 0.9828125, "f1_macro": 0.683464392491183, "pre_macro": 0.6847009303011794, "re_macro": 0.6882, "best_epoch": 18, "val_loss": 1.2544425976504185, "train_loss": 0.6827730476856232}
{"epoch": 19, "val_accuracy": 0.6891918789808917, "train_accuracy": 0.9828125, "f1_macro": 0.6839133094688572, "pre_macro": 0.6850934134527678, "re_macro": 0.6886, "best_epoch": 19, "val_loss": 1.2529058874033059, "train_loss": 0.6781367152929306}
{"epoch": 20, "val_accuracy": 0.6894904458598726, "train_accuracy": 0.9828125, "f1_macro": 0.6842392479467699, "pre_macro": 0.6854131050312738, "re_macro": 0.6889000000000001, "best_epoch": 20, "val_loss": 1.2516723096750344, "train_loss": 0.6744208216667176}
{"epoch": 21, "val_accuracy": 0.6897890127388535, "train_accuracy": 0.984375, "f1_macro": 0.684599812564666, "pre_macro": 0.6857473922322379, "re_macro": 0.6891999999999999, "best_epoch": 21, "val_loss": 1.2506815141932979, "train_loss": 0.6714387267827988}
{"epoch": 22, "val_accuracy": 0.6902866242038217, "train_accuracy": 0.984375, "f1_macro": 0.6851197777309747, "pre_macro": 0.6862577436370566, "re_macro": 0.6897, "best_epoch": 22, "val_loss": 1.2498852675128136, "train_loss": 0.6690431416034699}
{"epoch": 23, "val_accuracy": 0.6903861464968153, "train_accuracy": 0.984375, "f1_macro": 0.6852470444900163, "pre_macro": 0.6864040735209884, "re_macro": 0.6898000000000001, "best_epoch": 23, "val_loss": 1.2492450862933115, "train_loss": 0.6671173751354218}
{"epoch": 24, "val_accuracy": 0.6908837579617835, "train_accuracy": 0.9859375, "f1_macro": 0.6857686536854135, "pre_macro": 0.6869430798144848, "re_macro": 0.6903, "best_epoch": 24, "val_loss": 1.248730211500909, "train_loss": 0.6655682355165482}
{"epoch": 25, "val_accuracy": 0.6908837579617835, "train_accuracy": 0.9859375, "f1_macro": 0.6857686536854135, "pre_macro": 0.6869430798144848, "re_macro": 0.6903, "best_epoch": 24, "val_loss": 1.24831610044856, "train_loss": 0.6643215864896774}
{"training time": 26.16511368751526}
