{"epoch": 1, "val_accuracy": 0.7943869426751592, "train_accuracy": 0.7620435767590619, "f1_macro": 0.7910985623876317, "pre_macro": 0.7916738797334973, "re_macro": 0.794, "best_epoch": 1, "val_loss": 0.6696938650243601, "train_loss": 0.9725662635079325}
{"epoch": 2, "val_accuracy": 0.8081210191082803, "train_accuracy": 0.810551039445629, "f1_macro": 0.8033412872511597, "pre_macro": 0.8053288325851378, "re_macro": 0.8080999999999999, "best_epoch": 2, "val_loss": 0.6091287861204451, "train_loss": 0.8426928346090988}
{"epoch": 3, "val_accuracy": 0.81359474522293, "train_accuracy": 0.8297408049040512, "f1_macro": 0.8101450325106704, "pre_macro": 0.8097109165624206, "re_macro": 0.8130000000000001, "best_epoch": 3, "val_loss": 0.5663384070062334, "train_loss": 0.762587390919484}
{"epoch": 4, "val_accuracy": 0.8225517515923567, "train_accuracy": 0.8435501066098081, "f1_macro": 0.8170145205300656, "pre_macro": 0.8187663279685713, "re_macro": 0.8219999999999998, "best_epoch": 4, "val_loss": 0.5323283290787107, "train_loss": 0.7009563470827237}
{"epoch": 5, "val_accuracy": 0.826234076433121, "train_accuracy": 0.8527618603411514, "f1_macro": 0.8227668349011011, "pre_macro": 0.824863228616141, "re_macro": 0.8263, "best_epoch": 5, "val_loss": 0.503222219693433, "train_loss": 0.6501088633275489}
{"epoch": 6, "val_accuracy": 0.8314092356687898, "train_accuracy": 0.8592417377398721, "f1_macro": 0.8289359491162207, "pre_macro": 0.8303534824522065, "re_macro": 0.8314999999999999, "best_epoch": 6, "val_loss": 0.492766020024658, "train_loss": 0.6156045984484748}
{"epoch": 7, "val_accuracy": 0.8346934713375797, "train_accuracy": 0.8667044243070362, "f1_macro": 0.8320401920431388, "pre_macro": 0.8325393963343523, "re_macro": 0.8345, "best_epoch": 7, "val_loss": 0.46978880683327934, "train_loss": 0.5779936342541852}
{"epoch": 8, "val_accuracy": 0.8401671974522293, "train_accuracy": 0.8741337953091685, "f1_macro": 0.8374362760114596, "pre_macro": 0.8377975660295398, "re_macro": 0.8400000000000001, "best_epoch": 8, "val_loss": 0.45581989094709896, "train_loss": 0.5465665525083603}
{"epoch": 9, "val_accuracy": 0.8455414012738853, "train_accuracy": 0.8826792377398721, "f1_macro": 0.8433749118336923, "pre_macro": 0.8438549599899681, "re_macro": 0.8450999999999999, "best_epoch": 9, "val_loss": 0.4495851854989483, "train_loss": 0.5156007103129491}
{"epoch": 10, "val_accuracy": 0.8435509554140127, "train_accuracy": 0.8920575692963753, "f1_macro": 0.8411536257004766, "pre_macro": 0.8411837845700413, "re_macro": 0.8431000000000001, "best_epoch": 9, "val_loss": 0.4428931981514973, "train_loss": 0.48638039204611705}
{"epoch": 11, "val_accuracy": 0.845640923566879, "train_accuracy": 0.9012693230277186, "f1_macro": 0.8441436612080355, "pre_macro": 0.8439225314306658, "re_macro": 0.8452, "best_epoch": 11, "val_loss": 0.43709144717568804, "train_loss": 0.46135045616611486}
{"epoch": 12, "val_accuracy": 0.8469347133757962, "train_accuracy": 0.908382196162047, "f1_macro": 0.8458023908282671, "pre_macro": 0.8455760384070249, "re_macro": 0.8465, "best_epoch": 12, "val_loss": 0.4348243524314492, "train_loss": 0.4416953462209783}
{"epoch": 13, "val_accuracy": 0.8465366242038217, "train_accuracy": 0.9135627665245203, "f1_macro": 0.8452560669136728, "pre_macro": 0.8449715208061104, "re_macro": 0.8461000000000001, "best_epoch": 12, "val_loss": 0.43250366162722276, "train_loss": 0.4266928516026499}
{"epoch": 14, "val_accuracy": 0.8471337579617835, "train_accuracy": 0.9174273720682303, "f1_macro": 0.8460596207469612, "pre_macro": 0.845853555030639, "re_macro": 0.8466999999999999, "best_epoch": 14, "val_loss": 0.4305285558958722, "train_loss": 0.4156596879524463}
{"epoch": 15, "val_accuracy": 0.8506170382165605, "train_accuracy": 0.9205090618336887, "f1_macro": 0.8494018592313965, "pre_macro": 0.8491819112915027, "re_macro": 0.8502000000000001, "best_epoch": 15, "val_loss": 0.4281449919673288, "train_loss": 0.40616135394522374}
{"epoch": 16, "val_accuracy": 0.8519108280254777, "train_accuracy": 0.9235907515991472, "f1_macro": 0.8510010100232168, "pre_macro": 0.850901010805921, "re_macro": 0.8518000000000001, "best_epoch": 16, "val_loss": 0.42636647450316484, "train_loss": 0.3980363401046186}
{"epoch": 17, "val_accuracy": 0.8515127388535032, "train_accuracy": 0.9255730277185501, "f1_macro": 0.8503502803795353, "pre_macro": 0.8502325180021648, "re_macro": 0.8511, "best_epoch": 16, "val_loss": 0.42503405110851217, "train_loss": 0.3915584396197598}
{"epoch": 18, "val_accuracy": 0.8511146496815286, "train_accuracy": 0.927721881663113, "f1_macro": 0.8500841753134873, "pre_macro": 0.850060201772483, "re_macro": 0.8507, "best_epoch": 16, "val_loss": 0.42405100736268764, "train_loss": 0.38645580376007915}
{"epoch": 19, "val_accuracy": 0.8515127388535032, "train_accuracy": 0.9292877132196162, "f1_macro": 0.8506701404655059, "pre_macro": 0.8506554498969956, "re_macro": 0.8511, "best_epoch": 16, "val_loss": 0.422964275073094, "train_loss": 0.38225346174575625}
{"epoch": 20, "val_accuracy": 0.8515127388535032, "train_accuracy": 0.9308035714285714, "f1_macro": 0.8509852077205087, "pre_macro": 0.850940658349073, "re_macro": 0.8514000000000002, "best_epoch": 16, "val_loss": 0.4220271360152846, "train_loss": 0.37877680377157}
{"epoch": 21, "val_accuracy": 0.8522093949044586, "train_accuracy": 0.9321528518123667, "f1_macro": 0.8516471845327626, "pre_macro": 0.8515677676197084, "re_macro": 0.8521000000000001, "best_epoch": 21, "val_loss": 0.42134593711916807, "train_loss": 0.3759914492525017}
{"epoch": 22, "val_accuracy": 0.8533041401273885, "train_accuracy": 0.9327525319829424, "f1_macro": 0.8524234124382646, "pre_macro": 0.8522843761563402, "re_macro": 0.8529, "best_epoch": 22, "val_loss": 0.42089963101657335, "train_loss": 0.37376730178973316}
{"epoch": 23, "val_accuracy": 0.8533041401273885, "train_accuracy": 0.9333022388059702, "f1_macro": 0.8524251620485647, "pre_macro": 0.8522829005813136, "re_macro": 0.8529, "best_epoch": 22, "val_loss": 0.42059876024723053, "train_loss": 0.3720027464412169}
{"epoch": 24, "val_accuracy": 0.8536027070063694, "train_accuracy": 0.9334521588486141, "f1_macro": 0.8526668989016507, "pre_macro": 0.8524909169954655, "re_macro": 0.8532, "best_epoch": 24, "val_loss": 0.42035618898974864, "train_loss": 0.37063464555722564}
{"epoch": 25, "val_accuracy": 0.8535031847133758, "train_accuracy": 0.933418843283582, "f1_macro": 0.8525785549422957, "pre_macro": 0.8524230875259817, "re_macro": 0.8531000000000001, "best_epoch": 24, "val_loss": 0.4201305734503801, "train_loss": 0.36960136104049457}
{"training time": 259.0679886341095}
