{"epoch": 100, "loss": 0.09635844081640244}
{"epoch": 200, "loss": 0.061704035848379135}
{"epoch": 300, "loss": 0.05332599952816963}
{"epoch": 400, "loss": 0.04871288314461708}
{"epoch": 500, "loss": 0.045429784804582596}
{"epoch": 600, "loss": 0.04292314872145653}
{"epoch": 700, "loss": 0.040829937905073166}
{"epoch": 800, "loss": 0.038994092494249344}
{"epoch": 900, "loss": 0.03736972436308861}
{"epoch": 1000, "loss": 0.03587538003921509}
{"training_time:": "3.9167s", "final_loss": 0.03587538003921509}
