{"epoch": 1, "val_accuracy": 0.8183718152866242, "train_accuracy": 0.6306515970128648, "f1_macro": 0.817940087142991, "pre_macro": 0.8359100338767469, "re_macro": 0.8151043938250794, "best_epoch": 1, "val_loss": 0.6798966650370579, "train_loss": 1.310327742962127}
{"epoch": 2, "val_accuracy": 0.8560907643312102, "train_accuracy": 0.8661664140985367, "f1_macro": 0.8544263419014062, "pre_macro": 0.8664807408390514, "re_macro": 0.8529838077624824, "best_epoch": 2, "val_loss": 0.5103357161875743, "train_loss": 0.5705174626188075}
{"epoch": 3, "val_accuracy": 0.8720143312101911, "train_accuracy": 0.9047777361058175, "f1_macro": 0.8699030966660528, "pre_macro": 0.8779596676088974, "re_macro": 0.8691765111663707, "best_epoch": 3, "val_loss": 0.44627965217942644, "train_loss": 0.4482470693740439}
{"epoch": 4, "val_accuracy": 0.878781847133758, "train_accuracy": 0.9243920978079451, "f1_macro": 0.8768707483857872, "pre_macro": 0.8843595353491234, "re_macro": 0.8763684314670097, "best_epoch": 4, "val_loss": 0.4228025925861802, "train_loss": 0.3875136933428176}
{"epoch": 5, "val_accuracy": 0.8889331210191083, "train_accuracy": 0.9369775843113026, "f1_macro": 0.8878657632414988, "pre_macro": 0.8919687913648042, "re_macro": 0.8877183711204744, "best_epoch": 5, "val_loss": 0.3996420565779042, "train_loss": 0.3470647224086396}
{"epoch": 6, "val_accuracy": 0.8869426751592356, "train_accuracy": 0.9442914140985367, "f1_macro": 0.8857186113655852, "pre_macro": 0.8907334434872463, "re_macro": 0.8860739943297176, "best_epoch": 5, "val_loss": 0.3973505275834138, "train_loss": 0.31960477251955804}
{"epoch": 7, "val_accuracy": 0.8902269108280255, "train_accuracy": 0.9485657303891284, "f1_macro": 0.8892876220657921, "pre_macro": 0.893273578769937, "re_macro": 0.8896750286597314, "best_epoch": 7, "val_loss": 0.3818436516745455, "train_loss": 0.29912773028333134}
{"epoch": 8, "val_accuracy": 0.8941082802547771, "train_accuracy": 0.9555946055878984, "f1_macro": 0.8930285128578976, "pre_macro": 0.8967574681920972, "re_macro": 0.8933489011622392, "best_epoch": 8, "val_loss": 0.3735483484046095, "train_loss": 0.28285640921998534}
{"epoch": 9, "val_accuracy": 0.8935111464968153, "train_accuracy": 0.961293693552626, "f1_macro": 0.8927642966446834, "pre_macro": 0.8961656590308447, "re_macro": 0.8930055338442575, "best_epoch": 8, "val_loss": 0.36569448793010345, "train_loss": 0.2665054918603694}
{"epoch": 10, "val_accuracy": 0.895203025477707, "train_accuracy": 0.9616261403611366, "f1_macro": 0.8944920573894486, "pre_macro": 0.8969208308060435, "re_macro": 0.8947460938998368, "best_epoch": 10, "val_loss": 0.35943856797400553, "train_loss": 0.2543402022503792}
{"epoch": 11, "val_accuracy": 0.896297770700637, "train_accuracy": 0.9646181616377323, "f1_macro": 0.8955882226516427, "pre_macro": 0.8979293426005623, "re_macro": 0.8957900569384926, "best_epoch": 11, "val_loss": 0.35720424081204805, "train_loss": 0.24591300715791417}
{"epoch": 12, "val_accuracy": 0.8980891719745223, "train_accuracy": 0.9659479488717749, "f1_macro": 0.8970710479735071, "pre_macro": 0.8994522160379896, "re_macro": 0.897161310630006, "best_epoch": 12, "val_loss": 0.3543407232233673, "train_loss": 0.24110143235389223}
{"epoch": 13, "val_accuracy": 0.8981886942675159, "train_accuracy": 0.9663753813885628, "f1_macro": 0.8971210943239945, "pre_macro": 0.8996877284933815, "re_macro": 0.8970913241674362, "best_epoch": 13, "val_loss": 0.35245509635490974, "train_loss": 0.23837673854320607}
{"epoch": 14, "val_accuracy": 0.9003781847133758, "train_accuracy": 0.9670402750055841, "f1_macro": 0.8986379808504694, "pre_macro": 0.9010717485062596, "re_macro": 0.8986377069439611, "best_epoch": 14, "val_loss": 0.3512302573509277, "train_loss": 0.23615762876703383}
{"epoch": 15, "val_accuracy": 0.9004777070063694, "train_accuracy": 0.9700322962821798, "f1_macro": 0.8987245258544725, "pre_macro": 0.9007403030134912, "re_macro": 0.8987767813522082, "best_epoch": 15, "val_loss": 0.3490456560163931, "train_loss": 0.23352226424724498}
{"training time": 23.52508044242859}
