{"epoch": 1, "val_accuracy": 0.8955015923566879, "train_accuracy": 0.8154920212765957, "f1_macro": 0.8944873144284433, "pre_macro": 0.898588587382136, "re_macro": 0.8948202938135992, "best_epoch": 1, "val_loss": 0.3591428773750545, "train_loss": 0.6926622224614976}
{"epoch": 2, "val_accuracy": 0.9124203821656051, "train_accuracy": 0.9073803191489361, "f1_macro": 0.9111924916781181, "pre_macro": 0.9136116615183465, "re_macro": 0.9111441005970822, "best_epoch": 2, "val_loss": 0.30304830626934576, "train_loss": 0.39561967285389593}
{"epoch": 3, "val_accuracy": 0.8971934713375797, "train_accuracy": 0.921343085106383, "f1_macro": 0.8958840791758474, "pre_macro": 0.9058681991359651, "re_macro": 0.8957332035514053, "best_epoch": 2, "val_loss": 0.34118514057177646, "train_loss": 0.34972817384182137}
{"epoch": 4, "val_accuracy": 0.9034633757961783, "train_accuracy": 0.9321808510638298, "f1_macro": 0.9023047483878575, "pre_macro": 0.908298688487991, "re_macro": 0.9028311406672085, "best_epoch": 2, "val_loss": 0.32177206167986816, "train_loss": 0.314884373989511}
{"epoch": 5, "val_accuracy": 0.9124203821656051, "train_accuracy": 0.9414450356300841, "f1_macro": 0.9112820466505307, "pre_macro": 0.9147771419021448, "re_macro": 0.9117502719862205, "best_epoch": 2, "val_loss": 0.2919116524184585, "train_loss": 0.28797817813589216}
{"epoch": 6, "val_accuracy": 0.9102308917197452, "train_accuracy": 0.9469414893617021, "f1_macro": 0.908629140794434, "pre_macro": 0.9125148355403857, "re_macro": 0.9090908051414839, "best_epoch": 2, "val_loss": 0.29055896263783143, "train_loss": 0.2701827162123741}
{"epoch": 7, "val_accuracy": 0.9168988853503185, "train_accuracy": 0.9522606382978723, "f1_macro": 0.9152118079715134, "pre_macro": 0.9176138292228077, "re_macro": 0.9155350852692139, "best_epoch": 7, "val_loss": 0.2731919316041052, "train_loss": 0.25406036732044623}
{"epoch": 8, "val_accuracy": 0.925656847133758, "train_accuracy": 0.95625, "f1_macro": 0.9239987774396742, "pre_macro": 0.9249760577632159, "re_macro": 0.9241424650765693, "best_epoch": 8, "val_loss": 0.25253740600814484, "train_loss": 0.24086684356344507}
{"epoch": 9, "val_accuracy": 0.9274482484076433, "train_accuracy": 0.9605718085106383, "f1_macro": 0.9258324837239463, "pre_macro": 0.9267280704066291, "re_macro": 0.9258637739232345, "best_epoch": 9, "val_loss": 0.24625217193251203, "train_loss": 0.22922167549742029}
{"epoch": 10, "val_accuracy": 0.9278463375796179, "train_accuracy": 0.9634308510638298, "f1_macro": 0.9266075777138576, "pre_macro": 0.9272041359272022, "re_macro": 0.926682436782027, "best_epoch": 10, "val_loss": 0.2417158827090719, "train_loss": 0.21938266484661306}
{"epoch": 11, "val_accuracy": 0.9298367834394905, "train_accuracy": 0.966156914893617, "f1_macro": 0.92871264821707, "pre_macro": 0.9294981895019518, "re_macro": 0.9286297972762025, "best_epoch": 11, "val_loss": 0.23716105132773044, "train_loss": 0.21158569334669317}
{"epoch": 12, "val_accuracy": 0.9317277070063694, "train_accuracy": 0.9691489361702128, "f1_macro": 0.9306183409548003, "pre_macro": 0.931547262654858, "re_macro": 0.930429873108916, "best_epoch": 12, "val_loss": 0.23546933196485043, "train_loss": 0.20519986694797557}
{"epoch": 13, "val_accuracy": 0.9306329617834395, "train_accuracy": 0.9704122340425532, "f1_macro": 0.929471901461163, "pre_macro": 0.9304726649876278, "re_macro": 0.9292445775347555, "best_epoch": 12, "val_loss": 0.23407251939509705, "train_loss": 0.19960627425858316}
{"epoch": 14, "val_accuracy": 0.9316281847133758, "train_accuracy": 0.9723404255319149, "f1_macro": 0.9302017274082306, "pre_macro": 0.9312724687430911, "re_macro": 0.929915121024681, "best_epoch": 12, "val_loss": 0.2326973320880703, "train_loss": 0.19502968201611903}
{"epoch": 15, "val_accuracy": 0.9320262738853503, "train_accuracy": 0.9739361702127659, "f1_macro": 0.9306118795622084, "pre_macro": 0.931519280455943, "re_macro": 0.930332802354779, "best_epoch": 15, "val_loss": 0.23039812524654682, "train_loss": 0.1914126551214685}
{"training time": 53.33353137969971}
