{"epoch": 1, "val_accuracy": 0.8899283439490446, "train_accuracy": 0.8744336353944563, "f1_macro": 0.8890647762386769, "pre_macro": 0.9023728515394701, "re_macro": 0.8883828397131893, "best_epoch": 1, "val_loss": 0.3398776042518342, "train_loss": 0.5005139566338392}
{"epoch": 2, "val_accuracy": 0.9230692675159236, "train_accuracy": 0.9164279051172708, "f1_macro": 0.9219373624165874, "pre_macro": 0.9246205743161233, "re_macro": 0.921919680375804, "best_epoch": 2, "val_loss": 0.2559588118367324, "train_loss": 0.371498369300035}
{"epoch": 3, "val_accuracy": 0.9383957006369427, "train_accuracy": 0.9298207622601279, "f1_macro": 0.9372024598096044, "pre_macro": 0.9382497053774772, "re_macro": 0.9371160785686877, "best_epoch": 3, "val_loss": 0.2040888074797335, "train_loss": 0.3260147800244121}
{"epoch": 4, "val_accuracy": 0.943968949044586, "train_accuracy": 0.9388326226012793, "f1_macro": 0.9430100490093659, "pre_macro": 0.9440929140560372, "re_macro": 0.9426244979655747, "best_epoch": 4, "val_loss": 0.18490033471885664, "train_loss": 0.2930748496593824}
{"epoch": 5, "val_accuracy": 0.9478503184713376, "train_accuracy": 0.9468783315565032, "f1_macro": 0.9469711161268226, "pre_macro": 0.9478974632363885, "re_macro": 0.9466025706137646, "best_epoch": 5, "val_loss": 0.17134649433480326, "train_loss": 0.26779300491534064}
{"epoch": 6, "val_accuracy": 0.9484474522292994, "train_accuracy": 0.9532749200426439, "f1_macro": 0.9476470748250035, "pre_macro": 0.948656463604209, "re_macro": 0.9472888829740892, "best_epoch": 6, "val_loss": 0.17202314153123813, "train_loss": 0.2440208851306169}
{"epoch": 7, "val_accuracy": 0.9522292993630573, "train_accuracy": 0.9586220682302772, "f1_macro": 0.951464998899431, "pre_macro": 0.9520596391034338, "re_macro": 0.9512775410717303, "best_epoch": 7, "val_loss": 0.1573645985584445, "train_loss": 0.22602895207242416}
{"epoch": 8, "val_accuracy": 0.9525278662420382, "train_accuracy": 0.962786513859275, "f1_macro": 0.9517450003033344, "pre_macro": 0.9523602527175653, "re_macro": 0.9515926186180931, "best_epoch": 8, "val_loss": 0.15323063181891183, "train_loss": 0.21091210430682594}
{"epoch": 9, "val_accuracy": 0.955015923566879, "train_accuracy": 0.9657515991471215, "f1_macro": 0.9543301475586305, "pre_macro": 0.9546647541663613, "re_macro": 0.9542936815232897, "best_epoch": 9, "val_loss": 0.14522717756094636, "train_loss": 0.19890711443828368}
{"epoch": 10, "val_accuracy": 0.9573049363057324, "train_accuracy": 0.9683668710021321, "f1_macro": 0.9566786635881602, "pre_macro": 0.9568413228609121, "re_macro": 0.9567278953284578, "best_epoch": 10, "val_loss": 0.1399749474137262, "train_loss": 0.18883522509384765}
{"epoch": 11, "val_accuracy": 0.9583001592356688, "train_accuracy": 0.9712986407249466, "f1_macro": 0.9576621830581754, "pre_macro": 0.9578143816009979, "re_macro": 0.9577400537915205, "best_epoch": 11, "val_loss": 0.13652633003902379, "train_loss": 0.18035004816965253}
{"epoch": 12, "val_accuracy": 0.9594944267515924, "train_accuracy": 0.9734641524520256, "f1_macro": 0.9589017802156008, "pre_macro": 0.959130454681579, "re_macro": 0.958928793640981, "best_epoch": 12, "val_loss": 0.13458058637252468, "train_loss": 0.1733326218418602}
{"epoch": 13, "val_accuracy": 0.9597929936305732, "train_accuracy": 0.9751799040511727, "f1_macro": 0.9592105449351891, "pre_macro": 0.9594849641425593, "re_macro": 0.9592008844258879, "best_epoch": 13, "val_loss": 0.13265881674055746, "train_loss": 0.16761147479481026}
{"epoch": 14, "val_accuracy": 0.9606886942675159, "train_accuracy": 0.9761460554371002, "f1_macro": 0.9601253994225425, "pre_macro": 0.9604139780176559, "re_macro": 0.9600730531504794, "best_epoch": 14, "val_loss": 0.13043654232529128, "train_loss": 0.16288998761951035}
{"epoch": 15, "val_accuracy": 0.9612858280254777, "train_accuracy": 0.9777618603411514, "f1_macro": 0.9607372695837155, "pre_macro": 0.9610539156534479, "re_macro": 0.9606302982283834, "best_epoch": 15, "val_loss": 0.1282312025695707, "train_loss": 0.15903570244053025}
{"training time": 156.0612018108368}
