{"epoch": 1, "val_accuracy": 0.9013734076433121, "train_accuracy": 0.8667658025568182, "f1_macro": 0.9002120012683148, "pre_macro": 0.9068671567876804, "re_macro": 0.9006588766229742, "best_epoch": 1, "val_loss": 0.3347922689192424, "train_loss": 0.5241617340467531}
{"epoch": 2, "val_accuracy": 0.9110270700636943, "train_accuracy": 0.9141068892045454, "f1_macro": 0.9094810967646547, "pre_macro": 0.9131701471060598, "re_macro": 0.9099798492725701, "best_epoch": 2, "val_loss": 0.2948288791901936, "train_loss": 0.38116309893402184}
{"epoch": 3, "val_accuracy": 0.9171974522292994, "train_accuracy": 0.9261363636363636, "f1_macro": 0.9161664237096764, "pre_macro": 0.9200652879588114, "re_macro": 0.9167977701971057, "best_epoch": 3, "val_loss": 0.28048431161482623, "train_loss": 0.3352254252584482}
{"epoch": 4, "val_accuracy": 0.9213773885350318, "train_accuracy": 0.9359019886363636, "f1_macro": 0.9201310920809267, "pre_macro": 0.923446744856499, "re_macro": 0.9203025686306544, "best_epoch": 4, "val_loss": 0.2568537129184148, "train_loss": 0.30175843635912647}
{"epoch": 5, "val_accuracy": 0.9261544585987261, "train_accuracy": 0.9453346946022727, "f1_macro": 0.9250453401669395, "pre_macro": 0.9286716318213859, "re_macro": 0.924466935659219, "best_epoch": 5, "val_loss": 0.23488890409327237, "train_loss": 0.27164015641689976}
{"epoch": 6, "val_accuracy": 0.9306329617834395, "train_accuracy": 0.9522150213068182, "f1_macro": 0.9299843785262991, "pre_macro": 0.9335505585555914, "re_macro": 0.9291542255812555, "best_epoch": 6, "val_loss": 0.22690597190195397, "train_loss": 0.2480314648286863}
{"epoch": 7, "val_accuracy": 0.9350119426751592, "train_accuracy": 0.9580965909090909, "f1_macro": 0.9346035006680097, "pre_macro": 0.9375236235850677, "re_macro": 0.9338185637617379, "best_epoch": 7, "val_loss": 0.21168664942501456, "train_loss": 0.22898919633801348}
{"epoch": 8, "val_accuracy": 0.9408837579617835, "train_accuracy": 0.9630459872159091, "f1_macro": 0.9403595236482385, "pre_macro": 0.9421005926147265, "re_macro": 0.9397921488130383, "best_epoch": 8, "val_loss": 0.18781576746967948, "train_loss": 0.2142467665147375}
{"epoch": 9, "val_accuracy": 0.945859872611465, "train_accuracy": 0.9656427556818182, "f1_macro": 0.9452698740413974, "pre_macro": 0.9460694427123226, "re_macro": 0.9450923270195879, "best_epoch": 9, "val_loss": 0.17297228205960932, "train_loss": 0.20375709772236983}
{"epoch": 10, "val_accuracy": 0.9503383757961783, "train_accuracy": 0.9685946377840909, "f1_macro": 0.9496484864154224, "pre_macro": 0.950035487650673, "re_macro": 0.9495969091872816, "best_epoch": 10, "val_loss": 0.16595592553234972, "train_loss": 0.19307942007964646}
{"epoch": 11, "val_accuracy": 0.9526273885350318, "train_accuracy": 0.9712357954545454, "f1_macro": 0.9519338333475537, "pre_macro": 0.9521500550374643, "re_macro": 0.9519435596446912, "best_epoch": 11, "val_loss": 0.15824383083185192, "train_loss": 0.18437760807997125}
{"epoch": 12, "val_accuracy": 0.9547173566878981, "train_accuracy": 0.9735662286931818, "f1_macro": 0.9539586492392764, "pre_macro": 0.9541329670410554, "re_macro": 0.9539818145472155, "best_epoch": 12, "val_loss": 0.15423166300733662, "train_loss": 0.17702725337056274}
{"epoch": 13, "val_accuracy": 0.9570063694267515, "train_accuracy": 0.9755859375, "f1_macro": 0.9562579659942338, "pre_macro": 0.95645727632338, "re_macro": 0.9562624659779706, "best_epoch": 13, "val_loss": 0.15034675352856708, "train_loss": 0.17107790587893265}
{"epoch": 14, "val_accuracy": 0.9572054140127388, "train_accuracy": 0.9771395596590909, "f1_macro": 0.9564409962046282, "pre_macro": 0.9567200771878103, "re_macro": 0.9563867619490374, "best_epoch": 14, "val_loss": 0.14765685350355354, "train_loss": 0.16628892765253445}
{"epoch": 15, "val_accuracy": 0.956906847133758, "train_accuracy": 0.9783602627840909, "f1_macro": 0.9561343802886404, "pre_macro": 0.9564752477109055, "re_macro": 0.9560373343969072, "best_epoch": 14, "val_loss": 0.14581266028071, "train_loss": 0.16236118505581876}
{"training time": 121.23953866958618}
