{"epoch": 1, "val_accuracy": 0.484375, "train_accuracy": 0.2953125, "f1_macro": 0.4249488449595889, "pre_macro": 0.6682402299263076, "re_macro": 0.4742297975951592, "best_epoch": 1, "val_loss": 1.6454650080128082, "train_loss": 2.12052960395813}
{"epoch": 2, "val_accuracy": 0.70203025477707, "train_accuracy": 0.7166666686534882, "f1_macro": 0.6969063152569739, "pre_macro": 0.7219084733899555, "re_macro": 0.6965366348864108, "best_epoch": 2, "val_loss": 1.2059704801838869, "train_loss": 1.3337119579315186}
{"epoch": 3, "val_accuracy": 0.7173566878980892, "train_accuracy": 0.8505208373069764, "f1_macro": 0.7111037280785614, "pre_macro": 0.7502366902890644, "re_macro": 0.7122068756338187, "best_epoch": 3, "val_loss": 1.0331246571935666, "train_loss": 0.9763232469558716}
{"epoch": 4, "val_accuracy": 0.7524880573248408, "train_accuracy": 0.8557291686534881, "f1_macro": 0.7490551214016113, "pre_macro": 0.7698375159651584, "re_macro": 0.7497694754686848, "best_epoch": 4, "val_loss": 0.9126608124963796, "train_loss": 0.7901752591133118}
{"epoch": 5, "val_accuracy": 0.7871218152866242, "train_accuracy": 0.8807291686534882, "f1_macro": 0.7830972123182277, "pre_macro": 0.7853229197440225, "re_macro": 0.7835547251112681, "best_epoch": 5, "val_loss": 0.8369054843665688, "train_loss": 0.6709458768367768}
{"epoch": 6, "val_accuracy": 0.7811504777070064, "train_accuracy": 0.8947916686534881, "f1_macro": 0.7777475111880714, "pre_macro": 0.7850419163449405, "re_macro": 0.7776640806250696, "best_epoch": 5, "val_loss": 0.7950528675963164, "train_loss": 0.5980336785316467}
{"epoch": 7, "val_accuracy": 0.7951831210191083, "train_accuracy": 0.9145833373069763, "f1_macro": 0.7918683882685482, "pre_macro": 0.795850755597768, "re_macro": 0.7919498424665019, "best_epoch": 7, "val_loss": 0.7637027963331551, "train_loss": 0.5454249113798142}
{"epoch": 8, "val_accuracy": 0.7984673566878981, "train_accuracy": 0.9255208373069763, "f1_macro": 0.7950083593967571, "pre_macro": 0.7991809847929007, "re_macro": 0.7949346084314484, "best_epoch": 8, "val_loss": 0.7428073480630376, "train_loss": 0.512054231762886}
{"epoch": 9, "val_accuracy": 0.8038415605095541, "train_accuracy": 0.9270833373069763, "f1_macro": 0.8006541941946332, "pre_macro": 0.803813503216201, "re_macro": 0.8006340924822295, "best_epoch": 9, "val_loss": 0.7272129884571027, "train_loss": 0.4843563765287399}
{"epoch": 10, "val_accuracy": 0.8045382165605095, "train_accuracy": 0.9333333373069763, "f1_macro": 0.8011776356652565, "pre_macro": 0.8043902664390765, "re_macro": 0.8012825788684091, "best_epoch": 10, "val_loss": 0.716118297759135, "train_loss": 0.46628283262252807}
{"epoch": 11, "val_accuracy": 0.8070262738853503, "train_accuracy": 0.9364583373069764, "f1_macro": 0.8038091702159704, "pre_macro": 0.8067595893123365, "re_macro": 0.8039151245957225, "best_epoch": 11, "val_loss": 0.7075802617391963, "train_loss": 0.4517479300498962}
{"epoch": 12, "val_accuracy": 0.8076234076433121, "train_accuracy": 0.9395833373069763, "f1_macro": 0.8048053102645373, "pre_macro": 0.8079761868267165, "re_macro": 0.8048266124836851, "best_epoch": 12, "val_loss": 0.7012452929262902, "train_loss": 0.4406644731760025}
{"epoch": 13, "val_accuracy": 0.808718152866242, "train_accuracy": 0.9427083373069763, "f1_macro": 0.8059224568514803, "pre_macro": 0.8089275161067697, "re_macro": 0.8059614349746518, "best_epoch": 13, "val_loss": 0.6959735981787846, "train_loss": 0.4320618242025375}
{"epoch": 14, "val_accuracy": 0.8094148089171974, "train_accuracy": 0.9442708373069764, "f1_macro": 0.8066592733926564, "pre_macro": 0.8097241588854063, "re_macro": 0.8066677525717865, "best_epoch": 14, "val_loss": 0.6920659970136205, "train_loss": 0.4252575486898422}
{"epoch": 15, "val_accuracy": 0.8100119426751592, "train_accuracy": 0.9458333373069763, "f1_macro": 0.8072879006362385, "pre_macro": 0.8103112882646728, "re_macro": 0.8072836952033965, "best_epoch": 15, "val_loss": 0.6889369432713576, "train_loss": 0.41984366774559023}
{"training time": 16.97390389442444}
