{"epoch": 1, "val_accuracy": 0.852109872611465, "train_accuracy": 0.8183732271194458, "f1_macro": 0.8450575088238461, "pre_macro": 0.8645750318255356, "re_macro": 0.850442136300573, "best_epoch": 1, "val_loss": 0.4826390088363818, "train_loss": 6.7744179035754915}
{"epoch": 2, "val_accuracy": 0.8874402866242038, "train_accuracy": 0.9072251773895101, "f1_macro": 0.8852961267231173, "pre_macro": 0.8988748814277516, "re_macro": 0.8861132597085073, "best_epoch": 2, "val_loss": 0.3684882203200061, "train_loss": 5.415168240729798}
{"epoch": 3, "val_accuracy": 0.8991839171974523, "train_accuracy": 0.9302748228641267, "f1_macro": 0.897294054103836, "pre_macro": 0.905795307973231, "re_macro": 0.8983383274488089, "best_epoch": 3, "val_loss": 0.3290282203608258, "train_loss": 4.702400294770586}
{"epoch": 4, "val_accuracy": 0.9077428343949044, "train_accuracy": 0.9443705675449777, "f1_macro": 0.9058625967901189, "pre_macro": 0.9118929949809823, "re_macro": 0.9070088205871519, "best_epoch": 4, "val_loss": 0.3029662356444984, "train_loss": 4.233790592437095}
{"epoch": 5, "val_accuracy": 0.908140923566879, "train_accuracy": 0.9538563829787234, "f1_macro": 0.9061050246068785, "pre_macro": 0.912622568631504, "re_macro": 0.9072412105149634, "best_epoch": 5, "val_loss": 0.2973999488553044, "train_loss": 3.9114185830380053}
{"epoch": 6, "val_accuracy": 0.9153065286624203, "train_accuracy": 0.961968085106383, "f1_macro": 0.9137718973873916, "pre_macro": 0.9190694867635857, "re_macro": 0.9143227210364865, "best_epoch": 6, "val_loss": 0.27564536511992954, "train_loss": 3.6745767978911705}
{"epoch": 7, "val_accuracy": 0.923765923566879, "train_accuracy": 0.9652925531914893, "f1_macro": 0.9221493286452542, "pre_macro": 0.9242706090485753, "re_macro": 0.9228068628550744, "best_epoch": 7, "val_loss": 0.24662611660826358, "train_loss": 3.4983817546925646}
{"epoch": 8, "val_accuracy": 0.9281449044585988, "train_accuracy": 0.9710771276595744, "f1_macro": 0.9267584761119629, "pre_macro": 0.9278735956011699, "re_macro": 0.9272415459963325, "best_epoch": 8, "val_loss": 0.23217399789696666, "train_loss": 3.3632513289755965}
{"epoch": 9, "val_accuracy": 0.931827229299363, "train_accuracy": 0.9746010638297873, "f1_macro": 0.9303555265740033, "pre_macro": 0.931656118923512, "re_macro": 0.930373315938926, "best_epoch": 9, "val_loss": 0.22531784502611418, "train_loss": 3.256580820489437}
{"epoch": 10, "val_accuracy": 0.9342157643312102, "train_accuracy": 0.9763962765957447, "f1_macro": 0.9327851466440453, "pre_macro": 0.9339115104176239, "re_macro": 0.9326248765913109, "best_epoch": 10, "val_loss": 0.2165613039426363, "train_loss": 3.172178237996203}
{"epoch": 11, "val_accuracy": 0.9346138535031847, "train_accuracy": 0.9789228723404255, "f1_macro": 0.9331702869789552, "pre_macro": 0.9343449447188539, "re_macro": 0.9329186128616653, "best_epoch": 11, "val_loss": 0.21195210121975394, "train_loss": 3.1050963675722163}
{"epoch": 12, "val_accuracy": 0.9359076433121019, "train_accuracy": 0.9810505319148937, "f1_macro": 0.9344841515771909, "pre_macro": 0.935614981575595, "re_macro": 0.9341966674821226, "best_epoch": 12, "val_loss": 0.2083963893389531, "train_loss": 3.0517604178570688}
{"epoch": 13, "val_accuracy": 0.9382961783439491, "train_accuracy": 0.982247340425532, "f1_macro": 0.9370115355563501, "pre_macro": 0.9379426121699115, "re_macro": 0.9367261830959113, "best_epoch": 13, "val_loss": 0.20512480184934131, "train_loss": 3.008861208976583}
{"epoch": 14, "val_accuracy": 0.9394904458598726, "train_accuracy": 0.9836436170212766, "f1_macro": 0.9382331774264276, "pre_macro": 0.9388976725278727, "re_macro": 0.9379846156595774, "best_epoch": 14, "val_loss": 0.20154123979911304, "train_loss": 2.973988633460187}
{"epoch": 15, "val_accuracy": 0.9411823248407644, "train_accuracy": 0.9853058510638298, "f1_macro": 0.9399639520988101, "pre_macro": 0.9404100994422315, "re_macro": 0.9397603875729065, "best_epoch": 15, "val_loss": 0.19882980449374316, "train_loss": 2.945663069664164}
{"training time": 51.64666271209717}
