{"epoch": 1, "val_accuracy": 0.9236664012738853, "train_accuracy": 0.8806636460554371, "f1_macro": 0.9223820897539816, "pre_macro": 0.924728128192241, "re_macro": 0.9222545027129703, "best_epoch": 1, "val_loss": 0.25377027665496255, "train_loss": 5.167850892681049}
{"epoch": 2, "val_accuracy": 0.9374004777070064, "train_accuracy": 0.9339019189765458, "f1_macro": 0.9365718912527718, "pre_macro": 0.9382177162526322, "re_macro": 0.9364006140285126, "best_epoch": 2, "val_loss": 0.20226235218512215, "train_loss": 3.034672127603722}
{"epoch": 3, "val_accuracy": 0.9422770700636943, "train_accuracy": 0.9489938699360341, "f1_macro": 0.9415629381548213, "pre_macro": 0.9428942469760393, "re_macro": 0.9416233693908037, "best_epoch": 3, "val_loss": 0.1791183181925659, "train_loss": 2.2406380402762243}
{"epoch": 4, "val_accuracy": 0.9515326433121019, "train_accuracy": 0.9575726279317697, "f1_macro": 0.9508833989970761, "pre_macro": 0.9514119568465356, "re_macro": 0.9509677737870756, "best_epoch": 4, "val_loss": 0.15326878577500438, "train_loss": 1.8141728140143698}
{"epoch": 5, "val_accuracy": 0.9513335987261147, "train_accuracy": 0.9642690565031983, "f1_macro": 0.9505297979389891, "pre_macro": 0.9514231843284492, "re_macro": 0.950564558537965, "best_epoch": 4, "val_loss": 0.15044210179691103, "train_loss": 1.5452143125442555}
{"epoch": 6, "val_accuracy": 0.9516321656050956, "train_accuracy": 0.9685834221748401, "f1_macro": 0.9508036259239254, "pre_macro": 0.9523568886755603, "re_macro": 0.9509401238161835, "best_epoch": 6, "val_loss": 0.14957747900425486, "train_loss": 1.3596069994511635}
{"epoch": 7, "val_accuracy": 0.9568073248407644, "train_accuracy": 0.9721315298507462, "f1_macro": 0.9561652023052736, "pre_macro": 0.9572854147831895, "re_macro": 0.9562551536879967, "best_epoch": 7, "val_loss": 0.13904049931758433, "train_loss": 1.226402842540985}
{"epoch": 8, "val_accuracy": 0.9602906050955414, "train_accuracy": 0.9753298240938166, "f1_macro": 0.9597109793789453, "pre_macro": 0.960555402924696, "re_macro": 0.9598507705028659, "best_epoch": 8, "val_loss": 0.12842745176267328, "train_loss": 1.1282671359556316}
{"epoch": 9, "val_accuracy": 0.9640724522292994, "train_accuracy": 0.9778451492537313, "f1_macro": 0.9635852779801446, "pre_macro": 0.9640811610207141, "re_macro": 0.963790991103877, "best_epoch": 9, "val_loss": 0.11537931904131488, "train_loss": 1.0545916902993533}
{"epoch": 10, "val_accuracy": 0.96765525477707, "train_accuracy": 0.9795775586353944, "f1_macro": 0.9671653606983206, "pre_macro": 0.9673638709119142, "re_macro": 0.9674265420088188, "best_epoch": 10, "val_loss": 0.1047036601942341, "train_loss": 0.9986945101574286}
{"epoch": 11, "val_accuracy": 0.9712380573248408, "train_accuracy": 0.9812933102345416, "f1_macro": 0.9708144582613721, "pre_macro": 0.970780856061771, "re_macro": 0.9710692753848452, "best_epoch": 11, "val_loss": 0.09809954901771609, "train_loss": 0.9558445613013148}
{"epoch": 12, "val_accuracy": 0.9728304140127388, "train_accuracy": 0.9827092217484008, "f1_macro": 0.9724379629693578, "pre_macro": 0.9723282892234788, "re_macro": 0.9726759828019157, "best_epoch": 12, "val_loss": 0.09417011869765794, "train_loss": 0.9227039401592222}
{"epoch": 13, "val_accuracy": 0.9745222929936306, "train_accuracy": 0.9837753198294243, "f1_macro": 0.9742060536431826, "pre_macro": 0.9741334914751395, "re_macro": 0.9743311866538951, "best_epoch": 13, "val_loss": 0.09154908680564659, "train_loss": 0.8969655477924388}
{"epoch": 14, "val_accuracy": 0.9754179936305732, "train_accuracy": 0.984424973347548, "f1_macro": 0.9751411005473886, "pre_macro": 0.9751054029665187, "re_macro": 0.9752170344850105, "best_epoch": 14, "val_loss": 0.09004898892958785, "train_loss": 0.8768689605091681}
{"epoch": 15, "val_accuracy": 0.9759156050955414, "train_accuracy": 0.9850413113006397, "f1_macro": 0.9756647754880369, "pre_macro": 0.9756804118305595, "re_macro": 0.975687928247124, "best_epoch": 15, "val_loss": 0.08926986688955622, "train_loss": 0.8610914325409098}
{"training time": 160.6875433921814}
