{"epoch": 1, "val_accuracy": 0.9013734076433121, "train_accuracy": 0.8531783049040512, "f1_macro": 0.9001868723903172, "pre_macro": 0.9029789605626496, "re_macro": 0.9005811492347432, "best_epoch": 1, "val_loss": 0.3372875749471651, "train_loss": 6.0895169162546905}
{"epoch": 2, "val_accuracy": 0.911922770700637, "train_accuracy": 0.916078091684435, "f1_macro": 0.9112462376489668, "pre_macro": 0.9135659909543028, "re_macro": 0.9123898719327375, "best_epoch": 2, "val_loss": 0.3002881282810003, "train_loss": 4.32446918304541}
{"epoch": 3, "val_accuracy": 0.9225716560509554, "train_accuracy": 0.9343239161759805, "f1_macro": 0.9213022499590882, "pre_macro": 0.9234969835447584, "re_macro": 0.9222984637774132, "best_epoch": 3, "val_loss": 0.2604453799190225, "train_loss": 3.4916117867427086}
{"epoch": 4, "val_accuracy": 0.9289410828025477, "train_accuracy": 0.9469949360341151, "f1_macro": 0.9279941758023617, "pre_macro": 0.9298776452595245, "re_macro": 0.9286343213808645, "best_epoch": 4, "val_loss": 0.23617891700357008, "train_loss": 2.9954859920656247}
{"epoch": 5, "val_accuracy": 0.9323248407643312, "train_accuracy": 0.9557125089265136, "f1_macro": 0.9318601352711233, "pre_macro": 0.9341635694460206, "re_macro": 0.9319482933741309, "best_epoch": 5, "val_loss": 0.22381461523235982, "train_loss": 2.667346445990524}
{"epoch": 6, "val_accuracy": 0.9400875796178344, "train_accuracy": 0.9624311479169931, "f1_macro": 0.9396709133854808, "pre_macro": 0.9412987505434959, "re_macro": 0.9396229025569676, "best_epoch": 6, "val_loss": 0.20247019867110214, "train_loss": 2.435700741403901}
{"epoch": 7, "val_accuracy": 0.9479498407643312, "train_accuracy": 0.9670398010373878, "f1_macro": 0.9470039773547034, "pre_macro": 0.9477939940580766, "re_macro": 0.9469904659524617, "best_epoch": 7, "val_loss": 0.17780044520048388, "train_loss": 2.2641960207079013}
{"epoch": 8, "val_accuracy": 0.9515326433121019, "train_accuracy": 0.9703047264105221, "f1_macro": 0.950661531026363, "pre_macro": 0.9509245153502525, "re_macro": 0.9507873562803095, "best_epoch": 8, "val_loss": 0.16226753416311018, "train_loss": 2.1333177379453616}
{"epoch": 9, "val_accuracy": 0.9544187898089171, "train_accuracy": 0.9736473880597015, "f1_macro": 0.9536218790454077, "pre_macro": 0.9538198929202919, "re_macro": 0.9537779455868429, "best_epoch": 9, "val_loss": 0.15422376594654505, "train_loss": 2.031645629705905}
{"epoch": 10, "val_accuracy": 0.9554140127388535, "train_accuracy": 0.976579157782516, "f1_macro": 0.9546440716116387, "pre_macro": 0.9548635431387709, "re_macro": 0.9547782761761164, "best_epoch": 10, "val_loss": 0.15004428035941472, "train_loss": 1.9510807899523899}
{"epoch": 11, "val_accuracy": 0.9572054140127388, "train_accuracy": 0.978511460554371, "f1_macro": 0.95650098296332, "pre_macro": 0.9567182521648748, "re_macro": 0.9565660592391575, "best_epoch": 11, "val_loss": 0.14630553623139383, "train_loss": 1.8867676969784408}
{"epoch": 12, "val_accuracy": 0.9583001592356688, "train_accuracy": 0.980577025586354, "f1_macro": 0.957628848427617, "pre_macro": 0.9578540876434104, "re_macro": 0.9576395101990297, "best_epoch": 12, "val_loss": 0.142675599356176, "train_loss": 1.8353350187923863}
{"epoch": 13, "val_accuracy": 0.9590963375796179, "train_accuracy": 0.982542643923241, "f1_macro": 0.9584341003393343, "pre_macro": 0.9587386246202027, "re_macro": 0.9583966907515921, "best_epoch": 13, "val_loss": 0.13962959737077973, "train_loss": 1.794084147095426}
{"epoch": 14, "val_accuracy": 0.9597929936305732, "train_accuracy": 0.9839752132196162, "f1_macro": 0.9591364124031007, "pre_macro": 0.9594266909674556, "re_macro": 0.959078180225313, "best_epoch": 14, "val_loss": 0.1365396708122508, "train_loss": 1.7608890142013778}
{"epoch": 15, "val_accuracy": 0.9604896496815286, "train_accuracy": 0.9848747334754797, "f1_macro": 0.9598363314522356, "pre_macro": 0.9600415919579917, "re_macro": 0.9597965255783201, "best_epoch": 15, "val_loss": 0.13376978058723887, "train_loss": 1.734181748270226}
{"training time": 83.15455031394958}
