{"epoch": 1, "val_accuracy": 0.9169984076433121, "train_accuracy": 0.8672540838068182, "f1_macro": 0.9156429662497725, "pre_macro": 0.9187127653342243, "re_macro": 0.9162006026331919, "best_epoch": 1, "val_loss": 0.2832848981473666, "train_loss": 5.592377692799676}
{"epoch": 2, "val_accuracy": 0.9254578025477707, "train_accuracy": 0.9268909801136364, "f1_macro": 0.92436837254821, "pre_macro": 0.9276634473729353, "re_macro": 0.9249519766618144, "best_epoch": 2, "val_loss": 0.24533979074471884, "train_loss": 3.579053633253683}
{"epoch": 3, "val_accuracy": 0.9334195859872612, "train_accuracy": 0.9456454190340909, "f1_macro": 0.9323927572458144, "pre_macro": 0.935688453713605, "re_macro": 0.9326437005378857, "best_epoch": 3, "val_loss": 0.21755196526053416, "train_loss": 2.7449602118947287}
{"epoch": 4, "val_accuracy": 0.9372014331210191, "train_accuracy": 0.9555220170454546, "f1_macro": 0.9362323781520017, "pre_macro": 0.9401871137883024, "re_macro": 0.9361164098550582, "best_epoch": 4, "val_loss": 0.20188903765883415, "train_loss": 2.2761079411615026}
{"epoch": 5, "val_accuracy": 0.9427746815286624, "train_accuracy": 0.9630015980113636, "f1_macro": 0.9419766424437628, "pre_macro": 0.9453448311117674, "re_macro": 0.9418263076087353, "best_epoch": 5, "val_loss": 0.18659740800014252, "train_loss": 1.9730749680575999}
{"epoch": 6, "val_accuracy": 0.9472531847133758, "train_accuracy": 0.9685280539772727, "f1_macro": 0.9468352381023875, "pre_macro": 0.9494794670730498, "re_macro": 0.9464714365507888, "best_epoch": 6, "val_loss": 0.17051808393091722, "train_loss": 1.7628937746313484}
{"epoch": 7, "val_accuracy": 0.9578025477707006, "train_accuracy": 0.9727672230113636, "f1_macro": 0.9574937291022347, "pre_macro": 0.9588028201805135, "re_macro": 0.9571138063814576, "best_epoch": 7, "val_loss": 0.1395448864864743, "train_loss": 1.6095743387598882}
{"epoch": 8, "val_accuracy": 0.9631767515923567, "train_accuracy": 0.9762073863636364, "f1_macro": 0.9627425701766994, "pre_macro": 0.9634565314474205, "re_macro": 0.9624923850763366, "best_epoch": 8, "val_loss": 0.12260514173721954, "train_loss": 1.4930929566987536}
{"epoch": 9, "val_accuracy": 0.9655652866242038, "train_accuracy": 0.9792924360795454, "f1_macro": 0.9651927944058775, "pre_macro": 0.9656485099433019, "re_macro": 0.9650815251373505, "best_epoch": 9, "val_loss": 0.1154508035434232, "train_loss": 1.403007360683246}
{"epoch": 10, "val_accuracy": 0.9678542993630573, "train_accuracy": 0.9815340909090909, "f1_macro": 0.9674318338647308, "pre_macro": 0.9676761667228053, "re_macro": 0.9673571279523466, "best_epoch": 10, "val_loss": 0.1086818437895791, "train_loss": 1.3334781798449429}
{"epoch": 11, "val_accuracy": 0.9695461783439491, "train_accuracy": 0.9834206321022727, "f1_macro": 0.9691231246977837, "pre_macro": 0.9693791432491643, "re_macro": 0.9690161491461742, "best_epoch": 11, "val_loss": 0.10573920647311173, "train_loss": 1.2795330738140778}
{"epoch": 12, "val_accuracy": 0.9694466560509554, "train_accuracy": 0.984619140625, "f1_macro": 0.9690255942831186, "pre_macro": 0.9693682535699292, "re_macro": 0.9688715967499373, "best_epoch": 11, "val_loss": 0.10412337291306538, "train_loss": 1.2370766949924556}
{"epoch": 13, "val_accuracy": 0.9705414012738853, "train_accuracy": 0.9857732599431818, "f1_macro": 0.9701063198687623, "pre_macro": 0.9704231650740333, "re_macro": 0.9699500326090819, "best_epoch": 13, "val_loss": 0.10144373733597765, "train_loss": 1.2033665129406885}
{"epoch": 14, "val_accuracy": 0.9709394904458599, "train_accuracy": 0.9867054332386364, "f1_macro": 0.9704856487834451, "pre_macro": 0.970741787044304, "re_macro": 0.9703603205900813, "best_epoch": 14, "val_loss": 0.09914610077549887, "train_loss": 1.1766528023237532}
{"epoch": 15, "val_accuracy": 0.9716361464968153, "train_accuracy": 0.9871937144886364, "f1_macro": 0.9711927702544388, "pre_macro": 0.9713820534411314, "re_macro": 0.9711076130992874, "best_epoch": 15, "val_loss": 0.09755364713365818, "train_loss": 1.1554965989833528}
{"training time": 121.60804462432861}
