{"epoch": 1, "val_accuracy": 0.8942078025477707, "train_accuracy": 0.8647904829545454, "f1_macro": 0.8934188052359155, "pre_macro": 0.9018836351202442, "re_macro": 0.8935746262091346, "best_epoch": 1, "val_loss": 0.34921526437874434, "train_loss": 0.5320571345615793}
{"epoch": 2, "val_accuracy": 0.9174960191082803, "train_accuracy": 0.9160378196022727, "f1_macro": 0.9159341128235786, "pre_macro": 0.9197620730843221, "re_macro": 0.9162614407022456, "best_epoch": 2, "val_loss": 0.2770916194340606, "train_loss": 0.3723032964943824}
{"epoch": 3, "val_accuracy": 0.9173964968152867, "train_accuracy": 0.9307528409090909, "f1_macro": 0.9158738083963277, "pre_macro": 0.9211196113598146, "re_macro": 0.9164505705535166, "best_epoch": 2, "val_loss": 0.2724184595273843, "train_loss": 0.32350042911077087}
{"epoch": 4, "val_accuracy": 0.9278463375796179, "train_accuracy": 0.9420720880681818, "f1_macro": 0.9266934491255882, "pre_macro": 0.930300305717279, "re_macro": 0.9267550004909737, "best_epoch": 4, "val_loss": 0.24159184847454165, "train_loss": 0.287792682944035}
{"epoch": 5, "val_accuracy": 0.9314291401273885, "train_accuracy": 0.9498401988636364, "f1_macro": 0.9303058596538578, "pre_macro": 0.9330200950870801, "re_macro": 0.9303383361600119, "best_epoch": 5, "val_loss": 0.22197878347104713, "train_loss": 0.26158018394331023}
{"epoch": 6, "val_accuracy": 0.941281847133758, "train_accuracy": 0.9549893465909091, "f1_macro": 0.9405831043245134, "pre_macro": 0.9419229796897767, "re_macro": 0.9403579035312865, "best_epoch": 6, "val_loss": 0.1967820429427039, "train_loss": 0.2409210015956143}
{"epoch": 7, "val_accuracy": 0.9496417197452229, "train_accuracy": 0.9593394886363636, "f1_macro": 0.9489971954438825, "pre_macro": 0.9495405409934412, "re_macro": 0.9490380349654333, "best_epoch": 7, "val_loss": 0.17577128358493754, "train_loss": 0.22403675359038805}
{"epoch": 8, "val_accuracy": 0.9532245222929936, "train_accuracy": 0.9639559659090909, "f1_macro": 0.9525377053186166, "pre_macro": 0.9529538147180248, "re_macro": 0.9525514858416292, "best_epoch": 8, "val_loss": 0.16907320991395766, "train_loss": 0.20882116668772968}
{"epoch": 9, "val_accuracy": 0.9540207006369427, "train_accuracy": 0.9676402698863636, "f1_macro": 0.9533540334636517, "pre_macro": 0.9538547778846518, "re_macro": 0.9533160590266819, "best_epoch": 9, "val_loss": 0.16192366224921242, "train_loss": 0.19719260282264175}
{"epoch": 10, "val_accuracy": 0.9570063694267515, "train_accuracy": 0.9702592329545454, "f1_macro": 0.9563819438729478, "pre_macro": 0.9566655015761636, "re_macro": 0.9563736872684867, "best_epoch": 10, "val_loss": 0.1552315542598961, "train_loss": 0.18794121194249866}
{"epoch": 11, "val_accuracy": 0.9592953821656051, "train_accuracy": 0.9722567471590909, "f1_macro": 0.9587309642004168, "pre_macro": 0.9590452639031082, "re_macro": 0.9586173815151546, "best_epoch": 11, "val_loss": 0.14925104083944182, "train_loss": 0.18009097698483278}
{"epoch": 12, "val_accuracy": 0.9608877388535032, "train_accuracy": 0.9741654829545454, "f1_macro": 0.9603187204514578, "pre_macro": 0.9606061910016997, "re_macro": 0.9602036682574449, "best_epoch": 12, "val_loss": 0.14421033079492723, "train_loss": 0.17334862330674447}
{"epoch": 13, "val_accuracy": 0.9615843949044586, "train_accuracy": 0.9762295809659091, "f1_macro": 0.9610099980815463, "pre_macro": 0.9613120560219179, "re_macro": 0.9608807291191874, "best_epoch": 13, "val_loss": 0.14138065789867738, "train_loss": 0.16785307129083032}
{"epoch": 14, "val_accuracy": 0.9617834394904459, "train_accuracy": 0.9778941761363636, "f1_macro": 0.9612300462552537, "pre_macro": 0.9614997871916062, "re_macro": 0.961108441404112, "best_epoch": 14, "val_loss": 0.13993222115466455, "train_loss": 0.16334231829651716}
{"epoch": 15, "val_accuracy": 0.9619824840764332, "train_accuracy": 0.9791370738636364, "f1_macro": 0.961456534427316, "pre_macro": 0.9617578283441152, "re_macro": 0.9613116297877566, "best_epoch": 15, "val_loss": 0.13903938345670416, "train_loss": 0.15963226806541736}
{"training time": 122.24389910697937}
