{"epoch": 1, "val_accuracy": 0.838077229299363, "train_accuracy": 0.6546827516657241, "f1_macro": 0.8361872226794056, "pre_macro": 0.8473515298690188, "re_macro": 0.837387688229466, "best_epoch": 1, "val_loss": 0.6117193276525303, "train_loss": 1.231483964209861}
{"epoch": 2, "val_accuracy": 0.8544984076433121, "train_accuracy": 0.8753799402967413, "f1_macro": 0.8519285007293844, "pre_macro": 0.866621117975632, "re_macro": 0.850774755642582, "best_epoch": 2, "val_loss": 0.48326263140151454, "train_loss": 0.5328849300425104}
{"epoch": 3, "val_accuracy": 0.8509156050955414, "train_accuracy": 0.9072948339137625, "f1_macro": 0.8461938970977219, "pre_macro": 0.8655458027983917, "re_macro": 0.8465390371657676, "best_epoch": 2, "val_loss": 0.476093824169818, "train_loss": 0.42507229460046647}
{"epoch": 4, "val_accuracy": 0.8801751592356688, "train_accuracy": 0.9253419460134303, "f1_macro": 0.8777375070333446, "pre_macro": 0.8847300517940703, "re_macro": 0.8772331498892617, "best_epoch": 4, "val_loss": 0.4043772724356241, "train_loss": 0.368145558745303}
{"epoch": 5, "val_accuracy": 0.8890326433121019, "train_accuracy": 0.9379749247368346, "f1_macro": 0.8876213167688538, "pre_macro": 0.8899872121120265, "re_macro": 0.8882078418496755, "best_epoch": 5, "val_loss": 0.3792104727713166, "train_loss": 0.3287694666613924}
{"epoch": 6, "val_accuracy": 0.8876393312101911, "train_accuracy": 0.9463335871696472, "f1_macro": 0.8859962425183742, "pre_macro": 0.8905227349954359, "re_macro": 0.886849812946599, "best_epoch": 5, "val_loss": 0.3892109003985763, "train_loss": 0.30189299710253453}
{"epoch": 7, "val_accuracy": 0.8872412420382165, "train_accuracy": 0.9526500765313494, "f1_macro": 0.885607932812064, "pre_macro": 0.8901596738691312, "re_macro": 0.88591731935545, "best_epoch": 5, "val_loss": 0.38111866298754504, "train_loss": 0.2833715239737896}
{"epoch": 8, "val_accuracy": 0.894406847133758, "train_accuracy": 0.9596789517301194, "f1_macro": 0.8929425621607482, "pre_macro": 0.8959241310181525, "re_macro": 0.8930697683847605, "best_epoch": 8, "val_loss": 0.36397127503422416, "train_loss": 0.2651195247122582}
{"epoch": 9, "val_accuracy": 0.8964968152866242, "train_accuracy": 0.9657104877715416, "f1_macro": 0.8947834858061426, "pre_macro": 0.8974834056120986, "re_macro": 0.8948986382659212, "best_epoch": 9, "val_loss": 0.3558685842925196, "train_loss": 0.2519593400524018}
{"epoch": 10, "val_accuracy": 0.897093949044586, "train_accuracy": 0.9666603347088428, "f1_macro": 0.895453996925099, "pre_macro": 0.8976738777222188, "re_macro": 0.8956302312380086, "best_epoch": 10, "val_loss": 0.3477644570954856, "train_loss": 0.24142045067979934}
{"epoch": 11, "val_accuracy": 0.8982882165605095, "train_accuracy": 0.9703647430906904, "f1_macro": 0.8967336457533858, "pre_macro": 0.8987387977105771, "re_macro": 0.8967913896362596, "best_epoch": 11, "val_loss": 0.3448663744007706, "train_loss": 0.23191197311624567}
{"epoch": 12, "val_accuracy": 0.9001791401273885, "train_accuracy": 0.972406914893617, "f1_macro": 0.8987205265367567, "pre_macro": 0.9005923474029671, "re_macro": 0.8986882276410076, "best_epoch": 12, "val_loss": 0.3436740400495043, "train_loss": 0.2258405200344451}
{"epoch": 13, "val_accuracy": 0.8999800955414012, "train_accuracy": 0.9723594239417542, "f1_macro": 0.8982198519152662, "pre_macro": 0.9002521852051257, "re_macro": 0.8981434681273874, "best_epoch": 12, "val_loss": 0.34358229082386205, "train_loss": 0.22184547401489096}
{"epoch": 14, "val_accuracy": 0.9010748407643312, "train_accuracy": 0.9733567643672862, "f1_macro": 0.8993141231488335, "pre_macro": 0.9012365800308529, "re_macro": 0.8992600212817002, "best_epoch": 14, "val_loss": 0.34282632447352074, "train_loss": 0.21868645701002568}
{"epoch": 15, "val_accuracy": 0.9010748407643312, "train_accuracy": 0.9746865516013288, "f1_macro": 0.8992604571389036, "pre_macro": 0.9009263198891164, "re_macro": 0.8993050376383254, "best_epoch": 14, "val_loss": 0.3398531360350027, "train_loss": 0.2158321370469763}
{"training time": 26.53624653816223}
