{"epoch": 1, "val_accuracy": 0.8919187898089171, "train_accuracy": 0.8230939718002969, "f1_macro": 0.8905162460912374, "pre_macro": 0.8951196480644669, "re_macro": 0.8909639812843725, "best_epoch": 1, "val_loss": 0.36292627997174387, "train_loss": 0.6722962515151247}
{"epoch": 2, "val_accuracy": 0.8976910828025477, "train_accuracy": 0.9074689718002968, "f1_macro": 0.8951693298013099, "pre_macro": 0.9007351649630204, "re_macro": 0.8961262474416898, "best_epoch": 2, "val_loss": 0.33752277245519646, "train_loss": 0.39432038778954365}
{"epoch": 3, "val_accuracy": 0.8973925159235668, "train_accuracy": 0.9245345744680851, "f1_macro": 0.8955278631034382, "pre_macro": 0.9045137679862585, "re_macro": 0.8958647536769073, "best_epoch": 2, "val_loss": 0.341815393845177, "train_loss": 0.341042996150382}
{"epoch": 4, "val_accuracy": 0.9038614649681529, "train_accuracy": 0.9355718085106383, "f1_macro": 0.9017171245582356, "pre_macro": 0.9074046812634989, "re_macro": 0.9028408640551087, "best_epoch": 4, "val_loss": 0.31506647818549804, "train_loss": 0.3059971802412195}
{"epoch": 5, "val_accuracy": 0.9095342356687898, "train_accuracy": 0.9440159574468086, "f1_macro": 0.9075835102699967, "pre_macro": 0.9114577212875762, "re_macro": 0.9087034160689086, "best_epoch": 5, "val_loss": 0.29633954346512154, "train_loss": 0.2802581661559166}
{"epoch": 6, "val_accuracy": 0.9151074840764332, "train_accuracy": 0.9503324468085106, "f1_macro": 0.9138171720189927, "pre_macro": 0.9169019294765436, "re_macro": 0.9140276417662296, "best_epoch": 6, "val_loss": 0.2818517104194612, "train_loss": 0.2586112229747975}
{"epoch": 7, "val_accuracy": 0.9211783439490446, "train_accuracy": 0.9557845744680851, "f1_macro": 0.9198500723782495, "pre_macro": 0.9215595682987197, "re_macro": 0.9198642032341157, "best_epoch": 7, "val_loss": 0.2660800510198827, "train_loss": 0.24449036340130137}
{"epoch": 8, "val_accuracy": 0.9265525477707006, "train_accuracy": 0.960438829787234, "f1_macro": 0.9252451341857657, "pre_macro": 0.9262504068024671, "re_macro": 0.9252829105632694, "best_epoch": 8, "val_loss": 0.2480953725909067, "train_loss": 0.23082726737286183}
{"epoch": 9, "val_accuracy": 0.9281449044585988, "train_accuracy": 0.9650265957446809, "f1_macro": 0.926851257518619, "pre_macro": 0.9274483075019162, "re_macro": 0.9269609401413798, "best_epoch": 9, "val_loss": 0.23734610951297982, "train_loss": 0.2178934617879543}
{"epoch": 10, "val_accuracy": 0.9299363057324841, "train_accuracy": 0.9690159574468085, "f1_macro": 0.928370585753392, "pre_macro": 0.9292523134414938, "re_macro": 0.9283752391939606, "best_epoch": 10, "val_loss": 0.23554251374451407, "train_loss": 0.20769182824073953}
{"epoch": 11, "val_accuracy": 0.9296377388535032, "train_accuracy": 0.9704787234042553, "f1_macro": 0.9281292847656202, "pre_macro": 0.9292153722748105, "re_macro": 0.9280387580347412, "best_epoch": 10, "val_loss": 0.23618107023322657, "train_loss": 0.20085640815978353}
{"epoch": 12, "val_accuracy": 0.9294386942675159, "train_accuracy": 0.9712101063829788, "f1_macro": 0.9279519793631421, "pre_macro": 0.9291431236624617, "re_macro": 0.9277884267931368, "best_epoch": 10, "val_loss": 0.2350427746167703, "train_loss": 0.19450456392257773}
{"epoch": 13, "val_accuracy": 0.9300358280254777, "train_accuracy": 0.973404255319149, "f1_macro": 0.9285333608921308, "pre_macro": 0.9297987540332926, "re_macro": 0.9283443403477822, "best_epoch": 13, "val_loss": 0.23365541800832862, "train_loss": 0.18927638105889585}
{"epoch": 14, "val_accuracy": 0.9314291401273885, "train_accuracy": 0.9750664893617021, "f1_macro": 0.9299834846332956, "pre_macro": 0.9309242046947622, "re_macro": 0.9298312434783174, "best_epoch": 14, "val_loss": 0.2299527002284956, "train_loss": 0.18496652042612116}
{"epoch": 15, "val_accuracy": 0.9325238853503185, "train_accuracy": 0.9758643617021276, "f1_macro": 0.9310727899615439, "pre_macro": 0.931715349216795, "re_macro": 0.9309874218120957, "best_epoch": 15, "val_loss": 0.22635110483688722, "train_loss": 0.18155917886723863}
{"training time": 52.04358530044556}
