{"epoch": 100, "loss": 10.039971351623535}
{"epoch": 200, "loss": 5.94209623336792}
{"epoch": 300, "loss": 3.7356553077697754}
{"epoch": 400, "loss": 2.492854356765747}
{"epoch": 500, "loss": 1.6734579801559448}
{"epoch": 600, "loss": 1.1657941341400146}
{"epoch": 700, "loss": 0.8588263988494873}
{"epoch": 800, "loss": 0.66213458776474}
{"epoch": 900, "loss": 0.5294206142425537}
{"epoch": 1000, "loss": 0.43578481674194336}
{"training_time:": "4.4039s", "final_loss": 0.43578481674194336}
