{"epoch": 1, "val_accuracy": 0.7041202229299363, "train_accuracy": 0.5905680098432176, "f1_macro": 0.7103777293298374, "pre_macro": 0.7517314015399018, "re_macro": 0.7036, "best_epoch": 1, "val_loss": 0.7957472019134813, "train_loss": 4.969941433439863}
{"epoch": 2, "val_accuracy": 0.7495023885350318, "train_accuracy": 0.7646751530626987, "f1_macro": 0.7548152429835165, "pre_macro": 0.7793052941670174, "re_macro": 0.7495, "best_epoch": 2, "val_loss": 0.6652885375508837, "train_loss": 3.923925075125187}
{"epoch": 3, "val_accuracy": 0.7797571656050956, "train_accuracy": 0.7959726452827454, "f1_macro": 0.7817753419148732, "pre_macro": 0.790034208938944, "re_macro": 0.7799, "best_epoch": 3, "val_loss": 0.6090077017522921, "train_loss": 3.4775975156337657}
{"epoch": 4, "val_accuracy": 0.7813495222929936, "train_accuracy": 0.8182465814529581, "f1_macro": 0.7843250244823279, "pre_macro": 0.7983095509458482, "re_macro": 0.7812, "best_epoch": 4, "val_loss": 0.5999580194616014, "train_loss": 3.194950281305516}
{"epoch": 5, "val_accuracy": 0.783937101910828, "train_accuracy": 0.8373385261982045, "f1_macro": 0.7879971386390915, "pre_macro": 0.805990423180891, "re_macro": 0.7838, "best_epoch": 5, "val_loss": 0.5919026347102633, "train_loss": 2.9892998350427504}
{"epoch": 6, "val_accuracy": 0.7948845541401274, "train_accuracy": 0.8419452892973068, "f1_macro": 0.7973314347896941, "pre_macro": 0.8083554594595798, "re_macro": 0.7945, "best_epoch": 6, "val_loss": 0.568814018159915, "train_loss": 2.841997714752847}
{"epoch": 7, "val_accuracy": 0.7962778662420382, "train_accuracy": 0.851633738964162, "f1_macro": 0.7968823737584537, "pre_macro": 0.8033093485619359, "re_macro": 0.7962, "best_epoch": 7, "val_loss": 0.5543568196949685, "train_loss": 2.72784811892408}
{"epoch": 8, "val_accuracy": 0.7975716560509554, "train_accuracy": 0.8608947573824132, "f1_macro": 0.7983260155954295, "pre_macro": 0.8051542027670922, "re_macro": 0.7975000000000001, "best_epoch": 8, "val_loss": 0.5517652786461411, "train_loss": 2.638684369148092}
{"epoch": 9, "val_accuracy": 0.7994625796178344, "train_accuracy": 0.8692059275951791, "f1_macro": 0.8003451814181395, "pre_macro": 0.8070591858148113, "re_macro": 0.7994000000000001, "best_epoch": 9, "val_loss": 0.5477432731989842, "train_loss": 2.5658738207309804}
{"epoch": 10, "val_accuracy": 0.799562101910828, "train_accuracy": 0.8735752283258641, "f1_macro": 0.8006891744142308, "pre_macro": 0.8088498856124875, "re_macro": 0.7994999999999999, "best_epoch": 10, "val_loss": 0.5501610724030027, "train_loss": 2.5104552279127406}
{"epoch": 11, "val_accuracy": 0.8019506369426752, "train_accuracy": 0.8802716579843075, "f1_macro": 0.8028790477281698, "pre_macro": 0.8105799549574577, "re_macro": 0.8019000000000001, "best_epoch": 11, "val_loss": 0.5460574089721509, "train_loss": 2.464904105409663}
{"epoch": 12, "val_accuracy": 0.803343949044586, "train_accuracy": 0.8853058523320138, "f1_macro": 0.804115412981585, "pre_macro": 0.8102179578900548, "re_macro": 0.8032999999999999, "best_epoch": 12, "val_loss": 0.539869536260131, "train_loss": 2.4296017251116164}
{"epoch": 13, "val_accuracy": 0.8067277070063694, "train_accuracy": 0.885970745949035, "f1_macro": 0.8074532451115933, "pre_macro": 0.811030954683031, "re_macro": 0.8067, "best_epoch": 13, "val_loss": 0.5315394957733762, "train_loss": 2.4021787186886403}
{"epoch": 14, "val_accuracy": 0.8094148089171974, "train_accuracy": 0.8865881473460095, "f1_macro": 0.809601558984338, "pre_macro": 0.8112980455648339, "re_macro": 0.8093999999999999, "best_epoch": 14, "val_loss": 0.5256254830557829, "train_loss": 2.3782018397716764}
{"epoch": 15, "val_accuracy": 0.8099124203821656, "train_accuracy": 0.8900075998712094, "f1_macro": 0.8097043333136232, "pre_macro": 0.8105043218268013, "re_macro": 0.8099000000000001, "best_epoch": 15, "val_loss": 0.5227473680001156, "train_loss": 2.358538810242998}
{"epoch": 16, "val_accuracy": 0.8109076433121019, "train_accuracy": 0.8913373871052519, "f1_macro": 0.810454548700554, "pre_macro": 0.8109885047971517, "re_macro": 0.8109, "best_epoch": 16, "val_loss": 0.5215227590624694, "train_loss": 2.3417638362722193}
{"epoch": 17, "val_accuracy": 0.8111066878980892, "train_accuracy": 0.8933320679563157, "f1_macro": 0.8106535647700117, "pre_macro": 0.8111705534460286, "re_macro": 0.8111, "best_epoch": 17, "val_loss": 0.5208182870202763, "train_loss": 2.3282955098659435}
{"epoch": 18, "val_accuracy": 0.81140525477707, "train_accuracy": 0.8960391346444475, "f1_macro": 0.8109512175318698, "pre_macro": 0.8114276178772837, "re_macro": 0.8113999999999999, "best_epoch": 18, "val_loss": 0.5203079586955393, "train_loss": 2.317478185004376}
{"epoch": 19, "val_accuracy": 0.8113057324840764, "train_accuracy": 0.8977013686870007, "f1_macro": 0.8109209500386563, "pre_macro": 0.8114172480602824, "re_macro": 0.8112999999999999, "best_epoch": 18, "val_loss": 0.5199321221773792, "train_loss": 2.3088202882320323}
{"epoch": 20, "val_accuracy": 0.8113057324840764, "train_accuracy": 0.8990311559210432, "f1_macro": 0.8109612506688982, "pre_macro": 0.811437923468931, "re_macro": 0.8112999999999999, "best_epoch": 18, "val_loss": 0.519649980174508, "train_loss": 2.301862635511033}
{"epoch": 21, "val_accuracy": 0.8112062101910829, "train_accuracy": 0.8996960495380645, "f1_macro": 0.810929316368874, "pre_macro": 0.8114312419670726, "re_macro": 0.8112, "best_epoch": 18, "val_loss": 0.5194347851974949, "train_loss": 2.2962531942002316}
{"epoch": 22, "val_accuracy": 0.81140525477707, "train_accuracy": 0.901025836772107, "f1_macro": 0.8111527230367598, "pre_macro": 0.8116627801120722, "re_macro": 0.8114000000000001, "best_epoch": 18, "val_loss": 0.5192684745712645, "train_loss": 2.2917205729383103}
{"epoch": 23, "val_accuracy": 0.8118033439490446, "train_accuracy": 0.9013582835806176, "f1_macro": 0.8116024872489602, "pre_macro": 0.8121422756162053, "re_macro": 0.8118000000000001, "best_epoch": 23, "val_loss": 0.5191386381911623, "train_loss": 2.2880527668810906}
{"epoch": 24, "val_accuracy": 0.8120023885350318, "train_accuracy": 0.9013582835806176, "f1_macro": 0.8118273399356966, "pre_macro": 0.812375138213104, "re_macro": 0.812, "best_epoch": 24, "val_loss": 0.5190365111372274, "train_loss": 2.285081985148978}
{"epoch": 25, "val_accuracy": 0.8121019108280255, "train_accuracy": 0.9016907303891284, "f1_macro": 0.8119440790718147, "pre_macro": 0.8125014859720329, "re_macro": 0.8121, "best_epoch": 25, "val_loss": 0.5189556974893922, "train_loss": 2.282674403900796}
{"training time": 33.1929395198822}
