{"epoch": 1, "val_accuracy": 0.8129976114649682, "train_accuracy": 0.787109375, "f1_macro": 0.8095516508227913, "pre_macro": 0.8202388329334822, "re_macro": 0.8132999999999999, "best_epoch": 1, "val_loss": 0.5158677190352398, "train_loss": 2.399628273296085}
{"epoch": 2, "val_accuracy": 0.8294187898089171, "train_accuracy": 0.8450150923295454, "f1_macro": 0.8252686227319957, "pre_macro": 0.8340503361568883, "re_macro": 0.8291999999999998, "best_epoch": 2, "val_loss": 0.4646847560337395, "train_loss": 1.0308505204421552}
{"epoch": 3, "val_accuracy": 0.8402667197452229, "train_accuracy": 0.8580211292613636, "f1_macro": 0.8374374765335497, "pre_macro": 0.843528919817811, "re_macro": 0.8398, "best_epoch": 3, "val_loss": 0.44397530681008746, "train_loss": 0.7133899005129933}
{"epoch": 4, "val_accuracy": 0.8442476114649682, "train_accuracy": 0.8659002130681818, "f1_macro": 0.8419378830892599, "pre_macro": 0.8472425135877495, "re_macro": 0.8438000000000001, "best_epoch": 4, "val_loss": 0.4265580088089985, "train_loss": 0.5836786487224427}
{"epoch": 5, "val_accuracy": 0.8403662420382165, "train_accuracy": 0.8734463778409091, "f1_macro": 0.8380842397312229, "pre_macro": 0.8460880501751558, "re_macro": 0.8402, "best_epoch": 4, "val_loss": 0.4290107955598527, "train_loss": 0.5172857061790471}
{"epoch": 6, "val_accuracy": 0.8445461783439491, "train_accuracy": 0.8789284446022727, "f1_macro": 0.8421728045616031, "pre_macro": 0.8504531368718512, "re_macro": 0.8444, "best_epoch": 6, "val_loss": 0.4213984233748381, "train_loss": 0.4758038296660578}
{"epoch": 7, "val_accuracy": 0.8480294585987261, "train_accuracy": 0.883056640625, "f1_macro": 0.846646438181582, "pre_macro": 0.8523103583768623, "re_macro": 0.8479000000000001, "best_epoch": 7, "val_loss": 0.40653299687394673, "train_loss": 0.44783765909431333}
{"epoch": 8, "val_accuracy": 0.854796974522293, "train_accuracy": 0.8875177556818182, "f1_macro": 0.854530464988344, "pre_macro": 0.8586380591374813, "re_macro": 0.8549999999999999, "best_epoch": 8, "val_loss": 0.39287691235921945, "train_loss": 0.42683215892281046}
{"epoch": 9, "val_accuracy": 0.8584792993630573, "train_accuracy": 0.8917569247159091, "f1_macro": 0.8583550962481169, "pre_macro": 0.8616227834181205, "re_macro": 0.8587, "best_epoch": 9, "val_loss": 0.3831471545491249, "train_loss": 0.41103426115164027}
{"epoch": 10, "val_accuracy": 0.8614649681528662, "train_accuracy": 0.8953524502840909, "f1_macro": 0.8613624239606986, "pre_macro": 0.8638071235197442, "re_macro": 0.8616999999999999, "best_epoch": 10, "val_loss": 0.37508534986502046, "train_loss": 0.3979391033380208}
{"epoch": 11, "val_accuracy": 0.8634554140127388, "train_accuracy": 0.8986150568181818, "f1_macro": 0.8632146375424139, "pre_macro": 0.8650997374859439, "re_macro": 0.8633999999999998, "best_epoch": 11, "val_loss": 0.37079663764519294, "train_loss": 0.3875486904924566}
{"epoch": 12, "val_accuracy": 0.8649482484076433, "train_accuracy": 0.9017666903409091, "f1_macro": 0.8643955208127518, "pre_macro": 0.8655228978662757, "re_macro": 0.8646, "best_epoch": 12, "val_loss": 0.36710873511946124, "train_loss": 0.3790020675144412}
{"epoch": 13, "val_accuracy": 0.8654458598726115, "train_accuracy": 0.903564453125, "f1_macro": 0.8649608074714343, "pre_macro": 0.8659239397706153, "re_macro": 0.8651, "best_epoch": 13, "val_loss": 0.36467709387563596, "train_loss": 0.3720495438584211}
{"epoch": 14, "val_accuracy": 0.8671377388535032, "train_accuracy": 0.90625, "f1_macro": 0.8670115026980738, "pre_macro": 0.8680573230399474, "re_macro": 0.8671, "best_epoch": 14, "val_loss": 0.3627057122956416, "train_loss": 0.36639618524350226}
{"epoch": 15, "val_accuracy": 0.8674363057324841, "train_accuracy": 0.9084250710227273, "f1_macro": 0.8671910076446387, "pre_macro": 0.86828062047243, "re_macro": 0.8674, "best_epoch": 15, "val_loss": 0.36074423571680764, "train_loss": 0.36184514993378386}
{"epoch": 16, "val_accuracy": 0.8686305732484076, "train_accuracy": 0.9090021306818182, "f1_macro": 0.8682790672755853, "pre_macro": 0.8693651418704954, "re_macro": 0.8685999999999998, "best_epoch": 16, "val_loss": 0.3589943182316555, "train_loss": 0.3580756477207284}
{"epoch": 17, "val_accuracy": 0.8700238853503185, "train_accuracy": 0.9097567471590909, "f1_macro": 0.8693408270733954, "pre_macro": 0.8702728507050488, "re_macro": 0.8696999999999999, "best_epoch": 17, "val_loss": 0.3569730334221178, "train_loss": 0.35503270491873}
{"epoch": 18, "val_accuracy": 0.8706210191082803, "train_accuracy": 0.9103116122159091, "f1_macro": 0.8699116983744792, "pre_macro": 0.8705802277042969, "re_macro": 0.8703, "best_epoch": 18, "val_loss": 0.35479432828487106, "train_loss": 0.35256567785770376}
{"epoch": 19, "val_accuracy": 0.8703224522292994, "train_accuracy": 0.9110440340909091, "f1_macro": 0.8696299674552709, "pre_macro": 0.8701232061812382, "re_macro": 0.8700000000000001, "best_epoch": 18, "val_loss": 0.35294789673796123, "train_loss": 0.35058745149184356}
{"epoch": 20, "val_accuracy": 0.8709195859872612, "train_accuracy": 0.9116654829545454, "f1_macro": 0.8701467774314053, "pre_macro": 0.8704499935017163, "re_macro": 0.8705999999999999, "best_epoch": 20, "val_loss": 0.3516265319980634, "train_loss": 0.3490022699009966}
{"epoch": 21, "val_accuracy": 0.870421974522293, "train_accuracy": 0.9121315696022727, "f1_macro": 0.8696496008363226, "pre_macro": 0.8698430103453865, "re_macro": 0.8701000000000001, "best_epoch": 20, "val_loss": 0.3507573771628605, "train_loss": 0.3476976816415448}
{"epoch": 22, "val_accuracy": 0.8700238853503185, "train_accuracy": 0.9126198508522727, "f1_macro": 0.8692091969729038, "pre_macro": 0.86933615774394, "re_macro": 0.8697000000000001, "best_epoch": 20, "val_loss": 0.3502118798198214, "train_loss": 0.3466208861209452}
{"epoch": 23, "val_accuracy": 0.8708200636942676, "train_accuracy": 0.9129527698863636, "f1_macro": 0.8699680348593486, "pre_macro": 0.8700559368798508, "re_macro": 0.8705, "best_epoch": 20, "val_loss": 0.3498527076403806, "train_loss": 0.34573726944456046}
{"epoch": 24, "val_accuracy": 0.8710191082802548, "train_accuracy": 0.9130193536931818, "f1_macro": 0.8701267503888135, "pre_macro": 0.8702552620363088, "re_macro": 0.8706999999999999, "best_epoch": 24, "val_loss": 0.34957967233505977, "train_loss": 0.3450088943989778}
{"epoch": 25, "val_accuracy": 0.8714171974522293, "train_accuracy": 0.9131747159090909, "f1_macro": 0.8705245833548645, "pre_macro": 0.8706643603204997, "re_macro": 0.8710999999999999, "best_epoch": 25, "val_loss": 0.34934098990100204, "train_loss": 0.3444078264715658}
{"training time": 174.41234731674194}
