{"epoch": 1, "val_accuracy": 0.47093949044585987, "train_accuracy": 0.24895833432674408, "f1_macro": 0.45291085512514684, "pre_macro": 0.45784754096775765, "re_macro": 0.47050000000000003, "best_epoch": 1, "val_loss": 1.5158915853804085, "train_loss": 6.180255603790283}
{"epoch": 2, "val_accuracy": 0.5906648089171974, "train_accuracy": 0.5963541686534881, "f1_macro": 0.5827429342091159, "pre_macro": 0.5867831302883567, "re_macro": 0.5899, "best_epoch": 2, "val_loss": 1.1647427507266876, "train_loss": 5.142353868484497}
{"epoch": 3, "val_accuracy": 0.6490843949044586, "train_accuracy": 0.703125, "f1_macro": 0.6393433543608441, "pre_macro": 0.6453483291316198, "re_macro": 0.6479999999999999, "best_epoch": 3, "val_loss": 1.0150976572067114, "train_loss": 4.712901782989502}
{"epoch": 4, "val_accuracy": 0.6685907643312102, "train_accuracy": 0.7739583373069763, "f1_macro": 0.6665343747059638, "pre_macro": 0.6700953681650439, "re_macro": 0.6676, "best_epoch": 4, "val_loss": 0.9426577770785921, "train_loss": 4.4455455303192135}
{"epoch": 5, "val_accuracy": 0.681827229299363, "train_accuracy": 0.8135416686534882, "f1_macro": 0.680169453333991, "pre_macro": 0.684786386305909, "re_macro": 0.6812, "best_epoch": 5, "val_loss": 0.9015394145516074, "train_loss": 4.28133373260498}
{"epoch": 6, "val_accuracy": 0.6883957006369427, "train_accuracy": 0.8526041686534882, "f1_macro": 0.6851319413874758, "pre_macro": 0.6858345776769721, "re_macro": 0.6878, "best_epoch": 6, "val_loss": 0.8745972776109245, "train_loss": 4.143159079551697}
{"epoch": 7, "val_accuracy": 0.6969546178343949, "train_accuracy": 0.8755208373069763, "f1_macro": 0.6942463730726998, "pre_macro": 0.6961867848687495, "re_macro": 0.6961, "best_epoch": 7, "val_loss": 0.8585015292380266, "train_loss": 4.036007213592529}
{"epoch": 8, "val_accuracy": 0.6994426751592356, "train_accuracy": 0.896875, "f1_macro": 0.696415545695321, "pre_macro": 0.6964034815173136, "re_macro": 0.6989000000000001, "best_epoch": 8, "val_loss": 0.8514349900992813, "train_loss": 3.9606273412704467}
{"epoch": 9, "val_accuracy": 0.7023288216560509, "train_accuracy": 0.9046875, "f1_macro": 0.6995443283615476, "pre_macro": 0.7009276289938835, "re_macro": 0.7015, "best_epoch": 9, "val_loss": 0.8436675291911812, "train_loss": 3.9052607297897337}
{"epoch": 10, "val_accuracy": 0.705015923566879, "train_accuracy": 0.915625, "f1_macro": 0.7021762141945375, "pre_macro": 0.7029675543355359, "re_macro": 0.7041999999999999, "best_epoch": 10, "val_loss": 0.8379943575828698, "train_loss": 3.860861349105835}
{"epoch": 11, "val_accuracy": 0.7054140127388535, "train_accuracy": 0.91875, "f1_macro": 0.7025142139339767, "pre_macro": 0.7036172285740041, "re_macro": 0.7046, "best_epoch": 11, "val_loss": 0.8350084769498011, "train_loss": 3.8277921438217164}
{"epoch": 12, "val_accuracy": 0.706906847133758, "train_accuracy": 0.9234375, "f1_macro": 0.7043306428462541, "pre_macro": 0.7051888198039395, "re_macro": 0.7064000000000001, "best_epoch": 12, "val_loss": 0.8315031422171623, "train_loss": 3.8016505002975465}
{"epoch": 13, "val_accuracy": 0.7072054140127388, "train_accuracy": 0.928125, "f1_macro": 0.704643474834705, "pre_macro": 0.7054296928587944, "re_macro": 0.7067, "best_epoch": 13, "val_loss": 0.8293150177427159, "train_loss": 3.781238007545471}
{"epoch": 14, "val_accuracy": 0.7080015923566879, "train_accuracy": 0.9328125, "f1_macro": 0.7054658221887264, "pre_macro": 0.7063765293300921, "re_macro": 0.7075, "best_epoch": 14, "val_loss": 0.8275950782617946, "train_loss": 3.7650742530822754}
{"epoch": 15, "val_accuracy": 0.7079020700636943, "train_accuracy": 0.934375, "f1_macro": 0.7053357195005571, "pre_macro": 0.7061574141901664, "re_macro": 0.7074, "best_epoch": 14, "val_loss": 0.8260468517898754, "train_loss": 3.7521495819091797}
{"epoch": 16, "val_accuracy": 0.7082006369426752, "train_accuracy": 0.9359375, "f1_macro": 0.7056942508561358, "pre_macro": 0.7064889021133386, "re_macro": 0.7077000000000001, "best_epoch": 16, "val_loss": 0.8248385574407638, "train_loss": 3.741777801513672}
{"epoch": 17, "val_accuracy": 0.7085987261146497, "train_accuracy": 0.9359375, "f1_macro": 0.7061244737946346, "pre_macro": 0.7069331441594747, "re_macro": 0.7081000000000001, "best_epoch": 17, "val_loss": 0.823907316110696, "train_loss": 3.7334455490112304}
{"epoch": 18, "val_accuracy": 0.708797770700637, "train_accuracy": 0.9359375, "f1_macro": 0.7063242240840347, "pre_macro": 0.7071005804535473, "re_macro": 0.7082999999999999, "best_epoch": 18, "val_loss": 0.8231532232017275, "train_loss": 3.7267417430877687}
{"epoch": 19, "val_accuracy": 0.7094944267515924, "train_accuracy": 0.9359375, "f1_macro": 0.70707446427268, "pre_macro": 0.7078760195883884, "re_macro": 0.7089999999999999, "best_epoch": 19, "val_loss": 0.82253402965084, "train_loss": 3.72134051322937}
{"epoch": 20, "val_accuracy": 0.7093949044585988, "train_accuracy": 0.9359375, "f1_macro": 0.7069736219242688, "pre_macro": 0.7077772668551882, "re_macro": 0.7089, "best_epoch": 19, "val_loss": 0.8220303259837399, "train_loss": 3.7169849157333372}
{"epoch": 21, "val_accuracy": 0.7094944267515924, "train_accuracy": 0.9375, "f1_macro": 0.7070522801900175, "pre_macro": 0.7078304939111792, "re_macro": 0.7089999999999999, "best_epoch": 19, "val_loss": 0.8216236066666378, "train_loss": 3.713471245765686}
{"epoch": 22, "val_accuracy": 0.7094944267515924, "train_accuracy": 0.9390625, "f1_macro": 0.7070522801900175, "pre_macro": 0.7078304939111792, "re_macro": 0.7089999999999999, "best_epoch": 19, "val_loss": 0.8212955840833628, "train_loss": 3.710636281967163}
{"epoch": 23, "val_accuracy": 0.7097929936305732, "train_accuracy": 0.9390625, "f1_macro": 0.7073483425551126, "pre_macro": 0.7081324971449334, "re_macro": 0.7093, "best_epoch": 23, "val_loss": 0.8210307226818838, "train_loss": 3.708348536491394}
{"epoch": 24, "val_accuracy": 0.7101910828025477, "train_accuracy": 0.9390625, "f1_macro": 0.7077598299949507, "pre_macro": 0.7085543976291484, "re_macro": 0.7097, "best_epoch": 24, "val_loss": 0.8208165874906407, "train_loss": 3.706502342224121}
{"epoch": 25, "val_accuracy": 0.7100915605095541, "train_accuracy": 0.9390625, "f1_macro": 0.7076607574239425, "pre_macro": 0.7084576374990058, "re_macro": 0.7095999999999999, "best_epoch": 24, "val_loss": 0.8206434033478901, "train_loss": 3.705012559890747}
{"training time": 25.888731002807617}
