{"epoch": 1, "val_accuracy": 0.8268312101910829, "train_accuracy": 0.8101917613636364, "f1_macro": 0.823921326127722, "pre_macro": 0.839060740000696, "re_macro": 0.8269, "best_epoch": 1, "val_loss": 0.4956694947686165, "train_loss": 5.725277668373152}
{"epoch": 2, "val_accuracy": 0.8374800955414012, "train_accuracy": 0.8566228693181818, "f1_macro": 0.8350010051576543, "pre_macro": 0.8458604003830953, "re_macro": 0.837, "best_epoch": 2, "val_loss": 0.44668700123668476, "train_loss": 3.7524676553227683}
{"epoch": 3, "val_accuracy": 0.8472332802547771, "train_accuracy": 0.8675648082386364, "f1_macro": 0.8452201714458052, "pre_macro": 0.8528631701476392, "re_macro": 0.8468, "best_epoch": 3, "val_loss": 0.4233713547705085, "train_loss": 2.9383924569595945}
{"epoch": 4, "val_accuracy": 0.8499203821656051, "train_accuracy": 0.8737571022727273, "f1_macro": 0.8481065294071521, "pre_macro": 0.8538161514955181, "re_macro": 0.8494999999999999, "best_epoch": 4, "val_loss": 0.4094544807626943, "train_loss": 2.489446171644059}
{"epoch": 5, "val_accuracy": 0.852109872611465, "train_accuracy": 0.8804376775568182, "f1_macro": 0.85109074349823, "pre_macro": 0.8559674514802653, "re_macro": 0.8513999999999999, "best_epoch": 5, "val_loss": 0.40855571618125697, "train_loss": 2.204009848562154}
{"epoch": 6, "val_accuracy": 0.8543988853503185, "train_accuracy": 0.8861638849431818, "f1_macro": 0.8539986363704873, "pre_macro": 0.8584432316423293, "re_macro": 0.8537000000000001, "best_epoch": 6, "val_loss": 0.40219162414028387, "train_loss": 2.0058862997049633}
{"epoch": 7, "val_accuracy": 0.8541998407643312, "train_accuracy": 0.8892933238636364, "f1_macro": 0.8536715851289651, "pre_macro": 0.8574414573967397, "re_macro": 0.8535, "best_epoch": 6, "val_loss": 0.3943131110945325, "train_loss": 1.8620183857327157}
{"epoch": 8, "val_accuracy": 0.8563893312101911, "train_accuracy": 0.8936878551136364, "f1_macro": 0.8556010166493033, "pre_macro": 0.8585101826825733, "re_macro": 0.8557, "best_epoch": 8, "val_loss": 0.3860700143275747, "train_loss": 1.7548501635478302}
{"epoch": 9, "val_accuracy": 0.8600716560509554, "train_accuracy": 0.8979048295454546, "f1_macro": 0.859293616236935, "pre_macro": 0.8616596508276, "re_macro": 0.8593999999999999, "best_epoch": 9, "val_loss": 0.37477572845995044, "train_loss": 1.6724726835435086}
{"epoch": 10, "val_accuracy": 0.8659434713375797, "train_accuracy": 0.9015669389204546, "f1_macro": 0.8651215370074479, "pre_macro": 0.8667094270388876, "re_macro": 0.8653000000000001, "best_epoch": 10, "val_loss": 0.36446469965254424, "train_loss": 1.6086284414949743}
{"epoch": 11, "val_accuracy": 0.8703224522292994, "train_accuracy": 0.9042080965909091, "f1_macro": 0.8695719454600862, "pre_macro": 0.8708231649921012, "re_macro": 0.8697000000000001, "best_epoch": 11, "val_loss": 0.35703356288800575, "train_loss": 1.5590468895706264}
{"epoch": 12, "val_accuracy": 0.8719148089171974, "train_accuracy": 0.9068714488636364, "f1_macro": 0.8711238481872071, "pre_macro": 0.8724033278227651, "re_macro": 0.8713000000000001, "best_epoch": 12, "val_loss": 0.3520275758709877, "train_loss": 1.5203329973261466}
{"epoch": 13, "val_accuracy": 0.8736066878980892, "train_accuracy": 0.9091352982954546, "f1_macro": 0.8728700801629172, "pre_macro": 0.8742458742666125, "re_macro": 0.8729999999999999, "best_epoch": 13, "val_loss": 0.34884495871841525, "train_loss": 1.4899505850943653}
{"epoch": 14, "val_accuracy": 0.8753980891719745, "train_accuracy": 0.9109774502840909, "f1_macro": 0.8746048753839443, "pre_macro": 0.8757877137179413, "re_macro": 0.8748000000000001, "best_epoch": 14, "val_loss": 0.34602817437451355, "train_loss": 1.4659550924870102}
{"epoch": 15, "val_accuracy": 0.8762937898089171, "train_accuracy": 0.9124644886363636, "f1_macro": 0.8753734650297726, "pre_macro": 0.8763068147837705, "re_macro": 0.8756999999999999, "best_epoch": 15, "val_loss": 0.34385779870163863, "train_loss": 1.446888341145082}
{"epoch": 16, "val_accuracy": 0.8767914012738853, "train_accuracy": 0.9139293323863636, "f1_macro": 0.8758630115985266, "pre_macro": 0.87673591578409, "re_macro": 0.8762000000000001, "best_epoch": 16, "val_loss": 0.3426657307679486, "train_loss": 1.4316874723881483}
{"epoch": 17, "val_accuracy": 0.8777866242038217, "train_accuracy": 0.9153719815340909, "f1_macro": 0.8768130484989716, "pre_macro": 0.8777718510772055, "re_macro": 0.8772, "best_epoch": 17, "val_loss": 0.34170356212527886, "train_loss": 1.4195645509118384}
{"epoch": 18, "val_accuracy": 0.8779856687898089, "train_accuracy": 0.9166370738636364, "f1_macro": 0.8769144201553611, "pre_macro": 0.8778405599443702, "re_macro": 0.8774000000000001, "best_epoch": 18, "val_loss": 0.3404524640008143, "train_loss": 1.4098965471441096}
{"epoch": 19, "val_accuracy": 0.8788813694267515, "train_accuracy": 0.9170809659090909, "f1_macro": 0.8777511222484977, "pre_macro": 0.8785641839513874, "re_macro": 0.8783, "best_epoch": 19, "val_loss": 0.3389226587335016, "train_loss": 1.4021865642544897}
{"epoch": 20, "val_accuracy": 0.8788813694267515, "train_accuracy": 0.9174360795454546, "f1_macro": 0.8777856876924913, "pre_macro": 0.8783767107592217, "re_macro": 0.8783, "best_epoch": 19, "val_loss": 0.3373403638886039, "train_loss": 1.3960392967882482}
{"epoch": 21, "val_accuracy": 0.8793789808917197, "train_accuracy": 0.9181019176136364, "f1_macro": 0.8782858652727225, "pre_macro": 0.8787002348246562, "re_macro": 0.8788, "best_epoch": 21, "val_loss": 0.3360136950471599, "train_loss": 1.391135054047812}
{"epoch": 22, "val_accuracy": 0.8793789808917197, "train_accuracy": 0.9185014204545454, "f1_macro": 0.8783368124309321, "pre_macro": 0.8785576780603165, "re_macro": 0.8788, "best_epoch": 21, "val_loss": 0.33508037699825444, "train_loss": 1.3872173274443909}
{"epoch": 23, "val_accuracy": 0.8793789808917197, "train_accuracy": 0.9186567826704546, "f1_macro": 0.8782963414210412, "pre_macro": 0.8784577744622153, "re_macro": 0.8788, "best_epoch": 21, "val_loss": 0.3344959102238819, "train_loss": 1.3840821192345836}
{"epoch": 24, "val_accuracy": 0.8792794585987261, "train_accuracy": 0.9193670099431818, "f1_macro": 0.8781317166541148, "pre_macro": 0.8782293224920164, "re_macro": 0.8786999999999999, "best_epoch": 21, "val_loss": 0.33414899334786047, "train_loss": 1.3815672648223964}
{"epoch": 25, "val_accuracy": 0.8791799363057324, "train_accuracy": 0.9195223721590909, "f1_macro": 0.8780081841376634, "pre_macro": 0.8781109125632997, "re_macro": 0.8785999999999999, "best_epoch": 21, "val_loss": 0.3339287200646036, "train_loss": 1.3795460880818693}
{"training time": 199.98878049850464}
