{"epoch": 1, "val_accuracy": 0.6317675159235668, "train_accuracy": 0.3890625, "f1_macro": 0.6272269230107638, "pre_macro": 0.6569976093405019, "re_macro": 0.6317999999999999, "best_epoch": 1, "val_loss": 1.2535823557027586, "train_loss": 8.722716426849365}
{"epoch": 2, "val_accuracy": 0.6762539808917197, "train_accuracy": 0.709375, "f1_macro": 0.6688091982564132, "pre_macro": 0.6811991696626851, "re_macro": 0.6756, "best_epoch": 2, "val_loss": 0.9802697934922139, "train_loss": 7.820128297805786}
{"epoch": 3, "val_accuracy": 0.7143710191082803, "train_accuracy": 0.8151041686534881, "f1_macro": 0.7119633235643861, "pre_macro": 0.7111965790987914, "re_macro": 0.7139, "best_epoch": 3, "val_loss": 0.8529120501439282, "train_loss": 7.466420459747314}
{"epoch": 4, "val_accuracy": 0.7286027070063694, "train_accuracy": 0.871875, "f1_macro": 0.7240708963170475, "pre_macro": 0.7250577569424463, "re_macro": 0.7279, "best_epoch": 4, "val_loss": 0.7991312375873517, "train_loss": 7.25047025680542}
{"epoch": 5, "val_accuracy": 0.7344745222929936, "train_accuracy": 0.9140625, "f1_macro": 0.7318078250165304, "pre_macro": 0.7307727025380057, "re_macro": 0.7341, "best_epoch": 5, "val_loss": 0.7686075311937149, "train_loss": 7.10879602432251}
{"epoch": 6, "val_accuracy": 0.7395501592356688, "train_accuracy": 0.9421875, "f1_macro": 0.737258987235333, "pre_macro": 0.737052464575899, "re_macro": 0.7389, "best_epoch": 6, "val_loss": 0.7537278924018714, "train_loss": 7.006261157989502}
{"epoch": 7, "val_accuracy": 0.743531050955414, "train_accuracy": 0.959375, "f1_macro": 0.7407076443073077, "pre_macro": 0.7401302485038747, "re_macro": 0.7426, "best_epoch": 7, "val_loss": 0.7439402740472442, "train_loss": 6.940121650695801}
{"epoch": 8, "val_accuracy": 0.7440286624203821, "train_accuracy": 0.9671875, "f1_macro": 0.7417644737202291, "pre_macro": 0.7416931152485783, "re_macro": 0.7431, "best_epoch": 8, "val_loss": 0.7380176560514292, "train_loss": 6.891140460968018}
{"epoch": 9, "val_accuracy": 0.7452229299363057, "train_accuracy": 0.9703125, "f1_macro": 0.7433310489399856, "pre_macro": 0.7433520124787363, "re_macro": 0.7445999999999999, "best_epoch": 9, "val_loss": 0.7342682499794444, "train_loss": 6.856465005874634}
{"epoch": 10, "val_accuracy": 0.7444267515923567, "train_accuracy": 0.9734375, "f1_macro": 0.7426923101888477, "pre_macro": 0.7426538541530355, "re_macro": 0.7438, "best_epoch": 9, "val_loss": 0.7312029368558507, "train_loss": 6.830875062942505}
{"epoch": 11, "val_accuracy": 0.7450238853503185, "train_accuracy": 0.975, "f1_macro": 0.7432904781820581, "pre_macro": 0.7432698374311134, "re_macro": 0.7444, "best_epoch": 9, "val_loss": 0.7287841862554003, "train_loss": 6.811241579055786}
{"epoch": 12, "val_accuracy": 0.7455214968152867, "train_accuracy": 0.9765625, "f1_macro": 0.7438216109219401, "pre_macro": 0.7438013681081757, "re_macro": 0.7449, "best_epoch": 12, "val_loss": 0.7270504471602713, "train_loss": 6.796144247055054}
{"epoch": 13, "val_accuracy": 0.7456210191082803, "train_accuracy": 0.9796875, "f1_macro": 0.7439488175893065, "pre_macro": 0.7439075567247251, "re_macro": 0.745, "best_epoch": 13, "val_loss": 0.7256810418359793, "train_loss": 6.7843346118927}
{"epoch": 14, "val_accuracy": 0.7457205414012739, "train_accuracy": 0.9796875, "f1_macro": 0.74409494376495, "pre_macro": 0.7441049979903364, "re_macro": 0.7451000000000001, "best_epoch": 14, "val_loss": 0.7246017606015418, "train_loss": 6.775022697448731}
{"epoch": 15, "val_accuracy": 0.7456210191082803, "train_accuracy": 0.98125, "f1_macro": 0.7439274789867091, "pre_macro": 0.7438669541731006, "re_macro": 0.745, "best_epoch": 14, "val_loss": 0.723772882845751, "train_loss": 6.767668199539185}
{"epoch": 16, "val_accuracy": 0.7456210191082803, "train_accuracy": 0.98125, "f1_macro": 0.7439400634679303, "pre_macro": 0.7438842820257554, "re_macro": 0.7449999999999999, "best_epoch": 14, "val_loss": 0.7231194786964708, "train_loss": 6.761824655532837}
{"epoch": 17, "val_accuracy": 0.7461186305732485, "train_accuracy": 0.9828125, "f1_macro": 0.7444626398175465, "pre_macro": 0.7444155761559144, "re_macro": 0.7455, "best_epoch": 17, "val_loss": 0.7225942875549292, "train_loss": 6.75716004371643}
{"epoch": 18, "val_accuracy": 0.7461186305732485, "train_accuracy": 0.9828125, "f1_macro": 0.7444614259977915, "pre_macro": 0.7444142966678975, "re_macro": 0.7455, "best_epoch": 17, "val_loss": 0.7221721872022957, "train_loss": 6.753427314758301}
{"epoch": 19, "val_accuracy": 0.7464171974522293, "train_accuracy": 0.9828125, "f1_macro": 0.7447987250615655, "pre_macro": 0.7447897170405857, "re_macro": 0.7458, "best_epoch": 19, "val_loss": 0.7218336764794246, "train_loss": 6.750435209274292}
{"epoch": 20, "val_accuracy": 0.7463176751592356, "train_accuracy": 0.9828125, "f1_macro": 0.7447095847719903, "pre_macro": 0.7447183640502052, "re_macro": 0.7457, "best_epoch": 19, "val_loss": 0.7215617667337891, "train_loss": 6.748033428192139}
{"epoch": 21, "val_accuracy": 0.7465167197452229, "train_accuracy": 0.9828125, "f1_macro": 0.7449054505634666, "pre_macro": 0.7449070427452875, "re_macro": 0.7459, "best_epoch": 21, "val_loss": 0.7213427511749754, "train_loss": 6.746103382110595}
{"epoch": 22, "val_accuracy": 0.7465167197452229, "train_accuracy": 0.9828125, "f1_macro": 0.7449054505634666, "pre_macro": 0.7449070427452875, "re_macro": 0.7459, "best_epoch": 21, "val_loss": 0.7211659753778178, "train_loss": 6.74455041885376}
{"epoch": 23, "val_accuracy": 0.7466162420382165, "train_accuracy": 0.9828125, "f1_macro": 0.7450069896898774, "pre_macro": 0.7450035756588087, "re_macro": 0.746, "best_epoch": 23, "val_loss": 0.7210231186098354, "train_loss": 6.743301105499268}
{"epoch": 24, "val_accuracy": 0.7466162420382165, "train_accuracy": 0.9828125, "f1_macro": 0.7450131598951171, "pre_macro": 0.7450180472492285, "re_macro": 0.746, "best_epoch": 23, "val_loss": 0.7209076391663521, "train_loss": 6.742295265197754}
{"epoch": 25, "val_accuracy": 0.7467157643312102, "train_accuracy": 0.9828125, "f1_macro": 0.7451110066162754, "pre_macro": 0.7451137341184625, "re_macro": 0.7461, "best_epoch": 25, "val_loss": 0.7208142652633084, "train_loss": 6.741485357284546}
{"training time": 26.306908130645752}
