{"epoch": 1, "val_accuracy": 0.8336982484076433, "train_accuracy": 0.7913001954936778, "f1_macro": 0.8296478900300605, "pre_macro": 0.8335202126468031, "re_macro": 0.8332, "best_epoch": 1, "val_loss": 0.469329517738075, "train_loss": 6.2267784614807}
{"epoch": 2, "val_accuracy": 0.8458399681528662, "train_accuracy": 0.8547663468796053, "f1_macro": 0.8442326695435577, "pre_macro": 0.8467496888265693, "re_macro": 0.8453999999999999, "best_epoch": 2, "val_loss": 0.4389079026166041, "train_loss": 4.487738260073956}
{"epoch": 3, "val_accuracy": 0.846437101910828, "train_accuracy": 0.8692364072494669, "f1_macro": 0.8452503624525688, "pre_macro": 0.8492468161136386, "re_macro": 0.8459999999999999, "best_epoch": 3, "val_loss": 0.4300814525336976, "train_loss": 3.6681532397199033}
{"epoch": 4, "val_accuracy": 0.853702229299363, "train_accuracy": 0.8794087598572916, "f1_macro": 0.8531575939853934, "pre_macro": 0.8568147284641334, "re_macro": 0.8533000000000002, "best_epoch": 4, "val_loss": 0.4128547807218163, "train_loss": 3.1841077702894394}
{"epoch": 5, "val_accuracy": 0.8534036624203821, "train_accuracy": 0.8864494492250211, "f1_macro": 0.8535107409024393, "pre_macro": 0.8576601329900351, "re_macro": 0.8533, "best_epoch": 4, "val_loss": 0.40683022540086394, "train_loss": 2.8665622704064666}
{"epoch": 6, "val_accuracy": 0.8543988853503185, "train_accuracy": 0.8920575692963753, "f1_macro": 0.8553358508415115, "pre_macro": 0.8596532406679851, "re_macro": 0.8543, "best_epoch": 6, "val_loss": 0.4005293665797847, "train_loss": 2.6439434211137196}
{"epoch": 7, "val_accuracy": 0.852906050955414, "train_accuracy": 0.8976212686567164, "f1_macro": 0.8546639553760917, "pre_macro": 0.8626478484823302, "re_macro": 0.8524999999999998, "best_epoch": 6, "val_loss": 0.39880637330993723, "train_loss": 2.4797746713227555}
{"epoch": 8, "val_accuracy": 0.8481289808917197, "train_accuracy": 0.9004864072494669, "f1_macro": 0.8497378623916816, "pre_macro": 0.8610028698492058, "re_macro": 0.8474, "best_epoch": 6, "val_loss": 0.4028220199475622, "train_loss": 2.3561659077845656}
{"epoch": 9, "val_accuracy": 0.853702229299363, "train_accuracy": 0.9040178571428571, "f1_macro": 0.8544902597739922, "pre_macro": 0.8619938851146411, "re_macro": 0.853, "best_epoch": 6, "val_loss": 0.3943512109434529, "train_loss": 2.2600578885596954}
{"epoch": 10, "val_accuracy": 0.8588773885350318, "train_accuracy": 0.9079601990897009, "f1_macro": 0.859432939923626, "pre_macro": 0.8652993013666684, "re_macro": 0.8581999999999999, "best_epoch": 10, "val_loss": 0.3850160650197108, "train_loss": 2.183814625241863}
{"epoch": 11, "val_accuracy": 0.8613654458598726, "train_accuracy": 0.9108919688125154, "f1_macro": 0.8619469645826578, "pre_macro": 0.8675179010664056, "re_macro": 0.8607000000000001, "best_epoch": 11, "val_loss": 0.38118345200256176, "train_loss": 2.1232023658528765}
{"epoch": 12, "val_accuracy": 0.8646496815286624, "train_accuracy": 0.9135016880309912, "f1_macro": 0.8648904328866756, "pre_macro": 0.8688279831763281, "re_macro": 0.8640000000000001, "best_epoch": 12, "val_loss": 0.37477211801299626, "train_loss": 2.0750207011379413}
{"epoch": 13, "val_accuracy": 0.869327229299363, "train_accuracy": 0.915944829424307, "f1_macro": 0.8688505449761553, "pre_macro": 0.8707168403106174, "re_macro": 0.8686999999999999, "best_epoch": 13, "val_loss": 0.3682344616598384, "train_loss": 2.0366191248903904}
{"epoch": 14, "val_accuracy": 0.8714171974522293, "train_accuracy": 0.91784381663113, "f1_macro": 0.8703515608482583, "pre_macro": 0.8712575390874651, "re_macro": 0.8708, "best_epoch": 14, "val_loss": 0.36322823214303157, "train_loss": 2.0059180274955244}
{"epoch": 15, "val_accuracy": 0.8726114649681529, "train_accuracy": 0.919942697228145, "f1_macro": 0.8711967883713637, "pre_macro": 0.8718716517492247, "re_macro": 0.8719999999999999, "best_epoch": 15, "val_loss": 0.35994642821087197, "train_loss": 1.9812478096500388}
{"epoch": 16, "val_accuracy": 0.8736066878980892, "train_accuracy": 0.9219083155650319, "f1_macro": 0.872141351751665, "pre_macro": 0.8727229498712094, "re_macro": 0.873, "best_epoch": 16, "val_loss": 0.3582052667239669, "train_loss": 1.961349550849085}
{"epoch": 17, "val_accuracy": 0.8741042993630573, "train_accuracy": 0.9230077292110874, "f1_macro": 0.8726757281862355, "pre_macro": 0.8730909032617378, "re_macro": 0.8734999999999999, "best_epoch": 17, "val_loss": 0.35734139193015496, "train_loss": 1.9453639653699992}
{"epoch": 18, "val_accuracy": 0.8737062101910829, "train_accuracy": 0.9235740938166311, "f1_macro": 0.8724148731261592, "pre_macro": 0.8728618323391547, "re_macro": 0.8731, "best_epoch": 17, "val_loss": 0.35677870661969396, "train_loss": 1.9325675433124307}
{"epoch": 19, "val_accuracy": 0.8740047770700637, "train_accuracy": 0.9249067164179104, "f1_macro": 0.8728112836131746, "pre_macro": 0.873191073587369, "re_macro": 0.8734, "best_epoch": 17, "val_loss": 0.3563058946732503, "train_loss": 1.9223466397348496}
{"epoch": 20, "val_accuracy": 0.8741042993630573, "train_accuracy": 0.9251732409381663, "f1_macro": 0.8729518245741723, "pre_macro": 0.8733293478895942, "re_macro": 0.8734999999999999, "best_epoch": 17, "val_loss": 0.3558446260014917, "train_loss": 1.9141911827424951}
{"epoch": 21, "val_accuracy": 0.8738057324840764, "train_accuracy": 0.9253731343283582, "f1_macro": 0.8727405060434942, "pre_macro": 0.8730856254546406, "re_macro": 0.8732, "best_epoch": 17, "val_loss": 0.3553425199856424, "train_loss": 1.907678981071342}
{"epoch": 22, "val_accuracy": 0.8735071656050956, "train_accuracy": 0.9262393390191898, "f1_macro": 0.8724122050752566, "pre_macro": 0.8726479170574821, "re_macro": 0.8728999999999999, "best_epoch": 17, "val_loss": 0.35477011418266663, "train_loss": 1.9024674020596404}
{"epoch": 23, "val_accuracy": 0.8733081210191083, "train_accuracy": 0.9268057036247335, "f1_macro": 0.8721632519484761, "pre_macro": 0.872285128504128, "re_macro": 0.8727, "best_epoch": 17, "val_loss": 0.3541558864200191, "train_loss": 1.8982846065879122}
{"epoch": 24, "val_accuracy": 0.8740047770700637, "train_accuracy": 0.9270722281449894, "f1_macro": 0.8728133427822387, "pre_macro": 0.8728501127252816, "re_macro": 0.8734, "best_epoch": 17, "val_loss": 0.35358670040680346, "train_loss": 1.89491936774142}
{"epoch": 25, "val_accuracy": 0.8738057324840764, "train_accuracy": 0.9271055437100213, "f1_macro": 0.8725542141506109, "pre_macro": 0.8725416987757434, "re_macro": 0.8732, "best_epoch": 17, "val_loss": 0.35314285138230417, "train_loss": 1.8922063460482208}
{"training time": 143.38177728652954}
