{"epoch": 1, "val_accuracy": 0.818968949044586, "train_accuracy": 0.759751773134191, "f1_macro": 0.8140925788262774, "pre_macro": 0.8192001704796503, "re_macro": 0.819, "best_epoch": 1, "val_loss": 0.5187440615171081, "train_loss": 6.867158938468771}
{"epoch": 2, "val_accuracy": 0.8207603503184714, "train_accuracy": 0.8452792553191489, "f1_macro": 0.8140214057055026, "pre_macro": 0.8277253658604508, "re_macro": 0.8211, "best_epoch": 2, "val_loss": 0.527827937796617, "train_loss": 5.595153995270425}
{"epoch": 3, "val_accuracy": 0.8322054140127388, "train_accuracy": 0.8699911348363186, "f1_macro": 0.8267015686689906, "pre_macro": 0.8370197301351905, "re_macro": 0.8323, "best_epoch": 3, "val_loss": 0.49449825751933324, "train_loss": 4.894212972356918}
{"epoch": 4, "val_accuracy": 0.8349920382165605, "train_accuracy": 0.8816046100981692, "f1_macro": 0.8309533139453531, "pre_macro": 0.8399052838651355, "re_macro": 0.8353999999999999, "best_epoch": 4, "val_loss": 0.4797425543426708, "train_loss": 4.437599015743174}
{"epoch": 5, "val_accuracy": 0.8324044585987261, "train_accuracy": 0.8935505319148936, "f1_macro": 0.8269038713321997, "pre_macro": 0.8440764916526659, "re_macro": 0.8328, "best_epoch": 4, "val_loss": 0.487188120651397, "train_loss": 4.112868740203533}
{"epoch": 6, "val_accuracy": 0.8302149681528662, "train_accuracy": 0.9032579787234043, "f1_macro": 0.8263728520226123, "pre_macro": 0.8453127827640177, "re_macro": 0.8306000000000001, "best_epoch": 4, "val_loss": 0.48764350469324996, "train_loss": 3.876038619305225}
{"epoch": 7, "val_accuracy": 0.8374800955414012, "train_accuracy": 0.9121897164811479, "f1_macro": 0.8348957983421951, "pre_macro": 0.8473724949321031, "re_macro": 0.8379, "best_epoch": 7, "val_loss": 0.46192137213649265, "train_loss": 3.6984905486411237}
{"epoch": 8, "val_accuracy": 0.8441480891719745, "train_accuracy": 0.917974290949233, "f1_macro": 0.8415909912883975, "pre_macro": 0.8511123186217429, "re_macro": 0.8442999999999999, "best_epoch": 8, "val_loss": 0.44506057603344035, "train_loss": 3.5624392560187808}
{"epoch": 9, "val_accuracy": 0.845640923566879, "train_accuracy": 0.9243572696726373, "f1_macro": 0.8432687586414032, "pre_macro": 0.8522523165422973, "re_macro": 0.8461000000000001, "best_epoch": 9, "val_loss": 0.4384792287638233, "train_loss": 3.456682022581709}
{"epoch": 10, "val_accuracy": 0.8487261146496815, "train_accuracy": 0.9282801420130629, "f1_macro": 0.8463084254253221, "pre_macro": 0.8528630228405485, "re_macro": 0.8492, "best_epoch": 10, "val_loss": 0.42963963462288973, "train_loss": 3.373949909210205}
{"epoch": 11, "val_accuracy": 0.8524084394904459, "train_accuracy": 0.9318040781832756, "f1_macro": 0.8497565735120489, "pre_macro": 0.8539592245365574, "re_macro": 0.8526, "best_epoch": 11, "val_loss": 0.4219725436655579, "train_loss": 3.3078956735895035}
{"epoch": 12, "val_accuracy": 0.8536027070063694, "train_accuracy": 0.9350620569066799, "f1_macro": 0.8510890435820657, "pre_macro": 0.8542919218154046, "re_macro": 0.8538, "best_epoch": 12, "val_loss": 0.4180317594177404, "train_loss": 3.2547137645964925}
{"epoch": 13, "val_accuracy": 0.8546974522292994, "train_accuracy": 0.9376551420130628, "f1_macro": 0.8528032830598921, "pre_macro": 0.8549529901542592, "re_macro": 0.8549, "best_epoch": 13, "val_loss": 0.41393668342168166, "train_loss": 3.212271856754384}
{"epoch": 14, "val_accuracy": 0.8541003184713376, "train_accuracy": 0.9405141845662544, "f1_macro": 0.8528637844790747, "pre_macro": 0.8538482160777378, "re_macro": 0.8543000000000001, "best_epoch": 13, "val_loss": 0.4100163020905416, "train_loss": 3.178393702811383}
{"epoch": 15, "val_accuracy": 0.8557921974522293, "train_accuracy": 0.9423758866939139, "f1_macro": 0.8550141530420878, "pre_macro": 0.8555702370782532, "re_macro": 0.8560000000000001, "best_epoch": 15, "val_loss": 0.4072652113665441, "train_loss": 3.1509773792104516}
{"epoch": 16, "val_accuracy": 0.8571855095541401, "train_accuracy": 0.9428413122258288, "f1_macro": 0.8565562140708526, "pre_macro": 0.8568552123114571, "re_macro": 0.8573999999999999, "best_epoch": 16, "val_loss": 0.4043766161438766, "train_loss": 3.1287228888653695}
{"epoch": 17, "val_accuracy": 0.8578821656050956, "train_accuracy": 0.9446365249917862, "f1_macro": 0.8572152424625761, "pre_macro": 0.857317941181957, "re_macro": 0.8581, "best_epoch": 17, "val_loss": 0.40187004834983, "train_loss": 3.110613879751652}
{"epoch": 18, "val_accuracy": 0.85828025477707, "train_accuracy": 0.9451019505237012, "f1_macro": 0.8575637775391783, "pre_macro": 0.8575960402779135, "re_macro": 0.8585, "best_epoch": 18, "val_loss": 0.4003612015657364, "train_loss": 3.095826620751239}
{"epoch": 19, "val_accuracy": 0.8585788216560509, "train_accuracy": 0.9460328015875309, "f1_macro": 0.8578642748765974, "pre_macro": 0.8578080776581706, "re_macro": 0.8587999999999999, "best_epoch": 19, "val_loss": 0.3993191742783139, "train_loss": 3.0837951629719837}
{"epoch": 20, "val_accuracy": 0.8585788216560509, "train_accuracy": 0.9464317377577437, "f1_macro": 0.8579696689119866, "pre_macro": 0.8578355038958714, "re_macro": 0.8588000000000001, "best_epoch": 19, "val_loss": 0.39842759945969675, "train_loss": 3.0740436959773936}
{"epoch": 21, "val_accuracy": 0.8588773885350318, "train_accuracy": 0.9472960994598714, "f1_macro": 0.858377264151402, "pre_macro": 0.8581582958533813, "re_macro": 0.8591, "best_epoch": 21, "val_loss": 0.39776875050204574, "train_loss": 3.0661451035357534}
{"epoch": 22, "val_accuracy": 0.8592754777070064, "train_accuracy": 0.948160461161999, "f1_macro": 0.8589876270892264, "pre_macro": 0.8588045548789245, "re_macro": 0.8594999999999999, "best_epoch": 22, "val_loss": 0.39737840319515033, "train_loss": 3.05974820116733}
{"epoch": 23, "val_accuracy": 0.8589769108280255, "train_accuracy": 0.9485593973322117, "f1_macro": 0.8587970584851018, "pre_macro": 0.8586592329412127, "re_macro": 0.8591999999999999, "best_epoch": 22, "val_loss": 0.3971761468869106, "train_loss": 3.054570601848846}
{"epoch": 24, "val_accuracy": 0.8584792993630573, "train_accuracy": 0.9491578015875309, "f1_macro": 0.8584008169880804, "pre_macro": 0.8583160585661732, "re_macro": 0.8587, "best_epoch": 22, "val_loss": 0.39707438211152507, "train_loss": 3.050384465684282}
{"epoch": 25, "val_accuracy": 0.8579816878980892, "train_accuracy": 0.9492907803109352, "f1_macro": 0.8579322561023058, "pre_macro": 0.8578624015764464, "re_macro": 0.8581999999999999, "best_epoch": 22, "val_loss": 0.39702151981508654, "train_loss": 3.047005587435783}
{"training time": 79.99366688728333}
