{"epoch": 1, "val_accuracy": 0.8305135350318471, "train_accuracy": 0.8170309168443497, "f1_macro": 0.8262534684103884, "pre_macro": 0.8393736146579471, "re_macro": 0.8302999999999999, "best_epoch": 1, "val_loss": 0.4781338020115142, "train_loss": 5.329163131175011}
{"epoch": 2, "val_accuracy": 0.8425557324840764, "train_accuracy": 0.8597581289978679, "f1_macro": 0.8387937742331679, "pre_macro": 0.8482107592886574, "re_macro": 0.8423999999999999, "best_epoch": 2, "val_loss": 0.4329362898875194, "train_loss": 3.2292989045063822}
{"epoch": 3, "val_accuracy": 0.8500199044585988, "train_accuracy": 0.8661214019189766, "f1_macro": 0.847938521670183, "pre_macro": 0.8521356768498205, "re_macro": 0.8499000000000001, "best_epoch": 3, "val_loss": 0.4169838391481691, "train_loss": 2.4575966632188257}
{"epoch": 4, "val_accuracy": 0.8536027070063694, "train_accuracy": 0.8717350746268657, "f1_macro": 0.8516315593083764, "pre_macro": 0.856024937540465, "re_macro": 0.8532, "best_epoch": 4, "val_loss": 0.4082755477754933, "train_loss": 2.0490505561899783}
{"epoch": 5, "val_accuracy": 0.8573845541401274, "train_accuracy": 0.8763992537313433, "f1_macro": 0.855320489941031, "pre_macro": 0.8603834978310994, "re_macro": 0.8567, "best_epoch": 5, "val_loss": 0.40076318207629924, "train_loss": 1.7935866074267226}
{"epoch": 6, "val_accuracy": 0.8586783439490446, "train_accuracy": 0.880913512793177, "f1_macro": 0.856481315941037, "pre_macro": 0.8624775876611744, "re_macro": 0.858, "best_epoch": 6, "val_loss": 0.39278401757121845, "train_loss": 1.61986280631409}
{"epoch": 7, "val_accuracy": 0.861265923566879, "train_accuracy": 0.8851279317697228, "f1_macro": 0.8589387152638863, "pre_macro": 0.8634437671563703, "re_macro": 0.8606, "best_epoch": 7, "val_loss": 0.3785618190552778, "train_loss": 1.4968943223516062}
{"epoch": 8, "val_accuracy": 0.8637539808917197, "train_accuracy": 0.8889758795309168, "f1_macro": 0.8617019054113048, "pre_macro": 0.86465808363526, "re_macro": 0.8634000000000001, "best_epoch": 8, "val_loss": 0.36691935464834713, "train_loss": 1.4073343794228934}
{"epoch": 9, "val_accuracy": 0.8659434713375797, "train_accuracy": 0.892690565031983, "f1_macro": 0.8638231615853522, "pre_macro": 0.8655047596031601, "re_macro": 0.8655999999999999, "best_epoch": 9, "val_loss": 0.3603689639241832, "train_loss": 1.3406454970333368}
{"epoch": 10, "val_accuracy": 0.8706210191082803, "train_accuracy": 0.8957389392324094, "f1_macro": 0.8689190097953915, "pre_macro": 0.8701028946601816, "re_macro": 0.8703, "best_epoch": 10, "val_loss": 0.35794270598584677, "train_loss": 1.290381934469951}
{"epoch": 11, "val_accuracy": 0.8717157643312102, "train_accuracy": 0.8972214818763327, "f1_macro": 0.8701865644688546, "pre_macro": 0.8714315732572142, "re_macro": 0.8713999999999998, "best_epoch": 11, "val_loss": 0.3573793663530593, "train_loss": 1.2519419934195497}
{"epoch": 12, "val_accuracy": 0.8738057324840764, "train_accuracy": 0.8997534648187633, "f1_macro": 0.8719334502889238, "pre_macro": 0.8731974741813662, "re_macro": 0.8734999999999999, "best_epoch": 12, "val_loss": 0.352922248327808, "train_loss": 1.2221339951191883}
{"epoch": 13, "val_accuracy": 0.8764928343949044, "train_accuracy": 0.9017024253731343, "f1_macro": 0.8740470794658813, "pre_macro": 0.8758018621610132, "re_macro": 0.8762000000000001, "best_epoch": 13, "val_loss": 0.34646842699901315, "train_loss": 1.1988272380981364}
{"epoch": 14, "val_accuracy": 0.8770899681528662, "train_accuracy": 0.9038179637526652, "f1_macro": 0.8742354030634834, "pre_macro": 0.8767940632123009, "re_macro": 0.8768, "best_epoch": 14, "val_loss": 0.34207582739508074, "train_loss": 1.1805047617792321}
{"epoch": 15, "val_accuracy": 0.877687101910828, "train_accuracy": 0.9051505863539445, "f1_macro": 0.8751936678863487, "pre_macro": 0.877301847369486, "re_macro": 0.8774, "best_epoch": 15, "val_loss": 0.3381928159932422, "train_loss": 1.1660358280515366}
{"epoch": 16, "val_accuracy": 0.8774880573248408, "train_accuracy": 0.9065165245202559, "f1_macro": 0.875341346367651, "pre_macro": 0.8765495087156641, "re_macro": 0.8771999999999999, "best_epoch": 15, "val_loss": 0.3348115938389377, "train_loss": 1.1545148512829086}
{"epoch": 17, "val_accuracy": 0.8790804140127388, "train_accuracy": 0.9078324893390192, "f1_macro": 0.8771677062749321, "pre_macro": 0.8777135799512849, "re_macro": 0.8785000000000001, "best_epoch": 17, "val_loss": 0.3327844778823245, "train_loss": 1.1452947534731965}
{"epoch": 18, "val_accuracy": 0.8803742038216561, "train_accuracy": 0.9087320095948828, "f1_macro": 0.8786982573254136, "pre_macro": 0.8790924640082137, "re_macro": 0.8798, "best_epoch": 18, "val_loss": 0.33170971027605095, "train_loss": 1.1379323177881586}
{"epoch": 19, "val_accuracy": 0.8803742038216561, "train_accuracy": 0.9090984808102346, "f1_macro": 0.8788311193818524, "pre_macro": 0.8790824364369687, "re_macro": 0.8798, "best_epoch": 18, "val_loss": 0.3309791023564187, "train_loss": 1.1320730206935898}
{"epoch": 20, "val_accuracy": 0.8808718152866242, "train_accuracy": 0.9097981076759062, "f1_macro": 0.8794797478634617, "pre_macro": 0.8796508301089355, "re_macro": 0.8803000000000001, "best_epoch": 20, "val_loss": 0.33031743608272757, "train_loss": 1.1274112886838568}
{"epoch": 21, "val_accuracy": 0.8815684713375797, "train_accuracy": 0.9102978411513859, "f1_macro": 0.8802814420102635, "pre_macro": 0.8803862628603492, "re_macro": 0.881, "best_epoch": 21, "val_loss": 0.3296408740578184, "train_loss": 1.12369948212526}
{"epoch": 22, "val_accuracy": 0.8815684713375797, "train_accuracy": 0.9107142857142857, "f1_macro": 0.8803482073411807, "pre_macro": 0.8804392421356233, "re_macro": 0.881, "best_epoch": 21, "val_loss": 0.32895869756959806, "train_loss": 1.1207430442131914}
{"epoch": 23, "val_accuracy": 0.8821656050955414, "train_accuracy": 0.9111640458422174, "f1_macro": 0.88105555081099, "pre_macro": 0.8811423014450941, "re_macro": 0.8815999999999999, "best_epoch": 23, "val_loss": 0.3283139770482756, "train_loss": 1.1183866473403312}
{"epoch": 24, "val_accuracy": 0.8821656050955414, "train_accuracy": 0.9114972014925373, "f1_macro": 0.8810638938563242, "pre_macro": 0.8811304836555547, "re_macro": 0.8816, "best_epoch": 23, "val_loss": 0.3277488704414884, "train_loss": 1.1165048584246686}
{"epoch": 25, "val_accuracy": 0.8826632165605095, "train_accuracy": 0.9116471215351812, "f1_macro": 0.8815585352934712, "pre_macro": 0.8815827124695564, "re_macro": 0.8821, "best_epoch": 25, "val_loss": 0.32728581230162057, "train_loss": 1.1149973502672557}
{"training time": 270.18962693214417}
