{"epoch": 1, "val_accuracy": 0.8073248407643312, "train_accuracy": 0.7659574468085106, "f1_macro": 0.802473217667379, "pre_macro": 0.8115712700817858, "re_macro": 0.807, "best_epoch": 1, "val_loss": 0.5387789187537637, "train_loss": 0.7036757105208458}
{"epoch": 2, "val_accuracy": 0.8202627388535032, "train_accuracy": 0.8337101063829787, "f1_macro": 0.8170291084655347, "pre_macro": 0.8245154502389127, "re_macro": 0.82, "best_epoch": 2, "val_loss": 0.5066901625721318, "train_loss": 0.5129448869126908}
{"epoch": 3, "val_accuracy": 0.821656050955414, "train_accuracy": 0.8490469859001485, "f1_macro": 0.81854586066523, "pre_macro": 0.8275665730446955, "re_macro": 0.8213999999999999, "best_epoch": 3, "val_loss": 0.4993727486224691, "train_loss": 0.4788725700784237}
{"epoch": 4, "val_accuracy": 0.8265326433121019, "train_accuracy": 0.8570257093044038, "f1_macro": 0.8240068494168342, "pre_macro": 0.8317237931654535, "re_macro": 0.8263, "best_epoch": 4, "val_loss": 0.4878151515486893, "train_loss": 0.45892478411502025}
{"epoch": 5, "val_accuracy": 0.8326035031847133, "train_accuracy": 0.862788120736467, "f1_macro": 0.8305351379165048, "pre_macro": 0.835506388367904, "re_macro": 0.8324, "best_epoch": 5, "val_loss": 0.4694672717600112, "train_loss": 0.44374457572368864}
{"epoch": 6, "val_accuracy": 0.8412619426751592, "train_accuracy": 0.8662234042553192, "f1_macro": 0.8392224731246263, "pre_macro": 0.8420057608267234, "re_macro": 0.8411, "best_epoch": 6, "val_loss": 0.45372553568357116, "train_loss": 0.4320873177431999}
{"epoch": 7, "val_accuracy": 0.84375, "train_accuracy": 0.870345744680851, "f1_macro": 0.8415108475921562, "pre_macro": 0.8436900172968762, "re_macro": 0.8436, "best_epoch": 7, "val_loss": 0.44616154747404113, "train_loss": 0.42310400890543104}
{"epoch": 8, "val_accuracy": 0.8441480891719745, "train_accuracy": 0.871875, "f1_macro": 0.8421580769118877, "pre_macro": 0.8437853581603388, "re_macro": 0.844, "best_epoch": 8, "val_loss": 0.44216357940321516, "train_loss": 0.41606665380457614}
{"epoch": 9, "val_accuracy": 0.8447452229299363, "train_accuracy": 0.8742021276595745, "f1_macro": 0.8426678122356485, "pre_macro": 0.8437581214229987, "re_macro": 0.8442999999999999, "best_epoch": 9, "val_loss": 0.4391141325994662, "train_loss": 0.41036536598459206}
{"epoch": 10, "val_accuracy": 0.8445461783439491, "train_accuracy": 0.877061170212766, "f1_macro": 0.8428959011973698, "pre_macro": 0.8436084053456663, "re_macro": 0.8444, "best_epoch": 9, "val_loss": 0.4364842107151724, "train_loss": 0.4057197873262649}
{"epoch": 11, "val_accuracy": 0.8450437898089171, "train_accuracy": 0.8789228723404255, "f1_macro": 0.8434091444467416, "pre_macro": 0.8439027887447363, "re_macro": 0.8449, "best_epoch": 11, "val_loss": 0.4345944594046113, "train_loss": 0.40192800950496754}
{"epoch": 12, "val_accuracy": 0.8457404458598726, "train_accuracy": 0.8795212765957446, "f1_macro": 0.8440237816097811, "pre_macro": 0.8444221511070173, "re_macro": 0.8455999999999999, "best_epoch": 12, "val_loss": 0.4328556198413205, "train_loss": 0.3988360524177551}
{"epoch": 13, "val_accuracy": 0.8469347133757962, "train_accuracy": 0.8802526595744681, "f1_macro": 0.8453075291142579, "pre_macro": 0.8454831173794553, "re_macro": 0.8468, "best_epoch": 13, "val_loss": 0.4309789818373455, "train_loss": 0.3963448188406356}
{"epoch": 14, "val_accuracy": 0.8471337579617835, "train_accuracy": 0.8818484042553192, "f1_macro": 0.8456400742285375, "pre_macro": 0.8456334974255595, "re_macro": 0.8470000000000001, "best_epoch": 14, "val_loss": 0.4292552250016267, "train_loss": 0.3943310476363973}
{"epoch": 15, "val_accuracy": 0.8482285031847133, "train_accuracy": 0.8827127659574469, "f1_macro": 0.846711562761118, "pre_macro": 0.8465529974096724, "re_macro": 0.8478, "best_epoch": 15, "val_loss": 0.42800750635611784, "train_loss": 0.39268510183121297}
{"epoch": 16, "val_accuracy": 0.8486265923566879, "train_accuracy": 0.8834441489361702, "f1_macro": 0.8472896008729738, "pre_macro": 0.8470532109471138, "re_macro": 0.8482, "best_epoch": 16, "val_loss": 0.4272580888051136, "train_loss": 0.39133842080197434}
{"epoch": 17, "val_accuracy": 0.848328025477707, "train_accuracy": 0.8841755319148936, "f1_macro": 0.8471904406138039, "pre_macro": 0.8469410675966568, "re_macro": 0.8478999999999999, "best_epoch": 16, "val_loss": 0.4268406463466632, "train_loss": 0.39024395080322916}
{"epoch": 18, "val_accuracy": 0.8484275477707006, "train_accuracy": 0.8847074468085107, "f1_macro": 0.8474082647600234, "pre_macro": 0.8472063747999388, "re_macro": 0.8479999999999999, "best_epoch": 16, "val_loss": 0.42658265665837913, "train_loss": 0.3893594591541493}
{"epoch": 19, "val_accuracy": 0.8482285031847133, "train_accuracy": 0.8850842199427016, "f1_macro": 0.8472662010478302, "pre_macro": 0.8470917151479496, "re_macro": 0.8478, "best_epoch": 16, "val_loss": 0.4263796418145963, "train_loss": 0.38864645653582636}
{"epoch": 20, "val_accuracy": 0.8485270700636943, "train_accuracy": 0.8850177305809995, "f1_macro": 0.8475771652749696, "pre_macro": 0.8474068614601199, "re_macro": 0.8481, "best_epoch": 16, "val_loss": 0.4261969662965483, "train_loss": 0.3880715513483007}
{"epoch": 21, "val_accuracy": 0.8482285031847133, "train_accuracy": 0.8851950356300841, "f1_macro": 0.8472959432958694, "pre_macro": 0.847148795960843, "re_macro": 0.8478, "best_epoch": 16, "val_loss": 0.42603802329795376, "train_loss": 0.3876062875732462}
{"epoch": 22, "val_accuracy": 0.8481289808917197, "train_accuracy": 0.8850177305809995, "f1_macro": 0.8471777665186389, "pre_macro": 0.8470350216072138, "re_macro": 0.8477, "best_epoch": 16, "val_loss": 0.42591219248285717, "train_loss": 0.3872275368330326}
{"epoch": 23, "val_accuracy": 0.8482285031847133, "train_accuracy": 0.8853501773895102, "f1_macro": 0.8472749024784804, "pre_macro": 0.8471478401120359, "re_macro": 0.8478, "best_epoch": 16, "val_loss": 0.4258205436027733, "train_loss": 0.38691791575005713}
{"epoch": 24, "val_accuracy": 0.8481289808917197, "train_accuracy": 0.885815602921425, "f1_macro": 0.8471553609793668, "pre_macro": 0.8470298178374094, "re_macro": 0.8476999999999999, "best_epoch": 16, "val_loss": 0.42575668728655314, "train_loss": 0.38666478281325484}
{"epoch": 25, "val_accuracy": 0.8478304140127388, "train_accuracy": 0.8856382978723404, "f1_macro": 0.8471423312765618, "pre_macro": 0.8470304478316958, "re_macro": 0.8476999999999999, "best_epoch": 16, "val_loss": 0.42571230792695547, "train_loss": 0.3864584523312589}
{"training time": 63.17050886154175}
