{"epoch": 1, "val_accuracy": 0.7253184713375797, "train_accuracy": 0.6379179333118682, "f1_macro": 0.7329848270869354, "pre_macro": 0.7699759947710609, "re_macro": 0.7249000000000001, "best_epoch": 1, "val_loss": 0.7277909344548632, "train_loss": 1.0915409504099096}
{"epoch": 2, "val_accuracy": 0.7647292993630573, "train_accuracy": 0.7869965814529581, "f1_macro": 0.7690425556381596, "pre_macro": 0.7966494055210247, "re_macro": 0.7639000000000001, "best_epoch": 2, "val_loss": 0.6347037014687896, "train_loss": 0.636450061772732}
{"epoch": 3, "val_accuracy": 0.7788614649681529, "train_accuracy": 0.8211436182894605, "f1_macro": 0.7829998943915669, "pre_macro": 0.8037451286895019, "re_macro": 0.7781, "best_epoch": 3, "val_loss": 0.5968706118073434, "train_loss": 0.5658993226416568}
{"epoch": 4, "val_accuracy": 0.7845342356687898, "train_accuracy": 0.8375284963465751, "f1_macro": 0.7875756961255647, "pre_macro": 0.8056174724272889, "re_macro": 0.7837999999999999, "best_epoch": 4, "val_loss": 0.5792032149946613, "train_loss": 0.5308836844373257}
{"epoch": 5, "val_accuracy": 0.7913017515923567, "train_accuracy": 0.8428001530626987, "f1_macro": 0.793085423424304, "pre_macro": 0.8050989191901801, "re_macro": 0.7905999999999999, "best_epoch": 5, "val_loss": 0.5636114741966223, "train_loss": 0.508292777741209}
{"epoch": 6, "val_accuracy": 0.8011544585987261, "train_accuracy": 0.8504464296584434, "f1_macro": 0.8018231024557212, "pre_macro": 0.8088139659975158, "re_macro": 0.8005000000000001, "best_epoch": 6, "val_loss": 0.5502971934664781, "train_loss": 0.4927995160539099}
{"epoch": 7, "val_accuracy": 0.8048367834394905, "train_accuracy": 0.8558130708146603, "f1_macro": 0.805192457430849, "pre_macro": 0.8111005784657943, "re_macro": 0.8042000000000001, "best_epoch": 7, "val_loss": 0.5449311228314783, "train_loss": 0.47996944569526834}
{"epoch": 8, "val_accuracy": 0.8059315286624203, "train_accuracy": 0.8574753048572135, "f1_macro": 0.8061637580258296, "pre_macro": 0.8120222818275786, "re_macro": 0.8053000000000001, "best_epoch": 8, "val_loss": 0.543098072906968, "train_loss": 0.46986217511461137}
{"epoch": 9, "val_accuracy": 0.8076234076433121, "train_accuracy": 0.8604673261338092, "f1_macro": 0.8075327949559121, "pre_macro": 0.8127738572210111, "re_macro": 0.807, "best_epoch": 9, "val_loss": 0.539866615632537, "train_loss": 0.4627735995231791}
{"epoch": 10, "val_accuracy": 0.8099124203821656, "train_accuracy": 0.862746961573337, "f1_macro": 0.8095664763461661, "pre_macro": 0.8134156063682081, "re_macro": 0.8093, "best_epoch": 10, "val_loss": 0.5353892899242936, "train_loss": 0.45773303889213723}
{"epoch": 11, "val_accuracy": 0.8111066878980892, "train_accuracy": 0.8637917942189156, "f1_macro": 0.810377980135603, "pre_macro": 0.8126792402085415, "re_macro": 0.8105, "best_epoch": 11, "val_loss": 0.530570106901181, "train_loss": 0.4538008640421198}
{"epoch": 12, "val_accuracy": 0.8130971337579618, "train_accuracy": 0.863459347410405, "f1_macro": 0.812069094925713, "pre_macro": 0.8132264256657274, "re_macro": 0.8125, "best_epoch": 12, "val_loss": 0.527003358883463, "train_loss": 0.4501357122938684}
{"epoch": 13, "val_accuracy": 0.8144904458598726, "train_accuracy": 0.8641717332474729, "f1_macro": 0.8131872555437498, "pre_macro": 0.8137314405840783, "re_macro": 0.8139000000000001, "best_epoch": 13, "val_loss": 0.5247731992773189, "train_loss": 0.4466270018131175}
{"epoch": 14, "val_accuracy": 0.8148885350318471, "train_accuracy": 0.8664988609070473, "f1_macro": 0.8136746206246347, "pre_macro": 0.8140655622515613, "re_macro": 0.8143, "best_epoch": 14, "val_loss": 0.523253724833203, "train_loss": 0.4436070659059159}
{"epoch": 15, "val_accuracy": 0.8148885350318471, "train_accuracy": 0.8684935417581112, "f1_macro": 0.8138164049020176, "pre_macro": 0.8141531980196218, "re_macro": 0.8143, "best_epoch": 14, "val_loss": 0.5222046153180918, "train_loss": 0.4411982424715732}
{"epoch": 16, "val_accuracy": 0.8148885350318471, "train_accuracy": 0.8698233289921538, "f1_macro": 0.8139686059474123, "pre_macro": 0.8143216071929592, "re_macro": 0.8143, "best_epoch": 14, "val_loss": 0.521507482619802, "train_loss": 0.439314862515064}
{"epoch": 17, "val_accuracy": 0.8148885350318471, "train_accuracy": 0.870488222609175, "f1_macro": 0.8140203211890743, "pre_macro": 0.8143933343581718, "re_macro": 0.8143, "best_epoch": 14, "val_loss": 0.5210298385210098, "train_loss": 0.43785170544969276}
{"epoch": 18, "val_accuracy": 0.8148885350318471, "train_accuracy": 0.8718180098432176, "f1_macro": 0.8140647907276115, "pre_macro": 0.8144542972428915, "re_macro": 0.8143, "best_epoch": 14, "val_loss": 0.5206867765848804, "train_loss": 0.4367111794492032}
{"epoch": 19, "val_accuracy": 0.8155851910828026, "train_accuracy": 0.8731952892973068, "f1_macro": 0.8148000570676441, "pre_macro": 0.8151922543598673, "re_macro": 0.8150000000000001, "best_epoch": 19, "val_loss": 0.5204327453853218, "train_loss": 0.4358156164909931}
{"epoch": 20, "val_accuracy": 0.8152866242038217, "train_accuracy": 0.8731952892973068, "f1_macro": 0.8145179640404875, "pre_macro": 0.81490498042041, "re_macro": 0.8147, "best_epoch": 19, "val_loss": 0.5202406196837213, "train_loss": 0.435108538003678}
{"epoch": 21, "val_accuracy": 0.8149880573248408, "train_accuracy": 0.8738601829143281, "f1_macro": 0.814265837266649, "pre_macro": 0.8146651998766534, "re_macro": 0.8144, "best_epoch": 19, "val_loss": 0.5200931378610575, "train_loss": 0.43454807489476305}
{"epoch": 22, "val_accuracy": 0.8145899681528662, "train_accuracy": 0.8738601829143281, "f1_macro": 0.8138971713193373, "pre_macro": 0.8143288392096972, "re_macro": 0.8140000000000001, "best_epoch": 19, "val_loss": 0.5199787121289855, "train_loss": 0.4341025320773429}
{"epoch": 23, "val_accuracy": 0.8146894904458599, "train_accuracy": 0.8741926297228387, "f1_macro": 0.8140094254348023, "pre_macro": 0.8144503919401949, "re_macro": 0.8141, "best_epoch": 19, "val_loss": 0.5198892484045332, "train_loss": 0.4337475794426938}
{"epoch": 24, "val_accuracy": 0.8148885350318471, "train_accuracy": 0.87485752333986, "f1_macro": 0.8142057863945682, "pre_macro": 0.814651700242407, "re_macro": 0.8143, "best_epoch": 19, "val_loss": 0.5198188959413274, "train_loss": 0.4334643483161926}
{"epoch": 25, "val_accuracy": 0.8149880573248408, "train_accuracy": 0.87485752333986, "f1_macro": 0.8143029417982699, "pre_macro": 0.8147462103298103, "re_macro": 0.8144, "best_epoch": 19, "val_loss": 0.5197633223928464, "train_loss": 0.4332380897187172}
{"training time": 29.441314697265625}
