{"epoch": 1, "val_accuracy": 0.8293192675159236, "train_accuracy": 0.8136493869936035, "f1_macro": 0.8265487734960129, "pre_macro": 0.8323679858953318, "re_macro": 0.8288, "best_epoch": 1, "val_loss": 0.4799619967200954, "train_loss": 0.5715549329736593}
{"epoch": 2, "val_accuracy": 0.8447452229299363, "train_accuracy": 0.8543943230277186, "f1_macro": 0.8427680361886332, "pre_macro": 0.8449352846065874, "re_macro": 0.8442999999999999, "best_epoch": 2, "val_loss": 0.4356637785009518, "train_loss": 0.4665577918577042}
{"epoch": 3, "val_accuracy": 0.8517117834394905, "train_accuracy": 0.8640058635394456, "f1_macro": 0.8494944329957278, "pre_macro": 0.8505148152099992, "re_macro": 0.8513, "best_epoch": 3, "val_loss": 0.4154479379297062, "train_loss": 0.4420553027693905}
{"epoch": 4, "val_accuracy": 0.8563893312101911, "train_accuracy": 0.8711853678038379, "f1_macro": 0.8538766406734795, "pre_macro": 0.8545548048790106, "re_macro": 0.8559999999999999, "best_epoch": 4, "val_loss": 0.4028092760379147, "train_loss": 0.4252219823187094}
{"epoch": 5, "val_accuracy": 0.8586783439490446, "train_accuracy": 0.8755497068230277, "f1_macro": 0.8558040885749618, "pre_macro": 0.8571765860734789, "re_macro": 0.8582999999999998, "best_epoch": 5, "val_loss": 0.3950560824696425, "train_loss": 0.4124622350213116}
{"epoch": 6, "val_accuracy": 0.8598726114649682, "train_accuracy": 0.8797308102345416, "f1_macro": 0.8566238395581725, "pre_macro": 0.8595860359651816, "re_macro": 0.8595, "best_epoch": 6, "val_loss": 0.3912408642328469, "train_loss": 0.40266058047506603}
{"epoch": 7, "val_accuracy": 0.8622611464968153, "train_accuracy": 0.8832456023454158, "f1_macro": 0.8587383381805678, "pre_macro": 0.8630422821850917, "re_macro": 0.8619, "best_epoch": 7, "val_loss": 0.3871712299289217, "train_loss": 0.3949272928398047}
{"epoch": 8, "val_accuracy": 0.8642515923566879, "train_accuracy": 0.8859608208955224, "f1_macro": 0.860732345584068, "pre_macro": 0.8651699516538436, "re_macro": 0.8638999999999999, "best_epoch": 8, "val_loss": 0.3809318032803809, "train_loss": 0.3887178506106456}
{"epoch": 9, "val_accuracy": 0.8673367834394905, "train_accuracy": 0.8880930170575693, "f1_macro": 0.8643427212284152, "pre_macro": 0.8675092833641301, "re_macro": 0.867, "best_epoch": 9, "val_loss": 0.37417521446373814, "train_loss": 0.3837142343491888}
{"epoch": 10, "val_accuracy": 0.8696257961783439, "train_accuracy": 0.8896588486140725, "f1_macro": 0.8672053327058891, "pre_macro": 0.8691709764462555, "re_macro": 0.8693, "best_epoch": 10, "val_loss": 0.36885668270906824, "train_loss": 0.3796613054997377}
{"epoch": 11, "val_accuracy": 0.8715167197452229, "train_accuracy": 0.8913246268656716, "f1_macro": 0.8697676380604443, "pre_macro": 0.8706493205838604, "re_macro": 0.8712, "best_epoch": 11, "val_loss": 0.3651950846242297, "train_loss": 0.37638687005620014}
{"epoch": 12, "val_accuracy": 0.8738057324840764, "train_accuracy": 0.8924406982942431, "f1_macro": 0.8721408220362022, "pre_macro": 0.8726699158036398, "re_macro": 0.8732, "best_epoch": 12, "val_loss": 0.3625932890138808, "train_loss": 0.3737640307147874}
{"epoch": 13, "val_accuracy": 0.873109076433121, "train_accuracy": 0.8934568230277186, "f1_macro": 0.8715038004130637, "pre_macro": 0.8718122812667385, "re_macro": 0.8724999999999999, "best_epoch": 12, "val_loss": 0.36087322377475206, "train_loss": 0.3716599202073459}
{"epoch": 14, "val_accuracy": 0.8732085987261147, "train_accuracy": 0.8942730543710021, "f1_macro": 0.871732980287659, "pre_macro": 0.8719254292302276, "re_macro": 0.8726, "best_epoch": 12, "val_loss": 0.3598251769876784, "train_loss": 0.3699641764831187}
{"epoch": 15, "val_accuracy": 0.8727109872611465, "train_accuracy": 0.894589552238806, "f1_macro": 0.8713278262261298, "pre_macro": 0.8714620823277178, "re_macro": 0.8721, "best_epoch": 12, "val_loss": 0.3591106670677282, "train_loss": 0.36860203515809736}
{"epoch": 16, "val_accuracy": 0.8727109872611465, "train_accuracy": 0.8950892857142857, "f1_macro": 0.871400477385176, "pre_macro": 0.8715408240629634, "re_macro": 0.8721, "best_epoch": 12, "val_loss": 0.3584817920330983, "train_loss": 0.36751052521185074}
{"epoch": 17, "val_accuracy": 0.8724124203821656, "train_accuracy": 0.8958055703624733, "f1_macro": 0.8711553951940021, "pre_macro": 0.8712612672952718, "re_macro": 0.8718, "best_epoch": 12, "val_loss": 0.3578531847448106, "train_loss": 0.366633325211529}
{"epoch": 18, "val_accuracy": 0.8724124203821656, "train_accuracy": 0.8959888059701493, "f1_macro": 0.8712108628165746, "pre_macro": 0.8712910319842685, "re_macro": 0.8718, "best_epoch": 12, "val_loss": 0.3572421850292546, "train_loss": 0.3659232654519427}
{"epoch": 19, "val_accuracy": 0.8725119426751592, "train_accuracy": 0.8961720415778252, "f1_macro": 0.8713948843906314, "pre_macro": 0.8714247094498411, "re_macro": 0.8719000000000001, "best_epoch": 12, "val_loss": 0.35668477976018453, "train_loss": 0.3653437686500265}
{"epoch": 20, "val_accuracy": 0.8733081210191083, "train_accuracy": 0.8963885927505331, "f1_macro": 0.8722409937639621, "pre_macro": 0.8722182795917579, "re_macro": 0.8727, "best_epoch": 12, "val_loss": 0.35620274494408044, "train_loss": 0.36486838907321123}
{"epoch": 21, "val_accuracy": 0.87390525477707, "train_accuracy": 0.896538512793177, "f1_macro": 0.8728974305335944, "pre_macro": 0.8728628408265804, "re_macro": 0.8733000000000001, "best_epoch": 21, "val_loss": 0.3558050318128744, "train_loss": 0.364478080908754}
{"epoch": 22, "val_accuracy": 0.8746019108280255, "train_accuracy": 0.8968383528784648, "f1_macro": 0.8736245305464617, "pre_macro": 0.873567732620244, "re_macro": 0.874, "best_epoch": 22, "val_loss": 0.35549279449472004, "train_loss": 0.36415813632928995}
{"epoch": 23, "val_accuracy": 0.8750995222929936, "train_accuracy": 0.8969049840085288, "f1_macro": 0.8741313406471598, "pre_macro": 0.8740436910364726, "re_macro": 0.8744999999999999, "best_epoch": 23, "val_loss": 0.3552604678330148, "train_loss": 0.3638964518269242}
{"epoch": 24, "val_accuracy": 0.8753980891719745, "train_accuracy": 0.8970215884861408, "f1_macro": 0.8744535564993706, "pre_macro": 0.874377602484733, "re_macro": 0.8747999999999999, "best_epoch": 24, "val_loss": 0.3550966462701749, "train_loss": 0.3636827527809499}
{"epoch": 25, "val_accuracy": 0.8750995222929936, "train_accuracy": 0.8971381929637526, "f1_macro": 0.8741670524456797, "pre_macro": 0.8740894819494066, "re_macro": 0.8745, "best_epoch": 24, "val_loss": 0.3549868484401399, "train_loss": 0.36350828475916563}
{"training time": 196.6773841381073}
