{"epoch": 1, "val_accuracy": 0.5333399681528662, "train_accuracy": 0.40625, "f1_macro": 0.4827375570304828, "pre_macro": 0.5996351337425484, "re_macro": 0.5323, "best_epoch": 1, "val_loss": 1.3462425189413083, "train_loss": 1.897369658946991}
{"epoch": 2, "val_accuracy": 0.6928742038216561, "train_accuracy": 0.68125, "f1_macro": 0.6917821900105187, "pre_macro": 0.6981108721566268, "re_macro": 0.6923, "best_epoch": 2, "val_loss": 0.9677265316817412, "train_loss": 1.1113271415233612}
{"epoch": 3, "val_accuracy": 0.7104896496815286, "train_accuracy": 0.746875, "f1_macro": 0.708638548309471, "pre_macro": 0.7145111370244475, "re_macro": 0.7100000000000001, "best_epoch": 3, "val_loss": 0.8396977531682154, "train_loss": 0.8474897265434265}
{"epoch": 4, "val_accuracy": 0.7426353503184714, "train_accuracy": 0.7833333373069763, "f1_macro": 0.7412986297368962, "pre_macro": 0.7430045949066523, "re_macro": 0.7417, "best_epoch": 4, "val_loss": 0.7714157281028238, "train_loss": 0.7298685669898987}
{"epoch": 5, "val_accuracy": 0.7512937898089171, "train_accuracy": 0.8171875, "f1_macro": 0.7504351858651164, "pre_macro": 0.7527689641749952, "re_macro": 0.7504000000000001, "best_epoch": 5, "val_loss": 0.7396790024581229, "train_loss": 0.6668764024972915}
{"epoch": 6, "val_accuracy": 0.7548765923566879, "train_accuracy": 0.8265625, "f1_macro": 0.75435173465353, "pre_macro": 0.7563428423709502, "re_macro": 0.754, "best_epoch": 6, "val_loss": 0.7209304648979454, "train_loss": 0.6241104245185852}
{"epoch": 7, "val_accuracy": 0.7582603503184714, "train_accuracy": 0.8390625, "f1_macro": 0.757804306459948, "pre_macro": 0.7597310054109934, "re_macro": 0.7574, "best_epoch": 7, "val_loss": 0.7088684228954801, "train_loss": 0.595956289768219}
{"epoch": 8, "val_accuracy": 0.7609474522292994, "train_accuracy": 0.8515625, "f1_macro": 0.7604644982582727, "pre_macro": 0.7622687784792317, "re_macro": 0.7600999999999999, "best_epoch": 8, "val_loss": 0.6999914338634272, "train_loss": 0.5761913001537323}
{"epoch": 9, "val_accuracy": 0.7619426751592356, "train_accuracy": 0.85625, "f1_macro": 0.7614510421263108, "pre_macro": 0.7631091436826511, "re_macro": 0.7611, "best_epoch": 9, "val_loss": 0.693691287830377, "train_loss": 0.5613452762365341}
{"epoch": 10, "val_accuracy": 0.7633359872611465, "train_accuracy": 0.85625, "f1_macro": 0.7629964870493999, "pre_macro": 0.7648295581734412, "re_macro": 0.7625, "best_epoch": 10, "val_loss": 0.6891952734084645, "train_loss": 0.550186374783516}
{"epoch": 11, "val_accuracy": 0.763734076433121, "train_accuracy": 0.8609375, "f1_macro": 0.7634104222220663, "pre_macro": 0.7652166481364909, "re_macro": 0.7629, "best_epoch": 11, "val_loss": 0.6857885501946613, "train_loss": 0.5416573405265808}
{"epoch": 12, "val_accuracy": 0.7646297770700637, "train_accuracy": 0.8625, "f1_macro": 0.7642368929441317, "pre_macro": 0.7659752254803963, "re_macro": 0.7638, "best_epoch": 12, "val_loss": 0.6831675707154973, "train_loss": 0.5350397080183029}
{"epoch": 13, "val_accuracy": 0.7647292993630573, "train_accuracy": 0.8640625, "f1_macro": 0.7643414684535197, "pre_macro": 0.7660946312058301, "re_macro": 0.7639, "best_epoch": 13, "val_loss": 0.6811440700937987, "train_loss": 0.5298618644475936}
{"epoch": 14, "val_accuracy": 0.7648288216560509, "train_accuracy": 0.8671875, "f1_macro": 0.7644694986306517, "pre_macro": 0.7662366133005698, "re_macro": 0.764, "best_epoch": 14, "val_loss": 0.6795663260350562, "train_loss": 0.5257867306470871}
{"epoch": 15, "val_accuracy": 0.7650278662420382, "train_accuracy": 0.86875, "f1_macro": 0.7646433015586342, "pre_macro": 0.7664060929746651, "re_macro": 0.7642000000000001, "best_epoch": 15, "val_loss": 0.6783255213385175, "train_loss": 0.5225646913051605}
{"epoch": 16, "val_accuracy": 0.7653264331210191, "train_accuracy": 0.8703125, "f1_macro": 0.764962730862687, "pre_macro": 0.7667635726141637, "re_macro": 0.7645000000000001, "best_epoch": 16, "val_loss": 0.6773448550397423, "train_loss": 0.5200080662965775}
{"epoch": 17, "val_accuracy": 0.7658240445859873, "train_accuracy": 0.871875, "f1_macro": 0.7654068925547098, "pre_macro": 0.7671396042356824, "re_macro": 0.7650000000000001, "best_epoch": 17, "val_loss": 0.6765673308615472, "train_loss": 0.5179739505052566}
{"epoch": 18, "val_accuracy": 0.7661226114649682, "train_accuracy": 0.8734375, "f1_macro": 0.765760546733646, "pre_macro": 0.767556970461887, "re_macro": 0.7653000000000001, "best_epoch": 18, "val_loss": 0.6759493457283944, "train_loss": 0.5163523823022842}
{"epoch": 19, "val_accuracy": 0.7666202229299363, "train_accuracy": 0.875, "f1_macro": 0.766264535293715, "pre_macro": 0.7680584857369317, "re_macro": 0.7657999999999999, "best_epoch": 19, "val_loss": 0.675457115006295, "train_loss": 0.5150578409433365}
{"epoch": 20, "val_accuracy": 0.7668192675159236, "train_accuracy": 0.8765625, "f1_macro": 0.766474335642842, "pre_macro": 0.7682709325297356, "re_macro": 0.766, "best_epoch": 20, "val_loss": 0.6750643798120463, "train_loss": 0.5140231639146805}
{"epoch": 21, "val_accuracy": 0.76671974522293, "train_accuracy": 0.8765625, "f1_macro": 0.7663633021136225, "pre_macro": 0.7681397194387503, "re_macro": 0.7659, "best_epoch": 20, "val_loss": 0.6747506239991279, "train_loss": 0.5131954431533814}
{"epoch": 22, "val_accuracy": 0.76671974522293, "train_accuracy": 0.8765625, "f1_macro": 0.7663633021136225, "pre_macro": 0.7681397194387503, "re_macro": 0.7659, "best_epoch": 20, "val_loss": 0.6744997216637727, "train_loss": 0.5125328779220581}
{"epoch": 23, "val_accuracy": 0.7668192675159236, "train_accuracy": 0.8807291686534882, "f1_macro": 0.7664815624518851, "pre_macro": 0.7682832057499147, "re_macro": 0.766, "best_epoch": 20, "val_loss": 0.6742989149442904, "train_loss": 0.5120022118091583}
{"epoch": 24, "val_accuracy": 0.7668192675159236, "train_accuracy": 0.8807291686534882, "f1_macro": 0.7664924592691449, "pre_macro": 0.7683185151506919, "re_macro": 0.766, "best_epoch": 20, "val_loss": 0.6741380987653307, "train_loss": 0.5115770697593689}
{"epoch": 25, "val_accuracy": 0.7672173566878981, "train_accuracy": 0.8807291686534882, "f1_macro": 0.7669080626653162, "pre_macro": 0.768754897549138, "re_macro": 0.7664, "best_epoch": 25, "val_loss": 0.6740092707287734, "train_loss": 0.5112363547086716}
{"training time": 24.539369344711304}
