{"epoch": 1, "val_accuracy": 0.8287221337579618, "train_accuracy": 0.8073508522727273, "f1_macro": 0.8273350910274623, "pre_macro": 0.8334643481241221, "re_macro": 0.8288, "best_epoch": 1, "val_loss": 0.47830115325131994, "train_loss": 0.583973506507887}
{"epoch": 2, "val_accuracy": 0.8398686305732485, "train_accuracy": 0.8498757102272727, "f1_macro": 0.8385762695346465, "pre_macro": 0.8419024691223477, "re_macro": 0.8394, "best_epoch": 2, "val_loss": 0.44149372029076717, "train_loss": 0.47477230804295023}
{"epoch": 3, "val_accuracy": 0.8413614649681529, "train_accuracy": 0.8610395951704546, "f1_macro": 0.8404403744779116, "pre_macro": 0.8436788710897035, "re_macro": 0.8408999999999999, "best_epoch": 3, "val_loss": 0.4290878412070548, "train_loss": 0.4487821229902858}
{"epoch": 4, "val_accuracy": 0.8440485668789809, "train_accuracy": 0.8688077059659091, "f1_macro": 0.8432455274489167, "pre_macro": 0.8464390956439134, "re_macro": 0.8436, "best_epoch": 4, "val_loss": 0.4203419333240788, "train_loss": 0.43086832454851404}
{"epoch": 5, "val_accuracy": 0.8492237261146497, "train_accuracy": 0.8736461292613636, "f1_macro": 0.8484697181326177, "pre_macro": 0.8510294385696551, "re_macro": 0.8488, "best_epoch": 5, "val_loss": 0.4091664049655769, "train_loss": 0.4173374608667059}
{"epoch": 6, "val_accuracy": 0.8550955414012739, "train_accuracy": 0.8777743252840909, "f1_macro": 0.854233422250935, "pre_macro": 0.855786174088369, "re_macro": 0.8547, "best_epoch": 6, "val_loss": 0.3969270175999137, "train_loss": 0.40689596940170636}
{"epoch": 7, "val_accuracy": 0.8590764331210191, "train_accuracy": 0.8808371803977273, "f1_macro": 0.8580553374280712, "pre_macro": 0.8592663320287812, "re_macro": 0.8587, "best_epoch": 7, "val_loss": 0.38850121997344267, "train_loss": 0.3987140152180059}
{"epoch": 8, "val_accuracy": 0.8595740445859873, "train_accuracy": 0.8835893110795454, "f1_macro": 0.8583847468958569, "pre_macro": 0.8597403752592806, "re_macro": 0.8592000000000001, "best_epoch": 8, "val_loss": 0.385025719928134, "train_loss": 0.392145753393627}
{"epoch": 9, "val_accuracy": 0.8630573248407644, "train_accuracy": 0.8858975497159091, "f1_macro": 0.8619099931131915, "pre_macro": 0.8631999339193687, "re_macro": 0.8627, "best_epoch": 9, "val_loss": 0.3821950779788813, "train_loss": 0.38679897355508397}
{"epoch": 10, "val_accuracy": 0.8647492038216561, "train_accuracy": 0.8877397017045454, "f1_macro": 0.8637231068880824, "pre_macro": 0.8647713012457491, "re_macro": 0.8643999999999998, "best_epoch": 10, "val_loss": 0.37897594311055105, "train_loss": 0.38247541372071614}
{"epoch": 11, "val_accuracy": 0.8660429936305732, "train_accuracy": 0.8896040482954546, "f1_macro": 0.8650950406838167, "pre_macro": 0.8660170324868636, "re_macro": 0.8657, "best_epoch": 11, "val_loss": 0.3765052655699906, "train_loss": 0.37901835393329913}
{"epoch": 12, "val_accuracy": 0.8678343949044586, "train_accuracy": 0.8910023082386364, "f1_macro": 0.8669114980172028, "pre_macro": 0.8676164764957104, "re_macro": 0.8675, "best_epoch": 12, "val_loss": 0.37429249818158, "train_loss": 0.3762469023508443}
{"epoch": 13, "val_accuracy": 0.869327229299363, "train_accuracy": 0.8919566761363636, "f1_macro": 0.8684633553632228, "pre_macro": 0.8689789876833686, "re_macro": 0.869, "best_epoch": 13, "val_loss": 0.37205375057117196, "train_loss": 0.3740127703852274}
{"epoch": 14, "val_accuracy": 0.8696257961783439, "train_accuracy": 0.8928888494318182, "f1_macro": 0.8687996092666653, "pre_macro": 0.8691745120076814, "re_macro": 0.8693, "best_epoch": 14, "val_loss": 0.3701081759041282, "train_loss": 0.3722093892707066}
{"epoch": 15, "val_accuracy": 0.8703224522292994, "train_accuracy": 0.8938432173295454, "f1_macro": 0.8695394336739335, "pre_macro": 0.8696949897761446, "re_macro": 0.8699999999999999, "best_epoch": 15, "val_loss": 0.36859523965294955, "train_loss": 0.37075999345291744}
{"epoch": 16, "val_accuracy": 0.8707205414012739, "train_accuracy": 0.8943758877840909, "f1_macro": 0.8699293023239129, "pre_macro": 0.8699975633778354, "re_macro": 0.8704000000000001, "best_epoch": 16, "val_loss": 0.36750817583624723, "train_loss": 0.3695992480921136}
{"epoch": 17, "val_accuracy": 0.8707205414012739, "train_accuracy": 0.8949307528409091, "f1_macro": 0.869915354044041, "pre_macro": 0.8699336133229151, "re_macro": 0.8704000000000001, "best_epoch": 16, "val_loss": 0.36679871199996605, "train_loss": 0.36866868200542574}
{"epoch": 18, "val_accuracy": 0.8718152866242038, "train_accuracy": 0.8950639204545454, "f1_macro": 0.8709501837921586, "pre_macro": 0.8709314161792173, "re_macro": 0.8714999999999999, "best_epoch": 18, "val_loss": 0.3663773120968205, "train_loss": 0.3679200259502977}
{"epoch": 19, "val_accuracy": 0.8720143312101911, "train_accuracy": 0.895263671875, "f1_macro": 0.8710928103868911, "pre_macro": 0.8710642445966084, "re_macro": 0.8717, "best_epoch": 19, "val_loss": 0.366131089485375, "train_loss": 0.36731563237580384}
{"epoch": 20, "val_accuracy": 0.8724124203821656, "train_accuracy": 0.8955522017045454, "f1_macro": 0.8714897599493868, "pre_macro": 0.8714302370726322, "re_macro": 0.8721, "best_epoch": 20, "val_loss": 0.365963797850214, "train_loss": 0.36682664787142794}
{"epoch": 21, "val_accuracy": 0.8719148089171974, "train_accuracy": 0.8957075639204546, "f1_macro": 0.8709810587043384, "pre_macro": 0.8708964297698369, "re_macro": 0.8716000000000002, "best_epoch": 20, "val_loss": 0.3658214762901804, "train_loss": 0.36643048047765414}
{"epoch": 22, "val_accuracy": 0.8720143312101911, "train_accuracy": 0.8960848721590909, "f1_macro": 0.8710857071895408, "pre_macro": 0.8710077602468708, "re_macro": 0.8717, "best_epoch": 20, "val_loss": 0.3656889035063944, "train_loss": 0.36610889265483076}
{"epoch": 23, "val_accuracy": 0.8722133757961783, "train_accuracy": 0.8962180397727273, "f1_macro": 0.8712715987343419, "pre_macro": 0.871194376796726, "re_macro": 0.8718999999999999, "best_epoch": 20, "val_loss": 0.3655706398236524, "train_loss": 0.3658469522117891}
{"epoch": 24, "val_accuracy": 0.8720143312101911, "train_accuracy": 0.896240234375, "f1_macro": 0.8710509305028291, "pre_macro": 0.8709734158139237, "re_macro": 0.8717, "best_epoch": 20, "val_loss": 0.36547379442460975, "train_loss": 0.36563270786692476}
{"epoch": 25, "val_accuracy": 0.8720143312101911, "train_accuracy": 0.8962180397727273, "f1_macro": 0.8710572256568334, "pre_macro": 0.8709806826007558, "re_macro": 0.8717, "best_epoch": 20, "val_loss": 0.36540028443382044, "train_loss": 0.3654569441833618}
{"training time": 155.80530524253845}
