{"epoch": 1, "val_accuracy": 0.6642117834394905, "train_accuracy": 0.5326272807222732, "f1_macro": 0.6573578878109612, "pre_macro": 0.6598751525827372, "re_macro": 0.6644, "best_epoch": 1, "val_loss": 1.3737820121133404, "train_loss": 1.8061520520676957}
{"epoch": 2, "val_accuracy": 0.7274084394904459, "train_accuracy": 0.7503324480766945, "f1_macro": 0.7216826851885687, "pre_macro": 0.721155635726338, "re_macro": 0.7266999999999999, "best_epoch": 2, "val_loss": 1.0491576259303246, "train_loss": 1.1991955295522163}
{"epoch": 3, "val_accuracy": 0.7470143312101911, "train_accuracy": 0.8126899701483706, "f1_macro": 0.744608991979119, "pre_macro": 0.7484520493540343, "re_macro": 0.7458, "best_epoch": 3, "val_loss": 0.9079472726317728, "train_loss": 0.9094670186651513}
{"epoch": 4, "val_accuracy": 0.7659235668789809, "train_accuracy": 0.8561455176231709, "f1_macro": 0.760908636566009, "pre_macro": 0.7623704112399201, "re_macro": 0.7654, "best_epoch": 4, "val_loss": 0.8216968839335593, "train_loss": 0.7551191854984203}
{"epoch": 5, "val_accuracy": 0.7688097133757962, "train_accuracy": 0.8869205941545203, "f1_macro": 0.7647478342483557, "pre_macro": 0.7665865988106668, "re_macro": 0.768, "best_epoch": 5, "val_loss": 0.7716681524446816, "train_loss": 0.6339879276904654}
{"epoch": 6, "val_accuracy": 0.7693073248407644, "train_accuracy": 0.9102868551903582, "f1_macro": 0.7626946163179846, "pre_macro": 0.7659131743419623, "re_macro": 0.7682, "best_epoch": 6, "val_loss": 0.723459299962232, "train_loss": 0.5641466861075544}
{"epoch": 7, "val_accuracy": 0.7773686305732485, "train_accuracy": 0.9299487091125326, "f1_macro": 0.7744865526952849, "pre_macro": 0.7783940777260041, "re_macro": 0.7766000000000001, "best_epoch": 7, "val_loss": 0.7001823000847154, "train_loss": 0.493596890505324}
{"epoch": 8, "val_accuracy": 0.78234474522293, "train_accuracy": 0.9429616268644941, "f1_macro": 0.7783617042566744, "pre_macro": 0.7821833596685174, "re_macro": 0.7816, "best_epoch": 8, "val_loss": 0.6793603703474543, "train_loss": 0.45648332986425844}
{"epoch": 9, "val_accuracy": 0.783937101910828, "train_accuracy": 0.9550246964109704, "f1_macro": 0.7805710094307721, "pre_macro": 0.7813781367541884, "re_macro": 0.7838, "best_epoch": 9, "val_loss": 0.6635561040632284, "train_loss": 0.41749967666382487}
{"epoch": 10, "val_accuracy": 0.7874203821656051, "train_accuracy": 0.9636683134322471, "f1_macro": 0.7847455638461913, "pre_macro": 0.7849576557407631, "re_macro": 0.7873, "best_epoch": 10, "val_loss": 0.6492680734509875, "train_loss": 0.3803134211834441}
{"epoch": 11, "val_accuracy": 0.7871218152866242, "train_accuracy": 0.9713145900279918, "f1_macro": 0.7850385572864179, "pre_macro": 0.7848175721421082, "re_macro": 0.7872999999999999, "best_epoch": 10, "val_loss": 0.6424392025182202, "train_loss": 0.35076365191885767}
{"epoch": 12, "val_accuracy": 0.7865246815286624, "train_accuracy": 0.9753039517301194, "f1_macro": 0.7848091438188857, "pre_macro": 0.784513549723386, "re_macro": 0.7867000000000001, "best_epoch": 10, "val_loss": 0.6391158252005364, "train_loss": 0.3342627940025735}
{"epoch": 13, "val_accuracy": 0.7887141719745223, "train_accuracy": 0.9746390581130981, "f1_macro": 0.7870129498346257, "pre_macro": 0.7869371032596754, "re_macro": 0.7888999999999999, "best_epoch": 13, "val_loss": 0.6361137911392625, "train_loss": 0.32489272603329195}
{"epoch": 14, "val_accuracy": 0.7886146496815286, "train_accuracy": 0.9780585106382979, "f1_macro": 0.7868073690738322, "pre_macro": 0.7867320612527637, "re_macro": 0.7888, "best_epoch": 13, "val_loss": 0.6328169099844185, "train_loss": 0.3183246762194532}
{"epoch": 15, "val_accuracy": 0.7892117834394905, "train_accuracy": 0.9793882978723404, "f1_macro": 0.7872982866598062, "pre_macro": 0.7870690500049248, "re_macro": 0.7893999999999999, "best_epoch": 15, "val_loss": 0.6296491142670819, "train_loss": 0.3116581034153066}
{"epoch": 16, "val_accuracy": 0.7903065286624203, "train_accuracy": 0.9813829787234043, "f1_macro": 0.7884031333146416, "pre_macro": 0.7881851354421244, "re_macro": 0.7905, "best_epoch": 16, "val_loss": 0.6268921543838112, "train_loss": 0.3043200177081088}
{"epoch": 17, "val_accuracy": 0.7899084394904459, "train_accuracy": 0.9830452127659575, "f1_macro": 0.7879506255632729, "pre_macro": 0.7874967984434942, "re_macro": 0.7901, "best_epoch": 16, "val_loss": 0.6249100979726026, "train_loss": 0.2963173551128266}
{"epoch": 18, "val_accuracy": 0.7905055732484076, "train_accuracy": 0.9853723404255319, "f1_macro": 0.7885598072489832, "pre_macro": 0.7879547819211025, "re_macro": 0.7907000000000001, "best_epoch": 18, "val_loss": 0.6236292011798568, "train_loss": 0.28926356231912653}
{"epoch": 19, "val_accuracy": 0.7895103503184714, "train_accuracy": 0.9870345744680851, "f1_macro": 0.7877230641472005, "pre_macro": 0.7871556866475005, "re_macro": 0.7897000000000001, "best_epoch": 18, "val_loss": 0.6228666047381747, "train_loss": 0.28380966376751027}
{"epoch": 20, "val_accuracy": 0.7895103503184714, "train_accuracy": 0.988031914893617, "f1_macro": 0.7878116824459214, "pre_macro": 0.7872902855281427, "re_macro": 0.7897000000000001, "best_epoch": 18, "val_loss": 0.6223817562601369, "train_loss": 0.2797889126108048}
{"epoch": 21, "val_accuracy": 0.7900079617834395, "train_accuracy": 0.988031914893617, "f1_macro": 0.7883450015137681, "pre_macro": 0.7878152856973203, "re_macro": 0.7902000000000001, "best_epoch": 18, "val_loss": 0.6220430357820669, "train_loss": 0.27680033445358276}
{"epoch": 22, "val_accuracy": 0.7903065286624203, "train_accuracy": 0.9886968085106383, "f1_macro": 0.7886699425822135, "pre_macro": 0.7881545895182862, "re_macro": 0.7905, "best_epoch": 18, "val_loss": 0.6217937272065764, "train_loss": 0.2745278686919111}
{"epoch": 23, "val_accuracy": 0.7899084394904459, "train_accuracy": 0.989029255319149, "f1_macro": 0.7883041481401443, "pre_macro": 0.7878201456431742, "re_macro": 0.7901, "best_epoch": 18, "val_loss": 0.6216043131366656, "train_loss": 0.2727703017757294}
{"epoch": 24, "val_accuracy": 0.790406050955414, "train_accuracy": 0.9893617021276596, "f1_macro": 0.7888247004320815, "pre_macro": 0.7883353384824251, "re_macro": 0.7906000000000001, "best_epoch": 18, "val_loss": 0.6214574378007537, "train_loss": 0.2713947096403609}
{"epoch": 25, "val_accuracy": 0.7905055732484076, "train_accuracy": 0.9896941489361702, "f1_macro": 0.7889504410158021, "pre_macro": 0.7884800678189021, "re_macro": 0.7907, "best_epoch": 18, "val_loss": 0.6213420340969305, "train_loss": 0.27030876183763464}
{"training time": 32.80693960189819}
