{"epoch": 1, "val_accuracy": 0.7621417197452229, "train_accuracy": 0.7567915482954546, "f1_macro": 0.7486797675605107, "pre_macro": 0.7658643257850396, "re_macro": 0.7615999999999999, "best_epoch": 1, "val_loss": 0.7234218131964374, "train_loss": 0.9796781665222212}
{"epoch": 2, "val_accuracy": 0.8027468152866242, "train_accuracy": 0.8136319247159091, "f1_macro": 0.7989614418495141, "pre_macro": 0.799057965481777, "re_macro": 0.8027, "best_epoch": 2, "val_loss": 0.6258837085240966, "train_loss": 0.8054128141904419}
{"epoch": 3, "val_accuracy": 0.8146894904458599, "train_accuracy": 0.8289018110795454, "f1_macro": 0.8135378032932283, "pre_macro": 0.8178304391601603, "re_macro": 0.8147, "best_epoch": 3, "val_loss": 0.5517373853807996, "train_loss": 0.7599127967418595}
{"epoch": 4, "val_accuracy": 0.8188694267515924, "train_accuracy": 0.8428400213068182, "f1_macro": 0.8154305486268066, "pre_macro": 0.8201530316213743, "re_macro": 0.8183, "best_epoch": 4, "val_loss": 0.5520024138271429, "train_loss": 0.7036985127593983}
{"epoch": 5, "val_accuracy": 0.818968949044586, "train_accuracy": 0.8515403053977273, "f1_macro": 0.8163863228567129, "pre_macro": 0.8180888225081386, "re_macro": 0.8187, "best_epoch": 5, "val_loss": 0.5460533905940451, "train_loss": 0.6600599672475999}
{"epoch": 6, "val_accuracy": 0.8283240445859873, "train_accuracy": 0.8607288707386364, "f1_macro": 0.8263738550228226, "pre_macro": 0.8275346559923635, "re_macro": 0.8286999999999999, "best_epoch": 6, "val_loss": 0.503950364460611, "train_loss": 0.6178477378138765}
{"epoch": 7, "val_accuracy": 0.8318073248407644, "train_accuracy": 0.8683638139204546, "f1_macro": 0.8290223330757142, "pre_macro": 0.8308771659479349, "re_macro": 0.8318999999999999, "best_epoch": 7, "val_loss": 0.48223806414634557, "train_loss": 0.5800032718953761}
{"epoch": 8, "val_accuracy": 0.8370820063694268, "train_accuracy": 0.8777299360795454, "f1_macro": 0.8335298450499005, "pre_macro": 0.8357050668119819, "re_macro": 0.8371999999999999, "best_epoch": 8, "val_loss": 0.47251365177190985, "train_loss": 0.5438678005117584}
{"epoch": 9, "val_accuracy": 0.8378781847133758, "train_accuracy": 0.8872958096590909, "f1_macro": 0.8345785218243836, "pre_macro": 0.8364984413293006, "re_macro": 0.8380000000000001, "best_epoch": 9, "val_loss": 0.46758811992065163, "train_loss": 0.5138330304656517}
{"epoch": 10, "val_accuracy": 0.8370820063694268, "train_accuracy": 0.8963955965909091, "f1_macro": 0.8340641536381561, "pre_macro": 0.835168180315715, "re_macro": 0.8371999999999999, "best_epoch": 9, "val_loss": 0.4653480017830612, "train_loss": 0.4872883698818358}
{"epoch": 11, "val_accuracy": 0.8403662420382165, "train_accuracy": 0.9046741832386364, "f1_macro": 0.8388403680088112, "pre_macro": 0.8396303676052618, "re_macro": 0.8408, "best_epoch": 11, "val_loss": 0.45768502819689977, "train_loss": 0.46181282748214225}
{"epoch": 12, "val_accuracy": 0.8407643312101911, "train_accuracy": 0.9122647372159091, "f1_macro": 0.8388003730575964, "pre_macro": 0.840925013389719, "re_macro": 0.8412, "best_epoch": 12, "val_loss": 0.45570489840143047, "train_loss": 0.4416528287005018}
{"epoch": 13, "val_accuracy": 0.8408638535031847, "train_accuracy": 0.9169034090909091, "f1_macro": 0.8391597020630686, "pre_macro": 0.8413948094908321, "re_macro": 0.8413, "best_epoch": 13, "val_loss": 0.45048014496921734, "train_loss": 0.42860415107993916}
{"epoch": 14, "val_accuracy": 0.8442476114649682, "train_accuracy": 0.9215198863636364, "f1_macro": 0.8428347929705449, "pre_macro": 0.8446386956460611, "re_macro": 0.8446999999999999, "best_epoch": 14, "val_loss": 0.4455423956843698, "train_loss": 0.41750971458598296}
{"epoch": 15, "val_accuracy": 0.8459394904458599, "train_accuracy": 0.9242942116477273, "f1_macro": 0.844933145631179, "pre_macro": 0.8461188809541118, "re_macro": 0.8463999999999998, "best_epoch": 15, "val_loss": 0.44119693690044864, "train_loss": 0.4087814873677086}
{"epoch": 16, "val_accuracy": 0.8467356687898089, "train_accuracy": 0.9267578125, "f1_macro": 0.8462338810813932, "pre_macro": 0.84664479026402, "re_macro": 0.8472, "best_epoch": 16, "val_loss": 0.4374851792291471, "train_loss": 0.40138820342888887}
{"epoch": 17, "val_accuracy": 0.8471337579617835, "train_accuracy": 0.9286443536931818, "f1_macro": 0.8469518354504993, "pre_macro": 0.8469449137327215, "re_macro": 0.8475999999999999, "best_epoch": 17, "val_loss": 0.4341938814539818, "train_loss": 0.3955773107961498}
{"epoch": 18, "val_accuracy": 0.8476313694267515, "train_accuracy": 0.9305530894886364, "f1_macro": 0.84751409571479, "pre_macro": 0.847360658366842, "re_macro": 0.8481, "best_epoch": 18, "val_loss": 0.4329401241366271, "train_loss": 0.39058658173731103}
{"epoch": 19, "val_accuracy": 0.8474323248407644, "train_accuracy": 0.9320179332386364, "f1_macro": 0.847334542832658, "pre_macro": 0.8471879435223413, "re_macro": 0.8479000000000001, "best_epoch": 18, "val_loss": 0.43220997255319243, "train_loss": 0.38610268830829725}
{"epoch": 20, "val_accuracy": 0.8474323248407644, "train_accuracy": 0.9330832741477273, "f1_macro": 0.8468924524661816, "pre_macro": 0.8466481903234608, "re_macro": 0.8476000000000001, "best_epoch": 18, "val_loss": 0.43169884915184825, "train_loss": 0.38246236970140174}
{"epoch": 21, "val_accuracy": 0.8472332802547771, "train_accuracy": 0.9342151988636364, "f1_macro": 0.8465892574610854, "pre_macro": 0.8463115776865896, "re_macro": 0.8474, "best_epoch": 18, "val_loss": 0.43125467448477534, "train_loss": 0.37958976145918394}
{"epoch": 22, "val_accuracy": 0.8480294585987261, "train_accuracy": 0.9349476207386364, "f1_macro": 0.8473973244403767, "pre_macro": 0.8471033010723529, "re_macro": 0.8482, "best_epoch": 22, "val_loss": 0.4308376746952154, "train_loss": 0.3773248160088604}
{"epoch": 23, "val_accuracy": 0.8484275477707006, "train_accuracy": 0.9359019886363636, "f1_macro": 0.8476839465636502, "pre_macro": 0.847364957984597, "re_macro": 0.8486, "best_epoch": 23, "val_loss": 0.43046857634927055, "train_loss": 0.3754954236474904}
{"epoch": 24, "val_accuracy": 0.8486265923566879, "train_accuracy": 0.9363014914772727, "f1_macro": 0.8478869929020629, "pre_macro": 0.8475182982155001, "re_macro": 0.8488, "best_epoch": 24, "val_loss": 0.4301457998289424, "train_loss": 0.37399114564653824}
{"epoch": 25, "val_accuracy": 0.8489251592356688, "train_accuracy": 0.9367453835227273, "f1_macro": 0.8481837218498782, "pre_macro": 0.847829102775887, "re_macro": 0.8491, "best_epoch": 25, "val_loss": 0.4298762017564409, "train_loss": 0.37274542897516355}
{"training time": 170.1194040775299}
