{"epoch": 1, "val_accuracy": 0.47701035031847133, "train_accuracy": 0.29427083432674406, "f1_macro": 0.4389217207326713, "pre_macro": 0.5428032033514207, "re_macro": 0.4654155721052381, "best_epoch": 1, "val_loss": 1.6984210849567583, "train_loss": 2.5058563470840456}
{"epoch": 2, "val_accuracy": 0.6151472929936306, "train_accuracy": 0.646875, "f1_macro": 0.5857627356188704, "pre_macro": 0.6531565028463066, "re_macro": 0.606707332149809, "best_epoch": 2, "val_loss": 1.3303447088618188, "train_loss": 1.7079769253730774}
{"epoch": 3, "val_accuracy": 0.693968949044586, "train_accuracy": 0.7822916686534882, "f1_macro": 0.6740497947282829, "pre_macro": 0.6984295452111084, "re_macro": 0.6857944053282776, "best_epoch": 3, "val_loss": 1.0784014972152225, "train_loss": 1.3127785563468932}
{"epoch": 4, "val_accuracy": 0.7384554140127388, "train_accuracy": 0.8666666686534882, "f1_macro": 0.7286745847309237, "pre_macro": 0.7423865388500221, "re_macro": 0.7325215302614829, "best_epoch": 4, "val_loss": 0.9326486076898636, "train_loss": 1.0602518677711488}
{"epoch": 5, "val_accuracy": 0.7543789808917197, "train_accuracy": 0.8958333373069763, "f1_macro": 0.748112349745595, "pre_macro": 0.7564668130315029, "re_macro": 0.749165019838347, "best_epoch": 5, "val_loss": 0.8559795329525213, "train_loss": 0.9236171007156372}
{"epoch": 6, "val_accuracy": 0.7659235668789809, "train_accuracy": 0.9208333373069764, "f1_macro": 0.760504334676648, "pre_macro": 0.7679536874987243, "re_macro": 0.7610365468581679, "best_epoch": 6, "val_loss": 0.8167549478020638, "train_loss": 0.819020688533783}
{"epoch": 7, "val_accuracy": 0.7717953821656051, "train_accuracy": 0.9395833373069763, "f1_macro": 0.7661761632418201, "pre_macro": 0.7723116473840428, "re_macro": 0.7669634130890592, "best_epoch": 7, "val_loss": 0.7863474315518786, "train_loss": 0.7541113495826721}
{"epoch": 8, "val_accuracy": 0.7781648089171974, "train_accuracy": 0.95, "f1_macro": 0.7731058685001191, "pre_macro": 0.7789798135018141, "re_macro": 0.7738122278014914, "best_epoch": 8, "val_loss": 0.7663110944495839, "train_loss": 0.7057759582996368}
{"epoch": 9, "val_accuracy": 0.7811504777070064, "train_accuracy": 0.959375, "f1_macro": 0.7761945127727861, "pre_macro": 0.7815936936560166, "re_macro": 0.7767690548920767, "best_epoch": 9, "val_loss": 0.754272225745924, "train_loss": 0.6739699006080627}
{"epoch": 10, "val_accuracy": 0.7837380573248408, "train_accuracy": 0.9625, "f1_macro": 0.7789956497539794, "pre_macro": 0.7840526375418331, "re_macro": 0.7794041588566174, "best_epoch": 10, "val_loss": 0.7445466438676142, "train_loss": 0.6514274716377259}
{"epoch": 11, "val_accuracy": 0.7849323248407644, "train_accuracy": 0.9640625, "f1_macro": 0.7801783782750027, "pre_macro": 0.785323871419502, "re_macro": 0.7806103114452754, "best_epoch": 11, "val_loss": 0.7374061120163863, "train_loss": 0.6352250456809998}
{"epoch": 12, "val_accuracy": 0.7863256369426752, "train_accuracy": 0.96875, "f1_macro": 0.781636895259206, "pre_macro": 0.7864867396783968, "re_macro": 0.7820527681796665, "best_epoch": 12, "val_loss": 0.7322321709743731, "train_loss": 0.6226030230522156}
{"epoch": 13, "val_accuracy": 0.7873208598726115, "train_accuracy": 0.9703125, "f1_macro": 0.7827336719791521, "pre_macro": 0.7874972787924593, "re_macro": 0.7831189906442829, "best_epoch": 13, "val_loss": 0.7279701636285539, "train_loss": 0.6131742298603058}
{"epoch": 14, "val_accuracy": 0.7876194267515924, "train_accuracy": 0.971875, "f1_macro": 0.7829946734030111, "pre_macro": 0.7877209739455456, "re_macro": 0.7833722295327004, "best_epoch": 14, "val_loss": 0.7247357436805774, "train_loss": 0.6060097217559814}
{"epoch": 15, "val_accuracy": 0.7882165605095541, "train_accuracy": 0.9734375, "f1_macro": 0.7836155830768131, "pre_macro": 0.7882749218957816, "re_macro": 0.7839810107812755, "best_epoch": 15, "val_loss": 0.7221634543625413, "train_loss": 0.6003578662872314}
{"training time": 15.592502117156982}
