{"epoch": 1, "val_accuracy": 0.8909235668789809, "train_accuracy": 0.8150709220703612, "f1_macro": 0.889590718133826, "pre_macro": 0.8943914639412693, "re_macro": 0.8897886720770071, "best_epoch": 1, "val_loss": 0.3617006661073797, "train_loss": 0.9669889921837664}
{"epoch": 2, "val_accuracy": 0.8904259554140127, "train_accuracy": 0.9068927305809995, "f1_macro": 0.8891672408897717, "pre_macro": 0.8972538914856516, "re_macro": 0.8894502447801257, "best_epoch": 1, "val_loss": 0.35227663671467335, "train_loss": 0.6299275895382496}
{"epoch": 3, "val_accuracy": 0.8990843949044586, "train_accuracy": 0.927349290949233, "f1_macro": 0.898196705469771, "pre_macro": 0.9037089911935474, "re_macro": 0.8985351974908689, "best_epoch": 3, "val_loss": 0.3267612414565056, "train_loss": 0.5428690226788216}
{"epoch": 4, "val_accuracy": 0.908140923566879, "train_accuracy": 0.9398492909492331, "f1_macro": 0.906751869942739, "pre_macro": 0.9106588619060887, "re_macro": 0.9071805092086596, "best_epoch": 4, "val_loss": 0.3008187459247887, "train_loss": 0.487453763789319}
{"epoch": 5, "val_accuracy": 0.9149084394904459, "train_accuracy": 0.9478723404255319, "f1_macro": 0.9131615603321028, "pre_macro": 0.9148688131939317, "re_macro": 0.9138468782282084, "best_epoch": 5, "val_loss": 0.2812392058645844, "train_loss": 0.4502252624389973}
{"epoch": 6, "val_accuracy": 0.917296974522293, "train_accuracy": 0.9551196808510638, "f1_macro": 0.9157447994239568, "pre_macro": 0.9171201780360448, "re_macro": 0.9162564315962689, "best_epoch": 6, "val_loss": 0.27014390426646373, "train_loss": 0.42082688187031037}
{"epoch": 7, "val_accuracy": 0.9198845541401274, "train_accuracy": 0.9603058510638298, "f1_macro": 0.9182779509770638, "pre_macro": 0.9196037709864644, "re_macro": 0.9184568785411867, "best_epoch": 7, "val_loss": 0.26214967615854967, "train_loss": 0.3997960784333818}
{"epoch": 8, "val_accuracy": 0.9251592356687898, "train_accuracy": 0.964561170212766, "f1_macro": 0.9236874970393663, "pre_macro": 0.92470365962621, "re_macro": 0.9235407788477155, "best_epoch": 8, "val_loss": 0.25073004811764904, "train_loss": 0.38295747650430556}
{"epoch": 9, "val_accuracy": 0.9267515923566879, "train_accuracy": 0.9674202127659575, "f1_macro": 0.9252575578931868, "pre_macro": 0.9263645530302979, "re_macro": 0.9249909337238631, "best_epoch": 9, "val_loss": 0.24615070919037624, "train_loss": 0.3696368015827017}
{"epoch": 10, "val_accuracy": 0.9282444267515924, "train_accuracy": 0.9702792553191489, "f1_macro": 0.9268088180869221, "pre_macro": 0.9279326568461324, "re_macro": 0.9265237048776246, "best_epoch": 10, "val_loss": 0.24276315263668252, "train_loss": 0.35856022238731383}
{"epoch": 11, "val_accuracy": 0.9288415605095541, "train_accuracy": 0.9723404255319149, "f1_macro": 0.927433355413914, "pre_macro": 0.9285931368455893, "re_macro": 0.927175198094601, "best_epoch": 11, "val_loss": 0.24082330092906382, "train_loss": 0.34941634104606956}
{"epoch": 12, "val_accuracy": 0.9303343949044586, "train_accuracy": 0.9740026595744681, "f1_macro": 0.9289615653263376, "pre_macro": 0.9300072139236869, "re_macro": 0.928707595874606, "best_epoch": 12, "val_loss": 0.23836167845400466, "train_loss": 0.34232331767995305}
{"epoch": 13, "val_accuracy": 0.931827229299363, "train_accuracy": 0.9758643617021276, "f1_macro": 0.9305363114006694, "pre_macro": 0.9312565951318541, "re_macro": 0.9303509923771971, "best_epoch": 13, "val_loss": 0.23523433946049327, "train_loss": 0.33671519819726337}
{"epoch": 14, "val_accuracy": 0.932921974522293, "train_accuracy": 0.9773271276595744, "f1_macro": 0.9316543017506348, "pre_macro": 0.93213956757329, "re_macro": 0.9315599045460697, "best_epoch": 14, "val_loss": 0.23224907160801872, "train_loss": 0.3321921467781067}
{"epoch": 15, "val_accuracy": 0.9341162420382165, "train_accuracy": 0.9784574468085107, "f1_macro": 0.9329144151544572, "pre_macro": 0.9332685394869106, "re_macro": 0.9328511429268456, "best_epoch": 15, "val_loss": 0.22994293458166587, "train_loss": 0.3283791232616343}
{"training time": 45.441153049468994}
