{"epoch": 1, "val_accuracy": 0.9156050955414012, "train_accuracy": 0.8760827558635395, "f1_macro": 0.9144607253340894, "pre_macro": 0.9173955659736459, "re_macro": 0.9142704890294192, "best_epoch": 1, "val_loss": 0.27319798151114183, "train_loss": 0.713008219721729}
{"epoch": 2, "val_accuracy": 0.930234872611465, "train_accuracy": 0.9318863272921108, "f1_macro": 0.9294133663478068, "pre_macro": 0.9317770483358983, "re_macro": 0.9295388807626981, "best_epoch": 2, "val_loss": 0.22694748619891655, "train_loss": 0.45243786836166117}
{"epoch": 3, "val_accuracy": 0.9442675159235668, "train_accuracy": 0.9462453358208955, "f1_macro": 0.9434836056827496, "pre_macro": 0.9443170115834407, "re_macro": 0.9436647907928313, "best_epoch": 3, "val_loss": 0.18181820503572466, "train_loss": 0.3751123695771323}
{"epoch": 4, "val_accuracy": 0.951234076433121, "train_accuracy": 0.9561234008528785, "f1_macro": 0.9505101026847325, "pre_macro": 0.9510030142869261, "re_macro": 0.9507343381274449, "best_epoch": 4, "val_loss": 0.16205673101269136, "train_loss": 0.3341632864273179}
{"epoch": 5, "val_accuracy": 0.9581011146496815, "train_accuracy": 0.9619203091684435, "f1_macro": 0.9575161623202495, "pre_macro": 0.9577476042525372, "re_macro": 0.957670274463059, "best_epoch": 5, "val_loss": 0.14663063348893812, "train_loss": 0.3090055312619789}
{"epoch": 6, "val_accuracy": 0.9606886942675159, "train_accuracy": 0.966684434968017, "f1_macro": 0.9602058768045326, "pre_macro": 0.9603357412448081, "re_macro": 0.960311146805475, "best_epoch": 6, "val_loss": 0.13704893450923028, "train_loss": 0.29101549664031723}
{"epoch": 7, "val_accuracy": 0.9624800955414012, "train_accuracy": 0.9711154051172708, "f1_macro": 0.96202622849613, "pre_macro": 0.9621236160475078, "re_macro": 0.9621253364954505, "best_epoch": 7, "val_loss": 0.13117516880030416, "train_loss": 0.2775025116577586}
{"epoch": 8, "val_accuracy": 0.9640724522292994, "train_accuracy": 0.9742304104477612, "f1_macro": 0.963634932530149, "pre_macro": 0.9637396306687178, "re_macro": 0.9636827898512115, "best_epoch": 8, "val_loss": 0.12697890414975013, "train_loss": 0.26647133772561293}
{"epoch": 9, "val_accuracy": 0.9643710191082803, "train_accuracy": 0.9767623933901919, "f1_macro": 0.9639345405513999, "pre_macro": 0.964115700732387, "re_macro": 0.9639178221347044, "best_epoch": 9, "val_loss": 0.12368530929414852, "train_loss": 0.25775170283340443}
{"epoch": 10, "val_accuracy": 0.9650676751592356, "train_accuracy": 0.9786780383795309, "f1_macro": 0.9646726356332984, "pre_macro": 0.9649741962262898, "re_macro": 0.9645561364940093, "best_epoch": 10, "val_loss": 0.1206849925635252, "train_loss": 0.2507788718763445}
{"epoch": 11, "val_accuracy": 0.9664609872611465, "train_accuracy": 0.9805603678038379, "f1_macro": 0.9660674519361144, "pre_macro": 0.9663528974435163, "re_macro": 0.9659468072920474, "best_epoch": 11, "val_loss": 0.1184998260303786, "train_loss": 0.24515575195934727}
{"epoch": 12, "val_accuracy": 0.9671576433121019, "train_accuracy": 0.9820595682302772, "f1_macro": 0.9667672722728733, "pre_macro": 0.9670229739339178, "re_macro": 0.9666456702410521, "best_epoch": 12, "val_loss": 0.1168258528812391, "train_loss": 0.24062871581900602}
{"epoch": 13, "val_accuracy": 0.9671576433121019, "train_accuracy": 0.9831090085287847, "f1_macro": 0.9667589251283847, "pre_macro": 0.9669865672536406, "re_macro": 0.9666474112991257, "best_epoch": 12, "val_loss": 0.11536076022934905, "train_loss": 0.23701204095822154}
{"epoch": 14, "val_accuracy": 0.9669585987261147, "train_accuracy": 0.9840251865671642, "f1_macro": 0.966563293185595, "pre_macro": 0.9667607586208081, "re_macro": 0.9664649271437213, "best_epoch": 12, "val_loss": 0.11413620983303827, "train_loss": 0.2341328580369319}
{"epoch": 15, "val_accuracy": 0.9678542993630573, "train_accuracy": 0.9848081023454158, "f1_macro": 0.9674500095591918, "pre_macro": 0.9675969019020366, "re_macro": 0.9673834675173689, "best_epoch": 15, "val_loss": 0.11311444976800092, "train_loss": 0.23183317979706375}
{"training time": 149.10753965377808}
