{"epoch": 1, "val_accuracy": 0.898984872611465, "train_accuracy": 0.8487029140437844, "f1_macro": 0.8981494743374878, "pre_macro": 0.902386638968783, "re_macro": 0.8979204806369406, "best_epoch": 1, "val_loss": 0.35175160762325974, "train_loss": 0.8390158364640624}
{"epoch": 2, "val_accuracy": 0.911922770700637, "train_accuracy": 0.9185656539158527, "f1_macro": 0.91021704127403, "pre_macro": 0.9139464359566128, "re_macro": 0.9107487690818271, "best_epoch": 2, "val_loss": 0.3017391933211286, "train_loss": 0.5641451505328546}
{"epoch": 3, "val_accuracy": 0.924562101910828, "train_accuracy": 0.937277896317846, "f1_macro": 0.9229832928632844, "pre_macro": 0.9251257095411628, "re_macro": 0.9233616067674957, "best_epoch": 3, "val_loss": 0.2571884368421735, "train_loss": 0.47281915152759185}
{"epoch": 4, "val_accuracy": 0.9355095541401274, "train_accuracy": 0.9485718728636882, "f1_macro": 0.9342172580954197, "pre_macro": 0.9349115402408265, "re_macro": 0.9345153086411416, "best_epoch": 4, "val_loss": 0.21898505207340999, "train_loss": 0.4170682302543095}
{"epoch": 5, "val_accuracy": 0.9406847133757962, "train_accuracy": 0.957011815962761, "f1_macro": 0.9396112726591227, "pre_macro": 0.9398988400927732, "re_macro": 0.9397585120600693, "best_epoch": 5, "val_loss": 0.2009721081941181, "train_loss": 0.38001817630043927}
{"epoch": 6, "val_accuracy": 0.9446656050955414, "train_accuracy": 0.9628642502624088, "f1_macro": 0.9436799773205553, "pre_macro": 0.9438737050291177, "re_macro": 0.9438037969256108, "best_epoch": 6, "val_loss": 0.1878945454421222, "train_loss": 0.35302229095369514}
{"epoch": 7, "val_accuracy": 0.9481488853503185, "train_accuracy": 0.9675728500778995, "f1_macro": 0.947249396068829, "pre_macro": 0.9474843488535954, "re_macro": 0.9472931504739069, "best_epoch": 7, "val_loss": 0.1804813883819018, "train_loss": 0.33346685525705055}
{"epoch": 8, "val_accuracy": 0.9475517515923567, "train_accuracy": 0.9710709844062577, "f1_macro": 0.9467136385449407, "pre_macro": 0.9470745943834544, "re_macro": 0.946698116575595, "best_epoch": 7, "val_loss": 0.17617610249087023, "train_loss": 0.31840039236840406}
{"epoch": 9, "val_accuracy": 0.9475517515923567, "train_accuracy": 0.9745691187346159, "f1_macro": 0.9467154640339265, "pre_macro": 0.9474537541248352, "re_macro": 0.9466026567254133, "best_epoch": 7, "val_loss": 0.17531293539840515, "train_loss": 0.3071060268355331}
{"epoch": 10, "val_accuracy": 0.9488455414012739, "train_accuracy": 0.9773565210513214, "f1_macro": 0.9479863625607008, "pre_macro": 0.9487279614932538, "re_macro": 0.9478686477798999, "best_epoch": 10, "val_loss": 0.17235986643417436, "train_loss": 0.297164471768367}
{"epoch": 11, "val_accuracy": 0.9515326433121019, "train_accuracy": 0.9800995025299252, "f1_macro": 0.9506665002787418, "pre_macro": 0.9511227261294328, "re_macro": 0.9506067352380081, "best_epoch": 11, "val_loss": 0.16596132004040348, "train_loss": 0.2886000606042744}
{"epoch": 12, "val_accuracy": 0.9551154458598726, "train_accuracy": 0.982464907647196, "f1_macro": 0.9543247888848828, "pre_macro": 0.9544855048622661, "re_macro": 0.9543384239028005, "best_epoch": 12, "val_loss": 0.15984451363254695, "train_loss": 0.281777088067679}
{"epoch": 13, "val_accuracy": 0.9548168789808917, "train_accuracy": 0.984230632593891, "f1_macro": 0.9540462745035707, "pre_macro": 0.9541211282938648, "re_macro": 0.9540570622353208, "best_epoch": 12, "val_loss": 0.15661029263761392, "train_loss": 0.27631875179978066}
{"epoch": 14, "val_accuracy": 0.9555135350318471, "train_accuracy": 0.9852967306749144, "f1_macro": 0.9547486933938046, "pre_macro": 0.9548045514906958, "re_macro": 0.9547643967008996, "best_epoch": 14, "val_loss": 0.1547967634774792, "train_loss": 0.2720307282674541}
{"epoch": 15, "val_accuracy": 0.9554140127388535, "train_accuracy": 0.986129619800714, "f1_macro": 0.9546447412424882, "pre_macro": 0.9546878960635599, "re_macro": 0.9546677683853098, "best_epoch": 14, "val_loss": 0.15352967497447778, "train_loss": 0.26867065704199294}
{"training time": 78.53474998474121}
