{"epoch": 1, "val_accuracy": 0.10031847133757962, "train_accuracy": 0.09791666679084302, "f1_macro": 0.019234446362623194, "pre_macro": 0.017016966603993194, "re_macro": 0.10049999999999999, "best_epoch": 1, "val_loss": 2.3009865040991717, "train_loss": 2.487104320526123}
{"epoch": 2, "val_accuracy": 0.10957404458598727, "train_accuracy": 0.115625, "f1_macro": 0.05587831443425915, "pre_macro": 0.06278931551839204, "re_macro": 0.1101, "best_epoch": 2, "val_loss": 2.3025847878425743, "train_loss": 2.4528890371322634}
{"epoch": 3, "val_accuracy": 0.08499203821656051, "train_accuracy": 0.09114583358168601, "f1_macro": 0.04636152608056788, "pre_macro": 0.047204098118744514, "re_macro": 0.0854, "best_epoch": 2, "val_loss": 2.302584910848338, "train_loss": 2.4512062072753906}
{"epoch": 4, "val_accuracy": 0.07613455414012739, "train_accuracy": 0.07395833358168602, "f1_macro": 0.042693326115646496, "pre_macro": 0.04877117483551975, "re_macro": 0.0765, "best_epoch": 2, "val_loss": 2.3025849093297484, "train_loss": 2.448155093193054}
{"epoch": 5, "val_accuracy": 0.078125, "train_accuracy": 0.07708333358168602, "f1_macro": 0.04872275228768926, "pre_macro": 0.055923723412223125, "re_macro": 0.0785, "best_epoch": 2, "val_loss": 2.3025849078111587, "train_loss": 2.4451342105865477}
{"epoch": 6, "val_accuracy": 0.09703423566878981, "train_accuracy": 0.08177083358168602, "f1_macro": 0.04668328590116491, "pre_macro": 0.03933683932227845, "re_macro": 0.0975, "best_epoch": 2, "val_loss": 2.3025849123669277, "train_loss": 2.4424775362014772}
{"epoch": 7, "val_accuracy": 0.10161226114649681, "train_accuracy": 0.1015625, "f1_macro": 0.044993550018172804, "pre_macro": 0.03266037669244163, "re_macro": 0.1018, "best_epoch": 2, "val_loss": 2.3025849245156453, "train_loss": 2.4402329444885256}
{"epoch": 8, "val_accuracy": 0.09932324840764331, "train_accuracy": 0.09739583358168602, "f1_macro": 0.020500669619861956, "pre_macro": 0.011427586998966349, "re_macro": 0.0995, "best_epoch": 2, "val_loss": 2.3025848136585987, "train_loss": 2.4383641719818114}
{"epoch": 9, "val_accuracy": 0.09972133757961783, "train_accuracy": 0.09427083358168602, "f1_macro": 0.019026759356251786, "pre_macro": 0.010514682664982632, "re_macro": 0.0999, "best_epoch": 2, "val_loss": 2.30258452816374, "train_loss": 2.4368166446685793}
{"epoch": 10, "val_accuracy": 0.09982085987261147, "train_accuracy": 0.09427083358168602, "f1_macro": 0.018378974453225512, "pre_macro": 0.010119409026512852, "re_macro": 0.1, "best_epoch": 2, "val_loss": 2.3025840346220954, "train_loss": 2.4355380058288576}
{"epoch": 11, "val_accuracy": 0.09982085987261147, "train_accuracy": 0.09427083358168602, "f1_macro": 0.018209960848584176, "pre_macro": 0.010017028949213663, "re_macro": 0.1, "best_epoch": 2, "val_loss": 2.302583115875341, "train_loss": 2.4344826459884645}
{"epoch": 12, "val_accuracy": 0.09982085987261147, "train_accuracy": 0.09427083358168602, "f1_macro": 0.01818181818181818, "pre_macro": 0.01, "re_macro": 0.1, "best_epoch": 2, "val_loss": 2.3025812966049095, "train_loss": 2.433611583709717}
{"epoch": 13, "val_accuracy": 0.09982085987261147, "train_accuracy": 0.09427083358168602, "f1_macro": 0.01818181818181818, "pre_macro": 0.01, "re_macro": 0.1, "best_epoch": 2, "val_loss": 2.3025771478179156, "train_loss": 2.432891917228699}
{"epoch": 14, "val_accuracy": 0.09982085987261147, "train_accuracy": 0.09427083358168602, "f1_macro": 0.01818181818181818, "pre_macro": 0.01, "re_macro": 0.1, "best_epoch": 2, "val_loss": 2.302563808526203, "train_loss": 2.4322933197021483}
{"epoch": 15, "val_accuracy": 0.09982085987261147, "train_accuracy": 0.09427083358168602, "f1_macro": 0.01818181818181818, "pre_macro": 0.01, "re_macro": 0.1, "best_epoch": 2, "val_loss": 2.302455937027172, "train_loss": 2.431767439842224}
{"epoch": 16, "val_accuracy": 0.09982085987261147, "train_accuracy": 0.09427083358168602, "f1_macro": 0.01818181818181818, "pre_macro": 0.01, "re_macro": 0.1, "best_epoch": 2, "val_loss": 2.297790334482861, "train_loss": 2.430141043663025}
{"epoch": 17, "val_accuracy": 0.13306130573248406, "train_accuracy": 0.10052083358168602, "f1_macro": 0.044436319643852994, "pre_macro": 0.02667023633577546, "re_macro": 0.1331, "best_epoch": 17, "val_loss": 2.293063722598325, "train_loss": 2.4247802257537843}
{"epoch": 18, "val_accuracy": 0.17625398089171976, "train_accuracy": 0.14583333358168601, "f1_macro": 0.06440117266086094, "pre_macro": 0.04028573903621198, "re_macro": 0.17650000000000002, "best_epoch": 18, "val_loss": 2.287655913905733, "train_loss": 2.4204069852828978}
{"epoch": 19, "val_accuracy": 0.1862062101910828, "train_accuracy": 0.1765625, "f1_macro": 0.06539420799571738, "pre_macro": 0.04002218401651001, "re_macro": 0.1865, "best_epoch": 19, "val_loss": 2.2848905696990385, "train_loss": 2.415500545501709}
{"epoch": 20, "val_accuracy": 0.19486464968152867, "train_accuracy": 0.18854166716337203, "f1_macro": 0.06995544484801744, "pre_macro": 0.04337180428195496, "re_macro": 0.19519999999999998, "best_epoch": 20, "val_loss": 2.2833746102205508, "train_loss": 2.413227009773254}
{"epoch": 21, "val_accuracy": 0.1956608280254777, "train_accuracy": 0.19010416716337203, "f1_macro": 0.06970391279186498, "pre_macro": 0.0430454251281244, "re_macro": 0.196, "best_epoch": 21, "val_loss": 2.2824479136497353, "train_loss": 2.4116727352142333}
{"epoch": 22, "val_accuracy": 0.19645700636942676, "train_accuracy": 0.19010416716337203, "f1_macro": 0.0700074007017373, "pre_macro": 0.043241501276714334, "re_macro": 0.1968, "best_epoch": 22, "val_loss": 2.281856787432531, "train_loss": 2.410750985145569}
{"epoch": 23, "val_accuracy": 0.19665605095541402, "train_accuracy": 0.19010416716337203, "f1_macro": 0.07017381988572965, "pre_macro": 0.04337527432538939, "re_macro": 0.197, "best_epoch": 23, "val_loss": 2.2814457963226706, "train_loss": 2.410098838806152}
{"epoch": 24, "val_accuracy": 0.19685509554140126, "train_accuracy": 0.19166666716337205, "f1_macro": 0.07019301737192704, "pre_macro": 0.04336892891021749, "re_macro": 0.1972, "best_epoch": 24, "val_loss": 2.2811275895234124, "train_loss": 2.409601926803589}
{"epoch": 25, "val_accuracy": 0.19685509554140126, "train_accuracy": 0.19166666716337205, "f1_macro": 0.07014296042317289, "pre_macro": 0.04332334592425102, "re_macro": 0.1972, "best_epoch": 24, "val_loss": 2.280891035772433, "train_loss": 2.409237003326416}
{"training time": 28.053788423538208}
