{"epoch": 1, "val_accuracy": 0.2474124203821656, "train_accuracy": 0.14388297872340425, "f1_macro": 0.14806832682250864, "pre_macro": 0.14802319539481693, "re_macro": 0.24710000000000001, "best_epoch": 1, "val_loss": 2.0277559468700628, "train_loss": 2.2661182484728224}
{"epoch": 2, "val_accuracy": 0.24034633757961785, "train_accuracy": 0.19403812060964867, "f1_macro": 0.1665242182430405, "pre_macro": 0.21460189480276828, "re_macro": 0.24, "best_epoch": 1, "val_loss": 1.966019882518015, "train_loss": 2.0779704555552057}
{"epoch": 3, "val_accuracy": 0.6733678343949044, "train_accuracy": 0.45121897180029685, "f1_macro": 0.628737143369014, "pre_macro": 0.6904042257138416, "re_macro": 0.6729999999999999, "best_epoch": 3, "val_loss": 1.2175333970671247, "train_loss": 1.6380448899370559}
{"epoch": 4, "val_accuracy": 0.7421377388535032, "train_accuracy": 0.702969858240574, "f1_macro": 0.7329361318098377, "pre_macro": 0.7488830010950244, "re_macro": 0.7421000000000001, "best_epoch": 4, "val_loss": 0.9077918628218827, "train_loss": 1.1117619620992782}
{"epoch": 5, "val_accuracy": 0.7529856687898089, "train_accuracy": 0.7593971632896586, "f1_macro": 0.745356302611697, "pre_macro": 0.7699435943525439, "re_macro": 0.753, "best_epoch": 5, "val_loss": 0.8373246413127632, "train_loss": 0.8745437046314808}
{"epoch": 6, "val_accuracy": 0.793093152866242, "train_accuracy": 0.7904698582405739, "f1_macro": 0.7882078158009269, "pre_macro": 0.7886737598617884, "re_macro": 0.7924, "best_epoch": 6, "val_loss": 0.705517334543216, "train_loss": 0.7727903523343674}
{"epoch": 7, "val_accuracy": 0.7988654458598726, "train_accuracy": 0.8041001773895101, "f1_macro": 0.7942786169041592, "pre_macro": 0.7955918239317027, "re_macro": 0.7982, "best_epoch": 7, "val_loss": 0.6687740319094081, "train_loss": 0.7229095096283771}
{"epoch": 8, "val_accuracy": 0.7875199044585988, "train_accuracy": 0.8135638297872341, "f1_macro": 0.7825654903036058, "pre_macro": 0.7927730818938356, "re_macro": 0.7868, "best_epoch": 7, "val_loss": 0.6582668173085352, "train_loss": 0.6773503676373908}
{"epoch": 9, "val_accuracy": 0.8028463375796179, "train_accuracy": 0.8193040781832756, "f1_macro": 0.7998323979608327, "pre_macro": 0.8025882999038775, "re_macro": 0.8021999999999998, "best_epoch": 9, "val_loss": 0.6115990613296534, "train_loss": 0.6453945255025905}
{"epoch": 10, "val_accuracy": 0.8112062101910829, "train_accuracy": 0.8256427305809995, "f1_macro": 0.8066697137513344, "pre_macro": 0.8082659763792153, "re_macro": 0.8106, "best_epoch": 10, "val_loss": 0.5695284064028673, "train_loss": 0.5994959502778154}
{"epoch": 11, "val_accuracy": 0.8131966560509554, "train_accuracy": 0.8348847518575953, "f1_macro": 0.8069369264344489, "pre_macro": 0.8142202705545248, "re_macro": 0.8129, "best_epoch": 11, "val_loss": 0.5457471003577967, "train_loss": 0.5577827987518716}
{"epoch": 12, "val_accuracy": 0.8127985668789809, "train_accuracy": 0.8383421986661059, "f1_macro": 0.8083764841720036, "pre_macro": 0.815556813573177, "re_macro": 0.8128, "best_epoch": 11, "val_loss": 0.5464345955165328, "train_loss": 0.528755011457078}
{"epoch": 13, "val_accuracy": 0.8173765923566879, "train_accuracy": 0.8472960994598714, "f1_macro": 0.812309132015524, "pre_macro": 0.8192666169155076, "re_macro": 0.8173999999999999, "best_epoch": 13, "val_loss": 0.5243123498312228, "train_loss": 0.5071089476981061}
{"epoch": 14, "val_accuracy": 0.8250398089171974, "train_accuracy": 0.8515514186088075, "f1_macro": 0.8205675986384133, "pre_macro": 0.8242896392583209, "re_macro": 0.8248, "best_epoch": 14, "val_loss": 0.5058160686189201, "train_loss": 0.49291290793013065}
{"epoch": 15, "val_accuracy": 0.8257364649681529, "train_accuracy": 0.8544769505237011, "f1_macro": 0.8211809851047984, "pre_macro": 0.8246012638258187, "re_macro": 0.8254999999999999, "best_epoch": 15, "val_loss": 0.49684822882056995, "train_loss": 0.4819388931101941}
{"epoch": 16, "val_accuracy": 0.8286226114649682, "train_accuracy": 0.8577349292471054, "f1_macro": 0.8249593964914107, "pre_macro": 0.8269735931605702, "re_macro": 0.8284, "best_epoch": 16, "val_loss": 0.48810753492033404, "train_loss": 0.4719413705328678}
{"epoch": 17, "val_accuracy": 0.831906847133758, "train_accuracy": 0.8614583335024245, "f1_macro": 0.8288746810060938, "pre_macro": 0.8298962392180416, "re_macro": 0.8317, "best_epoch": 17, "val_loss": 0.48046266690940614, "train_loss": 0.46440657491379594}
{"epoch": 18, "val_accuracy": 0.8321058917197452, "train_accuracy": 0.8642508866939139, "f1_macro": 0.8292757260824392, "pre_macro": 0.8301954346883077, "re_macro": 0.8319000000000001, "best_epoch": 18, "val_loss": 0.47670776335297116, "train_loss": 0.4584756966601027}
{"epoch": 19, "val_accuracy": 0.8333996815286624, "train_accuracy": 0.8653147164811479, "f1_macro": 0.8305844611048846, "pre_macro": 0.8314378057075966, "re_macro": 0.8331999999999999, "best_epoch": 19, "val_loss": 0.4746499855996697, "train_loss": 0.45390406872363803}
{"epoch": 20, "val_accuracy": 0.8342953821656051, "train_accuracy": 0.8652482271194458, "f1_macro": 0.831957861106071, "pre_macro": 0.832669708521786, "re_macro": 0.8341, "best_epoch": 20, "val_loss": 0.47105294845666096, "train_loss": 0.4497193395457369}
{"epoch": 21, "val_accuracy": 0.8341958598726115, "train_accuracy": 0.8669769505237012, "f1_macro": 0.8322927645985783, "pre_macro": 0.8329582547309023, "re_macro": 0.834, "best_epoch": 20, "val_loss": 0.46856100676925316, "train_loss": 0.4460431943548487}
{"epoch": 22, "val_accuracy": 0.8351910828025477, "train_accuracy": 0.8677083335024245, "f1_macro": 0.8337283646886382, "pre_macro": 0.8342003479395222, "re_macro": 0.835, "best_epoch": 22, "val_loss": 0.46601593741186104, "train_loss": 0.4430110403831969}
{"epoch": 23, "val_accuracy": 0.8356886942675159, "train_accuracy": 0.8680407803109351, "f1_macro": 0.834068312091316, "pre_macro": 0.8344086766882522, "re_macro": 0.8355, "best_epoch": 23, "val_loss": 0.4636047342970113, "train_loss": 0.44082117626007566}
{"epoch": 24, "val_accuracy": 0.8359872611464968, "train_accuracy": 0.8689051420130628, "f1_macro": 0.8341466704429628, "pre_macro": 0.8342736534723107, "re_macro": 0.8358000000000001, "best_epoch": 24, "val_loss": 0.4620978706012106, "train_loss": 0.4391272024271336}
{"epoch": 25, "val_accuracy": 0.8360867834394905, "train_accuracy": 0.8691046100981692, "f1_macro": 0.8341873250484777, "pre_macro": 0.8342458382969088, "re_macro": 0.8359, "best_epoch": 25, "val_loss": 0.46127327393953965, "train_loss": 0.43772618269666713}
{"training time": 71.54519391059875}
