{"epoch": 1, "val_accuracy": 0.5047770700636943, "train_accuracy": 0.4625799005681818, "f1_macro": 0.4697652022414781, "pre_macro": 0.48594899112234113, "re_macro": 0.5045, "best_epoch": 1, "val_loss": 1.510868698168712, "train_loss": 1.6404558496380395}
{"epoch": 2, "val_accuracy": 0.6250995222929936, "train_accuracy": 0.61279296875, "f1_macro": 0.6015065812321659, "pre_macro": 0.6793961935833268, "re_macro": 0.6248, "best_epoch": 2, "val_loss": 1.0258155415771872, "train_loss": 1.192247554236515}
{"epoch": 3, "val_accuracy": 0.5050756369426752, "train_accuracy": 0.7047452059659091, "f1_macro": 0.45377696489012537, "pre_macro": 0.6094092565537896, "re_macro": 0.5051, "best_epoch": 2, "val_loss": 1.207760810092756, "train_loss": 1.0131960137831895}
{"epoch": 4, "val_accuracy": 0.6663017515923567, "train_accuracy": 0.7364169034090909, "f1_macro": 0.6556538421535004, "pre_macro": 0.7048617517832563, "re_macro": 0.6658999999999999, "best_epoch": 4, "val_loss": 0.9444184098274085, "train_loss": 0.9273056853562593}
{"epoch": 5, "val_accuracy": 0.737062101910828, "train_accuracy": 0.7352627840909091, "f1_macro": 0.7326527727260045, "pre_macro": 0.7508064183175188, "re_macro": 0.737, "best_epoch": 5, "val_loss": 0.8260331161462577, "train_loss": 0.898905530995266}
{"epoch": 6, "val_accuracy": 0.7708996815286624, "train_accuracy": 0.7614080255681818, "f1_macro": 0.766204689908012, "pre_macro": 0.7723958448144386, "re_macro": 0.7706999999999999, "best_epoch": 6, "val_loss": 0.6988818425281792, "train_loss": 0.8297075918790969}
{"epoch": 7, "val_accuracy": 0.7756767515923567, "train_accuracy": 0.7841131036931818, "f1_macro": 0.7727706561245524, "pre_macro": 0.7848394835072937, "re_macro": 0.7755, "best_epoch": 7, "val_loss": 0.6784244473952397, "train_loss": 0.7543384024704044}
{"epoch": 8, "val_accuracy": 0.8013535031847133, "train_accuracy": 0.8058638139204546, "f1_macro": 0.7980925966335262, "pre_macro": 0.8056972062587129, "re_macro": 0.8013, "best_epoch": 8, "val_loss": 0.6014745618887009, "train_loss": 0.6985283470712602}
{"epoch": 9, "val_accuracy": 0.8124004777070064, "train_accuracy": 0.8196910511363636, "f1_macro": 0.8107361183478968, "pre_macro": 0.8136403706229685, "re_macro": 0.8127000000000001, "best_epoch": 9, "val_loss": 0.5557404530655806, "train_loss": 0.6510205148211257}
{"epoch": 10, "val_accuracy": 0.8212579617834395, "train_accuracy": 0.8293678977272727, "f1_macro": 0.8197626979298548, "pre_macro": 0.8211239005291968, "re_macro": 0.8212999999999999, "best_epoch": 10, "val_loss": 0.5270993183752534, "train_loss": 0.6154850505885076}
{"epoch": 11, "val_accuracy": 0.8225517515923567, "train_accuracy": 0.8374911221590909, "f1_macro": 0.8197722670337617, "pre_macro": 0.8207816429352057, "re_macro": 0.8225999999999999, "best_epoch": 11, "val_loss": 0.5127043881613738, "train_loss": 0.5842712193896825}
{"epoch": 12, "val_accuracy": 0.8275278662420382, "train_accuracy": 0.8445490056818182, "f1_macro": 0.8242005926803238, "pre_macro": 0.8261639274393533, "re_macro": 0.8276, "best_epoch": 12, "val_loss": 0.5043529505562631, "train_loss": 0.5611433687365868}
{"epoch": 13, "val_accuracy": 0.8267316878980892, "train_accuracy": 0.8504305752840909, "f1_macro": 0.8234504643040731, "pre_macro": 0.8283328783898636, "re_macro": 0.8268000000000001, "best_epoch": 12, "val_loss": 0.5032385521253963, "train_loss": 0.5412148541178216}
{"epoch": 14, "val_accuracy": 0.8299164012738853, "train_accuracy": 0.8546031605113636, "f1_macro": 0.8276595088991419, "pre_macro": 0.8317739284506966, "re_macro": 0.8297000000000001, "best_epoch": 14, "val_loss": 0.49209865225348504, "train_loss": 0.5234244390052151}
{"epoch": 15, "val_accuracy": 0.8313097133757962, "train_accuracy": 0.8582652698863636, "f1_macro": 0.8306681266121322, "pre_macro": 0.8348293549287717, "re_macro": 0.8311, "best_epoch": 15, "val_loss": 0.48369103233525707, "train_loss": 0.5102728957479651}
{"epoch": 16, "val_accuracy": 0.8326035031847133, "train_accuracy": 0.8615944602272727, "f1_macro": 0.8331770475812699, "pre_macro": 0.838021426976419, "re_macro": 0.8324, "best_epoch": 16, "val_loss": 0.4773306656794943, "train_loss": 0.4987535337832841}
{"epoch": 17, "val_accuracy": 0.8343949044585988, "train_accuracy": 0.8644353693181818, "f1_macro": 0.8351026312668817, "pre_macro": 0.8402058960839487, "re_macro": 0.8339000000000001, "best_epoch": 17, "val_loss": 0.46975878649836134, "train_loss": 0.48788254818117077}
{"epoch": 18, "val_accuracy": 0.8379777070063694, "train_accuracy": 0.8666548295454546, "f1_macro": 0.8384567167275156, "pre_macro": 0.8421840433512016, "re_macro": 0.8375, "best_epoch": 18, "val_loss": 0.4574045303520883, "train_loss": 0.47904157638549805}
{"epoch": 19, "val_accuracy": 0.839968152866242, "train_accuracy": 0.8691628196022727, "f1_macro": 0.8399341326618652, "pre_macro": 0.8423357438305038, "re_macro": 0.8394999999999999, "best_epoch": 19, "val_loss": 0.44660102666183643, "train_loss": 0.4721645934676582}
{"epoch": 20, "val_accuracy": 0.8431528662420382, "train_accuracy": 0.8708939985795454, "f1_macro": 0.8427044436773816, "pre_macro": 0.8441444792523691, "re_macro": 0.8427, "best_epoch": 20, "val_loss": 0.43995931421875195, "train_loss": 0.46688849982720887}
{"epoch": 21, "val_accuracy": 0.8450437898089171, "train_accuracy": 0.8722034801136364, "f1_macro": 0.8442398489513122, "pre_macro": 0.8451366630962605, "re_macro": 0.8446, "best_epoch": 21, "val_loss": 0.43608873883250415, "train_loss": 0.46273771703073924}
{"epoch": 22, "val_accuracy": 0.8454418789808917, "train_accuracy": 0.8731356534090909, "f1_macro": 0.8441664971098006, "pre_macro": 0.8449374629312338, "re_macro": 0.8450000000000001, "best_epoch": 22, "val_loss": 0.4339155355456528, "train_loss": 0.45937490825202654}
{"epoch": 23, "val_accuracy": 0.8457404458598726, "train_accuracy": 0.8738458806818182, "f1_macro": 0.8443278427516935, "pre_macro": 0.8450651153337917, "re_macro": 0.8452999999999999, "best_epoch": 23, "val_loss": 0.4322761977743951, "train_loss": 0.45666364241730084}
{"epoch": 24, "val_accuracy": 0.8469347133757962, "train_accuracy": 0.8747780539772727, "f1_macro": 0.8455167310054238, "pre_macro": 0.8461420883359617, "re_macro": 0.8465, "best_epoch": 24, "val_loss": 0.43046222892916125, "train_loss": 0.4544515788385814}
{"epoch": 25, "val_accuracy": 0.8481289808917197, "train_accuracy": 0.8755770596590909, "f1_macro": 0.8466806558879991, "pre_macro": 0.8471035105141544, "re_macro": 0.8477, "best_epoch": 25, "val_loss": 0.4286202171425911, "train_loss": 0.45264439077370544}
{"training time": 172.60566973686218}
