{"epoch": 100, "loss": 7771.732421875}
{"epoch": 200, "loss": 7769.0390625}
{"epoch": 300, "loss": 7765.84765625}
{"epoch": 400, "loss": 7762.66552734375}
{"epoch": 500, "loss": 7759.5576171875}
{"epoch": 600, "loss": 7756.23974609375}
{"epoch": 700, "loss": 7752.50048828125}
{"epoch": 800, "loss": 7748.7626953125}
{"epoch": 900, "loss": 7745.4365234375}
{"epoch": 1000, "loss": 7742.48095703125}
{"training_time:": "3.9905s", "final_loss": 7742.48095703125}
