{"epoch": 100, "loss": 7772.337890625}
{"epoch": 200, "loss": 7769.396484375}
{"epoch": 300, "loss": 7766.08544921875}
{"epoch": 400, "loss": 7762.85693359375}
{"epoch": 500, "loss": 7759.29541015625}
{"epoch": 600, "loss": 7755.9765625}
{"epoch": 700, "loss": 7752.80126953125}
{"epoch": 800, "loss": 7749.033203125}
{"epoch": 900, "loss": 7744.6259765625}
{"epoch": 1000, "loss": 7741.15966796875}
{"training_time:": "2.6798s", "final_loss": 7741.15966796875}
