{"epoch": 1, "val_accuracy": 0.855593152866242, "train_accuracy": 0.8086436170212766, "f1_macro": 0.8506191911883099, "pre_macro": 0.8729967043314794, "re_macro": 0.8520164770835852, "best_epoch": 1, "val_loss": 0.45814916287448, "train_loss": 0.9933661544576604}
{"epoch": 2, "val_accuracy": 0.888734076433121, "train_accuracy": 0.8998448582405739, "f1_macro": 0.8873526998107966, "pre_macro": 0.8940944345794095, "re_macro": 0.8877858222932581, "best_epoch": 2, "val_loss": 0.3625897542235388, "train_loss": 0.6626646215611316}
{"epoch": 3, "val_accuracy": 0.9048566878980892, "train_accuracy": 0.9262632978723404, "f1_macro": 0.9034194105200519, "pre_macro": 0.906575855254513, "re_macro": 0.9040191533807388, "best_epoch": 3, "val_loss": 0.3189112746222004, "train_loss": 0.5696573869979128}
{"epoch": 4, "val_accuracy": 0.9117237261146497, "train_accuracy": 0.935660461161999, "f1_macro": 0.9105047575354736, "pre_macro": 0.9125214559951396, "re_macro": 0.910877263820572, "best_epoch": 4, "val_loss": 0.2965931079119064, "train_loss": 0.517100649818461}
{"epoch": 5, "val_accuracy": 0.9155055732484076, "train_accuracy": 0.9441710994598713, "f1_macro": 0.9143080434895895, "pre_macro": 0.9157021556599079, "re_macro": 0.9144328783412308, "best_epoch": 5, "val_loss": 0.2820769279934229, "train_loss": 0.4791721193080253}
{"epoch": 6, "val_accuracy": 0.9170979299363057, "train_accuracy": 0.950531914893617, "f1_macro": 0.9158540843916153, "pre_macro": 0.9172247586473234, "re_macro": 0.9160200892864587, "best_epoch": 6, "val_loss": 0.2750281008541774, "train_loss": 0.4522808952534452}
{"epoch": 7, "val_accuracy": 0.9175955414012739, "train_accuracy": 0.9543882978723405, "f1_macro": 0.9160735896370511, "pre_macro": 0.9174364515951355, "re_macro": 0.916467555412364, "best_epoch": 7, "val_loss": 0.273721873356848, "train_loss": 0.4317652541272184}
{"epoch": 8, "val_accuracy": 0.9192874203821656, "train_accuracy": 0.9592420212765957, "f1_macro": 0.9178631957687656, "pre_macro": 0.9196288021840081, "re_macro": 0.9178987859810214, "best_epoch": 8, "val_loss": 0.26988734071184495, "train_loss": 0.41499589034851564}
{"epoch": 9, "val_accuracy": 0.9214769108280255, "train_accuracy": 0.9623005319148936, "f1_macro": 0.9201878536014793, "pre_macro": 0.9219626653128014, "re_macro": 0.920054498626123, "best_epoch": 9, "val_loss": 0.2658087151113209, "train_loss": 0.40179756752988127}
{"epoch": 10, "val_accuracy": 0.9223726114649682, "train_accuracy": 0.9654920212765957, "f1_macro": 0.9211364162067792, "pre_macro": 0.9229312904810228, "re_macro": 0.9210046032094936, "best_epoch": 10, "val_loss": 0.2619404081065374, "train_loss": 0.39033589566007576}
{"epoch": 11, "val_accuracy": 0.9239649681528662, "train_accuracy": 0.9684840425531915, "f1_macro": 0.9227361901727938, "pre_macro": 0.9245887066174188, "re_macro": 0.9225737265870606, "best_epoch": 11, "val_loss": 0.2573735090209895, "train_loss": 0.38031889187528733}
{"epoch": 12, "val_accuracy": 0.9254578025477707, "train_accuracy": 0.9703457446808511, "f1_macro": 0.9243238099618099, "pre_macro": 0.9258793446783148, "re_macro": 0.9241707697627406, "best_epoch": 12, "val_loss": 0.2527745277353912, "train_loss": 0.37240576667988556}
{"epoch": 13, "val_accuracy": 0.927547770700637, "train_accuracy": 0.9717420212765957, "f1_macro": 0.9264734789747047, "pre_macro": 0.9276146346903136, "re_macro": 0.9263444782288897, "best_epoch": 13, "val_loss": 0.2484787563217958, "train_loss": 0.3661781817040545}
{"epoch": 14, "val_accuracy": 0.9290406050955414, "train_accuracy": 0.9730718085106383, "f1_macro": 0.9279472486389105, "pre_macro": 0.9287683383789078, "re_macro": 0.9278606202557175, "best_epoch": 14, "val_loss": 0.24472297168674934, "train_loss": 0.3613305173021682}
{"epoch": 15, "val_accuracy": 0.9307324840764332, "train_accuracy": 0.9740691489361702, "f1_macro": 0.9293561067386843, "pre_macro": 0.9299346129991528, "re_macro": 0.9293234278718059, "best_epoch": 15, "val_loss": 0.2412394095971516, "train_loss": 0.35727348391045916}
{"training time": 49.01666855812073}
