{"epoch": 1, "val_accuracy": 0.894406847133758, "train_accuracy": 0.8531449893390192, "f1_macro": 0.8938954126526089, "pre_macro": 0.8987236672201506, "re_macro": 0.8938760110543134, "best_epoch": 1, "val_loss": 0.36584675126964117, "train_loss": 0.8305211154255532}
{"epoch": 2, "val_accuracy": 0.8986863057324841, "train_accuracy": 0.9108364428284326, "f1_macro": 0.8986098402462724, "pre_macro": 0.9033035171157835, "re_macro": 0.899359357689684, "best_epoch": 2, "val_loss": 0.3457071526557397, "train_loss": 0.5789211258959415}
{"epoch": 3, "val_accuracy": 0.9064490445859873, "train_accuracy": 0.927805170575693, "f1_macro": 0.9051840197966433, "pre_macro": 0.909600665246923, "re_macro": 0.9061700002511206, "best_epoch": 3, "val_loss": 0.308715336831512, "train_loss": 0.49400595268969344}
{"epoch": 4, "val_accuracy": 0.9161027070063694, "train_accuracy": 0.9370002665245203, "f1_macro": 0.9149545708114925, "pre_macro": 0.9183270788987251, "re_macro": 0.9157541755175952, "best_epoch": 4, "val_loss": 0.273305732816173, "train_loss": 0.4473996530336612}
{"epoch": 5, "val_accuracy": 0.929140127388535, "train_accuracy": 0.9443963219616205, "f1_macro": 0.9278823891790242, "pre_macro": 0.9295742921651898, "re_macro": 0.9279589583285599, "best_epoch": 5, "val_loss": 0.23688909441090314, "train_loss": 0.4145590999741544}
{"epoch": 6, "val_accuracy": 0.9340167197452229, "train_accuracy": 0.9500710732901274, "f1_macro": 0.9327030908722451, "pre_macro": 0.9342624372967011, "re_macro": 0.932521552119244, "best_epoch": 6, "val_loss": 0.21913256823636923, "train_loss": 0.3896374314832789}
{"epoch": 7, "val_accuracy": 0.9361066878980892, "train_accuracy": 0.9548351990897009, "f1_macro": 0.934900396537737, "pre_macro": 0.9366655194371486, "re_macro": 0.934555761670099, "best_epoch": 7, "val_loss": 0.214477871627707, "train_loss": 0.37187059528664995}
{"epoch": 8, "val_accuracy": 0.9378980891719745, "train_accuracy": 0.9594993781941786, "f1_macro": 0.9368287898122117, "pre_macro": 0.9384525001959908, "re_macro": 0.9364827451228249, "best_epoch": 8, "val_loss": 0.21057253994735753, "train_loss": 0.3571084434670934}
{"epoch": 9, "val_accuracy": 0.9383957006369427, "train_accuracy": 0.9629753021034859, "f1_macro": 0.9374012390400196, "pre_macro": 0.9387760458083294, "re_macro": 0.9371743071337759, "best_epoch": 9, "val_loss": 0.20708166246723597, "train_loss": 0.34456911711677557}
{"epoch": 10, "val_accuracy": 0.9411823248407644, "train_accuracy": 0.9657071784361085, "f1_macro": 0.9401651387612707, "pre_macro": 0.941169325648105, "re_macro": 0.9400521264340203, "best_epoch": 10, "val_loss": 0.20007057054929292, "train_loss": 0.3347479268622551}
{"epoch": 11, "val_accuracy": 0.9426751592356688, "train_accuracy": 0.9686278430129419, "f1_macro": 0.9416462727291443, "pre_macro": 0.9422869430623798, "re_macro": 0.9416602842594237, "best_epoch": 11, "val_loss": 0.19384613200120485, "train_loss": 0.32689593529014954}
{"epoch": 12, "val_accuracy": 0.9438694267515924, "train_accuracy": 0.970426883524669, "f1_macro": 0.9428101557716813, "pre_macro": 0.9431294570956466, "re_macro": 0.9429115420034433, "best_epoch": 12, "val_loss": 0.1887510310277153, "train_loss": 0.3202066868543625}
{"epoch": 13, "val_accuracy": 0.9462579617834395, "train_accuracy": 0.9721259773413001, "f1_macro": 0.945244184709899, "pre_macro": 0.9454194344902517, "re_macro": 0.9453352805750393, "best_epoch": 13, "val_loss": 0.18479182976920894, "train_loss": 0.314808102241203}
{"epoch": 14, "val_accuracy": 0.9468550955414012, "train_accuracy": 0.9731920754223236, "f1_macro": 0.9458814857770859, "pre_macro": 0.9459935024972624, "re_macro": 0.9459633737345605, "best_epoch": 14, "val_loss": 0.18211870782290865, "train_loss": 0.3103120733044549}
{"epoch": 15, "val_accuracy": 0.9465565286624203, "train_accuracy": 0.9739028074339763, "f1_macro": 0.9455981427909534, "pre_macro": 0.9457062721144697, "re_macro": 0.9456668243149107, "best_epoch": 14, "val_loss": 0.18041546164068636, "train_loss": 0.30671856159975786}
{"training time": 78.37093734741211}
