{"epoch": 1, "val_accuracy": 0.8711186305732485, "train_accuracy": 0.7508865249917862, "f1_macro": 0.8685791936663616, "pre_macro": 0.8749227585412823, "re_macro": 0.8682287575371538, "best_epoch": 1, "val_loss": 0.6860037100542883, "train_loss": 1.2593395570491224}
{"epoch": 2, "val_accuracy": 0.8827627388535032, "train_accuracy": 0.9007092199427016, "f1_macro": 0.8805513574750222, "pre_macro": 0.8849428870489419, "re_macro": 0.8800049725976647, "best_epoch": 2, "val_loss": 0.5154210031032562, "train_loss": 0.5940731924899081}
{"epoch": 3, "val_accuracy": 0.8914211783439491, "train_accuracy": 0.9237588654173181, "f1_macro": 0.8891753491099473, "pre_macro": 0.8914959326790809, "re_macro": 0.8892871116061126, "best_epoch": 3, "val_loss": 0.4521213411145909, "train_loss": 0.48758734654872976}
{"epoch": 4, "val_accuracy": 0.8958996815286624, "train_accuracy": 0.9383865249917862, "f1_macro": 0.8940002446256194, "pre_macro": 0.8957829474886264, "re_macro": 0.8937211755552766, "best_epoch": 4, "val_loss": 0.4367047817843735, "train_loss": 0.42389235116065815}
{"epoch": 5, "val_accuracy": 0.892515923566879, "train_accuracy": 0.9522163122258288, "f1_macro": 0.8902806154030938, "pre_macro": 0.8944784077319745, "re_macro": 0.8903429145228928, "best_epoch": 4, "val_loss": 0.41915163601849487, "train_loss": 0.3775462784031604}
{"epoch": 6, "val_accuracy": 0.890625, "train_accuracy": 0.9647606382978723, "f1_macro": 0.8889547306802704, "pre_macro": 0.8960501644294927, "re_macro": 0.888443169930911, "best_epoch": 4, "val_loss": 0.3947550300864657, "train_loss": 0.3283387765605399}
{"epoch": 7, "val_accuracy": 0.9049562101910829, "train_accuracy": 0.9746675531914893, "f1_macro": 0.9024810894651933, "pre_macro": 0.9039601417683389, "re_macro": 0.9025832041805048, "best_epoch": 7, "val_loss": 0.33828605652140203, "train_loss": 0.28960379894743576}
{"epoch": 8, "val_accuracy": 0.9059514331210191, "train_accuracy": 0.9835106382978723, "f1_macro": 0.9037695571323476, "pre_macro": 0.9053653005106886, "re_macro": 0.9040677171906053, "best_epoch": 8, "val_loss": 0.3379547210398373, "train_loss": 0.26298630973126025}
{"epoch": 9, "val_accuracy": 0.9099323248407644, "train_accuracy": 0.9875664893617021, "f1_macro": 0.9077666647839095, "pre_macro": 0.9080022349035403, "re_macro": 0.9083624922518251, "best_epoch": 9, "val_loss": 0.30942820551194206, "train_loss": 0.24646832207415967}
{"epoch": 10, "val_accuracy": 0.9182921974522293, "train_accuracy": 0.9912898936170212, "f1_macro": 0.9163849428954773, "pre_macro": 0.9165815674893348, "re_macro": 0.9166804979563036, "best_epoch": 10, "val_loss": 0.28890745542279095, "train_loss": 0.23001822962405835}
{"epoch": 11, "val_accuracy": 0.9187898089171974, "train_accuracy": 0.9932845744680852, "f1_macro": 0.9168903108380094, "pre_macro": 0.9176544326859977, "re_macro": 0.9168999916036716, "best_epoch": 11, "val_loss": 0.28210360553281705, "train_loss": 0.2175986002100275}
{"epoch": 12, "val_accuracy": 0.917296974522293, "train_accuracy": 0.9941489361702127, "f1_macro": 0.9153459336759588, "pre_macro": 0.9163403071271711, "re_macro": 0.9152612890129408, "best_epoch": 11, "val_loss": 0.27831461188045276, "train_loss": 0.2088623786226232}
{"epoch": 13, "val_accuracy": 0.9174960191082803, "train_accuracy": 0.995877659574468, "f1_macro": 0.9155611265204499, "pre_macro": 0.916668597324486, "re_macro": 0.9154417910593129, "best_epoch": 11, "val_loss": 0.27552033458972813, "train_loss": 0.20137326419353485}
{"epoch": 14, "val_accuracy": 0.9187898089171974, "train_accuracy": 0.9967420212765957, "f1_macro": 0.916890905616517, "pre_macro": 0.9179253525307948, "re_macro": 0.9168067464598562, "best_epoch": 11, "val_loss": 0.2714674199106777, "train_loss": 0.195668792280745}
{"epoch": 15, "val_accuracy": 0.9195859872611465, "train_accuracy": 0.9976728723404256, "f1_macro": 0.917702247845062, "pre_macro": 0.9184857244294996, "re_macro": 0.9176547337404773, "best_epoch": 15, "val_loss": 0.2672379022096373, "train_loss": 0.1913447878462203}
{"training time": 42.34366583824158}
{"epoch": 1, "val_accuracy": 0.8709195859872612, "train_accuracy": 0.7654033688788718, "f1_macro": 0.867797422018123, "pre_macro": 0.8726167317358436, "re_macro": 0.8678580293751231, "best_epoch": 1, "val_loss": 0.6823062253226141, "train_loss": 1.2087079973931008}
{"epoch": 2, "val_accuracy": 0.8858479299363057, "train_accuracy": 0.9032579787234043, "f1_macro": 0.8840865967759439, "pre_macro": 0.8856316995275467, "re_macro": 0.8844993383640226, "best_epoch": 2, "val_loss": 0.5038949955420889, "train_loss": 0.5906095574510858}
{"epoch": 3, "val_accuracy": 0.8934116242038217, "train_accuracy": 0.9241578015875309, "f1_macro": 0.8916369399728035, "pre_macro": 0.8942916644826002, "re_macro": 0.8915573405016032, "best_epoch": 3, "val_loss": 0.48088095427318744, "train_loss": 0.4870570397123377}
{"epoch": 4, "val_accuracy": 0.892515923566879, "train_accuracy": 0.9378324468085106, "f1_macro": 0.8894600437564335, "pre_macro": 0.8926529488967757, "re_macro": 0.8897083825045261, "best_epoch": 3, "val_loss": 0.45889185653750303, "train_loss": 0.4408364867910426}
{"epoch": 5, "val_accuracy": 0.9017714968152867, "train_accuracy": 0.9499335106382979, "f1_macro": 0.8997153783567299, "pre_macro": 0.9009374436422168, "re_macro": 0.9001061985683219, "best_epoch": 5, "val_loss": 0.3810017921837272, "train_loss": 0.39443728036068854}
{"epoch": 6, "val_accuracy": 0.9023686305732485, "train_accuracy": 0.961968085106383, "f1_macro": 0.9002403905615279, "pre_macro": 0.9023871442733432, "re_macro": 0.9003547079940948, "best_epoch": 6, "val_loss": 0.358644870863219, "train_loss": 0.33976276593005406}
{"epoch": 7, "val_accuracy": 0.8928144904458599, "train_accuracy": 0.971343085106383, "f1_macro": 0.8910656017084688, "pre_macro": 0.8947446158287338, "re_macro": 0.8911008217356617, "best_epoch": 6, "val_loss": 0.3694875118364194, "train_loss": 0.3046869901266504}
{"epoch": 8, "val_accuracy": 0.9020700636942676, "train_accuracy": 0.9788563829787233, "f1_macro": 0.900574568711112, "pre_macro": 0.9021022992938436, "re_macro": 0.9006642887627179, "best_epoch": 6, "val_loss": 0.33348254914021797, "train_loss": 0.2719371308671667}
{"epoch": 9, "val_accuracy": 0.9152070063694268, "train_accuracy": 0.9863696808510638, "f1_macro": 0.9133359540647747, "pre_macro": 0.91350153666694, "re_macro": 0.9134991566805963, "best_epoch": 9, "val_loss": 0.29850148343166727, "train_loss": 0.2473796915500722}
{"epoch": 10, "val_accuracy": 0.9165007961783439, "train_accuracy": 0.9901595744680851, "f1_macro": 0.9143283615879177, "pre_macro": 0.9152127583175599, "re_macro": 0.914241033569789, "best_epoch": 10, "val_loss": 0.2870269367459473, "train_loss": 0.22951842926918192}
{"epoch": 11, "val_accuracy": 0.9187898089171974, "train_accuracy": 0.9930186170212766, "f1_macro": 0.9167182103759146, "pre_macro": 0.9180231266304224, "re_macro": 0.9164953924757997, "best_epoch": 11, "val_loss": 0.28501914583953325, "train_loss": 0.21767530384215902}
{"epoch": 12, "val_accuracy": 0.9198845541401274, "train_accuracy": 0.9941489361702127, "f1_macro": 0.9179285627804455, "pre_macro": 0.9190933959843424, "re_macro": 0.9177059211229143, "best_epoch": 12, "val_loss": 0.2792274988713158, "train_loss": 0.20789472600246997}
{"epoch": 13, "val_accuracy": 0.9210788216560509, "train_accuracy": 0.9954122340425532, "f1_macro": 0.9192853944456136, "pre_macro": 0.9201073123675135, "re_macro": 0.9191163434283933, "best_epoch": 13, "val_loss": 0.274514558078472, "train_loss": 0.20010303087691042}
{"epoch": 14, "val_accuracy": 0.9211783439490446, "train_accuracy": 0.9966755319148937, "f1_macro": 0.9193576770068148, "pre_macro": 0.9198400044649532, "re_macro": 0.9193085147393706, "best_epoch": 14, "val_loss": 0.27032689177164226, "train_loss": 0.194639748778749}
{"epoch": 15, "val_accuracy": 0.9217754777070064, "train_accuracy": 0.9972074468085106, "f1_macro": 0.9199699302633423, "pre_macro": 0.9202864603108003, "re_macro": 0.9199847444863634,