{"epoch": 1, "val_accuracy": 0.8674363057324841, "train_accuracy": 0.855643656716418, "f1_macro": 0.8665742661451672, "pre_macro": 0.8783314849616616, "re_macro": 0.8645179177515896, "best_epoch": 1, "val_loss": 0.5524536953989867, "train_loss": 0.8039576073826503}
{"epoch": 2, "val_accuracy": 0.9097332802547771, "train_accuracy": 0.896438566098081, "f1_macro": 0.9082883628040695, "pre_macro": 0.9094110029746556, "re_macro": 0.9082926092703948, "best_epoch": 2, "val_loss": 0.37953825883424963, "train_loss": 0.664159311350983}
{"epoch": 3, "val_accuracy": 0.9104299363057324, "train_accuracy": 0.909981343283582, "f1_macro": 0.9090436520837777, "pre_macro": 0.9106304306958188, "re_macro": 0.9090926379312299, "best_epoch": 3, "val_loss": 0.35462812623780243, "train_loss": 0.6015708947550259}
{"epoch": 4, "val_accuracy": 0.9140127388535032, "train_accuracy": 0.9210087953091685, "f1_macro": 0.9123452906733369, "pre_macro": 0.9131723213191154, "re_macro": 0.9122891634292344, "best_epoch": 4, "val_loss": 0.332592263912699, "train_loss": 0.5394935486540358}
{"epoch": 5, "val_accuracy": 0.9219745222929936, "train_accuracy": 0.9343017057569296, "f1_macro": 0.9208197042377716, "pre_macro": 0.9219847021380934, "re_macro": 0.9204490116924692, "best_epoch": 5, "val_loss": 0.2960655287287797, "train_loss": 0.47329660357315656}
{"epoch": 6, "val_accuracy": 0.9260549363057324, "train_accuracy": 0.9429637526652452, "f1_macro": 0.9247906378634791, "pre_macro": 0.9255765154827712, "re_macro": 0.9246475717221136, "best_epoch": 6, "val_loss": 0.28577122355627405, "train_loss": 0.43953934480259416}
{"epoch": 7, "val_accuracy": 0.9281449044585988, "train_accuracy": 0.9519422974413646, "f1_macro": 0.9268359428938153, "pre_macro": 0.9276694117728846, "re_macro": 0.9265421416440202, "best_epoch": 7, "val_loss": 0.2681761118019842, "train_loss": 0.3965588275875364}
{"epoch": 8, "val_accuracy": 0.9347133757961783, "train_accuracy": 0.9586886993603412, "f1_macro": 0.9333970584014122, "pre_macro": 0.9336655024737939, "re_macro": 0.9333817904044774, "best_epoch": 8, "val_loss": 0.24174900058728116, "train_loss": 0.3615028128218549}
{"epoch": 9, "val_accuracy": 0.9370023885350318, "train_accuracy": 0.9647521321961621, "f1_macro": 0.9357469293262323, "pre_macro": 0.9360674841792637, "re_macro": 0.9358412055055456, "best_epoch": 9, "val_loss": 0.23464081088780978, "train_loss": 0.33313038077817037}
{"epoch": 10, "val_accuracy": 0.9402866242038217, "train_accuracy": 0.9709654850746269, "f1_macro": 0.9391528163055449, "pre_macro": 0.9394597955310712, "re_macro": 0.9392592704701703, "best_epoch": 10, "val_loss": 0.22103906433531054, "train_loss": 0.3084136706425437}
{"epoch": 11, "val_accuracy": 0.9405851910828026, "train_accuracy": 0.9759961353944563, "f1_macro": 0.9394360798510505, "pre_macro": 0.9397537560272191, "re_macro": 0.9394859608456201, "best_epoch": 11, "val_loss": 0.21172403264197576, "train_loss": 0.2868622304883593}
{"epoch": 12, "val_accuracy": 0.9435708598726115, "train_accuracy": 0.9795775586353944, "f1_macro": 0.9425622197917438, "pre_macro": 0.9427679372649098, "re_macro": 0.942606962837649, "best_epoch": 12, "val_loss": 0.20137429694129025, "train_loss": 0.2697155395391653}
{"epoch": 13, "val_accuracy": 0.945859872611465, "train_accuracy": 0.982442697228145, "f1_macro": 0.9448687262366999, "pre_macro": 0.9450614865455245, "re_macro": 0.9448644233087025, "best_epoch": 13, "val_loss": 0.19261473659307335, "train_loss": 0.2562515595828546}
{"epoch": 14, "val_accuracy": 0.9469546178343949, "train_accuracy": 0.9846248667377399, "f1_macro": 0.9459852804888783, "pre_macro": 0.9461534845721434, "re_macro": 0.945964573176383, "best_epoch": 14, "val_loss": 0.18730572182803776, "train_loss": 0.24542977891242834}
{"epoch": 15, "val_accuracy": 0.9486464968152867, "train_accuracy": 0.9863572761194029, "f1_macro": 0.9477589291033317, "pre_macro": 0.9478845626148893, "re_macro": 0.9477430008048089, "best_epoch": 15, "val_loss": 0.183753019382667, "train_loss": 0.2371879935359904}
{"training time": 135.2363953590393}
{"epoch": 1, "val_accuracy": 0.8941082802547771, "train_accuracy": 0.8522954424307037, "f1_macro": 0.8916500537784471, "pre_macro": 0.8928685163375952, "re_macro": 0.8916470926901855, "best_epoch": 1, "val_loss": 0.45973462151114347, "train_loss": 0.8173810812011202}
{"epoch": 2, "val_accuracy": 0.8889331210191083, "train_accuracy": 0.8941397921108742, "f1_macro": 0.8860267636917337, "pre_macro": 0.888015412812474, "re_macro": 0.8864174888113487, "best_epoch": 1, "val_loss": 0.4730506858248619, "train_loss": 0.6501479673423747}
{"epoch": 3, "val_accuracy": 0.9018710191082803, "train_accuracy": 0.9029351012793176, "f1_macro": 0.8995924561397631, "pre_macro": 0.9009400697714461, "re_macro": 0.9002348841688809, "best_epoch": 3, "val_loss": 0.38865246799341435, "train_loss": 0.6320531869303189}
{"epoch": 4, "val_accuracy": 0.9079418789808917, "train_accuracy": 0.9162779850746269, "f1_macro": 0.9062143145072765, "pre_macro": 0.9079660065012115, "re_macro": 0.9061798790725728, "best_epoch": 4, "val_loss": 0.3404876542793717, "train_loss": 0.5640184708686271}
{"epoch": 5, "val_accuracy": 0.9149084394904459, "train_accuracy": 0.9251732409381663, "f1_macro": 0.9130900797044799, "pre_macro": 0.9141820298772864, "re_macro": 0.9129479705692234, "best_epoch": 5, "val_loss": 0.327797945660011, "train_loss": 0.5086266871200187}
{"epoch": 6, "val_accuracy": 0.9204816878980892, "train_accuracy": 0.9349680170575693, "f1_macro": 0.9188437934410935, "pre_macro": 0.9195143279612814, "re_macro": 0.918737460777179, "best_epoch": 6, "val_loss": 0.30633014862894253, "train_loss": 0.4615766210024799}
{"epoch": 7, "val_accuracy": 0.925656847133758, "train_accuracy": 0.9431303304904051, "f1_macro": 0.9239698160321895, "pre_macro": 0.9252749204540036, "re_macro": 0.9236847469125535, "best_epoch": 7, "val_loss": 0.275592457099705, "train_loss": 0.42684857283573924}
{"epoch": 8, "val_accuracy": 0.9273487261146497, "train_accuracy": 0.951209355010661, "f1_macro": 0.9257769401514043, "pre_macro": 0.9265376839463826, "re_macro": 0.9256489321147596, "best_epoch": 8, "val_loss": 0.2663175848306744, "train_loss": 0.39130057929866097}
{"epoch": 9, "val_accuracy": 0.9306329617834395, "train_accuracy": 0.9586886993603412, "f1_macro": 0.9292255505262048, "pre_macro": 0.9300786774483439, "re_macro": 0.9291054571123653, "best_epoch": 9, "val_loss": 0.241232855909854, "train_loss": 0.35888987658882954}
{"epoch": 10, "val_accuracy": 0.9353105095541401, "train_accuracy": 0.9662180170575693, "f1_macro": 0.9340483568734237, "pre_macro": 0.9346883124567974, "re_macro": 0.9339038278332022, "best_epoch": 10, "val_loss": 0.22806653430222706, "train_loss": 0.3265666247748617}
{"epoch": 11, "val_accuracy": 0.9406847133757962, "train_accuracy": 0.9721315298507462, "f1_macro": 0.9395593958148778, "pre_macro": 0.939825050589412, "re_macro": 0.9394854715263479, "best_epoch": 11, "val_loss": 0.2141816813000448, "train_loss": 0.3010414816232633}
{"epoch": 12, "val_accuracy": 0.9443670382165605, "train_accuracy": 0.9771288646055437, "f1_macro": 0.9434237342031411, "pre_macro": 0.9435605662088042, "re_macro": 0.9433840298886809, "best_epoch": 12, "val_loss": 0.20236956335272, "train_loss": 0.2814358460432939}
{"epoch": 13, "val_accuracy": 0.9460589171974523, "train_accuracy": 0.9799440298507462, "f1_macro": 0.9451340188144337, "pre_macro": 0.9452563707352102, "re_macro": 0.9451035852335183, "best_epoch": 13, "val_loss": 0.19632004486147764, "train_loss": 0.2660858601268166}
{"epoch": 14, "val_accuracy": 0.9465565286624203, "train_accuracy": 0.9820928837953091, "f1_macro": 0.9456156033338271, "pre_macro": 0.9458133194290648, "re_macro": 0.9455413634323762, "best_epoch": 14, "val_loss": 0.19149461726711434, "train_loss": 0.2540416487339717}
{"epoch": 15, "val_accuracy": 0.9476512738853503, "train_accuracy": 0.9839585554371002, "f1_macro": 0.9467354431669083, "pre_macro": 0.9469018611705071, "re_macro": 0.9466677774181076,