{"epoch": 100, "loss": 12.467728614807129}
{"epoch": 200, "loss": 10.727784156799316}
{"epoch": 300, "loss": 9.062250137329102}
{"epoch": 400, "loss": 7.266421318054199}
{"epoch": 500, "loss": 5.775908946990967}
{"epoch": 600, "loss": 4.854506015777588}
{"epoch": 700, "loss": 4.182112216949463}
{"epoch": 800, "loss": 3.6142168045043945}
{"epoch": 900, "loss": 3.154838800430298}
{"epoch": 1000, "loss": 2.786139488220215}
{"training_time:": "2.7027s", "final_loss": 2.786139488220215}
