{"epoch": 1, "val_accuracy": 0.711484872611465, "train_accuracy": 0.5850588907586768, "f1_macro": 0.7145684949875355, "pre_macro": 0.749433802724428, "re_macro": 0.711, "best_epoch": 1, "val_loss": 0.806767749938236, "train_loss": 4.929290690320603}
{"epoch": 2, "val_accuracy": 0.7432324840764332, "train_accuracy": 0.7638677815173535, "f1_macro": 0.7477223804313328, "pre_macro": 0.7691581626339866, "re_macro": 0.7432, "best_epoch": 2, "val_loss": 0.6955102537847628, "train_loss": 3.8750103940355016}
{"epoch": 3, "val_accuracy": 0.7538813694267515, "train_accuracy": 0.7984897418225065, "f1_macro": 0.7575221218652585, "pre_macro": 0.7898635347837849, "re_macro": 0.7533000000000001, "best_epoch": 3, "val_loss": 0.6632175891642358, "train_loss": 3.426692120572354}
{"epoch": 4, "val_accuracy": 0.759952229299363, "train_accuracy": 0.8154445290565491, "f1_macro": 0.7638248004452033, "pre_macro": 0.7951791114780267, "re_macro": 0.7594000000000001, "best_epoch": 4, "val_loss": 0.6469807894366562, "train_loss": 3.1342106423479446}
{"epoch": 5, "val_accuracy": 0.7777667197452229, "train_accuracy": 0.8311170225447797, "f1_macro": 0.7797641633054039, "pre_macro": 0.7947330684100335, "re_macro": 0.7773, "best_epoch": 5, "val_loss": 0.5985074971511866, "train_loss": 2.932078036856144}
{"epoch": 6, "val_accuracy": 0.7828423566878981, "train_accuracy": 0.8488316878359369, "f1_macro": 0.7860677420260113, "pre_macro": 0.7985337153621216, "re_macro": 0.7827, "best_epoch": 6, "val_loss": 0.5875246767785139, "train_loss": 2.7792442656577903}
{"epoch": 7, "val_accuracy": 0.7898089171974523, "train_accuracy": 0.8551956694176857, "f1_macro": 0.7913862460647163, "pre_macro": 0.7985572364752185, "re_macro": 0.7897000000000001, "best_epoch": 7, "val_loss": 0.5677681371664546, "train_loss": 2.6629585509604596}
{"epoch": 8, "val_accuracy": 0.7950835987261147, "train_accuracy": 0.8638867786590089, "f1_macro": 0.7954536173610224, "pre_macro": 0.7996072134946393, "re_macro": 0.7949999999999998, "best_epoch": 8, "val_loss": 0.5577266694633825, "train_loss": 2.5666732432994435}
{"epoch": 9, "val_accuracy": 0.7978702229299363, "train_accuracy": 0.8725778879003322, "f1_macro": 0.7974491975887507, "pre_macro": 0.801048655771259, "re_macro": 0.7977999999999998, "best_epoch": 9, "val_loss": 0.5536427488372584, "train_loss": 2.4971664763511496}
{"epoch": 10, "val_accuracy": 0.7990644904458599, "train_accuracy": 0.8755699091769279, "f1_macro": 0.798029772687662, "pre_macro": 0.8011858134181432, "re_macro": 0.799, "best_epoch": 10, "val_loss": 0.5511255643929646, "train_loss": 2.442254497649822}
{"epoch": 11, "val_accuracy": 0.801453025477707, "train_accuracy": 0.8802241644960769, "f1_macro": 0.8002832039606377, "pre_macro": 0.8035191465099014, "re_macro": 0.8014000000000001, "best_epoch": 11, "val_loss": 0.5471740205576465, "train_loss": 2.3988508112887117}
{"epoch": 12, "val_accuracy": 0.8031449044585988, "train_accuracy": 0.885258360111967, "f1_macro": 0.8020673446218444, "pre_macro": 0.8046983961788812, "re_macro": 0.8030999999999999, "best_epoch": 12, "val_loss": 0.5425533247981101, "train_loss": 2.362752985447011}
{"epoch": 13, "val_accuracy": 0.8036425159235668, "train_accuracy": 0.8872530409630309, "f1_macro": 0.8029184529642874, "pre_macro": 0.8045408517883299, "re_macro": 0.8036, "best_epoch": 13, "val_loss": 0.537669440173799, "train_loss": 2.333715484497395}
{"epoch": 14, "val_accuracy": 0.8053343949044586, "train_accuracy": 0.8932370835162223, "f1_macro": 0.8048078971195471, "pre_macro": 0.805706414206241, "re_macro": 0.8052999999999999, "best_epoch": 14, "val_loss": 0.533952667455005, "train_loss": 2.3095697849354844}
{"epoch": 15, "val_accuracy": 0.806031050955414, "train_accuracy": 0.8932845757362691, "f1_macro": 0.8052125253301661, "pre_macro": 0.8053707416606063, "re_macro": 0.806, "best_epoch": 15, "val_loss": 0.5315995142338382, "train_loss": 2.2899993886338903}
{"epoch": 16, "val_accuracy": 0.806827229299363, "train_accuracy": 0.8952317643672862, "f1_macro": 0.8058874021899947, "pre_macro": 0.8058965612815259, "re_macro": 0.8068000000000002, "best_epoch": 16, "val_loss": 0.5304773645416186, "train_loss": 2.273994887128789}
{"epoch": 17, "val_accuracy": 0.8078224522292994, "train_accuracy": 0.8958966579843075, "f1_macro": 0.8068281332014806, "pre_macro": 0.8067736522725552, "re_macro": 0.8078, "best_epoch": 17, "val_loss": 0.5298141956708993, "train_loss": 2.260996290977965}
{"epoch": 18, "val_accuracy": 0.807921974522293, "train_accuracy": 0.8979388310554179, "f1_macro": 0.8070094343456328, "pre_macro": 0.8070222149103069, "re_macro": 0.8079000000000001, "best_epoch": 18, "val_loss": 0.5292784114172504, "train_loss": 2.250473098551973}
{"epoch": 19, "val_accuracy": 0.8075238853503185, "train_accuracy": 0.8999335119064819, "f1_macro": 0.8067000201608023, "pre_macro": 0.8067341919065651, "re_macro": 0.8074999999999999, "best_epoch": 18, "val_loss": 0.5288512254976163, "train_loss": 2.242008102701065}
{"epoch": 20, "val_accuracy": 0.8076234076433121, "train_accuracy": 0.9002659587149925, "f1_macro": 0.8068596019989123, "pre_macro": 0.8069239462543706, "re_macro": 0.8076000000000001, "best_epoch": 18, "val_loss": 0.528524579136235, "train_loss": 2.235206406167213}
{"epoch": 21, "val_accuracy": 0.8078224522292994, "train_accuracy": 0.9009308523320138, "f1_macro": 0.8071553658298489, "pre_macro": 0.8072789287213379, "re_macro": 0.8078000000000001, "best_epoch": 18, "val_loss": 0.528275101617643, "train_loss": 2.22973048940618}
{"epoch": 22, "val_accuracy": 0.8081210191082803, "train_accuracy": 0.901595745949035, "f1_macro": 0.8075100977146686, "pre_macro": 0.807676249302015, "re_macro": 0.8081000000000002, "best_epoch": 22, "val_loss": 0.5280832063620258, "train_loss": 2.2253128772086286}
{"epoch": 23, "val_accuracy": 0.8083200636942676, "train_accuracy": 0.901595745949035, "f1_macro": 0.8077561683467762, "pre_macro": 0.8079257266830606, "re_macro": 0.8083, "best_epoch": 23, "val_loss": 0.5279343574290063, "train_loss": 2.2217437967340996}
{"epoch": 24, "val_accuracy": 0.8082205414012739, "train_accuracy": 0.9025930863745669, "f1_macro": 0.8076821020678346, "pre_macro": 0.8078641563188071, "re_macro": 0.8081999999999999, "best_epoch": 23, "val_loss": 0.5278179765127267, "train_loss": 2.2188572731423886}
{"epoch": 25, "val_accuracy": 0.8083200636942676, "train_accuracy": 0.9025930863745669, "f1_macro": 0.807811024471628, "pre_macro": 0.808003928003427, "re_macro": 0.8083, "best_epoch": 23, "val_loss": 0.5277263888507892, "train_loss": 2.2165212884862373}
{"training time": 34.31828713417053}
