{"epoch": 1, "val_accuracy": 0.816281847133758, "train_accuracy": 0.7859774502840909, "f1_macro": 0.8143879598959624, "pre_macro": 0.8224790361571932, "re_macro": 0.8166, "best_epoch": 1, "val_loss": 0.5121933635632703, "train_loss": 2.4972532118924637}
{"epoch": 2, "val_accuracy": 0.830015923566879, "train_accuracy": 0.8430397727272727, "f1_macro": 0.8283955464031283, "pre_macro": 0.8334158332744748, "re_macro": 0.8298, "best_epoch": 2, "val_loss": 0.4697334616427209, "train_loss": 1.08991049755026}
{"epoch": 3, "val_accuracy": 0.8397691082802548, "train_accuracy": 0.8556906960227273, "f1_macro": 0.838170440684601, "pre_macro": 0.8423436784258798, "re_macro": 0.8392999999999999, "best_epoch": 3, "val_loss": 0.4404786250014214, "train_loss": 0.7375773227011616}
{"epoch": 4, "val_accuracy": 0.8428542993630573, "train_accuracy": 0.8641468394886364, "f1_macro": 0.8418184499630346, "pre_macro": 0.8456071201730998, "re_macro": 0.8421, "best_epoch": 4, "val_loss": 0.43280983265418155, "train_loss": 0.598911928859624}
{"epoch": 5, "val_accuracy": 0.8446457006369427, "train_accuracy": 0.8726029829545454, "f1_macro": 0.8435988454024599, "pre_macro": 0.8476089289776404, "re_macro": 0.8439, "best_epoch": 5, "val_loss": 0.4252819091461267, "train_loss": 0.5269122185524214}
{"epoch": 6, "val_accuracy": 0.8462380573248408, "train_accuracy": 0.8777743252840909, "f1_macro": 0.8448238015003129, "pre_macro": 0.8499571848283299, "re_macro": 0.8458, "best_epoch": 6, "val_loss": 0.42136116012646135, "train_loss": 0.48327511781826615}
{"epoch": 7, "val_accuracy": 0.8500199044585988, "train_accuracy": 0.8824795809659091, "f1_macro": 0.848660495913968, "pre_macro": 0.852104545735712, "re_macro": 0.8496, "best_epoch": 7, "val_loss": 0.4085804406245043, "train_loss": 0.4531471970999105}
{"epoch": 8, "val_accuracy": 0.8544984076433121, "train_accuracy": 0.8872736150568182, "f1_macro": 0.8533745423415583, "pre_macro": 0.855145602153143, "re_macro": 0.8541000000000001, "best_epoch": 8, "val_loss": 0.39166526211674807, "train_loss": 0.43137405859306455}
{"epoch": 9, "val_accuracy": 0.8608678343949044, "train_accuracy": 0.8911798650568182, "f1_macro": 0.8601340324743527, "pre_macro": 0.8615022310239715, "re_macro": 0.8605, "best_epoch": 9, "val_loss": 0.3800932112962577, "train_loss": 0.4144990144678476}
{"epoch": 10, "val_accuracy": 0.8629578025477707, "train_accuracy": 0.8950639204545454, "f1_macro": 0.8619747977385576, "pre_macro": 0.8637605648971128, "re_macro": 0.8623000000000001, "best_epoch": 10, "val_loss": 0.37591226228103514, "train_loss": 0.4007933992172845}
{"epoch": 11, "val_accuracy": 0.865047770700637, "train_accuracy": 0.8986594460227273, "f1_macro": 0.8637060276252149, "pre_macro": 0.8649903038866265, "re_macro": 0.8644000000000001, "best_epoch": 11, "val_loss": 0.37206567681519087, "train_loss": 0.3898588013411923}
{"epoch": 12, "val_accuracy": 0.8654458598726115, "train_accuracy": 0.9004572088068182, "f1_macro": 0.8638874082617927, "pre_macro": 0.8649397440478154, "re_macro": 0.8648, "best_epoch": 12, "val_loss": 0.36868665818196195, "train_loss": 0.3807624378876591}
{"epoch": 13, "val_accuracy": 0.8676353503184714, "train_accuracy": 0.9025435014204546, "f1_macro": 0.8660113943732229, "pre_macro": 0.8668895238428437, "re_macro": 0.867, "best_epoch": 13, "val_loss": 0.36555875087999234, "train_loss": 0.37342651520686393}
{"epoch": 14, "val_accuracy": 0.8687300955414012, "train_accuracy": 0.9048073508522727, "f1_macro": 0.8671697667543212, "pre_macro": 0.8680011005282131, "re_macro": 0.8680999999999999, "best_epoch": 14, "val_loss": 0.36299502412984325, "train_loss": 0.36733318952081556}
{"epoch": 15, "val_accuracy": 0.8692277070063694, "train_accuracy": 0.9068936434659091, "f1_macro": 0.8676137429870379, "pre_macro": 0.8685258804159004, "re_macro": 0.8685999999999998, "best_epoch": 15, "val_loss": 0.3608579472371727, "train_loss": 0.36223191111771896}
{"epoch": 16, "val_accuracy": 0.8705214968152867, "train_accuracy": 0.9088911576704546, "f1_macro": 0.8688506515750213, "pre_macro": 0.8697228766100574, "re_macro": 0.8699, "best_epoch": 16, "val_loss": 0.3587907656173038, "train_loss": 0.3579961868553338}
{"epoch": 17, "val_accuracy": 0.8713176751592356, "train_accuracy": 0.9099564985795454, "f1_macro": 0.8696931851166075, "pre_macro": 0.8704789010827179, "re_macro": 0.8707, "best_epoch": 17, "val_loss": 0.3567463689169307, "train_loss": 0.35454158868048}
{"epoch": 18, "val_accuracy": 0.8726114649681529, "train_accuracy": 0.9111550071022727, "f1_macro": 0.8708922086055418, "pre_macro": 0.8714754126659067, "re_macro": 0.8719999999999999, "best_epoch": 18, "val_loss": 0.35475363349838623, "train_loss": 0.3517407016532326}
{"epoch": 19, "val_accuracy": 0.8729100318471338, "train_accuracy": 0.9119984019886364, "f1_macro": 0.8712351083147082, "pre_macro": 0.8715620381338969, "re_macro": 0.8723000000000001, "best_epoch": 19, "val_loss": 0.35303138319853766, "train_loss": 0.34946944793178275}
{"epoch": 20, "val_accuracy": 0.8733081210191083, "train_accuracy": 0.9126864346590909, "f1_macro": 0.8717279485096322, "pre_macro": 0.8718162633567488, "re_macro": 0.8727, "best_epoch": 20, "val_loss": 0.3517897331695648, "train_loss": 0.347634917230938}
{"epoch": 21, "val_accuracy": 0.8733081210191083, "train_accuracy": 0.9131747159090909, "f1_macro": 0.8718238257269402, "pre_macro": 0.8717986619097843, "re_macro": 0.8726999999999998, "best_epoch": 20, "val_loss": 0.3510278523158116, "train_loss": 0.34615749563090503}
{"epoch": 22, "val_accuracy": 0.8732085987261147, "train_accuracy": 0.9133522727272727, "f1_macro": 0.8717235642011479, "pre_macro": 0.8717157030681474, "re_macro": 0.8725999999999999, "best_epoch": 20, "val_loss": 0.35060117218145137, "train_loss": 0.34496951710686763}
{"epoch": 23, "val_accuracy": 0.8735071656050956, "train_accuracy": 0.9134632457386364, "f1_macro": 0.8720133026229011, "pre_macro": 0.8720123479103862, "re_macro": 0.8728999999999999, "best_epoch": 23, "val_loss": 0.3503515019917944, "train_loss": 0.3440130842976611}
{"epoch": 24, "val_accuracy": 0.8737062101910829, "train_accuracy": 0.9137073863636364, "f1_macro": 0.8721892806853268, "pre_macro": 0.8721949220774908, "re_macro": 0.8731, "best_epoch": 24, "val_loss": 0.3501633704657767, "train_loss": 0.3432394744489681}
{"epoch": 25, "val_accuracy": 0.8732085987261147, "train_accuracy": 0.9139515269886364, "f1_macro": 0.871721263019604, "pre_macro": 0.871755293364671, "re_macro": 0.8725999999999999, "best_epoch": 24, "val_loss": 0.34997859146374805, "train_loss": 0.34260987666096876}
{"training time": 175.38927221298218}
