{"epoch": 1, "val_accuracy": 0.7913017515923567, "train_accuracy": 0.7121010638297872, "f1_macro": 0.7871184188451034, "pre_macro": 0.7952526542556551, "re_macro": 0.7912, "best_epoch": 1, "val_loss": 0.5875357140781013, "train_loss": 3.608294131908011}
{"epoch": 2, "val_accuracy": 0.8095143312101911, "train_accuracy": 0.8204122340425531, "f1_macro": 0.8057808634947872, "pre_macro": 0.8136802354166479, "re_macro": 0.8095000000000001, "best_epoch": 2, "val_loss": 0.5279047840340122, "train_loss": 2.1309623956680297}
{"epoch": 3, "val_accuracy": 0.8203622611464968, "train_accuracy": 0.8422207446808511, "f1_macro": 0.817153943288505, "pre_macro": 0.8258639835903075, "re_macro": 0.8203999999999999, "best_epoch": 3, "val_loss": 0.501430336552061, "train_loss": 1.6192461338449031}
{"epoch": 4, "val_accuracy": 0.8167794585987261, "train_accuracy": 0.8569148936170212, "f1_macro": 0.8105743640878321, "pre_macro": 0.8280747176316471, "re_macro": 0.8164999999999999, "best_epoch": 3, "val_loss": 0.5110696876884266, "train_loss": 1.3356539558857046}
{"epoch": 5, "val_accuracy": 0.8261345541401274, "train_accuracy": 0.866001773134191, "f1_macro": 0.8221916646362486, "pre_macro": 0.8342506592375502, "re_macro": 0.8262, "best_epoch": 5, "val_loss": 0.48391467759943313, "train_loss": 1.1556961840771613}
{"epoch": 6, "val_accuracy": 0.8303144904458599, "train_accuracy": 0.8718306739279564, "f1_macro": 0.8265969157283177, "pre_macro": 0.8356129087115878, "re_macro": 0.8304, "best_epoch": 6, "val_loss": 0.46953312502165506, "train_loss": 1.035632452305327}
{"epoch": 7, "val_accuracy": 0.8322054140127388, "train_accuracy": 0.8766843973322117, "f1_macro": 0.8286429629353019, "pre_macro": 0.8368739973186298, "re_macro": 0.8323, "best_epoch": 7, "val_loss": 0.4609050119568588, "train_loss": 0.9500415355601209}
{"epoch": 8, "val_accuracy": 0.835390127388535, "train_accuracy": 0.8800753547790202, "f1_macro": 0.8318318603478861, "pre_macro": 0.8392376313220368, "re_macro": 0.8352, "best_epoch": 8, "val_loss": 0.4558213889409023, "train_loss": 0.8877999227097694}
{"epoch": 9, "val_accuracy": 0.8412619426751592, "train_accuracy": 0.8830008866939139, "f1_macro": 0.8387889635650214, "pre_macro": 0.8432889886313923, "re_macro": 0.8411, "best_epoch": 9, "val_loss": 0.4456915668431361, "train_loss": 0.8415522747851433}
{"epoch": 10, "val_accuracy": 0.8447452229299363, "train_accuracy": 0.8873226952045522, "f1_macro": 0.8424863515197394, "pre_macro": 0.8446203125922317, "re_macro": 0.8446, "best_epoch": 10, "val_loss": 0.43487186691943247, "train_loss": 0.8047878338935527}
{"epoch": 11, "val_accuracy": 0.8479299363057324, "train_accuracy": 0.8895833335024246, "f1_macro": 0.8457096141037608, "pre_macro": 0.8475463957975744, "re_macro": 0.8478, "best_epoch": 11, "val_loss": 0.43108907759569254, "train_loss": 0.7756649420616475}
{"epoch": 12, "val_accuracy": 0.8477308917197452, "train_accuracy": 0.893218085106383, "f1_macro": 0.8455130887726874, "pre_macro": 0.8469867692358448, "re_macro": 0.8476000000000001, "best_epoch": 11, "val_loss": 0.4269227451959233, "train_loss": 0.7534293562807935}
{"epoch": 13, "val_accuracy": 0.847531847133758, "train_accuracy": 0.8972074468085106, "f1_macro": 0.8456594256106922, "pre_macro": 0.846729026392083, "re_macro": 0.8474, "best_epoch": 11, "val_loss": 0.42240712264920494, "train_loss": 0.7355956955158964}
{"epoch": 14, "val_accuracy": 0.8481289808917197, "train_accuracy": 0.8991356382978724, "f1_macro": 0.8464543627124694, "pre_macro": 0.8471668548873528, "re_macro": 0.8480000000000001, "best_epoch": 14, "val_loss": 0.4194726667776229, "train_loss": 0.721712227324222}
{"epoch": 15, "val_accuracy": 0.8490246815286624, "train_accuracy": 0.8998005319148936, "f1_macro": 0.8475348723142888, "pre_macro": 0.8479932249253295, "re_macro": 0.8488999999999999, "best_epoch": 15, "val_loss": 0.4174458238349599, "train_loss": 0.7106946853881186}
{"epoch": 16, "val_accuracy": 0.8493232484076433, "train_accuracy": 0.9008643617021277, "f1_macro": 0.8480151216679632, "pre_macro": 0.8483093307960875, "re_macro": 0.8492, "best_epoch": 16, "val_loss": 0.4158914250553034, "train_loss": 0.7017414331436157}
{"epoch": 17, "val_accuracy": 0.8496218152866242, "train_accuracy": 0.901529255319149, "f1_macro": 0.8483517320468209, "pre_macro": 0.8485587152727799, "re_macro": 0.8494999999999999, "best_epoch": 17, "val_loss": 0.4147823624739981, "train_loss": 0.6944272926513185}
{"epoch": 18, "val_accuracy": 0.8491242038216561, "train_accuracy": 0.9031914893617021, "f1_macro": 0.8479466517683225, "pre_macro": 0.8480750645367487, "re_macro": 0.849, "best_epoch": 17, "val_loss": 0.4139168338411173, "train_loss": 0.6885130549998993}
{"epoch": 19, "val_accuracy": 0.8499203821656051, "train_accuracy": 0.9037234042553192, "f1_macro": 0.8488345511416242, "pre_macro": 0.8488280495833618, "re_macro": 0.8497999999999999, "best_epoch": 19, "val_loss": 0.4128979640022205, "train_loss": 0.6837119612287967}
{"epoch": 20, "val_accuracy": 0.8499203821656051, "train_accuracy": 0.904122340425532, "f1_macro": 0.8490149081333536, "pre_macro": 0.8489292540304042, "re_macro": 0.8497999999999999, "best_epoch": 19, "val_loss": 0.412154378120307, "train_loss": 0.6797361432237828}
{"epoch": 21, "val_accuracy": 0.8501194267515924, "train_accuracy": 0.9046985816448293, "f1_macro": 0.849380504288008, "pre_macro": 0.8492856909292644, "re_macro": 0.85, "best_epoch": 21, "val_loss": 0.41170978422757165, "train_loss": 0.6765286856509269}
{"epoch": 22, "val_accuracy": 0.8500199044585988, "train_accuracy": 0.905629432708659, "f1_macro": 0.8494512469535666, "pre_macro": 0.8493800164363863, "re_macro": 0.8499000000000001, "best_epoch": 21, "val_loss": 0.4114610789118299, "train_loss": 0.6739414245524304}
{"epoch": 23, "val_accuracy": 0.8503184713375797, "train_accuracy": 0.9060283688788718, "f1_macro": 0.8498607695890301, "pre_macro": 0.849830627846868, "re_macro": 0.8502000000000001, "best_epoch": 23, "val_loss": 0.4113023639864223, "train_loss": 0.6718544787548958}
{"epoch": 24, "val_accuracy": 0.8503184713375797, "train_accuracy": 0.9068262412192973, "f1_macro": 0.8498838226234884, "pre_macro": 0.8498595686317241, "re_macro": 0.8501999999999998, "best_epoch": 23, "val_loss": 0.4111762535610017, "train_loss": 0.6701715903079256}
{"epoch": 25, "val_accuracy": 0.8506170382165605, "train_accuracy": 0.9068927305809995, "f1_macro": 0.8501728472988683, "pre_macro": 0.8501410489546334, "re_macro": 0.8504999999999999, "best_epoch": 25, "val_loss": 0.4110684521069193, "train_loss": 0.6688132416694722}
{"training time": 76.47841882705688}
