{"epoch": 1, "val_accuracy": 0.818968949044586, "train_accuracy": 0.8044542910447762, "f1_macro": 0.8139431812312419, "pre_macro": 0.8290384653488871, "re_macro": 0.819, "best_epoch": 1, "val_loss": 0.5087294018572304, "train_loss": 2.058040697310271}
{"epoch": 2, "val_accuracy": 0.8413614649681529, "train_accuracy": 0.84761460554371, "f1_macro": 0.8390932919675625, "pre_macro": 0.8429494133269705, "re_macro": 0.8412000000000001, "best_epoch": 2, "val_loss": 0.45000849351002153, "train_loss": 0.8169777939822882}
{"epoch": 3, "val_accuracy": 0.8490246815286624, "train_accuracy": 0.8596082089552238, "f1_macro": 0.8484849506833013, "pre_macro": 0.8510221967582996, "re_macro": 0.8489000000000001, "best_epoch": 3, "val_loss": 0.4194021093048108, "train_loss": 0.5909298550345496}
{"epoch": 4, "val_accuracy": 0.8472332802547771, "train_accuracy": 0.8669876066098081, "f1_macro": 0.8448536517458779, "pre_macro": 0.85236943065732, "re_macro": 0.8471, "best_epoch": 3, "val_loss": 0.42309298475456847, "train_loss": 0.5066542837665533}
{"epoch": 5, "val_accuracy": 0.8525079617834395, "train_accuracy": 0.8747667910447762, "f1_macro": 0.8505131542748506, "pre_macro": 0.857418873639781, "re_macro": 0.8524, "best_epoch": 5, "val_loss": 0.40966469448083526, "train_loss": 0.45999465217150604}
{"epoch": 6, "val_accuracy": 0.8533041401273885, "train_accuracy": 0.8804970682302772, "f1_macro": 0.8520646743016125, "pre_macro": 0.8578328787114726, "re_macro": 0.8535, "best_epoch": 6, "val_loss": 0.40326008456907453, "train_loss": 0.4303173715276505}
{"epoch": 7, "val_accuracy": 0.8602707006369427, "train_accuracy": 0.8861940298507462, "f1_macro": 0.8592666203286914, "pre_macro": 0.862531132444181, "re_macro": 0.8605, "best_epoch": 7, "val_loss": 0.39252962732011343, "train_loss": 0.40939294079791255}
{"epoch": 8, "val_accuracy": 0.8608678343949044, "train_accuracy": 0.8913579424307037, "f1_macro": 0.8594623240935857, "pre_macro": 0.8615099042733133, "re_macro": 0.8610999999999999, "best_epoch": 8, "val_loss": 0.38156389241005967, "train_loss": 0.3923864578450921}
{"epoch": 9, "val_accuracy": 0.8654458598726115, "train_accuracy": 0.8954224413646056, "f1_macro": 0.8638576735394968, "pre_macro": 0.8658884588186894, "re_macro": 0.8657, "best_epoch": 9, "val_loss": 0.37294705753113816, "train_loss": 0.3782936224678178}
{"epoch": 10, "val_accuracy": 0.868531050955414, "train_accuracy": 0.8988706023454158, "f1_macro": 0.8660809668634618, "pre_macro": 0.8696018832997181, "re_macro": 0.8687999999999999, "best_epoch": 10, "val_loss": 0.3639309049411944, "train_loss": 0.36684631047917327}
{"epoch": 11, "val_accuracy": 0.8697253184713376, "train_accuracy": 0.9018690031982942, "f1_macro": 0.8661850190302337, "pre_macro": 0.8719206888931554, "re_macro": 0.8697000000000001, "best_epoch": 11, "val_loss": 0.35863838956993854, "train_loss": 0.35723058720514467}
{"epoch": 12, "val_accuracy": 0.8718152866242038, "train_accuracy": 0.9048507462686567, "f1_macro": 0.8678678007606836, "pre_macro": 0.8740696086074331, "re_macro": 0.8714999999999999, "best_epoch": 12, "val_loss": 0.3557210713624954, "train_loss": 0.3494856181079899}
{"epoch": 13, "val_accuracy": 0.8738057324840764, "train_accuracy": 0.9071828358208955, "f1_macro": 0.8705480161714775, "pre_macro": 0.8751972737236429, "re_macro": 0.8734999999999999, "best_epoch": 13, "val_loss": 0.3513247909819245, "train_loss": 0.34298890439876867}
{"epoch": 14, "val_accuracy": 0.8746019108280255, "train_accuracy": 0.9093650053304904, "f1_macro": 0.8719691090001694, "pre_macro": 0.8747209349343288, "re_macro": 0.8742999999999999, "best_epoch": 14, "val_loss": 0.3461418767833406, "train_loss": 0.3375909333385384}
{"epoch": 15, "val_accuracy": 0.8757961783439491, "train_accuracy": 0.9109974680170576, "f1_macro": 0.8736761430600828, "pre_macro": 0.8752547152461929, "re_macro": 0.8755000000000001, "best_epoch": 15, "val_loss": 0.3420886752332092, "train_loss": 0.33310237353735134}
{"epoch": 16, "val_accuracy": 0.8755971337579618, "train_accuracy": 0.911930303837953, "f1_macro": 0.8737364290224938, "pre_macro": 0.8746358074654961, "re_macro": 0.8753, "best_epoch": 15, "val_loss": 0.3394669584787575, "train_loss": 0.3293915918386821}
{"epoch": 17, "val_accuracy": 0.8756966560509554, "train_accuracy": 0.9131962953091685, "f1_macro": 0.8740541880594431, "pre_macro": 0.8746959133119727, "re_macro": 0.8754, "best_epoch": 15, "val_loss": 0.33772979667232295, "train_loss": 0.326371638568988}
{"epoch": 18, "val_accuracy": 0.8748009554140127, "train_accuracy": 0.9142957089552238, "f1_macro": 0.8733709881943256, "pre_macro": 0.8737644252224435, "re_macro": 0.8745, "best_epoch": 15, "val_loss": 0.3364123415415454, "train_loss": 0.3239378065252101}
{"epoch": 19, "val_accuracy": 0.8754976114649682, "train_accuracy": 0.9149620202558635, "f1_macro": 0.8741893375806651, "pre_macro": 0.8744794535151351, "re_macro": 0.8752000000000001, "best_epoch": 15, "val_loss": 0.33528306842989225, "train_loss": 0.32198204435328687}
{"epoch": 20, "val_accuracy": 0.8759952229299363, "train_accuracy": 0.9157449360341151, "f1_macro": 0.874813348586969, "pre_macro": 0.8750176741799155, "re_macro": 0.8756999999999999, "best_epoch": 20, "val_loss": 0.3342845323169307, "train_loss": 0.3203932388123673}
{"epoch": 21, "val_accuracy": 0.87609474522293, "train_accuracy": 0.9160947494669509, "f1_macro": 0.8749450491677534, "pre_macro": 0.8751588542873376, "re_macro": 0.8757999999999999, "best_epoch": 21, "val_loss": 0.33341928680611266, "train_loss": 0.3191031517028046}
{"epoch": 22, "val_accuracy": 0.8762937898089171, "train_accuracy": 0.9165611673773987, "f1_macro": 0.8751746230525874, "pre_macro": 0.8754038537897479, "re_macro": 0.876, "best_epoch": 22, "val_loss": 0.33269006488429514, "train_loss": 0.3180527141385241}
{"epoch": 23, "val_accuracy": 0.876890923566879, "train_accuracy": 0.9167943763326226, "f1_macro": 0.8758081635226216, "pre_macro": 0.8760201499811172, "re_macro": 0.8766, "best_epoch": 23, "val_loss": 0.33208800501124874, "train_loss": 0.31719601243289547}
{"epoch": 24, "val_accuracy": 0.8770899681528662, "train_accuracy": 0.9169442963752665, "f1_macro": 0.8760182370364078, "pre_macro": 0.8762238023026414, "re_macro": 0.8768, "best_epoch": 24, "val_loss": 0.3315973454599927, "train_loss": 0.31649628089371523}
{"epoch": 25, "val_accuracy": 0.8770899681528662, "train_accuracy": 0.9171608475479744, "f1_macro": 0.8759910501158975, "pre_macro": 0.876160276713138, "re_macro": 0.8768, "best_epoch": 24, "val_loss": 0.3312017881566552, "train_loss": 0.3159235509664519}
{"training time": 222.6790738105774}
