{"epoch": 1, "val_accuracy": 0.8264331210191083, "train_accuracy": 0.7705230497299357, "f1_macro": 0.8225023804419852, "pre_macro": 0.827978698247532, "re_macro": 0.8262, "best_epoch": 1, "val_loss": 0.5095462644365942, "train_loss": 0.6984180113102527}
{"epoch": 2, "val_accuracy": 0.8398686305732485, "train_accuracy": 0.8417774824385947, "f1_macro": 0.83192196822499, "pre_macro": 0.8436134977551293, "re_macro": 0.8397, "best_epoch": 2, "val_loss": 0.4777612980383976, "train_loss": 0.5052089351288815}
{"epoch": 3, "val_accuracy": 0.8407643312101911, "train_accuracy": 0.8646941489361702, "f1_macro": 0.8361008220714752, "pre_macro": 0.8447884324364564, "re_macro": 0.8408999999999999, "best_epoch": 3, "val_loss": 0.4576901915916212, "train_loss": 0.4468825360561939}
{"epoch": 4, "val_accuracy": 0.8432523885350318, "train_accuracy": 0.8763297872340425, "f1_macro": 0.8410164693607849, "pre_macro": 0.8472484837779625, "re_macro": 0.8433999999999999, "best_epoch": 4, "val_loss": 0.44545394751676326, "train_loss": 0.41645807179998845}
{"epoch": 5, "val_accuracy": 0.8443471337579618, "train_accuracy": 0.8863031914893617, "f1_macro": 0.8420628414666618, "pre_macro": 0.8476922095100263, "re_macro": 0.8445, "best_epoch": 5, "val_loss": 0.43829449394326303, "train_loss": 0.3919019705437599}
{"epoch": 6, "val_accuracy": 0.8478304140127388, "train_accuracy": 0.8952570922831271, "f1_macro": 0.8448571119454634, "pre_macro": 0.8522936029523521, "re_macro": 0.8480000000000001, "best_epoch": 6, "val_loss": 0.4385664735440236, "train_loss": 0.3680600973519873}
{"epoch": 7, "val_accuracy": 0.84265525477707, "train_accuracy": 0.9038785462683819, "f1_macro": 0.8396867249030411, "pre_macro": 0.8483292720860636, "re_macro": 0.8427999999999999, "best_epoch": 6, "val_loss": 0.4479443951966656, "train_loss": 0.3478806626289449}
{"epoch": 8, "val_accuracy": 0.8425557324840764, "train_accuracy": 0.9088209220703612, "f1_macro": 0.8399059114453424, "pre_macro": 0.8499411015609845, "re_macro": 0.8427, "best_epoch": 6, "val_loss": 0.44463804013030545, "train_loss": 0.3325444036341728}
{"epoch": 9, "val_accuracy": 0.8433519108280255, "train_accuracy": 0.9140735816448293, "f1_macro": 0.841180009281981, "pre_macro": 0.8491743459899688, "re_macro": 0.8435, "best_epoch": 6, "val_loss": 0.43669341030014547, "train_loss": 0.319274007830214}
{"epoch": 10, "val_accuracy": 0.84484474522293, "train_accuracy": 0.9190381207364671, "f1_macro": 0.8432882887674966, "pre_macro": 0.8496762178761005, "re_macro": 0.8450000000000001, "best_epoch": 6, "val_loss": 0.4320294866516332, "train_loss": 0.30873569719334865}
{"epoch": 11, "val_accuracy": 0.8463375796178344, "train_accuracy": 0.923249113559723, "f1_macro": 0.8451189495452913, "pre_macro": 0.8495198132850549, "re_macro": 0.8465, "best_epoch": 6, "val_loss": 0.42562499547460275, "train_loss": 0.2994528034900097}
{"epoch": 12, "val_accuracy": 0.849422770700637, "train_accuracy": 0.926817376055616, "f1_macro": 0.8482398381632492, "pre_macro": 0.8506941624218219, "re_macro": 0.8496, "best_epoch": 12, "val_loss": 0.41905262297505785, "train_loss": 0.29157442881705914}
{"epoch": 13, "val_accuracy": 0.8532046178343949, "train_accuracy": 0.9297429079705096, "f1_macro": 0.8519394807889744, "pre_macro": 0.8531445298440075, "re_macro": 0.8531000000000001, "best_epoch": 13, "val_loss": 0.41110924806944127, "train_loss": 0.2850512104465606}
{"epoch": 14, "val_accuracy": 0.8552945859872612, "train_accuracy": 0.9326019505237011, "f1_macro": 0.8541715770913598, "pre_macro": 0.8547231628177474, "re_macro": 0.8552, "best_epoch": 14, "val_loss": 0.4052935832055511, "train_loss": 0.27983304978685175}
{"epoch": 15, "val_accuracy": 0.8546974522292994, "train_accuracy": 0.933599290949233, "f1_macro": 0.8534781714529116, "pre_macro": 0.8537373231010831, "re_macro": 0.8545999999999999, "best_epoch": 14, "val_loss": 0.4024928103966318, "train_loss": 0.27499331743159194}
{"epoch": 16, "val_accuracy": 0.8558917197452229, "train_accuracy": 0.9351285462683819, "f1_macro": 0.8545548852007464, "pre_macro": 0.8547066621209802, "re_macro": 0.8558, "best_epoch": 16, "val_loss": 0.4007811423889391, "train_loss": 0.270705180472516}
{"epoch": 17, "val_accuracy": 0.857484076433121, "train_accuracy": 0.9367907803109352, "f1_macro": 0.8561422623434887, "pre_macro": 0.8562518671219873, "re_macro": 0.8573999999999999, "best_epoch": 17, "val_loss": 0.3989260584875277, "train_loss": 0.26729519436968135}
{"epoch": 18, "val_accuracy": 0.8586783439490446, "train_accuracy": 0.9379210994598713, "f1_macro": 0.857407808895832, "pre_macro": 0.8575240244548616, "re_macro": 0.8586, "best_epoch": 18, "val_loss": 0.39736153688400416, "train_loss": 0.264360097431122}
{"epoch": 19, "val_accuracy": 0.8580812101910829, "train_accuracy": 0.9397828015875309, "f1_macro": 0.8568671517394779, "pre_macro": 0.8568851548386551, "re_macro": 0.858, "best_epoch": 18, "val_loss": 0.39646722205505247, "train_loss": 0.26192575471198304}
{"epoch": 20, "val_accuracy": 0.859375, "train_accuracy": 0.9415780143534883, "f1_macro": 0.8583567122184308, "pre_macro": 0.858254341641319, "re_macro": 0.8593, "best_epoch": 20, "val_loss": 0.39574928970853235, "train_loss": 0.2599344673943012}
{"epoch": 21, "val_accuracy": 0.8583797770700637, "train_accuracy": 0.9427083335024246, "f1_macro": 0.8575211982989697, "pre_macro": 0.8573534080952875, "re_macro": 0.8583000000000001, "best_epoch": 20, "val_loss": 0.39538242511308874, "train_loss": 0.2582391887903214}
{"epoch": 22, "val_accuracy": 0.8587778662420382, "train_accuracy": 0.9434397164811479, "f1_macro": 0.8579461056609949, "pre_macro": 0.8577356867686508, "re_macro": 0.8587, "best_epoch": 20, "val_loss": 0.39521862129876567, "train_loss": 0.2567476381646826}
{"epoch": 23, "val_accuracy": 0.8592754777070064, "train_accuracy": 0.9438386526513607, "f1_macro": 0.8585267010198694, "pre_macro": 0.8583123269781471, "re_macro": 0.8592000000000001, "best_epoch": 20, "val_loss": 0.39512765701789004, "train_loss": 0.2554925316825826}
{"epoch": 24, "val_accuracy": 0.8596735668789809, "train_accuracy": 0.9444370569066799, "f1_macro": 0.8589898563396232, "pre_macro": 0.8587730165597909, "re_macro": 0.8596, "best_epoch": 24, "val_loss": 0.3950531996169667, "train_loss": 0.2544524687401792}
{"epoch": 25, "val_accuracy": 0.8597730891719745, "train_accuracy": 0.9447695037151905, "f1_macro": 0.8591017533339643, "pre_macro": 0.8588952024073399, "re_macro": 0.8596999999999999, "best_epoch": 25, "val_loss": 0.39499273962655645, "train_loss": 0.25358980336087816}
{"training time": 84.55184006690979}
