{"epoch": 1, "val_accuracy": 0.8265326433121019, "train_accuracy": 0.8205956823027718, "f1_macro": 0.8208675450937534, "pre_macro": 0.838444502485696, "re_macro": 0.8263, "best_epoch": 1, "val_loss": 0.48635638975034096, "train_loss": 0.5705924435719244}
{"epoch": 2, "val_accuracy": 0.8442476114649682, "train_accuracy": 0.8549440298507462, "f1_macro": 0.8404501610736906, "pre_macro": 0.852888900099735, "re_macro": 0.8441000000000001, "best_epoch": 2, "val_loss": 0.44378993085994844, "train_loss": 0.4747023883500079}
{"epoch": 3, "val_accuracy": 0.851015127388535, "train_accuracy": 0.8647554637526652, "f1_macro": 0.8495280547066839, "pre_macro": 0.8549354977989696, "re_macro": 0.8509, "best_epoch": 3, "val_loss": 0.413773432089265, "train_loss": 0.4465274727547855}
{"epoch": 4, "val_accuracy": 0.8516122611464968, "train_accuracy": 0.872984408315565, "f1_macro": 0.8500441522608793, "pre_macro": 0.8569908870218212, "re_macro": 0.8512000000000001, "best_epoch": 4, "val_loss": 0.4059659957316271, "train_loss": 0.4222784667317547}
{"epoch": 5, "val_accuracy": 0.8597730891719745, "train_accuracy": 0.8795475746268657, "f1_macro": 0.8579162206337951, "pre_macro": 0.8624307076325172, "re_macro": 0.8591, "best_epoch": 5, "val_loss": 0.38984283491684374, "train_loss": 0.40431303225918364}
{"epoch": 6, "val_accuracy": 0.8586783439490446, "train_accuracy": 0.8861440565031983, "f1_macro": 0.8569314996707046, "pre_macro": 0.8622506445787126, "re_macro": 0.8583000000000001, "best_epoch": 5, "val_loss": 0.3881444243868445, "train_loss": 0.3848795389125088}
{"epoch": 7, "val_accuracy": 0.8596735668789809, "train_accuracy": 0.8922241471215352, "f1_macro": 0.8584237561115617, "pre_macro": 0.8618304287915407, "re_macro": 0.8596, "best_epoch": 5, "val_loss": 0.38263701766159885, "train_loss": 0.3663595428884919}
{"epoch": 8, "val_accuracy": 0.8625597133757962, "train_accuracy": 0.8981876332622601, "f1_macro": 0.861520345193058, "pre_macro": 0.8643702225743091, "re_macro": 0.8625, "best_epoch": 8, "val_loss": 0.3779940043285394, "train_loss": 0.3522199698761582}
{"epoch": 9, "val_accuracy": 0.8688296178343949, "train_accuracy": 0.9016357942430704, "f1_macro": 0.868325889188557, "pre_macro": 0.8700355734539018, "re_macro": 0.8688, "best_epoch": 9, "val_loss": 0.366553637062668, "train_loss": 0.33862309173734456}
{"epoch": 10, "val_accuracy": 0.872312898089172, "train_accuracy": 0.9064998667377399, "f1_macro": 0.8713415682525513, "pre_macro": 0.871966709147396, "re_macro": 0.8723000000000001, "best_epoch": 10, "val_loss": 0.35456455835870876, "train_loss": 0.32721558306961934}
{"epoch": 11, "val_accuracy": 0.8764928343949044, "train_accuracy": 0.9097647921108742, "f1_macro": 0.8737342666120254, "pre_macro": 0.8750258931963673, "re_macro": 0.8758999999999999, "best_epoch": 11, "val_loss": 0.34710791896862586, "train_loss": 0.3178235345494264}
{"epoch": 12, "val_accuracy": 0.8767914012738853, "train_accuracy": 0.9130630330490405, "f1_macro": 0.8730921356499488, "pre_macro": 0.8763736199808969, "re_macro": 0.8762000000000001, "best_epoch": 12, "val_loss": 0.34808635550319766, "train_loss": 0.3098064902176989}
{"epoch": 13, "val_accuracy": 0.8758957006369427, "train_accuracy": 0.9163612739872068, "f1_macro": 0.8722841758554735, "pre_macro": 0.876338139871722, "re_macro": 0.8756, "best_epoch": 12, "val_loss": 0.3487187772989273, "train_loss": 0.30263129424756524}
{"epoch": 14, "val_accuracy": 0.8750995222929936, "train_accuracy": 0.9188765991471215, "f1_macro": 0.8719117422310599, "pre_macro": 0.8750743500485674, "re_macro": 0.8747999999999999, "best_epoch": 12, "val_loss": 0.34615148898142917, "train_loss": 0.2965229976374203}
{"epoch": 15, "val_accuracy": 0.8782842356687898, "train_accuracy": 0.9215585021321961, "f1_macro": 0.8757394784927225, "pre_macro": 0.8774900989086852, "re_macro": 0.8776999999999999, "best_epoch": 15, "val_loss": 0.34191207625683706, "train_loss": 0.29121904993362263}
{"epoch": 16, "val_accuracy": 0.8792794585987261, "train_accuracy": 0.9230577025586354, "f1_macro": 0.8771679168381695, "pre_macro": 0.8782528906917986, "re_macro": 0.8786999999999999, "best_epoch": 16, "val_loss": 0.3383546436478378, "train_loss": 0.2868432618344008}
{"epoch": 17, "val_accuracy": 0.8790804140127388, "train_accuracy": 0.9241904317697228, "f1_macro": 0.8773154170193559, "pre_macro": 0.8778629567214852, "re_macro": 0.8785000000000001, "best_epoch": 16, "val_loss": 0.33600211475685143, "train_loss": 0.28317987091187985}
{"epoch": 18, "val_accuracy": 0.8789808917197452, "train_accuracy": 0.925706289978678, "f1_macro": 0.8773670646144055, "pre_macro": 0.8776394647322423, "re_macro": 0.8784000000000001, "best_epoch": 16, "val_loss": 0.33419525129779887, "train_loss": 0.28031231702835574}
{"epoch": 19, "val_accuracy": 0.879578025477707, "train_accuracy": 0.9267390724946695, "f1_macro": 0.8780923722116049, "pre_macro": 0.87830656674432, "re_macro": 0.8790000000000001, "best_epoch": 19, "val_loss": 0.3327319502450858, "train_loss": 0.27795552842017174}
{"epoch": 20, "val_accuracy": 0.8802746815286624, "train_accuracy": 0.927688566098081, "f1_macro": 0.8788642983390866, "pre_macro": 0.8789740490108132, "re_macro": 0.8797, "best_epoch": 20, "val_loss": 0.3313725067741552, "train_loss": 0.27598975316039537}
{"epoch": 21, "val_accuracy": 0.8803742038216561, "train_accuracy": 0.9284048507462687, "f1_macro": 0.8790392689347302, "pre_macro": 0.8790757403794643, "re_macro": 0.8798, "best_epoch": 21, "val_loss": 0.33014789128759103, "train_loss": 0.2744056323825169}
{"epoch": 22, "val_accuracy": 0.8799761146496815, "train_accuracy": 0.9290211886993603, "f1_macro": 0.8786738412645967, "pre_macro": 0.878685313614217, "re_macro": 0.8794000000000001, "best_epoch": 21, "val_loss": 0.3291514370187073, "train_loss": 0.273081391017193}
{"epoch": 23, "val_accuracy": 0.8809713375796179, "train_accuracy": 0.9295209221748401, "f1_macro": 0.8796422190440865, "pre_macro": 0.8796082001346905, "re_macro": 0.8803999999999998, "best_epoch": 23, "val_loss": 0.32837138187353776, "train_loss": 0.2720062855972664}
{"epoch": 24, "val_accuracy": 0.8810708598726115, "train_accuracy": 0.9296541844349681, "f1_macro": 0.8797204351602325, "pre_macro": 0.879690316151158, "re_macro": 0.8805, "best_epoch": 24, "val_loss": 0.32777639758435023, "train_loss": 0.2711303968514715}
{"epoch": 25, "val_accuracy": 0.8817675159235668, "train_accuracy": 0.9299207089552238, "f1_macro": 0.8804225181336877, "pre_macro": 0.8804005284574373, "re_macro": 0.8812, "best_epoch": 25, "val_loss": 0.3273372820038704, "train_loss": 0.270410323368588}
{"training time": 252.73521399497986}
