{"epoch": 1, "val_accuracy": 0.7331807324840764, "train_accuracy": 0.660476824070545, "f1_macro": 0.7394405820902282, "pre_macro": 0.776928255508875, "re_macro": 0.7325, "best_epoch": 1, "val_loss": 0.6790221215813024, "train_loss": 1.0283670374687681}
{"epoch": 2, "val_accuracy": 0.7574641719745223, "train_accuracy": 0.8089855630347069, "f1_macro": 0.7662791763429866, "pre_macro": 0.8146088687948687, "re_macro": 0.7572000000000001, "best_epoch": 2, "val_loss": 0.6268001916302237, "train_loss": 0.6135051586526505}
{"epoch": 3, "val_accuracy": 0.7729896496815286, "train_accuracy": 0.8476443772620343, "f1_macro": 0.7790042397375727, "pre_macro": 0.8104361001205437, "re_macro": 0.7727999999999999, "best_epoch": 3, "val_loss": 0.5951657002898538, "train_loss": 0.5176222476553409}
{"epoch": 4, "val_accuracy": 0.7820461783439491, "train_accuracy": 0.8712481006662897, "f1_macro": 0.7880902215553, "pre_macro": 0.818685384025043, "re_macro": 0.7818999999999999, "best_epoch": 4, "val_loss": 0.5749960837850145, "train_loss": 0.45729146041768665}
{"epoch": 5, "val_accuracy": 0.7879179936305732, "train_accuracy": 0.8872055474748003, "f1_macro": 0.7929045802222563, "pre_macro": 0.8257525669460589, "re_macro": 0.7874999999999999, "best_epoch": 5, "val_loss": 0.5651587099786017, "train_loss": 0.41614159814854884}
{"epoch": 6, "val_accuracy": 0.808718152866242, "train_accuracy": 0.896941490629886, "f1_macro": 0.8111228402501144, "pre_macro": 0.8239477919827973, "re_macro": 0.8084, "best_epoch": 6, "val_loss": 0.51931047173822, "train_loss": 0.3912002013084736}
{"epoch": 7, "val_accuracy": 0.8096138535031847, "train_accuracy": 0.9092420225447797, "f1_macro": 0.8121733741295027, "pre_macro": 0.8238426137784389, "re_macro": 0.8093, "best_epoch": 7, "val_loss": 0.5149404949443356, "train_loss": 0.36399810491724216}
{"epoch": 8, "val_accuracy": 0.8116042993630573, "train_accuracy": 0.917648177197639, "f1_macro": 0.8142798953673461, "pre_macro": 0.8247156492547596, "re_macro": 0.8113000000000001, "best_epoch": 8, "val_loss": 0.5126098090675986, "train_loss": 0.34290493771116787}
{"epoch": 9, "val_accuracy": 0.8149880573248408, "train_accuracy": 0.9219224934882306, "f1_macro": 0.8172339620798039, "pre_macro": 0.8257725476693055, "re_macro": 0.8146999999999999, "best_epoch": 9, "val_loss": 0.5085116860213553, "train_loss": 0.3317119019462707}
{"epoch": 10, "val_accuracy": 0.8166799363057324, "train_accuracy": 0.925246961573337, "f1_macro": 0.8175565114022293, "pre_macro": 0.8231652857169751, "re_macro": 0.8164, "best_epoch": 10, "val_loss": 0.5043392957775457, "train_loss": 0.3224728113793312}
{"epoch": 11, "val_accuracy": 0.8184713375796179, "train_accuracy": 0.9295687700839753, "f1_macro": 0.819114604472943, "pre_macro": 0.8245556256914318, "re_macro": 0.8182, "best_epoch": 11, "val_loss": 0.5025222466629782, "train_loss": 0.31339496469244044}
{"epoch": 12, "val_accuracy": 0.8193670382165605, "train_accuracy": 0.9332256849775923, "f1_macro": 0.8201026666676926, "pre_macro": 0.8251368255714888, "re_macro": 0.8193999999999999, "best_epoch": 12, "val_loss": 0.499741669862893, "train_loss": 0.30635870517568387}
{"epoch": 13, "val_accuracy": 0.8218550955414012, "train_accuracy": 0.9365501530626987, "f1_macro": 0.8224035024797937, "pre_macro": 0.8266375650834199, "re_macro": 0.8219, "best_epoch": 13, "val_loss": 0.4963292778487418, "train_loss": 0.30094658757777926}
{"epoch": 14, "val_accuracy": 0.8240445859872612, "train_accuracy": 0.9388772807222732, "f1_macro": 0.8242524604520515, "pre_macro": 0.8274986491407264, "re_macro": 0.8241000000000002, "best_epoch": 14, "val_loss": 0.49334521430313205, "train_loss": 0.29651912285926496}
{"epoch": 15, "val_accuracy": 0.8246417197452229, "train_accuracy": 0.9412519006018943, "f1_macro": 0.8246196942428121, "pre_macro": 0.8266657088947454, "re_macro": 0.8247, "best_epoch": 15, "val_loss": 0.49065415798478823, "train_loss": 0.2933840238033457}
{"epoch": 16, "val_accuracy": 0.8251393312101911, "train_accuracy": 0.9402545601763623, "f1_macro": 0.8250747151892839, "pre_macro": 0.8264333598250977, "re_macro": 0.8252, "best_epoch": 16, "val_loss": 0.4885390899173773, "train_loss": 0.29082609935009734}
{"epoch": 17, "val_accuracy": 0.8245421974522293, "train_accuracy": 0.9409669460134303, "f1_macro": 0.8244316242739455, "pre_macro": 0.8252936291238466, "re_macro": 0.8246, "best_epoch": 16, "val_loss": 0.4870361235870677, "train_loss": 0.28832160475406243}
{"epoch": 18, "val_accuracy": 0.8241441082802548, "train_accuracy": 0.9455737091125326, "f1_macro": 0.8240414365513109, "pre_macro": 0.8247501622620398, "re_macro": 0.8242, "best_epoch": 16, "val_loss": 0.48575837359686563, "train_loss": 0.28567648251005945}
{"epoch": 19, "val_accuracy": 0.8244426751592356, "train_accuracy": 0.9455737091125326, "f1_macro": 0.8244457127274629, "pre_macro": 0.8250653423389676, "re_macro": 0.8245000000000001, "best_epoch": 16, "val_loss": 0.484756432805851, "train_loss": 0.28321056099648173}
{"epoch": 20, "val_accuracy": 0.8249402866242038, "train_accuracy": 0.9462386027295538, "f1_macro": 0.8250632948728432, "pre_macro": 0.8256965943371422, "re_macro": 0.825, "best_epoch": 16, "val_loss": 0.48414059590761827, "train_loss": 0.2811691440800403}
{"epoch": 21, "val_accuracy": 0.8249402866242038, "train_accuracy": 0.9472359431550857, "f1_macro": 0.8251381889483301, "pre_macro": 0.8257892175336238, "re_macro": 0.825, "best_epoch": 16, "val_loss": 0.48377958291275486, "train_loss": 0.2795893943056147}
{"epoch": 22, "val_accuracy": 0.8245421974522293, "train_accuracy": 0.9485657303891284, "f1_macro": 0.8247628501081966, "pre_macro": 0.8253903685763833, "re_macro": 0.8246, "best_epoch": 16, "val_loss": 0.4835571545134684, "train_loss": 0.2783732572768597}
{"epoch": 23, "val_accuracy": 0.824343152866242, "train_accuracy": 0.9482332835806176, "f1_macro": 0.8246164841217564, "pre_macro": 0.8252686812832553, "re_macro": 0.8244, "best_epoch": 16, "val_loss": 0.48341407660086444, "train_loss": 0.27742670666664204}
{"epoch": 24, "val_accuracy": 0.8240445859872612, "train_accuracy": 0.9482332835806176, "f1_macro": 0.824332740749151, "pre_macro": 0.8249847292793154, "re_macro": 0.8240999999999999, "best_epoch": 16, "val_loss": 0.4833185125118608, "train_loss": 0.2766836165113652}
{"epoch": 25, "val_accuracy": 0.8242436305732485, "train_accuracy": 0.9482332835806176, "f1_macro": 0.8245323429515332, "pre_macro": 0.8251723464927542, "re_macro": 0.8243, "best_epoch": 16, "val_loss": 0.48325256709080594, "train_loss": 0.2760963335316232}
{"training time": 37.01500201225281}
