{"epoch": 1, "val_accuracy": 0.8242436305732485, "train_accuracy": 0.8117453835227273, "f1_macro": 0.8218281307833232, "pre_macro": 0.8344206190259266, "re_macro": 0.8240000000000001, "best_epoch": 1, "val_loss": 0.5032607100571796, "train_loss": 0.5929057650183412}
{"epoch": 2, "val_accuracy": 0.8379777070063694, "train_accuracy": 0.8539817116477273, "f1_macro": 0.8361979595943101, "pre_macro": 0.8409244714497321, "re_macro": 0.8378, "best_epoch": 2, "val_loss": 0.4374853780694828, "train_loss": 0.48478830364448106}
{"epoch": 3, "val_accuracy": 0.8404657643312102, "train_accuracy": 0.8639470880681818, "f1_macro": 0.8396572264047666, "pre_macro": 0.844700619878705, "re_macro": 0.8400000000000001, "best_epoch": 3, "val_loss": 0.430809477522115, "train_loss": 0.45560944493098016}
{"epoch": 4, "val_accuracy": 0.8459394904458599, "train_accuracy": 0.8721590909090909, "f1_macro": 0.845729329252805, "pre_macro": 0.850097015084699, "re_macro": 0.8452, "best_epoch": 4, "val_loss": 0.4169566810700544, "train_loss": 0.43105070225217124}
{"epoch": 5, "val_accuracy": 0.8460390127388535, "train_accuracy": 0.8794167258522727, "f1_macro": 0.8456363218501679, "pre_macro": 0.8521598666496614, "re_macro": 0.8459, "best_epoch": 5, "val_loss": 0.42290189207359485, "train_loss": 0.40888170116919687}
{"epoch": 6, "val_accuracy": 0.8485270700636943, "train_accuracy": 0.8858753551136364, "f1_macro": 0.8471100984601103, "pre_macro": 0.8537442778650473, "re_macro": 0.8478, "best_epoch": 6, "val_loss": 0.42095569734740407, "train_loss": 0.3893213701773096}
{"epoch": 7, "val_accuracy": 0.851015127388535, "train_accuracy": 0.8920676491477273, "f1_macro": 0.8491174980439918, "pre_macro": 0.8542925352272134, "re_macro": 0.8503000000000001, "best_epoch": 7, "val_loss": 0.4085565045191224, "train_loss": 0.3705802169967104}
{"epoch": 8, "val_accuracy": 0.8572850318471338, "train_accuracy": 0.8973721590909091, "f1_macro": 0.8560771419003199, "pre_macro": 0.858915541003278, "re_macro": 0.8566, "best_epoch": 8, "val_loss": 0.3843802549656789, "train_loss": 0.3550676144871183}
{"epoch": 9, "val_accuracy": 0.8623606687898089, "train_accuracy": 0.90283203125, "f1_macro": 0.8612653026079438, "pre_macro": 0.8626111206257991, "re_macro": 0.8617000000000001, "best_epoch": 9, "val_loss": 0.37195614312484765, "train_loss": 0.34065396802245895}
{"epoch": 10, "val_accuracy": 0.8646496815286624, "train_accuracy": 0.9082253196022727, "f1_macro": 0.863425378257852, "pre_macro": 0.8643065203888574, "re_macro": 0.8640000000000001, "best_epoch": 10, "val_loss": 0.36344732348896136, "train_loss": 0.32806919957511127}
{"epoch": 11, "val_accuracy": 0.8667396496815286, "train_accuracy": 0.9122203480113636, "f1_macro": 0.8651394999115445, "pre_macro": 0.8663467962743392, "re_macro": 0.8661, "best_epoch": 11, "val_loss": 0.3610425685431547, "train_loss": 0.31764879974070936}
{"epoch": 12, "val_accuracy": 0.8681329617834395, "train_accuracy": 0.9155717329545454, "f1_macro": 0.8660769329771065, "pre_macro": 0.8672753083875163, "re_macro": 0.8674999999999999, "best_epoch": 12, "val_loss": 0.3585144654390918, "train_loss": 0.30789931171404367}
{"epoch": 13, "val_accuracy": 0.8686305732484076, "train_accuracy": 0.9187455610795454, "f1_macro": 0.8666895818839848, "pre_macro": 0.8678367328735005, "re_macro": 0.868, "best_epoch": 13, "val_loss": 0.3564744899227361, "train_loss": 0.3000682514605366}
{"epoch": 14, "val_accuracy": 0.8694267515923567, "train_accuracy": 0.9215420809659091, "f1_macro": 0.8675064429269425, "pre_macro": 0.8686052469431754, "re_macro": 0.8688, "best_epoch": 14, "val_loss": 0.3556906047520364, "train_loss": 0.2934911872090941}
{"epoch": 15, "val_accuracy": 0.8706210191082803, "train_accuracy": 0.9249378551136364, "f1_macro": 0.8688383804274571, "pre_macro": 0.8699331237260355, "re_macro": 0.8699999999999999, "best_epoch": 15, "val_loss": 0.35424676157866314, "train_loss": 0.2878139698242938}
{"epoch": 16, "val_accuracy": 0.8721138535031847, "train_accuracy": 0.9261363636363636, "f1_macro": 0.8703222930794713, "pre_macro": 0.8715316388987168, "re_macro": 0.8714999999999999, "best_epoch": 16, "val_loss": 0.3521317608037572, "train_loss": 0.28307444765232503}
{"epoch": 17, "val_accuracy": 0.8728105095541401, "train_accuracy": 0.9272238991477273, "f1_macro": 0.8710650611531955, "pre_macro": 0.8722322765863737, "re_macro": 0.8722, "best_epoch": 17, "val_loss": 0.35025302135640646, "train_loss": 0.27916130097582936}
{"epoch": 18, "val_accuracy": 0.8747014331210191, "train_accuracy": 0.9289328835227273, "f1_macro": 0.8730203810971598, "pre_macro": 0.8739420223696592, "re_macro": 0.8741, "best_epoch": 18, "val_loss": 0.348171524466223, "train_loss": 0.2759605651742525}
{"epoch": 19, "val_accuracy": 0.8746019108280255, "train_accuracy": 0.9304421164772727, "f1_macro": 0.8730085071354731, "pre_macro": 0.8736109133774292, "re_macro": 0.874, "best_epoch": 18, "val_loss": 0.34644397618664297, "train_loss": 0.2732659363907508}
{"epoch": 20, "val_accuracy": 0.8755971337579618, "train_accuracy": 0.9315962357954546, "f1_macro": 0.8741252936441836, "pre_macro": 0.8745231708259915, "re_macro": 0.875, "best_epoch": 20, "val_loss": 0.34504470295587164, "train_loss": 0.2710603350477124}
{"epoch": 21, "val_accuracy": 0.8759952229299363, "train_accuracy": 0.9327503551136364, "f1_macro": 0.8746945896846914, "pre_macro": 0.8748943390605595, "re_macro": 0.8754, "best_epoch": 21, "val_loss": 0.3441955796472586, "train_loss": 0.26928153047761455}
{"epoch": 22, "val_accuracy": 0.8758957006369427, "train_accuracy": 0.9331498579545454, "f1_macro": 0.87464160330623, "pre_macro": 0.8748033435285052, "re_macro": 0.8753, "best_epoch": 21, "val_loss": 0.3436368757467361, "train_loss": 0.2678533662110567}
{"epoch": 23, "val_accuracy": 0.8756966560509554, "train_accuracy": 0.9336603338068182, "f1_macro": 0.874473259337587, "pre_macro": 0.8745086098354482, "re_macro": 0.8751, "best_epoch": 21, "val_loss": 0.343198115136593, "train_loss": 0.2667049610860307}
{"epoch": 24, "val_accuracy": 0.8756966560509554, "train_accuracy": 0.9340376420454546, "f1_macro": 0.8744845803397361, "pre_macro": 0.8744999134000097, "re_macro": 0.8751000000000001, "best_epoch": 21, "val_loss": 0.3428211458929025, "train_loss": 0.26577452858063305}
{"epoch": 25, "val_accuracy": 0.8765923566878981, "train_accuracy": 0.9342151988636364, "f1_macro": 0.8753865111212382, "pre_macro": 0.8753779104471964, "re_macro": 0.876, "best_epoch": 25, "val_loss": 0.3425009747978988, "train_loss": 0.26500711509619246}
{"training time": 206.0465908050537}
