{"epoch": 100, "loss": 14.517473220825195}
{"epoch": 200, "loss": 12.558643341064453}
{"epoch": 300, "loss": 9.701020240783691}
{"epoch": 400, "loss": 6.805346488952637}
{"epoch": 500, "loss": 4.802545070648193}
{"epoch": 600, "loss": 3.4471983909606934}
{"epoch": 700, "loss": 2.4768409729003906}
{"epoch": 800, "loss": 1.803682565689087}
{"epoch": 900, "loss": 1.3481968641281128}
{"epoch": 1000, "loss": 1.0360468626022339}
{"training_time:": "4.3789s", "final_loss": 1.0360468626022339}
