{"epoch": 100, "loss": 7770.97607421875}
{"epoch": 200, "loss": 7756.2451171875}
{"epoch": 300, "loss": 7729.10205078125}
{"epoch": 400, "loss": 7686.55615234375}
{"epoch": 500, "loss": 7635.5595703125}
{"epoch": 600, "loss": 7579.470703125}
{"epoch": 700, "loss": 7524.24267578125}
{"epoch": 800, "loss": 7471.095703125}
{"epoch": 900, "loss": 7419.0654296875}
{"epoch": 1000, "loss": 7367.10791015625}
{"training_time:": "5.8561s", "final_loss": 7367.10791015625}
