{"epoch": 1, "val_accuracy": 0.7314888535031847, "train_accuracy": 0.6576272807222732, "f1_macro": 0.7342674719293434, "pre_macro": 0.7531844433240791, "re_macro": 0.7311000000000001, "best_epoch": 1, "val_loss": 0.7165208863224953, "train_loss": 1.4107106556283666}
{"epoch": 2, "val_accuracy": 0.7439291401273885, "train_accuracy": 0.8136398183538559, "f1_macro": 0.751146440816283, "pre_macro": 0.7857419616549268, "re_macro": 0.7436, "best_epoch": 2, "val_loss": 0.6763086045623585, "train_loss": 0.9250756451424132}
{"epoch": 3, "val_accuracy": 0.76453025477707, "train_accuracy": 0.8526785728779245, "f1_macro": 0.7720175965438368, "pre_macro": 0.8079561785524249, "re_macro": 0.7643, "best_epoch": 3, "val_loss": 0.6296648405919409, "train_loss": 0.8065834819002354}
{"epoch": 4, "val_accuracy": 0.7888136942675159, "train_accuracy": 0.8840235573180178, "f1_macro": 0.7935274749736853, "pre_macro": 0.8075200349479743, "re_macro": 0.7881, "best_epoch": 4, "val_loss": 0.5794172315460862, "train_loss": 0.7283909574468085}
{"epoch": 5, "val_accuracy": 0.7903065286624203, "train_accuracy": 0.9084346509994344, "f1_macro": 0.7945391756467656, "pre_macro": 0.807275307269857, "re_macro": 0.7899, "best_epoch": 5, "val_loss": 0.5753462130476714, "train_loss": 0.6801476288349071}
{"epoch": 6, "val_accuracy": 0.7920979299363057, "train_accuracy": 0.925389438233477, "f1_macro": 0.7967543503594554, "pre_macro": 0.8122289822627267, "re_macro": 0.7917, "best_epoch": 6, "val_loss": 0.5736421192907224, "train_loss": 0.6387782375863258}
{"epoch": 7, "val_accuracy": 0.7920979299363057, "train_accuracy": 0.9383548637653919, "f1_macro": 0.7961309911574317, "pre_macro": 0.8112280092585452, "re_macro": 0.7917, "best_epoch": 6, "val_loss": 0.5726508107154992, "train_loss": 0.609935205033485}
{"epoch": 8, "val_accuracy": 0.8001592356687898, "train_accuracy": 0.9469509885666219, "f1_macro": 0.8019250681600726, "pre_macro": 0.8105386177563018, "re_macro": 0.7998, "best_epoch": 8, "val_loss": 0.5613673378707497, "train_loss": 0.5873734697382501}
{"epoch": 9, "val_accuracy": 0.8065286624203821, "train_accuracy": 0.9499905020632642, "f1_macro": 0.8060109873960567, "pre_macro": 0.8091614668707076, "re_macro": 0.8061999999999999, "best_epoch": 9, "val_loss": 0.5498539938288889, "train_loss": 0.5711914757464794}
{"epoch": 10, "val_accuracy": 0.8059315286624203, "train_accuracy": 0.9550246964109704, "f1_macro": 0.806061910978141, "pre_macro": 0.8101233093742858, "re_macro": 0.8056000000000001, "best_epoch": 9, "val_loss": 0.5484299130120854, "train_loss": 0.5547449144911258}
{"epoch": 11, "val_accuracy": 0.8090167197452229, "train_accuracy": 0.9593465049216088, "f1_macro": 0.8090760852747566, "pre_macro": 0.8129110581856824, "re_macro": 0.8087, "best_epoch": 11, "val_loss": 0.5460690042585324, "train_loss": 0.5422649833750217}
{"epoch": 12, "val_accuracy": 0.8090167197452229, "train_accuracy": 0.9626709730067151, "f1_macro": 0.8092749183901015, "pre_macro": 0.8126321121387402, "re_macro": 0.8087, "best_epoch": 11, "val_loss": 0.5416119108154516, "train_loss": 0.532270998396772}
{"epoch": 13, "val_accuracy": 0.8092157643312102, "train_accuracy": 0.9670877659574468, "f1_macro": 0.8093495526662728, "pre_macro": 0.8111852612577412, "re_macro": 0.8089000000000001, "best_epoch": 13, "val_loss": 0.5371558633959217, "train_loss": 0.5241699066567929}
{"epoch": 14, "val_accuracy": 0.8097133757961783, "train_accuracy": 0.9694148936170213, "f1_macro": 0.8094507598408229, "pre_macro": 0.810254857482257, "re_macro": 0.8094000000000001, "best_epoch": 14, "val_loss": 0.5339528447503497, "train_loss": 0.5179363362332607}
{"epoch": 15, "val_accuracy": 0.8112062101910829, "train_accuracy": 0.9737367021276596, "f1_macro": 0.8105863700609216, "pre_macro": 0.8109333349785832, "re_macro": 0.8109, "best_epoch": 15, "val_loss": 0.5326897790477534, "train_loss": 0.5121233488651032}
{"epoch": 16, "val_accuracy": 0.8117038216560509, "train_accuracy": 0.9763962765957447, "f1_macro": 0.8109341448130161, "pre_macro": 0.8111807557900296, "re_macro": 0.8113999999999999, "best_epoch": 16, "val_loss": 0.5322622009523356, "train_loss": 0.5069032863099524}
{"epoch": 17, "val_accuracy": 0.81140525477707, "train_accuracy": 0.9777260638297872, "f1_macro": 0.8107294408255703, "pre_macro": 0.8110042346040732, "re_macro": 0.8110999999999999, "best_epoch": 16, "val_loss": 0.5319362645316276, "train_loss": 0.5027565702478937}
{"epoch": 18, "val_accuracy": 0.81140525477707, "train_accuracy": 0.9783909574468085, "f1_macro": 0.8108404060877668, "pre_macro": 0.8111480843911467, "re_macro": 0.8110999999999999, "best_epoch": 16, "val_loss": 0.5317186115274004, "train_loss": 0.49958081511740987}
{"epoch": 19, "val_accuracy": 0.81140525477707, "train_accuracy": 0.9793882978723404, "f1_macro": 0.8109734413554005, "pre_macro": 0.8113389484648111, "re_macro": 0.8110999999999999, "best_epoch": 16, "val_loss": 0.5316110613999093, "train_loss": 0.4971562979069162}
{"epoch": 20, "val_accuracy": 0.8115047770700637, "train_accuracy": 0.9800531914893617, "f1_macro": 0.8111850093368351, "pre_macro": 0.811616944458517, "re_macro": 0.8112, "best_epoch": 16, "val_loss": 0.5315651971443444, "train_loss": 0.495283397588324}
{"epoch": 21, "val_accuracy": 0.8112062101910829, "train_accuracy": 0.980718085106383, "f1_macro": 0.8109357214613351, "pre_macro": 0.8114057283677942, "re_macro": 0.8109, "best_epoch": 16, "val_loss": 0.5315506342490008, "train_loss": 0.4938159261612182}
{"epoch": 22, "val_accuracy": 0.8111066878980892, "train_accuracy": 0.9810505319148937, "f1_macro": 0.8108894013030014, "pre_macro": 0.8113982925595874, "re_macro": 0.8108000000000001, "best_epoch": 16, "val_loss": 0.5315513939234862, "train_loss": 0.4926547947082114}
{"epoch": 23, "val_accuracy": 0.81140525477707, "train_accuracy": 0.9813829787234043, "f1_macro": 0.8112148336501237, "pre_macro": 0.811736736919244, "re_macro": 0.8111, "best_epoch": 16, "val_loss": 0.5315591579979393, "train_loss": 0.4917299557239451}
{"epoch": 24, "val_accuracy": 0.8109076433121019, "train_accuracy": 0.9813829787234043, "f1_macro": 0.8107846677409537, "pre_macro": 0.811380019442115, "re_macro": 0.8106000000000002, "best_epoch": 16, "val_loss": 0.5315696656893772, "train_loss": 0.490989883529379}
{"epoch": 25, "val_accuracy": 0.8108081210191083, "train_accuracy": 0.9817154255319149, "f1_macro": 0.8107000336919731, "pre_macro": 0.8113084775916104, "re_macro": 0.8105, "best_epoch": 16, "val_loss": 0.5315806551533899, "train_loss": 0.49039579071897144}
{"training time": 33.94073987007141}
