{"epoch": 1, "val_accuracy": 0.8120023885350318, "train_accuracy": 0.7625221632896586, "f1_macro": 0.8068512546498358, "pre_macro": 0.8140723157541435, "re_macro": 0.8119999999999999, "best_epoch": 1, "val_loss": 0.5301236288183054, "train_loss": 1.0382976301172946}
{"epoch": 2, "val_accuracy": 0.8044386942675159, "train_accuracy": 0.8428413122258288, "f1_macro": 0.797488678414472, "pre_macro": 0.8203967093663763, "re_macro": 0.8046999999999999, "best_epoch": 1, "val_loss": 0.5447547583822991, "train_loss": 0.7803127557673353}
{"epoch": 3, "val_accuracy": 0.8126990445859873, "train_accuracy": 0.866688829787234, "f1_macro": 0.8060364022714864, "pre_macro": 0.8223468300263951, "re_macro": 0.8130000000000001, "best_epoch": 3, "val_loss": 0.5367074578431001, "train_loss": 0.6882201861827931}
{"epoch": 4, "val_accuracy": 0.8220541401273885, "train_accuracy": 0.8842863476022761, "f1_macro": 0.8163392585126301, "pre_macro": 0.8294835628229767, "re_macro": 0.8224, "best_epoch": 4, "val_loss": 0.5140522621619473, "train_loss": 0.62523499422885}
{"epoch": 5, "val_accuracy": 0.8212579617834395, "train_accuracy": 0.8971852837724889, "f1_macro": 0.8173307034430927, "pre_macro": 0.8263834099951598, "re_macro": 0.8216000000000001, "best_epoch": 4, "val_loss": 0.5003475655985486, "train_loss": 0.5794042684930436}
{"epoch": 6, "val_accuracy": 0.8272292993630573, "train_accuracy": 0.905562943346957, "f1_macro": 0.8241394183075055, "pre_macro": 0.830300358654372, "re_macro": 0.8272999999999999, "best_epoch": 6, "val_loss": 0.48385507542236594, "train_loss": 0.5471752634707917}
{"epoch": 7, "val_accuracy": 0.8297173566878981, "train_accuracy": 0.912344858240574, "f1_macro": 0.8274847060519057, "pre_macro": 0.8318031133274726, "re_macro": 0.8295, "best_epoch": 7, "val_loss": 0.4766661251426502, "train_loss": 0.5215375581954388}
{"epoch": 8, "val_accuracy": 0.8315087579617835, "train_accuracy": 0.9210549646235527, "f1_macro": 0.8297122855192998, "pre_macro": 0.8332190212806655, "re_macro": 0.8312999999999999, "best_epoch": 8, "val_loss": 0.4734717024739381, "train_loss": 0.5008327763131324}
{"epoch": 9, "val_accuracy": 0.8334992038216561, "train_accuracy": 0.9242907803109351, "f1_macro": 0.8316491501051232, "pre_macro": 0.8344529053983873, "re_macro": 0.8333, "best_epoch": 9, "val_loss": 0.46976425636346175, "train_loss": 0.4841692919426776}
{"epoch": 10, "val_accuracy": 0.8343949044585988, "train_accuracy": 0.9302083335024245, "f1_macro": 0.8325921107715646, "pre_macro": 0.8346825233674157, "re_macro": 0.8342, "best_epoch": 10, "val_loss": 0.46441123164763115, "train_loss": 0.4708231750954973}
{"epoch": 11, "val_accuracy": 0.8347929936305732, "train_accuracy": 0.9337322696726373, "f1_macro": 0.8336147823403568, "pre_macro": 0.8348982704646868, "re_macro": 0.8349, "best_epoch": 11, "val_loss": 0.4596941700786542, "train_loss": 0.4596649114121782}
{"epoch": 12, "val_accuracy": 0.8355891719745223, "train_accuracy": 0.9384530143534884, "f1_macro": 0.8342675581243698, "pre_macro": 0.8349611003885669, "re_macro": 0.8354000000000001, "best_epoch": 12, "val_loss": 0.4561205161794735, "train_loss": 0.45018893099845725}
{"epoch": 13, "val_accuracy": 0.8365843949044586, "train_accuracy": 0.9418439718002969, "f1_macro": 0.8354504731213641, "pre_macro": 0.8357612293159529, "re_macro": 0.8364, "best_epoch": 13, "val_loss": 0.4546090870336362, "train_loss": 0.4424251995188125}
{"epoch": 14, "val_accuracy": 0.8381767515923567, "train_accuracy": 0.9456338654173181, "f1_macro": 0.8368417638614872, "pre_macro": 0.8369470482611945, "re_macro": 0.8379999999999999, "best_epoch": 14, "val_loss": 0.4535066776784362, "train_loss": 0.43612744808197024}
{"epoch": 15, "val_accuracy": 0.838077229299363, "train_accuracy": 0.9468306739279564, "f1_macro": 0.8367608483140007, "pre_macro": 0.8368166031231004, "re_macro": 0.8379000000000001, "best_epoch": 14, "val_loss": 0.45325533343348534, "train_loss": 0.43115230392902454}
{"epoch": 16, "val_accuracy": 0.8395700636942676, "train_accuracy": 0.9485593973322117, "f1_macro": 0.838140056388671, "pre_macro": 0.8381113050103327, "re_macro": 0.8391, "best_epoch": 16, "val_loss": 0.45293987528154045, "train_loss": 0.427569387821441}
{"epoch": 17, "val_accuracy": 0.8393710191082803, "train_accuracy": 0.9502881207364671, "f1_macro": 0.8380349294360195, "pre_macro": 0.8379765667011526, "re_macro": 0.8389000000000001, "best_epoch": 16, "val_loss": 0.4528146676576821, "train_loss": 0.42430858459878473}
{"epoch": 18, "val_accuracy": 0.839171974522293, "train_accuracy": 0.951285461161999, "f1_macro": 0.8379248776489161, "pre_macro": 0.8378090783122925, "re_macro": 0.8387, "best_epoch": 16, "val_loss": 0.4524872955053475, "train_loss": 0.4217335377601867}
{"epoch": 19, "val_accuracy": 0.8385748407643312, "train_accuracy": 0.952349290949233, "f1_macro": 0.837480656437466, "pre_macro": 0.837334032592795, "re_macro": 0.8380999999999998, "best_epoch": 16, "val_loss": 0.4520370510353404, "train_loss": 0.4195928711840447}
{"epoch": 20, "val_accuracy": 0.8389729299363057, "train_accuracy": 0.9526152483960415, "f1_macro": 0.8379549765256025, "pre_macro": 0.8378003673658181, "re_macro": 0.8385, "best_epoch": 16, "val_loss": 0.45170115627300966, "train_loss": 0.41772518208686343}
{"epoch": 21, "val_accuracy": 0.8384753184713376, "train_accuracy": 0.953878546268382, "f1_macro": 0.8375409412370487, "pre_macro": 0.8374103057982373, "re_macro": 0.8379999999999999, "best_epoch": 16, "val_loss": 0.4514788927356149, "train_loss": 0.4160722638698334}
{"epoch": 22, "val_accuracy": 0.8383757961783439, "train_accuracy": 0.9540115249917862, "f1_macro": 0.8374947328654543, "pre_macro": 0.8373808688422917, "re_macro": 0.8379, "best_epoch": 16, "val_loss": 0.4513017497244914, "train_loss": 0.41464691174791213}
{"epoch": 23, "val_accuracy": 0.8382762738853503, "train_accuracy": 0.954410461161999, "f1_macro": 0.8374430254916024, "pre_macro": 0.837371451614042, "re_macro": 0.8378, "best_epoch": 16, "val_loss": 0.4511398375034332, "train_loss": 0.4134428322315216}
{"epoch": 24, "val_accuracy": 0.8378781847133758, "train_accuracy": 0.9547429079705096, "f1_macro": 0.8370184234408766, "pre_macro": 0.8369395499714548, "re_macro": 0.8374, "best_epoch": 16, "val_loss": 0.45100405755316375, "train_loss": 0.41243379750150316}
{"epoch": 25, "val_accuracy": 0.8379777070063694, "train_accuracy": 0.954942376055616, "f1_macro": 0.8371400862892674, "pre_macro": 0.8370983638822628, "re_macro": 0.8375, "best_epoch": 16, "val_loss": 0.45091202864601354, "train_loss": 0.41158981450060583}
{"training time": 75.57308602333069}
