{"epoch": 100, "loss": 11.944832801818848}
{"epoch": 200, "loss": 9.12787914276123}
{"epoch": 300, "loss": 6.1221818923950195}
{"epoch": 400, "loss": 3.7531898021698}
{"epoch": 500, "loss": 2.0765929222106934}
{"epoch": 600, "loss": 1.2108649015426636}
{"epoch": 700, "loss": 0.7158244848251343}
{"epoch": 800, "loss": 0.4987592101097107}
{"epoch": 900, "loss": 0.39094841480255127}
{"epoch": 1000, "loss": 0.31042712926864624}
{"training_time:": "4.0470s", "final_loss": 0.31042712926864624}
