{"epoch": 1, "val_accuracy": 0.9316281847133758, "train_accuracy": 0.9019189765458422, "f1_macro": 0.9309227088037735, "pre_macro": 0.932782169213126, "re_macro": 0.9305775917002237, "best_epoch": 1, "val_loss": 0.2347876533604921, "train_loss": 0.39318604886468284}
{"epoch": 2, "val_accuracy": 0.9446656050955414, "train_accuracy": 0.9503598081023454, "f1_macro": 0.9438343302851097, "pre_macro": 0.945665583138758, "re_macro": 0.9431364980010437, "best_epoch": 2, "val_loss": 0.1812944969186073, "train_loss": 0.2293573404664297}
{"epoch": 3, "val_accuracy": 0.9580015923566879, "train_accuracy": 0.9630530383795309, "f1_macro": 0.9573511586871813, "pre_macro": 0.958515472296876, "re_macro": 0.9567765753844754, "best_epoch": 3, "val_loss": 0.13492968959354196, "train_loss": 0.18742213974883562}
{"epoch": 4, "val_accuracy": 0.9659633757961783, "train_accuracy": 0.9715151918976546, "f1_macro": 0.9654405654009695, "pre_macro": 0.9658925450824203, "re_macro": 0.9651880070487511, "best_epoch": 4, "val_loss": 0.10792616145258212, "train_loss": 0.16002136340209924}
{"epoch": 5, "val_accuracy": 0.9691480891719745, "train_accuracy": 0.976579157782516, "f1_macro": 0.9686420235200851, "pre_macro": 0.9687415136282459, "re_macro": 0.9686450493323445, "best_epoch": 5, "val_loss": 0.0978625784431596, "train_loss": 0.140565564506439}
{"epoch": 6, "val_accuracy": 0.9713375796178344, "train_accuracy": 0.9809434968017058, "f1_macro": 0.970930204434414, "pre_macro": 0.9709971003018303, "re_macro": 0.9709526990441667, "best_epoch": 6, "val_loss": 0.09173624930350158, "train_loss": 0.12599396279482827}
{"epoch": 7, "val_accuracy": 0.9720342356687898, "train_accuracy": 0.9841917643923241, "f1_macro": 0.9716069765685369, "pre_macro": 0.9716256781587747, "re_macro": 0.9716880057041408, "best_epoch": 7, "val_loss": 0.08947640505213747, "train_loss": 0.11461706477791261}
{"epoch": 8, "val_accuracy": 0.9727308917197452, "train_accuracy": 0.986507196162047, "f1_macro": 0.9722830788692264, "pre_macro": 0.9723306173425323, "re_macro": 0.9723894855078615, "best_epoch": 8, "val_loss": 0.08900273827058085, "train_loss": 0.1056671418877108}
{"epoch": 9, "val_accuracy": 0.9730294585987261, "train_accuracy": 0.9885894189765458, "f1_macro": 0.9725933850645585, "pre_macro": 0.972628998922797, "re_macro": 0.9726678617497816, "best_epoch": 9, "val_loss": 0.08757710723231611, "train_loss": 0.09845329400525292}
{"epoch": 10, "val_accuracy": 0.9734275477707006, "train_accuracy": 0.9898887260127932, "f1_macro": 0.9730163237369494, "pre_macro": 0.9731146258916669, "re_macro": 0.9730527403298588, "best_epoch": 10, "val_loss": 0.08712808199536061, "train_loss": 0.09266211546814518}
{"epoch": 11, "val_accuracy": 0.972531847133758, "train_accuracy": 0.9907715884861408, "f1_macro": 0.9720663067178826, "pre_macro": 0.972335842049598, "re_macro": 0.9719496671848045, "best_epoch": 10, "val_loss": 0.08827956565018079, "train_loss": 0.08780556927516517}
{"epoch": 12, "val_accuracy": 0.9728304140127388, "train_accuracy": 0.9916877665245203, "f1_macro": 0.9723871773983769, "pre_macro": 0.9727034143441562, "re_macro": 0.9722392861446834, "best_epoch": 10, "val_loss": 0.08914912030259133, "train_loss": 0.08379799682003602}
{"epoch": 13, "val_accuracy": 0.9726313694267515, "train_accuracy": 0.9926539179104478, "f1_macro": 0.972205540922212, "pre_macro": 0.9725222219453407, "re_macro": 0.9720597771562239, "best_epoch": 10, "val_loss": 0.08749576159343227, "train_loss": 0.08051050399968238}
{"epoch": 14, "val_accuracy": 0.9738256369426752, "train_accuracy": 0.9935034648187633, "f1_macro": 0.9734221785298797, "pre_macro": 0.9736994772041688, "re_macro": 0.9732805827139455, "best_epoch": 14, "val_loss": 0.08528458383038141, "train_loss": 0.07804048157481751}
{"epoch": 15, "val_accuracy": 0.974422770700637, "train_accuracy": 0.9941697761194029, "f1_macro": 0.974016235143534, "pre_macro": 0.9742587243319921, "re_macro": 0.9738873662847649, "best_epoch": 15, "val_loss": 0.08316249137979363, "train_loss": 0.07610882483502186}
{"training time": 207.11392498016357}
