{"epoch": 1, "val_accuracy": 0.4710390127388535, "train_accuracy": 0.2859375, "f1_macro": 0.3388837427130211, "pre_macro": 0.420716804596149, "re_macro": 0.4627314390702645, "best_epoch": 1, "val_loss": 1.751731243103173, "train_loss": 2.1581321239471434}
{"epoch": 2, "val_accuracy": 0.6016122611464968, "train_accuracy": 0.5692708373069764, "f1_macro": 0.5512092936076861, "pre_macro": 0.5810055034479901, "re_macro": 0.5953804041470956, "best_epoch": 2, "val_loss": 1.34878318742582, "train_loss": 1.4973339557647705}
{"epoch": 3, "val_accuracy": 0.6921775477707006, "train_accuracy": 0.7552083373069763, "f1_macro": 0.6838284994170046, "pre_macro": 0.7224701267110305, "re_macro": 0.6883718012616713, "best_epoch": 3, "val_loss": 1.003693994443128, "train_loss": 1.057330846786499}
{"epoch": 4, "val_accuracy": 0.7426353503184714, "train_accuracy": 0.8421875, "f1_macro": 0.7412455373245569, "pre_macro": 0.7625092332905599, "re_macro": 0.7394403231753787, "best_epoch": 4, "val_loss": 0.8200478759730697, "train_loss": 0.7106546878814697}
{"epoch": 5, "val_accuracy": 0.7926950636942676, "train_accuracy": 0.8713541686534881, "f1_macro": 0.7905360258408028, "pre_macro": 0.7970083472894224, "re_macro": 0.7894046254622602, "best_epoch": 5, "val_loss": 0.6792168708363916, "train_loss": 0.5357113271951676}
{"epoch": 6, "val_accuracy": 0.8110071656050956, "train_accuracy": 0.9052083373069764, "f1_macro": 0.808910250671001, "pre_macro": 0.8120483934452682, "re_macro": 0.8085696993253292, "best_epoch": 6, "val_loss": 0.6112560484629528, "train_loss": 0.4212018072605133}
{"epoch": 7, "val_accuracy": 0.8165804140127388, "train_accuracy": 0.9255208373069763, "f1_macro": 0.8153939196660371, "pre_macro": 0.8205084293975233, "re_macro": 0.8142397698290729, "best_epoch": 7, "val_loss": 0.5807379952566639, "train_loss": 0.35891472697258}
{"epoch": 8, "val_accuracy": 0.825437898089172, "train_accuracy": 0.9348958373069763, "f1_macro": 0.8236006786514787, "pre_macro": 0.8274427397319173, "re_macro": 0.8228929813749133, "best_epoch": 8, "val_loss": 0.5579090140712489, "train_loss": 0.3202449008822441}
{"epoch": 9, "val_accuracy": 0.8287221337579618, "train_accuracy": 0.95, "f1_macro": 0.8273499860132951, "pre_macro": 0.83087323137969, "re_macro": 0.826735037834009, "best_epoch": 9, "val_loss": 0.543824196763479, "train_loss": 0.2940949097275734}
{"epoch": 10, "val_accuracy": 0.8316082802547771, "train_accuracy": 0.9546875, "f1_macro": 0.8298969849666108, "pre_macro": 0.8335464753813373, "re_macro": 0.829286760146187, "best_epoch": 10, "val_loss": 0.5342092363602796, "train_loss": 0.2750708654522896}
{"epoch": 11, "val_accuracy": 0.8334992038216561, "train_accuracy": 0.9546875, "f1_macro": 0.83190786655961, "pre_macro": 0.8352948727714734, "re_macro": 0.8313033369118298, "best_epoch": 11, "val_loss": 0.5267808793266867, "train_loss": 0.26145480424165723}
{"epoch": 12, "val_accuracy": 0.835390127388535, "train_accuracy": 0.959375, "f1_macro": 0.833825864516857, "pre_macro": 0.8372849306311693, "re_macro": 0.8332571819150631, "best_epoch": 12, "val_loss": 0.521760857456429, "train_loss": 0.2510109141469002}
{"epoch": 13, "val_accuracy": 0.836484872611465, "train_accuracy": 0.959375, "f1_macro": 0.834916578328438, "pre_macro": 0.8383694760988576, "re_macro": 0.8343334499271288, "best_epoch": 13, "val_loss": 0.5179937283039853, "train_loss": 0.24308064728975295}
{"epoch": 14, "val_accuracy": 0.8373805732484076, "train_accuracy": 0.959375, "f1_macro": 0.8358832542913621, "pre_macro": 0.8393541371283382, "re_macro": 0.8353121154480471, "best_epoch": 14, "val_loss": 0.5150117180814409, "train_loss": 0.23691656291484833}
{"epoch": 15, "val_accuracy": 0.8383757961783439, "train_accuracy": 0.9609375, "f1_macro": 0.8368322524111997, "pre_macro": 0.8400806399353226, "re_macro": 0.8363304700441168, "best_epoch": 15, "val_loss": 0.5127348995227723, "train_loss": 0.2320748209953308}
{"training time": 20.17902660369873}
