{"epoch": 1, "val_accuracy": 0.8514132165605095, "train_accuracy": 0.6459441502043541, "f1_macro": 0.8511984432919327, "pre_macro": 0.8587043921434212, "re_macro": 0.8499675480567079, "best_epoch": 1, "val_loss": 0.5630552838467489, "train_loss": 1.194736807904345}
{"epoch": 2, "val_accuracy": 0.8778861464968153, "train_accuracy": 0.8906250012681839, "f1_macro": 0.8765075695955421, "pre_macro": 0.882498941583251, "re_macro": 0.8755002863400282, "best_epoch": 2, "val_loss": 0.404432723215621, "train_loss": 0.4471887014013656}
{"epoch": 3, "val_accuracy": 0.8803742038216561, "train_accuracy": 0.9246295601763623, "f1_macro": 0.8787580041108441, "pre_macro": 0.8894914185959101, "re_macro": 0.8775480171833708, "best_epoch": 3, "val_loss": 0.3806457431975064, "train_loss": 0.3281561659371599}
{"epoch": 4, "val_accuracy": 0.896297770700637, "train_accuracy": 0.9416318396304516, "f1_macro": 0.894880582433786, "pre_macro": 0.9011548190713412, "re_macro": 0.8941604863744066, "best_epoch": 4, "val_loss": 0.3381976944803717, "train_loss": 0.27092364303609157}
{"epoch": 5, "val_accuracy": 0.9095342356687898, "train_accuracy": 0.9526500765313494, "f1_macro": 0.9084644576059333, "pre_macro": 0.9094178870075854, "re_macro": 0.9084035322390145, "best_epoch": 5, "val_loss": 0.29650338714242364, "train_loss": 0.2346894341580411}
{"epoch": 6, "val_accuracy": 0.9074442675159236, "train_accuracy": 0.963953268020711, "f1_macro": 0.9059849665065058, "pre_macro": 0.908619795628581, "re_macro": 0.9065505359147392, "best_epoch": 5, "val_loss": 0.30125048639739205, "train_loss": 0.20496561790400364}
{"epoch": 7, "val_accuracy": 0.912718949044586, "train_accuracy": 0.9720269771332436, "f1_macro": 0.9111888930581575, "pre_macro": 0.9127144949117003, "re_macro": 0.9114937013939735, "best_epoch": 7, "val_loss": 0.28616555751995393, "train_loss": 0.18295616070006757}
{"epoch": 8, "val_accuracy": 0.9159036624203821, "train_accuracy": 0.9776785728779245, "f1_macro": 0.914373686070285, "pre_macro": 0.9157833032305112, "re_macro": 0.9145995732545597, "best_epoch": 8, "val_loss": 0.2771814078964578, "train_loss": 0.16403726234715035}
{"epoch": 9, "val_accuracy": 0.9177945859872612, "train_accuracy": 0.9810505319148937, "f1_macro": 0.9166727153442826, "pre_macro": 0.9176360401850381, "re_macro": 0.9168612431757583, "best_epoch": 9, "val_loss": 0.27134175471083566, "train_loss": 0.15056909589057274}
{"epoch": 10, "val_accuracy": 0.9184912420382165, "train_accuracy": 0.9873670212765957, "f1_macro": 0.9170934489068134, "pre_macro": 0.9181263239606349, "re_macro": 0.9172127562535961, "best_epoch": 10, "val_loss": 0.2703732838053375, "train_loss": 0.13874495711098325}
{"epoch": 11, "val_accuracy": 0.9185907643312102, "train_accuracy": 0.9896941489361702, "f1_macro": 0.9171931033990605, "pre_macro": 0.9183540740882347, "re_macro": 0.9171919469939208, "best_epoch": 11, "val_loss": 0.26923078423140534, "train_loss": 0.13116954282877294}
{"epoch": 12, "val_accuracy": 0.9179936305732485, "train_accuracy": 0.9910239361702128, "f1_macro": 0.9165018364911548, "pre_macro": 0.9179634756201713, "re_macro": 0.9164870869199099, "best_epoch": 11, "val_loss": 0.27137771789221815, "train_loss": 0.12637140142156722}
{"epoch": 13, "val_accuracy": 0.9166003184713376, "train_accuracy": 0.991688829787234, "f1_macro": 0.9149650717095188, "pre_macro": 0.9168443120505959, "re_macro": 0.9149703492613861, "best_epoch": 11, "val_loss": 0.27412249710244735, "train_loss": 0.12351123877662293}
{"epoch": 14, "val_accuracy": 0.9166998407643312, "train_accuracy": 0.991688829787234, "f1_macro": 0.9149690877933194, "pre_macro": 0.9168701507488295, "re_macro": 0.9150751286243226, "best_epoch": 11, "val_loss": 0.2754443228588837, "train_loss": 0.12146268404544668}
{"epoch": 15, "val_accuracy": 0.9178941082802548, "train_accuracy": 0.9913563829787234, "f1_macro": 0.9161541897905752, "pre_macro": 0.91766687732253, "re_macro": 0.9163781890448423, "best_epoch": 11, "val_loss": 0.2722131997809573, "train_loss": 0.11947148721268837}
{"training time": 27.365782022476196}
