{"epoch": 1, "val_accuracy": 0.9234673566878981, "train_accuracy": 0.8945534446022727, "f1_macro": 0.9225051867291715, "pre_macro": 0.9272609182468088, "re_macro": 0.9228627810607621, "best_epoch": 1, "val_loss": 0.2546973883583667, "train_loss": 0.4147267486921258}
{"epoch": 2, "val_accuracy": 0.9362062101910829, "train_accuracy": 0.9470880681818182, "f1_macro": 0.9353367357805128, "pre_macro": 0.938248816870354, "re_macro": 0.9350132834091449, "best_epoch": 2, "val_loss": 0.20856829996036877, "train_loss": 0.23993471972855993}
{"epoch": 3, "val_accuracy": 0.9521297770700637, "train_accuracy": 0.961669921875, "f1_macro": 0.951584053961809, "pre_macro": 0.9527035366058278, "re_macro": 0.951399998332025, "best_epoch": 3, "val_loss": 0.15900977557839435, "train_loss": 0.19270834218795327}
{"epoch": 4, "val_accuracy": 0.9592953821656051, "train_accuracy": 0.9708806818181818, "f1_macro": 0.9588377424757132, "pre_macro": 0.9594967453598992, "re_macro": 0.9587002370931929, "best_epoch": 4, "val_loss": 0.13223751146972157, "train_loss": 0.16303406258918007}
{"epoch": 5, "val_accuracy": 0.9629777070063694, "train_accuracy": 0.9766512784090909, "f1_macro": 0.9625249075764379, "pre_macro": 0.9630215284055822, "re_macro": 0.9623867386844461, "best_epoch": 5, "val_loss": 0.12257008985052728, "train_loss": 0.14284901520956986}
{"epoch": 6, "val_accuracy": 0.9648686305732485, "train_accuracy": 0.9811567826704546, "f1_macro": 0.964411729135129, "pre_macro": 0.9648515025177721, "re_macro": 0.9642679877320838, "best_epoch": 6, "val_loss": 0.11480200842837061, "train_loss": 0.1279148611091924}
{"epoch": 7, "val_accuracy": 0.9662619426751592, "train_accuracy": 0.9845969460227273, "f1_macro": 0.9657435052254746, "pre_macro": 0.9661598606574904, "re_macro": 0.9655814993290649, "best_epoch": 7, "val_loss": 0.11047311829589158, "train_loss": 0.11717943376755681}
{"epoch": 8, "val_accuracy": 0.9679538216560509, "train_accuracy": 0.9873490767045454, "f1_macro": 0.9674441868112764, "pre_macro": 0.9678483559745678, "re_macro": 0.9672589686346807, "best_epoch": 8, "val_loss": 0.1046874448766407, "train_loss": 0.10847968757364222}
{"epoch": 9, "val_accuracy": 0.9696457006369427, "train_accuracy": 0.9895241477272727, "f1_macro": 0.969226272203425, "pre_macro": 0.9694717499898238, "re_macro": 0.9691498306070739, "best_epoch": 9, "val_loss": 0.09891288016665471, "train_loss": 0.10089389296163889}
{"epoch": 10, "val_accuracy": 0.971437101910828, "train_accuracy": 0.9910777698863636, "f1_macro": 0.9710316046739486, "pre_macro": 0.9711948483881636, "re_macro": 0.9709933120693645, "best_epoch": 10, "val_loss": 0.09354547840012178, "train_loss": 0.09443281951826066}
{"epoch": 11, "val_accuracy": 0.9739251592356688, "train_accuracy": 0.9923650568181818, "f1_macro": 0.9735734195143729, "pre_macro": 0.9736729905060845, "re_macro": 0.9735676431955887, "best_epoch": 11, "val_loss": 0.08964475163274925, "train_loss": 0.08948352712270041}
{"epoch": 12, "val_accuracy": 0.9746218152866242, "train_accuracy": 0.9930087002840909, "f1_macro": 0.9742549108788771, "pre_macro": 0.9742901172047553, "re_macro": 0.9742937081357479, "best_epoch": 12, "val_loss": 0.08656662898918593, "train_loss": 0.08515123108042065}
{"epoch": 13, "val_accuracy": 0.9756170382165605, "train_accuracy": 0.9938742897727273, "f1_macro": 0.9752459275116312, "pre_macro": 0.9752377190682406, "re_macro": 0.975312209342766, "best_epoch": 13, "val_loss": 0.08486743225285244, "train_loss": 0.0817702582148327}
{"epoch": 14, "val_accuracy": 0.976015127388535, "train_accuracy": 0.99462890625, "f1_macro": 0.9756531655577858, "pre_macro": 0.9756614189184208, "re_macro": 0.97569781331628, "best_epoch": 14, "val_loss": 0.0835431092427999, "train_loss": 0.07919020790987732}
{"epoch": 15, "val_accuracy": 0.9757165605095541, "train_accuracy": 0.9954057173295454, "f1_macro": 0.9753465254102365, "pre_macro": 0.9753549430878419, "re_macro": 0.975395496062983, "best_epoch": 14, "val_loss": 0.08262022225698605, "train_loss": 0.07718860759103502}
{"training time": 162.26302981376648}
