{"epoch": 100, "loss": 7770.93603515625}
{"epoch": 200, "loss": 7767.43896484375}
{"epoch": 300, "loss": 7763.81787109375}
{"epoch": 400, "loss": 7760.8857421875}
{"epoch": 500, "loss": 7757.732421875}
{"epoch": 600, "loss": 7753.71484375}
{"epoch": 700, "loss": 7746.640625}
{"epoch": 800, "loss": 7739.80126953125}
{"epoch": 900, "loss": 7732.92724609375}
{"epoch": 1000, "loss": 7726.0703125}
{"training_time:": "3.7624s", "final_loss": 7726.0703125}
