{"epoch": 1, "val_accuracy": 0.8743033439490446, "train_accuracy": 0.8191932624958931, "f1_macro": 0.8712926220349111, "pre_macro": 0.8855052142458775, "re_macro": 0.8711533663677123, "best_epoch": 1, "val_loss": 0.410083463118904, "train_loss": 0.6617667926118729}
{"epoch": 2, "val_accuracy": 0.8926154458598726, "train_accuracy": 0.8975177305809995, "f1_macro": 0.8909857706837851, "pre_macro": 0.8988159135806386, "re_macro": 0.8913160017985555, "best_epoch": 2, "val_loss": 0.3547465303782255, "train_loss": 0.4041475574386881}
{"epoch": 3, "val_accuracy": 0.9049562101910829, "train_accuracy": 0.9136968085106383, "f1_macro": 0.9034731635360564, "pre_macro": 0.9066564491147423, "re_macro": 0.9043077421201835, "best_epoch": 3, "val_loss": 0.3118247951552936, "train_loss": 0.3607472102692787}
{"epoch": 4, "val_accuracy": 0.9157046178343949, "train_accuracy": 0.9241356382978724, "f1_macro": 0.9142389512209519, "pre_macro": 0.9158543512925101, "re_macro": 0.9148971087850237, "best_epoch": 4, "val_loss": 0.2831884773246422, "train_loss": 0.3301844812454061}
{"epoch": 5, "val_accuracy": 0.9235668789808917, "train_accuracy": 0.9315824468085107, "f1_macro": 0.9224605143293549, "pre_macro": 0.9237102447758552, "re_macro": 0.9226761687340209, "best_epoch": 5, "val_loss": 0.2622360067062412, "train_loss": 0.3070483047277369}
{"epoch": 6, "val_accuracy": 0.9287420382165605, "train_accuracy": 0.9380984042553191, "f1_macro": 0.9277319703713559, "pre_macro": 0.9288626476865172, "re_macro": 0.927793931171635, "best_epoch": 6, "val_loss": 0.24793328432022196, "train_loss": 0.289488688047896}
{"epoch": 7, "val_accuracy": 0.9314291401273885, "train_accuracy": 0.9420877659574468, "f1_macro": 0.9305114515997698, "pre_macro": 0.9316091850576926, "re_macro": 0.9304659868668029, "best_epoch": 7, "val_loss": 0.23802219689556747, "train_loss": 0.27630737062464367}
{"epoch": 8, "val_accuracy": 0.9323248407643312, "train_accuracy": 0.9445478723404256, "f1_macro": 0.9314086202281681, "pre_macro": 0.9324721852161642, "re_macro": 0.9313622223469429, "best_epoch": 8, "val_loss": 0.23181514941440645, "train_loss": 0.26594843319121825}
{"epoch": 9, "val_accuracy": 0.9339171974522293, "train_accuracy": 0.9476063829787233, "f1_macro": 0.9330518874640894, "pre_macro": 0.9339493188125587, "re_macro": 0.9329996306232072, "best_epoch": 9, "val_loss": 0.22725284015937786, "train_loss": 0.25762573544015277}
{"epoch": 10, "val_accuracy": 0.9352109872611465, "train_accuracy": 0.9503324468085106, "f1_macro": 0.9343873480896716, "pre_macro": 0.9351492301909511, "re_macro": 0.9343349965364098, "best_epoch": 10, "val_loss": 0.22263259269225938, "train_loss": 0.25107439870529985}
{"epoch": 11, "val_accuracy": 0.9365047770700637, "train_accuracy": 0.9527260638297872, "f1_macro": 0.9357263797542137, "pre_macro": 0.9363632475359089, "re_macro": 0.9356756821310164, "best_epoch": 11, "val_loss": 0.2180714559308283, "train_loss": 0.2459241102984611}
{"epoch": 12, "val_accuracy": 0.93859474522293, "train_accuracy": 0.9542553191489361, "f1_macro": 0.9378324083815135, "pre_macro": 0.9382682889577072, "re_macro": 0.9378407662471668, "best_epoch": 12, "val_loss": 0.21407632765235604, "train_loss": 0.24179867328481472}
{"epoch": 13, "val_accuracy": 0.9398885350318471, "train_accuracy": 0.955252659574468, "f1_macro": 0.939183666405713, "pre_macro": 0.9395137189267903, "re_macro": 0.9392049843668101, "best_epoch": 13, "val_loss": 0.21098101937514582, "train_loss": 0.23845155946117766}
{"epoch": 14, "val_accuracy": 0.941281847133758, "train_accuracy": 0.9556515957446808, "f1_macro": 0.9405990387918415, "pre_macro": 0.940848598222684, "re_macro": 0.9406376034939635, "best_epoch": 14, "val_loss": 0.2087415735456784, "train_loss": 0.23574007197897484}
{"epoch": 15, "val_accuracy": 0.9422770700636943, "train_accuracy": 0.9560505319148936, "f1_macro": 0.9416297399988132, "pre_macro": 0.9418364551745793, "re_macro": 0.9416410265311885, "best_epoch": 15, "val_loss": 0.20709794722972022, "train_loss": 0.23356959601031974}
{"training time": 39.13628387451172}
