{"epoch": 1, "val_accuracy": 0.9134156050955414, "train_accuracy": 0.880863539445629, "f1_macro": 0.9123056419301026, "pre_macro": 0.9167529181180912, "re_macro": 0.9116668743437858, "best_epoch": 1, "val_loss": 0.285061061856853, "train_loss": 0.46021175092217254}
{"epoch": 2, "val_accuracy": 0.9330214968152867, "train_accuracy": 0.9296042110874201, "f1_macro": 0.9326473854376511, "pre_macro": 0.9351616291335068, "re_macro": 0.932069086504123, "best_epoch": 2, "val_loss": 0.21695213751262352, "train_loss": 0.3130604102572144}
{"epoch": 3, "val_accuracy": 0.9464570063694268, "train_accuracy": 0.9467117537313433, "f1_macro": 0.946092252918759, "pre_macro": 0.9475265308809663, "re_macro": 0.9457264249309725, "best_epoch": 3, "val_loss": 0.17146232890582103, "train_loss": 0.26523008563720596}
{"epoch": 4, "val_accuracy": 0.9556130573248408, "train_accuracy": 0.9557402718550106, "f1_macro": 0.9551437525958961, "pre_macro": 0.9557489173646069, "re_macro": 0.9550769788837824, "best_epoch": 4, "val_loss": 0.14822829241277116, "train_loss": 0.23765153112982126}
{"epoch": 5, "val_accuracy": 0.9599920382165605, "train_accuracy": 0.9616537846481876, "f1_macro": 0.9595785645759953, "pre_macro": 0.9598707079711237, "re_macro": 0.9596090723717839, "best_epoch": 5, "val_loss": 0.13315633027577048, "train_loss": 0.22024571493681053}
{"epoch": 6, "val_accuracy": 0.9627786624203821, "train_accuracy": 0.9653351545842217, "f1_macro": 0.9623832285000452, "pre_macro": 0.9625369584939827, "re_macro": 0.9624405367372892, "best_epoch": 6, "val_loss": 0.12443468501423574, "train_loss": 0.20808894233281677}
{"epoch": 7, "val_accuracy": 0.964171974522293, "train_accuracy": 0.9676339285714286, "f1_macro": 0.9637988812539943, "pre_macro": 0.9639475985908348, "re_macro": 0.9638231703444484, "best_epoch": 7, "val_loss": 0.11940682857077878, "train_loss": 0.19910716058920697}
{"epoch": 8, "val_accuracy": 0.9657643312101911, "train_accuracy": 0.9700493070362474, "f1_macro": 0.9654226305957196, "pre_macro": 0.9655728894632682, "re_macro": 0.9653988361818833, "best_epoch": 8, "val_loss": 0.11591635089794732, "train_loss": 0.19220452409372654}
{"epoch": 9, "val_accuracy": 0.9667595541401274, "train_accuracy": 0.9717983742004265, "f1_macro": 0.9664398223374414, "pre_macro": 0.9666294057548781, "re_macro": 0.9663839228692727, "best_epoch": 9, "val_loss": 0.11338418105077354, "train_loss": 0.18674832727037258}
{"epoch": 10, "val_accuracy": 0.9680533439490446, "train_accuracy": 0.9730643656716418, "f1_macro": 0.9677490676287572, "pre_macro": 0.9679613873834103, "re_macro": 0.9676680125677051, "best_epoch": 10, "val_loss": 0.11139244627753261, "train_loss": 0.18244991399872024}
{"epoch": 11, "val_accuracy": 0.9691480891719745, "train_accuracy": 0.9739972014925373, "f1_macro": 0.9688539819767211, "pre_macro": 0.9690816990220121, "re_macro": 0.9687540121765691, "best_epoch": 11, "val_loss": 0.10959268727037273, "train_loss": 0.17909156933013817}
{"epoch": 12, "val_accuracy": 0.9700437898089171, "train_accuracy": 0.9745802238805971, "f1_macro": 0.9697316754764088, "pre_macro": 0.9699015844644387, "re_macro": 0.9696583312093491, "best_epoch": 12, "val_loss": 0.10798505439043377, "train_loss": 0.1764556592318422}
{"epoch": 13, "val_accuracy": 0.9702428343949044, "train_accuracy": 0.9752798507462687, "f1_macro": 0.9699215398158323, "pre_macro": 0.9700482268337861, "re_macro": 0.9698587585426429, "best_epoch": 13, "val_loss": 0.10670897383302165, "train_loss": 0.17437277510285631}
{"epoch": 14, "val_accuracy": 0.9700437898089171, "train_accuracy": 0.9760794243070362, "f1_macro": 0.9697016509132943, "pre_macro": 0.9698003807379557, "re_macro": 0.9696585070076239, "best_epoch": 13, "val_loss": 0.10574377170514766, "train_loss": 0.172725831410651}
{"epoch": 15, "val_accuracy": 0.9705414012738853, "train_accuracy": 0.9762793176972282, "f1_macro": 0.9701951425483667, "pre_macro": 0.9702827814501859, "re_macro": 0.9701591040686216, "best_epoch": 15, "val_loss": 0.10498889319889343, "train_loss": 0.17142463221288184}
{"training time": 122.34462094306946}
