{"epoch": 1, "val_accuracy": 0.4313296178343949, "train_accuracy": 0.3359375, "f1_macro": 0.3424916805756541, "pre_macro": 0.617707602038837, "re_macro": 0.4213767889946398, "best_epoch": 1, "val_loss": 1.7470680665058695, "train_loss": 2.1025218844413756}
{"epoch": 2, "val_accuracy": 0.6463972929936306, "train_accuracy": 0.64375, "f1_macro": 0.6332483930653213, "pre_macro": 0.6977527596048388, "re_macro": 0.6389526702830635, "best_epoch": 2, "val_loss": 1.259481544327584, "train_loss": 1.4061267614364623}
{"epoch": 3, "val_accuracy": 0.7339769108280255, "train_accuracy": 0.7572916686534882, "f1_macro": 0.7193804746341065, "pre_macro": 0.7284394048616486, "re_macro": 0.7264155553773043, "best_epoch": 3, "val_loss": 0.992389092969287, "train_loss": 1.0025657296180726}
{"epoch": 4, "val_accuracy": 0.7516918789808917, "train_accuracy": 0.8359375, "f1_macro": 0.7409796293923256, "pre_macro": 0.7493308307241529, "re_macro": 0.74496253177409, "best_epoch": 4, "val_loss": 0.8747461438179016, "train_loss": 0.7864160716533661}
{"epoch": 5, "val_accuracy": 0.7673168789808917, "train_accuracy": 0.853125, "f1_macro": 0.7609678551808009, "pre_macro": 0.7697884457995281, "re_macro": 0.7615964442452012, "best_epoch": 5, "val_loss": 0.8146399183637777, "train_loss": 0.6827346801757812}
{"epoch": 6, "val_accuracy": 0.7816480891719745, "train_accuracy": 0.8708333373069763, "f1_macro": 0.774779602255162, "pre_macro": 0.7790654708883458, "re_macro": 0.7762205997504216, "best_epoch": 6, "val_loss": 0.7663665531547206, "train_loss": 0.6217304795980454}
{"epoch": 7, "val_accuracy": 0.7909036624203821, "train_accuracy": 0.8848958373069763, "f1_macro": 0.7858027755898667, "pre_macro": 0.789894169323935, "re_macro": 0.786164682359075, "best_epoch": 7, "val_loss": 0.739760572743264, "train_loss": 0.5806976795196533}
{"epoch": 8, "val_accuracy": 0.7963773885350318, "train_accuracy": 0.8911458373069763, "f1_macro": 0.7911917769333531, "pre_macro": 0.7944660504112026, "re_macro": 0.7917244000023347, "best_epoch": 8, "val_loss": 0.7183861252228925, "train_loss": 0.553771385550499}
{"epoch": 9, "val_accuracy": 0.8005573248407644, "train_accuracy": 0.8989583373069763, "f1_macro": 0.7962484914265209, "pre_macro": 0.7998138947008822, "re_macro": 0.7965803515959536, "best_epoch": 9, "val_loss": 0.7043275686016508, "train_loss": 0.5337463051080704}
{"epoch": 10, "val_accuracy": 0.8034434713375797, "train_accuracy": 0.9052083373069764, "f1_macro": 0.7993353563516863, "pre_macro": 0.8027779455861033, "re_macro": 0.7996149503681327, "best_epoch": 10, "val_loss": 0.6934392221604183, "train_loss": 0.5189599424600602}
{"epoch": 11, "val_accuracy": 0.8055334394904459, "train_accuracy": 0.9067708373069763, "f1_macro": 0.8016429488587351, "pre_macro": 0.8050369508715269, "re_macro": 0.801845724330583, "best_epoch": 11, "val_loss": 0.6850824419670044, "train_loss": 0.5077486097812652}
{"epoch": 12, "val_accuracy": 0.8069267515923567, "train_accuracy": 0.9067708373069763, "f1_macro": 0.8031366956257537, "pre_macro": 0.8064367523477486, "re_macro": 0.8033163885266102, "best_epoch": 12, "val_loss": 0.6787863063394644, "train_loss": 0.4990710884332657}
{"epoch": 13, "val_accuracy": 0.8084195859872612, "train_accuracy": 0.9098958373069763, "f1_macro": 0.804755682553348, "pre_macro": 0.8080438078629525, "re_macro": 0.8049025511990566, "best_epoch": 13, "val_loss": 0.6738630997337354, "train_loss": 0.4923339068889618}
{"epoch": 14, "val_accuracy": 0.8099124203821656, "train_accuracy": 0.9098958373069763, "f1_macro": 0.8063307748374259, "pre_macro": 0.8095515057988101, "re_macro": 0.8064730094142734, "best_epoch": 14, "val_loss": 0.6699994717054306, "train_loss": 0.4870555132627487}
{"epoch": 15, "val_accuracy": 0.8105095541401274, "train_accuracy": 0.9098958373069763, "f1_macro": 0.8070099650928351, "pre_macro": 0.8102116186723002, "re_macro": 0.8071157916704375, "best_epoch": 15, "val_loss": 0.6669744310105682, "train_loss": 0.4828854948282242}
{"training time": 14.80547833442688}
