{"epoch": 1, "val_accuracy": 0.8318073248407644, "train_accuracy": 0.6199658069204776, "f1_macro": 0.8294408786564371, "pre_macro": 0.8382710169380069, "re_macro": 0.8281589751270253, "best_epoch": 1, "val_loss": 0.6253807619688617, "train_loss": 1.2842951302832746}
{"epoch": 2, "val_accuracy": 0.8487261146496815, "train_accuracy": 0.8594699857082773, "f1_macro": 0.8463383994654077, "pre_macro": 0.8596630792550538, "re_macro": 0.8453374942259527, "best_epoch": 2, "val_loss": 0.5069771714176342, "train_loss": 0.5552944395136326}
{"epoch": 3, "val_accuracy": 0.8579816878980892, "train_accuracy": 0.8840235573180178, "f1_macro": 0.8574100307868511, "pre_macro": 0.8699404364755539, "re_macro": 0.8557651225821891, "best_epoch": 3, "val_loss": 0.462367898007487, "train_loss": 0.4577553925362039}
{"epoch": 4, "val_accuracy": 0.8819665605095541, "train_accuracy": 0.8954217332474729, "f1_macro": 0.8804320069603444, "pre_macro": 0.8829529411221742, "re_macro": 0.8801754114702021, "best_epoch": 4, "val_loss": 0.4126743725056102, "train_loss": 0.4162710638756448}
{"epoch": 5, "val_accuracy": 0.8827627388535032, "train_accuracy": 0.906392477928324, "f1_macro": 0.8816179921092304, "pre_macro": 0.8860280522117447, "re_macro": 0.8817206192456185, "best_epoch": 5, "val_loss": 0.4095299655369892, "train_loss": 0.392025112154636}
{"epoch": 6, "val_accuracy": 0.8803742038216561, "train_accuracy": 0.9110467332474729, "f1_macro": 0.8790226747185708, "pre_macro": 0.8854351210126297, "re_macro": 0.8796325751262298, "best_epoch": 5, "val_loss": 0.4093157822966196, "train_loss": 0.3765822693388513}
{"epoch": 7, "val_accuracy": 0.8832603503184714, "train_accuracy": 0.9153685417581112, "f1_macro": 0.8820519944295748, "pre_macro": 0.8866325225904701, "re_macro": 0.8826738690046719, "best_epoch": 7, "val_loss": 0.3944611304267577, "train_loss": 0.36149077846648847}
{"epoch": 8, "val_accuracy": 0.8874402866242038, "train_accuracy": 0.9186930098432176, "f1_macro": 0.8864211853668384, "pre_macro": 0.8901054464236952, "re_macro": 0.8867864127324789, "best_epoch": 8, "val_loss": 0.38504261822457525, "train_loss": 0.34759838213311867}
{"epoch": 9, "val_accuracy": 0.8882364649681529, "train_accuracy": 0.921020137502792, "f1_macro": 0.8872379978394441, "pre_macro": 0.8908326719334466, "re_macro": 0.8874307556233898, "best_epoch": 9, "val_loss": 0.38095415696786467, "train_loss": 0.33915970395220085}
{"epoch": 10, "val_accuracy": 0.8878383757961783, "train_accuracy": 0.9243446055878984, "f1_macro": 0.8864974398117555, "pre_macro": 0.8902462050878237, "re_macro": 0.8866581480235926, "best_epoch": 9, "val_loss": 0.3788544327305381, "train_loss": 0.3341777955598019}
{"epoch": 11, "val_accuracy": 0.8891321656050956, "train_accuracy": 0.925674392821941, "f1_macro": 0.8878339413683346, "pre_macro": 0.8910674038336219, "re_macro": 0.8880508071490611, "best_epoch": 11, "val_loss": 0.37539114964425946, "train_loss": 0.3309851263431793}
{"epoch": 12, "val_accuracy": 0.8928144904458599, "train_accuracy": 0.9270041800559835, "f1_macro": 0.8915085573925671, "pre_macro": 0.8936269286063508, "re_macro": 0.8918394739152765, "best_epoch": 12, "val_loss": 0.3703435694051396, "train_loss": 0.32819306723614955}
{"epoch": 13, "val_accuracy": 0.8932125796178344, "train_accuracy": 0.928333967290026, "f1_macro": 0.8915866221873359, "pre_macro": 0.8929004976399488, "re_macro": 0.8919885637017092, "best_epoch": 13, "val_loss": 0.36581064585098033, "train_loss": 0.3248966783285141}
{"epoch": 14, "val_accuracy": 0.8938097133757962, "train_accuracy": 0.9289988609070473, "f1_macro": 0.8922280537472392, "pre_macro": 0.8930785438647346, "re_macro": 0.8926535337014945, "best_epoch": 14, "val_loss": 0.3627506449201684, "train_loss": 0.3213837872794334}
{"epoch": 15, "val_accuracy": 0.8948049363057324, "train_accuracy": 0.9306610949496006, "f1_macro": 0.8932759803093955, "pre_macro": 0.8939180377045114, "re_macro": 0.8936981014898133, "best_epoch": 15, "val_loss": 0.3608262433320474, "train_loss": 0.31841699683919866}
{"training time": 16.460085153579712}
