{"epoch": 1, "val_accuracy": 0.9184912420382165, "train_accuracy": 0.8735341151385928, "f1_macro": 0.9173985518378279, "pre_macro": 0.9205455706019878, "re_macro": 0.9167546695544407, "best_epoch": 1, "val_loss": 0.27476038480663945, "train_loss": 5.209069879832807}
{"epoch": 2, "val_accuracy": 0.9286425159235668, "train_accuracy": 0.9239072494669509, "f1_macro": 0.9278670559920211, "pre_macro": 0.93047676790717, "re_macro": 0.9275315808828131, "best_epoch": 2, "val_loss": 0.23217999478980045, "train_loss": 3.1025303813186027}
{"epoch": 3, "val_accuracy": 0.9274482484076433, "train_accuracy": 0.9361507196162047, "f1_macro": 0.9262193679066126, "pre_macro": 0.929334719914325, "re_macro": 0.9265134028056794, "best_epoch": 2, "val_loss": 0.23485712477474646, "train_loss": 2.320468677640724}
{"epoch": 4, "val_accuracy": 0.9336186305732485, "train_accuracy": 0.9447461353944563, "f1_macro": 0.9323540243914705, "pre_macro": 0.93461055649937, "re_macro": 0.9327621056346048, "best_epoch": 4, "val_loss": 0.2140621499834689, "train_loss": 1.8952883436227403}
{"epoch": 5, "val_accuracy": 0.9383957006369427, "train_accuracy": 0.9522421375266524, "f1_macro": 0.937559745242255, "pre_macro": 0.940037173371634, "re_macro": 0.9377745455462051, "best_epoch": 5, "val_loss": 0.20069593489525994, "train_loss": 1.622103455859715}
{"epoch": 6, "val_accuracy": 0.9470541401273885, "train_accuracy": 0.9571894989339019, "f1_macro": 0.9464816362107632, "pre_macro": 0.9480843027253372, "re_macro": 0.9465572003445224, "best_epoch": 6, "val_loss": 0.16770427465990517, "train_loss": 1.4322728674803207}
{"epoch": 7, "val_accuracy": 0.9513335987261147, "train_accuracy": 0.9618703358208955, "f1_macro": 0.9508772760715336, "pre_macro": 0.9521501854232554, "re_macro": 0.950827162625574, "best_epoch": 7, "val_loss": 0.15566955279606354, "train_loss": 1.2951837013016885}
{"epoch": 8, "val_accuracy": 0.9523288216560509, "train_accuracy": 0.9659015191897654, "f1_macro": 0.9518341608235005, "pre_macro": 0.9533370464421747, "re_macro": 0.9517237669239647, "best_epoch": 8, "val_loss": 0.15301787959127006, "train_loss": 1.1931807867753734}
{"epoch": 9, "val_accuracy": 0.9556130573248408, "train_accuracy": 0.968633395522388, "f1_macro": 0.9550933874809967, "pre_macro": 0.9562550678469733, "re_macro": 0.9550370630043019, "best_epoch": 9, "val_loss": 0.14694013450721835, "train_loss": 1.1161250060301091}
{"epoch": 10, "val_accuracy": 0.9574044585987261, "train_accuracy": 0.9710321162046909, "f1_macro": 0.9569303358827239, "pre_macro": 0.9578881207947644, "re_macro": 0.9568898928724643, "best_epoch": 10, "val_loss": 0.14129590385172303, "train_loss": 1.057428971663721}
{"epoch": 11, "val_accuracy": 0.9605891719745223, "train_accuracy": 0.9729477611940298, "f1_macro": 0.9600976986205708, "pre_macro": 0.960751424336115, "re_macro": 0.9601186264879085, "best_epoch": 11, "val_loss": 0.13160499682424553, "train_loss": 1.0123160518944136}
{"epoch": 12, "val_accuracy": 0.9651671974522293, "train_accuracy": 0.9744636194029851, "f1_macro": 0.9647125093710874, "pre_macro": 0.9649253535450587, "re_macro": 0.9648158373406709, "best_epoch": 12, "val_loss": 0.12021993637191737, "train_loss": 0.9773569412068772}
{"epoch": 13, "val_accuracy": 0.9672571656050956, "train_accuracy": 0.9756796375266524, "f1_macro": 0.9668141150500535, "pre_macro": 0.9668904003691828, "re_macro": 0.9669379796967854, "best_epoch": 13, "val_loss": 0.1133800942308394, "train_loss": 0.9500521385212188}
{"epoch": 14, "val_accuracy": 0.9684514331210191, "train_accuracy": 0.9771288646055437, "f1_macro": 0.9680150323492906, "pre_macro": 0.9680519385642183, "re_macro": 0.968143331949378, "best_epoch": 14, "val_loss": 0.10979340185120606, "train_loss": 0.9284559107030125}
{"epoch": 15, "val_accuracy": 0.9690485668789809, "train_accuracy": 0.9780950159914712, "f1_macro": 0.9686641315021236, "pre_macro": 0.9687305963409332, "re_macro": 0.9687286122806779, "best_epoch": 15, "val_loss": 0.10722059046754696, "train_loss": 0.9112739372355089}
{"training time": 162.39265179634094}
