{"epoch": 1, "val_accuracy": 0.8968949044585988, "train_accuracy": 0.8524231521813854, "f1_macro": 0.8957558327027841, "pre_macro": 0.9011448507168586, "re_macro": 0.8959360767035953, "best_epoch": 1, "val_loss": 0.3561772841034801, "train_loss": 6.086358648881729}
{"epoch": 2, "val_accuracy": 0.9114251592356688, "train_accuracy": 0.917754975209104, "f1_macro": 0.9105198561773277, "pre_macro": 0.9139256743496009, "re_macro": 0.9108596429012408, "best_epoch": 2, "val_loss": 0.29505030746767474, "train_loss": 4.3099596210634274}
{"epoch": 3, "val_accuracy": 0.9204816878980892, "train_accuracy": 0.9356343283582089, "f1_macro": 0.9203881965491902, "pre_macro": 0.9233509497399768, "re_macro": 0.920640497167778, "best_epoch": 3, "val_loss": 0.25473750985352095, "train_loss": 3.4885327917680558}
{"epoch": 4, "val_accuracy": 0.9231687898089171, "train_accuracy": 0.9450626332622601, "f1_macro": 0.9231173594142819, "pre_macro": 0.9263824923143622, "re_macro": 0.9234508018370315, "best_epoch": 4, "val_loss": 0.24772561270340232, "train_loss": 3.002127762288173}
{"epoch": 5, "val_accuracy": 0.9345143312101911, "train_accuracy": 0.9526363717975901, "f1_macro": 0.9336926182978151, "pre_macro": 0.9348046939819193, "re_macro": 0.9343275546361595, "best_epoch": 5, "val_loss": 0.21853143280478798, "train_loss": 2.6800893176593252}
{"epoch": 6, "val_accuracy": 0.9369028662420382, "train_accuracy": 0.9579224413646056, "f1_macro": 0.9357434378472114, "pre_macro": 0.937321898711468, "re_macro": 0.9363909668321861, "best_epoch": 6, "val_loss": 0.20846329218334264, "train_loss": 2.450484012489888}
{"epoch": 7, "val_accuracy": 0.9381966560509554, "train_accuracy": 0.9643190298507462, "f1_macro": 0.9368635829788671, "pre_macro": 0.9387394972346442, "re_macro": 0.9375077609177538, "best_epoch": 7, "val_loss": 0.20126741368228654, "train_loss": 2.2805146540660086}
{"epoch": 8, "val_accuracy": 0.9441679936305732, "train_accuracy": 0.9676505863539445, "f1_macro": 0.9430004501380742, "pre_macro": 0.9447053534727747, "re_macro": 0.943064986298511, "best_epoch": 8, "val_loss": 0.18400003917064447, "train_loss": 2.150694211154604}
{"epoch": 9, "val_accuracy": 0.9488455414012739, "train_accuracy": 0.9712042466663857, "f1_macro": 0.9477523169477198, "pre_macro": 0.9496012504108439, "re_macro": 0.9473632332689504, "best_epoch": 9, "val_loss": 0.1705547031489717, "train_loss": 2.048462661090436}
{"epoch": 10, "val_accuracy": 0.9543192675159236, "train_accuracy": 0.9741360163892002, "f1_macro": 0.9534958918108638, "pre_macro": 0.9545619134106385, "re_macro": 0.9531713521761225, "best_epoch": 10, "val_loss": 0.15430982439084703, "train_loss": 1.9668016326961233}
{"epoch": 11, "val_accuracy": 0.9572054140127388, "train_accuracy": 0.9763348436813111, "f1_macro": 0.9565174699440616, "pre_macro": 0.9571271106335779, "re_macro": 0.9563814208110861, "best_epoch": 11, "val_loss": 0.14566325341725045, "train_loss": 1.9020960534305207}
{"epoch": 12, "val_accuracy": 0.9583001592356688, "train_accuracy": 0.9777340974126544, "f1_macro": 0.9576302989252973, "pre_macro": 0.9580684068455273, "re_macro": 0.9575919470500788, "best_epoch": 12, "val_loss": 0.14243027568011765, "train_loss": 1.8503898575361857}
{"epoch": 13, "val_accuracy": 0.9588972929936306, "train_accuracy": 0.9789667733188377, "f1_macro": 0.9582380672037696, "pre_macro": 0.9586655590407226, "re_macro": 0.9582133171825447, "best_epoch": 13, "val_loss": 0.13978446536744904, "train_loss": 1.8089147310521303}
{"epoch": 14, "val_accuracy": 0.9592953821656051, "train_accuracy": 0.980399342615213, "f1_macro": 0.9586206073695186, "pre_macro": 0.9589812665349348, "re_macro": 0.9586193396824033, "best_epoch": 14, "val_loss": 0.13760131296915282, "train_loss": 1.775728249092346}
{"epoch": 15, "val_accuracy": 0.9606886942675159, "train_accuracy": 0.9820984364318441, "f1_macro": 0.9600335897908089, "pre_macro": 0.9602581936312715, "re_macro": 0.9600731389663817, "best_epoch": 15, "val_loss": 0.13502489960200753, "train_loss": 1.7490429840108226}
{"training time": 87.59716749191284}
