{"epoch": 1, "val_accuracy": 0.839171974522293, "train_accuracy": 0.8036790781832756, "f1_macro": 0.8267403437088602, "pre_macro": 0.8555787193301125, "re_macro": 0.8378705960968583, "best_epoch": 1, "val_loss": 0.5231243273729731, "train_loss": 6.81907657258054}
{"epoch": 2, "val_accuracy": 0.8786823248407644, "train_accuracy": 0.9013962765957447, "f1_macro": 0.8753498670191746, "pre_macro": 0.8869287124250371, "re_macro": 0.8779530577567941, "best_epoch": 2, "val_loss": 0.39238824307396536, "train_loss": 5.459447623313742}
{"epoch": 3, "val_accuracy": 0.9104299363057324, "train_accuracy": 0.9223625888215735, "f1_macro": 0.908901164267075, "pre_macro": 0.9122262168797508, "re_macro": 0.9098062714125495, "best_epoch": 3, "val_loss": 0.29720297639679377, "train_loss": 4.763175408383633}
{"epoch": 4, "val_accuracy": 0.9116242038216561, "train_accuracy": 0.9381648936170213, "f1_macro": 0.9102013444328435, "pre_macro": 0.9146319266413515, "re_macro": 0.9111388194766832, "best_epoch": 4, "val_loss": 0.28427556712346475, "train_loss": 4.293147022166151}
{"epoch": 5, "val_accuracy": 0.9210788216560509, "train_accuracy": 0.9516622340425532, "f1_macro": 0.9198873181869043, "pre_macro": 0.9220108513680495, "re_macro": 0.9203305211243953, "best_epoch": 5, "val_loss": 0.25878124068354724, "train_loss": 3.9612058213416566}
{"epoch": 6, "val_accuracy": 0.9255573248407644, "train_accuracy": 0.9591755319148936, "f1_macro": 0.9244771661339612, "pre_macro": 0.9256803710475758, "re_macro": 0.9247363245696947, "best_epoch": 6, "val_loss": 0.24384548260598995, "train_loss": 3.722675904821842}
{"epoch": 7, "val_accuracy": 0.927547770700637, "train_accuracy": 0.9647606382978723, "f1_macro": 0.9263635860811533, "pre_macro": 0.9276846704814432, "re_macro": 0.926898482739776, "best_epoch": 7, "val_loss": 0.23596043302232672, "train_loss": 3.545421502945271}
{"epoch": 8, "val_accuracy": 0.9277468152866242, "train_accuracy": 0.9688164893617022, "f1_macro": 0.9264233776898333, "pre_macro": 0.9279092394491386, "re_macro": 0.9270389497905143, "best_epoch": 8, "val_loss": 0.2350784788964091, "train_loss": 3.4089608527244404}
{"epoch": 9, "val_accuracy": 0.9325238853503185, "train_accuracy": 0.9726063829787234, "f1_macro": 0.9314608499401835, "pre_macro": 0.9327121454148137, "re_macro": 0.9316243279205126, "best_epoch": 9, "val_loss": 0.23033382387677576, "train_loss": 3.3007101160414676}
{"epoch": 10, "val_accuracy": 0.933718152866242, "train_accuracy": 0.9753989361702128, "f1_macro": 0.9327994183116406, "pre_macro": 0.9338150111555666, "re_macro": 0.9327078979820811, "best_epoch": 10, "val_loss": 0.22255301747210088, "train_loss": 3.2151373041437026}
{"epoch": 11, "val_accuracy": 0.9355095541401274, "train_accuracy": 0.9771276595744681, "f1_macro": 0.9343036889293597, "pre_macro": 0.9354004299528457, "re_macro": 0.9340548201496383, "best_epoch": 11, "val_loss": 0.21794804797217154, "train_loss": 3.147357340061918}
{"epoch": 12, "val_accuracy": 0.935609076433121, "train_accuracy": 0.9793882978723404, "f1_macro": 0.9343536539810655, "pre_macro": 0.9355394292011567, "re_macro": 0.9340701156553648, "best_epoch": 12, "val_loss": 0.2148758688834822, "train_loss": 3.0931991414820894}
{"epoch": 13, "val_accuracy": 0.9374004777070064, "train_accuracy": 0.9806515957446809, "f1_macro": 0.9362038859283628, "pre_macro": 0.9372182266950191, "re_macro": 0.9359411951219965, "best_epoch": 13, "val_loss": 0.2102864408853707, "train_loss": 3.049397572050703}
{"epoch": 14, "val_accuracy": 0.93859474522293, "train_accuracy": 0.9821808510638298, "f1_macro": 0.9374186953123053, "pre_macro": 0.9383190877005527, "re_macro": 0.9371621642349727, "best_epoch": 14, "val_loss": 0.2069696545761055, "train_loss": 3.0138794117785515}
{"epoch": 15, "val_accuracy": 0.9396894904458599, "train_accuracy": 0.9836436170212766, "f1_macro": 0.9385154849165305, "pre_macro": 0.9393589287946409, "re_macro": 0.9382690892822776, "best_epoch": 15, "val_loss": 0.20419586486343272, "train_loss": 2.9851855186705896}
{"training time": 49.61438870429993}
