{"epoch": 1, "val_accuracy": 0.8168789808917197, "train_accuracy": 0.6355908069204776, "f1_macro": 0.8157752563499463, "pre_macro": 0.8284439412431206, "re_macro": 0.8165524817650583, "best_epoch": 1, "val_loss": 0.629780037198097, "train_loss": 7.94367188595711}
{"epoch": 2, "val_accuracy": 0.8513136942675159, "train_accuracy": 0.8641242410274262, "f1_macro": 0.8476812744258471, "pre_macro": 0.8606751190801607, "re_macro": 0.8479374111633129, "best_epoch": 2, "val_loss": 0.48536275455336664, "train_loss": 6.931882909003725}
{"epoch": 3, "val_accuracy": 0.8505175159235668, "train_accuracy": 0.912708967290026, "f1_macro": 0.8483793851722382, "pre_macro": 0.8643372894969445, "re_macro": 0.8472328208024258, "best_epoch": 2, "val_loss": 0.4655647457452716, "train_loss": 6.582537448152583}
{"epoch": 4, "val_accuracy": 0.8601711783439491, "train_accuracy": 0.930043693552626, "f1_macro": 0.8600314944594544, "pre_macro": 0.8727093249343001, "re_macro": 0.8580157358146666, "best_epoch": 4, "val_loss": 0.43866721457641594, "train_loss": 6.3569466712627}
{"epoch": 5, "val_accuracy": 0.87609474522293, "train_accuracy": 0.948328268020711, "f1_macro": 0.8751114870254113, "pre_macro": 0.8804557071838526, "re_macro": 0.8744180260492218, "best_epoch": 5, "val_loss": 0.4000539636939384, "train_loss": 6.182592209349287}
{"epoch": 6, "val_accuracy": 0.8862460191082803, "train_accuracy": 0.9590140581130981, "f1_macro": 0.884783654540859, "pre_macro": 0.8882387949527659, "re_macro": 0.8849163026269782, "best_epoch": 6, "val_loss": 0.3800760906332048, "train_loss": 6.055055313921989}
{"epoch": 7, "val_accuracy": 0.8851512738853503, "train_accuracy": 0.9633358666237365, "f1_macro": 0.8836858492363332, "pre_macro": 0.8882409103543452, "re_macro": 0.8838269619119113, "best_epoch": 6, "val_loss": 0.380130380131067, "train_loss": 5.957036901027598}
{"epoch": 8, "val_accuracy": 0.8839570063694268, "train_accuracy": 0.9683700622396266, "f1_macro": 0.882110018633338, "pre_macro": 0.8885627630674163, "re_macro": 0.8823524358166933, "best_epoch": 6, "val_loss": 0.3862143757331903, "train_loss": 5.882151299334587}
{"epoch": 9, "val_accuracy": 0.8824641719745223, "train_accuracy": 0.9730243175587756, "f1_macro": 0.8806182252138596, "pre_macro": 0.8881349129951213, "re_macro": 0.8813354691620543, "best_epoch": 6, "val_loss": 0.3901646513918972, "train_loss": 5.822226980899242}
{"epoch": 10, "val_accuracy": 0.8842555732484076, "train_accuracy": 0.9766812324523926, "f1_macro": 0.8829198838207348, "pre_macro": 0.8891979701187805, "re_macro": 0.8830790924553078, "best_epoch": 6, "val_loss": 0.379991465586291, "train_loss": 5.771534564647268}
{"epoch": 11, "val_accuracy": 0.8877388535031847, "train_accuracy": 0.9810030409630309, "f1_macro": 0.8863756037783455, "pre_macro": 0.8907669142145401, "re_macro": 0.8863068095470353, "best_epoch": 11, "val_loss": 0.3703530099788669, "train_loss": 5.728515158308313}
{"epoch": 12, "val_accuracy": 0.8878383757961783, "train_accuracy": 0.9846599558566479, "f1_macro": 0.8864433114631141, "pre_macro": 0.8908813897361304, "re_macro": 0.8863860710680953, "best_epoch": 12, "val_loss": 0.36730366074450455, "train_loss": 5.696257185428701}
{"epoch": 13, "val_accuracy": 0.8893312101910829, "train_accuracy": 0.9829977218140947, "f1_macro": 0.8879220586864884, "pre_macro": 0.8917177856016136, "re_macro": 0.8879621427303006, "best_epoch": 13, "val_loss": 0.36243448398153116, "train_loss": 5.67265440555329}
{"epoch": 14, "val_accuracy": 0.8929140127388535, "train_accuracy": 0.9839950622396266, "f1_macro": 0.8913925385506467, "pre_macro": 0.8939997339486221, "re_macro": 0.891546647363233, "best_epoch": 14, "val_loss": 0.3560160710861918, "train_loss": 5.65351509540639}
{"epoch": 15, "val_accuracy": 0.8938097133757962, "train_accuracy": 0.9833301686226054, "f1_macro": 0.8923105413636048, "pre_macro": 0.8940896120625255, "re_macro": 0.8925044159075469, "best_epoch": 15, "val_loss": 0.3500761316412953, "train_loss": 5.6373864437671415}
{"training time": 22.305561542510986}
