{"epoch": 1, "val_accuracy": 0.8947054140127388, "train_accuracy": 0.8601518110795454, "f1_macro": 0.893962556755523, "pre_macro": 0.9028540831845158, "re_macro": 0.8939970848431507, "best_epoch": 1, "val_loss": 0.34642506721221905, "train_loss": 5.604919397018173}
{"epoch": 2, "val_accuracy": 0.9195859872611465, "train_accuracy": 0.9167924360795454, "f1_macro": 0.9181801738315312, "pre_macro": 0.9220864569156028, "re_macro": 0.9186575999487336, "best_epoch": 2, "val_loss": 0.28735515519763066, "train_loss": 3.62291337989948}
{"epoch": 3, "val_accuracy": 0.9210788216560509, "train_accuracy": 0.9286443536931818, "f1_macro": 0.9199325082194199, "pre_macro": 0.9248226505373373, "re_macro": 0.9201272673839528, "best_epoch": 3, "val_loss": 0.26051378791119645, "train_loss": 2.8193035562607376}
{"epoch": 4, "val_accuracy": 0.9249601910828026, "train_accuracy": 0.9396084872159091, "f1_macro": 0.9234168974272668, "pre_macro": 0.927624055900479, "re_macro": 0.9238971494422372, "best_epoch": 4, "val_loss": 0.24332636048139375, "train_loss": 2.3579511022703215}
{"epoch": 5, "val_accuracy": 0.9273487261146497, "train_accuracy": 0.9476651278409091, "f1_macro": 0.9260332076439909, "pre_macro": 0.9299850650871273, "re_macro": 0.9264679128608213, "best_epoch": 5, "val_loss": 0.23796011627040756, "train_loss": 2.0553593796423892}
{"epoch": 6, "val_accuracy": 0.9314291401273885, "train_accuracy": 0.9535023082386364, "f1_macro": 0.9304546686280858, "pre_macro": 0.9343331075469585, "re_macro": 0.9303080454376014, "best_epoch": 6, "val_loss": 0.22370336742798805, "train_loss": 1.8421891587363048}
{"epoch": 7, "val_accuracy": 0.9358081210191083, "train_accuracy": 0.95849609375, "f1_macro": 0.9350549083701063, "pre_macro": 0.9384329384492285, "re_macro": 0.9345546376985245, "best_epoch": 7, "val_loss": 0.20686815957283708, "train_loss": 1.6860648098994384}
{"epoch": 8, "val_accuracy": 0.9492436305732485, "train_accuracy": 0.9626242897727273, "f1_macro": 0.9487280439157292, "pre_macro": 0.9502344994298451, "re_macro": 0.9482379504386502, "best_epoch": 8, "val_loss": 0.16884477815003532, "train_loss": 1.5677483479746364}
{"epoch": 9, "val_accuracy": 0.9524283439490446, "train_accuracy": 0.9674849076704546, "f1_macro": 0.951946548718632, "pre_macro": 0.952891385800495, "re_macro": 0.9516440097932024, "best_epoch": 9, "val_loss": 0.15276710358211046, "train_loss": 1.4752823573283174}
{"epoch": 10, "val_accuracy": 0.9557125796178344, "train_accuracy": 0.9703036221590909, "f1_macro": 0.9552403434866557, "pre_macro": 0.9560497978889592, "re_macro": 0.9549566355733677, "best_epoch": 10, "val_loss": 0.14302881073449875, "train_loss": 1.4031963763250546}
{"epoch": 11, "val_accuracy": 0.9598925159235668, "train_accuracy": 0.9719904119318182, "f1_macro": 0.9593663787265978, "pre_macro": 0.9599322021774173, "re_macro": 0.9590823952782092, "best_epoch": 11, "val_loss": 0.13296979391994845, "train_loss": 1.3471820464527064}
{"epoch": 12, "val_accuracy": 0.9625796178343949, "train_accuracy": 0.9738547585227273, "f1_macro": 0.9620648264200373, "pre_macro": 0.9624573562779745, "re_macro": 0.961820545658252, "best_epoch": 12, "val_loss": 0.1255707741065461, "train_loss": 1.3030617590993643}
{"epoch": 13, "val_accuracy": 0.9652667197452229, "train_accuracy": 0.9750754616477273, "f1_macro": 0.9647811157510185, "pre_macro": 0.9650450513339207, "re_macro": 0.9646168064980747, "best_epoch": 13, "val_loss": 0.12176370340589268, "train_loss": 1.268087107349526}
{"epoch": 14, "val_accuracy": 0.9659633757961783, "train_accuracy": 0.9762295809659091, "f1_macro": 0.965485387899952, "pre_macro": 0.9657233559225954, "re_macro": 0.9653395370162899, "best_epoch": 14, "val_loss": 0.11957979621662265, "train_loss": 1.2402485901997848}
{"epoch": 15, "val_accuracy": 0.9666600318471338, "train_accuracy": 0.9774502840909091, "f1_macro": 0.9661990173836144, "pre_macro": 0.966371617604087, "re_macro": 0.9661048758833722, "best_epoch": 15, "val_loss": 0.1180036843867059, "train_loss": 1.2180610458281906}
{"training time": 121.97825050354004}
