{"epoch": 1, "val_accuracy": 0.7457205414012739, "train_accuracy": 0.7534845525568182, "f1_macro": 0.7434081171645044, "pre_macro": 0.7535848628780105, "re_macro": 0.7451000000000001, "best_epoch": 1, "val_loss": 0.7879043430279774, "train_loss": 0.9975056474689733}
{"epoch": 2, "val_accuracy": 0.7971735668789809, "train_accuracy": 0.8077947443181818, "f1_macro": 0.7918585813736715, "pre_macro": 0.7961152585030458, "re_macro": 0.7971, "best_epoch": 2, "val_loss": 0.6485929248059631, "train_loss": 0.831812561658973}
{"epoch": 3, "val_accuracy": 0.8132961783439491, "train_accuracy": 0.8277920809659091, "f1_macro": 0.8115439809997836, "pre_macro": 0.8116825997124971, "re_macro": 0.8130000000000001, "best_epoch": 3, "val_loss": 0.5747699249701895, "train_loss": 0.769218609244986}
{"epoch": 4, "val_accuracy": 0.8221536624203821, "train_accuracy": 0.8456809303977273, "f1_macro": 0.8188901673643233, "pre_macro": 0.8194550975056221, "re_macro": 0.8216000000000001, "best_epoch": 4, "val_loss": 0.5381894553922544, "train_loss": 0.6985385220243849}
{"epoch": 5, "val_accuracy": 0.8289211783439491, "train_accuracy": 0.853515625, "f1_macro": 0.826198329064416, "pre_macro": 0.82827800608384, "re_macro": 0.8284, "best_epoch": 5, "val_loss": 0.5034119101466646, "train_loss": 0.6511513721197844}
{"epoch": 6, "val_accuracy": 0.8273288216560509, "train_accuracy": 0.8613725142045454, "f1_macro": 0.8237308881023357, "pre_macro": 0.8269263665794495, "re_macro": 0.8274000000000001, "best_epoch": 5, "val_loss": 0.4978290268569995, "train_loss": 0.609482376074249}
{"epoch": 7, "val_accuracy": 0.832703025477707, "train_accuracy": 0.86865234375, "f1_macro": 0.8298559831424361, "pre_macro": 0.8314151106856746, "re_macro": 0.8324999999999999, "best_epoch": 7, "val_loss": 0.4755706747246396, "train_loss": 0.5764434151351452}
{"epoch": 8, "val_accuracy": 0.8316082802547771, "train_accuracy": 0.8769087357954546, "f1_macro": 0.8297096062249336, "pre_macro": 0.8311693921546371, "re_macro": 0.8317, "best_epoch": 7, "val_loss": 0.4737256397107604, "train_loss": 0.5435083127495918}
{"epoch": 9, "val_accuracy": 0.8361863057324841, "train_accuracy": 0.8848322088068182, "f1_macro": 0.8351489701104919, "pre_macro": 0.8352413677513523, "re_macro": 0.8362999999999999, "best_epoch": 9, "val_loss": 0.46269521838540484, "train_loss": 0.5166393849490718}
{"epoch": 10, "val_accuracy": 0.8388734076433121, "train_accuracy": 0.8950417258522727, "f1_macro": 0.8383557481445258, "pre_macro": 0.8388620894544214, "re_macro": 0.8390000000000001, "best_epoch": 10, "val_loss": 0.45257355510049563, "train_loss": 0.48819655150344426}
{"epoch": 11, "val_accuracy": 0.8414609872611465, "train_accuracy": 0.9030539772727273, "f1_macro": 0.8412375020652221, "pre_macro": 0.8417306522228689, "re_macro": 0.8416, "best_epoch": 11, "val_loss": 0.44710141913906026, "train_loss": 0.4641015502539548}
{"epoch": 12, "val_accuracy": 0.8423566878980892, "train_accuracy": 0.9099786931818182, "f1_macro": 0.8416901202167276, "pre_macro": 0.8422035756067692, "re_macro": 0.8422000000000001, "best_epoch": 12, "val_loss": 0.43928612151723, "train_loss": 0.4446797443088144}
{"epoch": 13, "val_accuracy": 0.8433519108280255, "train_accuracy": 0.9165261008522727, "f1_macro": 0.8426971811891321, "pre_macro": 0.8427795020303156, "re_macro": 0.8435, "best_epoch": 13, "val_loss": 0.4372909536976723, "train_loss": 0.4297127137595618}
{"epoch": 14, "val_accuracy": 0.8442476114649682, "train_accuracy": 0.9207874644886364, "f1_macro": 0.8436995713515119, "pre_macro": 0.8437965878684949, "re_macro": 0.8444, "best_epoch": 14, "val_loss": 0.4360380684304389, "train_loss": 0.4183172505899248}
{"epoch": 15, "val_accuracy": 0.8455414012738853, "train_accuracy": 0.9235617897727273, "f1_macro": 0.8450199288800778, "pre_macro": 0.844855437342831, "re_macro": 0.8456999999999999, "best_epoch": 15, "val_loss": 0.43510801055628784, "train_loss": 0.4099972456778315}
{"epoch": 16, "val_accuracy": 0.8457404458598726, "train_accuracy": 0.9268022017045454, "f1_macro": 0.8452485993522346, "pre_macro": 0.8450349420961943, "re_macro": 0.8459, "best_epoch": 16, "val_loss": 0.43446379529822404, "train_loss": 0.402780430349098}
{"epoch": 17, "val_accuracy": 0.8452428343949044, "train_accuracy": 0.9289772727272727, "f1_macro": 0.8446427081115692, "pre_macro": 0.8444010947295266, "re_macro": 0.8454, "best_epoch": 16, "val_loss": 0.4330402191277522, "train_loss": 0.3970266272821887}
{"epoch": 18, "val_accuracy": 0.845640923566879, "train_accuracy": 0.930419921875, "f1_macro": 0.8449089423724754, "pre_macro": 0.8446665745277455, "re_macro": 0.8458, "best_epoch": 16, "val_loss": 0.4314962984270351, "train_loss": 0.3922701897946271}
{"epoch": 19, "val_accuracy": 0.8455414012738853, "train_accuracy": 0.9320623224431818, "f1_macro": 0.8447592936038582, "pre_macro": 0.8444535005596325, "re_macro": 0.8457000000000001, "best_epoch": 16, "val_loss": 0.43058775688052936, "train_loss": 0.38855211083269253}
{"epoch": 20, "val_accuracy": 0.845640923566879, "train_accuracy": 0.9329501065340909, "f1_macro": 0.8447562568139416, "pre_macro": 0.8444037666046359, "re_macro": 0.8458, "best_epoch": 16, "val_loss": 0.4300697340517287, "train_loss": 0.3855857698204504}
{"epoch": 21, "val_accuracy": 0.8462380573248408, "train_accuracy": 0.93359375, "f1_macro": 0.8452434661092324, "pre_macro": 0.8448969823713324, "re_macro": 0.8464, "best_epoch": 21, "val_loss": 0.42976472151886885, "train_loss": 0.3831726646431806}
{"epoch": 22, "val_accuracy": 0.8472332802547771, "train_accuracy": 0.934814453125, "f1_macro": 0.8459795022612487, "pre_macro": 0.8455978761212876, "re_macro": 0.8471, "best_epoch": 22, "val_loss": 0.42951785132383846, "train_loss": 0.3811798009132458}
{"epoch": 23, "val_accuracy": 0.8479299363057324, "train_accuracy": 0.9355024857954546, "f1_macro": 0.8467086230742042, "pre_macro": 0.8463612569620201, "re_macro": 0.8478, "best_epoch": 23, "val_loss": 0.42926995532148204, "train_loss": 0.3795553989581425}
{"epoch": 24, "val_accuracy": 0.8478304140127388, "train_accuracy": 0.9363236860795454, "f1_macro": 0.8466659827367027, "pre_macro": 0.8462971861075234, "re_macro": 0.8477, "best_epoch": 23, "val_loss": 0.42899808771671005, "train_loss": 0.3782472354359925}
{"epoch": 25, "val_accuracy": 0.8473328025477707, "train_accuracy": 0.9366122159090909, "f1_macro": 0.8461708498437069, "pre_macro": 0.8458088065072357, "re_macro": 0.8472, "best_epoch": 23, "val_loss": 0.42871564028749043, "train_loss": 0.37718122149817646}
{"training time": 171.22333431243896}
{"epoch": 1, "val_accuracy": 0.7767714968152867, "train_accuracy": 0.7643599076704546, "f1_macro": 0.7755716972855792, "pre_macro": 0.7792027571049795, "re_macro": 0.7766, "best_epoch": 1, "val_loss": 0.6979268409643963, "train_loss": 0.961959249001335}
{"epoch": 2, "val_accuracy": 0.7939888535031847, "train_accuracy": 0.8120339133522727, "f1_macro": 0.790750352372634, "pre_macro": 0.7938333529485059, "re_macro": 0.7939, "best_epoch": 2, "val_loss": 0.6636107890469254, "train_loss": 0.8108205547217618}
{"epoch": 3, "val_accuracy": 0.8109076433121019, "train_accuracy": 0.8269264914772727, "f1_macro": 0.809108372614283, "pre_macro": 0.811175823210661, "re_macro": 0.8112, "best_epoch": 3, "val_loss": 0.5827395297159814, "train_loss": 0.7562219995835965}
{"epoch": 4, "val_accuracy": 0.8152866242038217, "train_accuracy": 0.8428844105113636, "f1_macro": 0.8145458265534679, "pre_macro": 0.8156773036643601, "re_macro": 0.8153, "best_epoch": 4, "val_loss": 0.548988168596462, "train_loss": 0.7004640997302803}
{"epoch": 5, "val_accuracy": 0.823546974522293, "train_accuracy": 0.8536044034090909, "f1_macro": 0.822009896442317, "pre_macro": 0.8241880102028578, "re_macro": 0.8239000000000001, "best_epoch": 5, "val_loss": 0.5189350446698012, "train_loss": 0.6502956399186091}
{"epoch": 6, "val_accuracy": 0.8297173566878981, "train_accuracy": 0.8629705255681818, "f1_macro": 0.8290618108211045, "pre_macro": 0.8298800604755889, "re_macro": 0.8295,