{"epoch": 1, "val_accuracy": 0.39759156050955413, "train_accuracy": 0.29427083730697634, "f1_macro": 0.3815682448637453, "pre_macro": 0.4139675651556473, "re_macro": 0.39649999999999996, "best_epoch": 1, "val_loss": 1.989055919039781, "train_loss": 2.260610044002533}
{"epoch": 2, "val_accuracy": 0.5406050955414012, "train_accuracy": 0.5541666686534882, "f1_macro": 0.5446539365506073, "pre_macro": 0.5737303852511223, "re_macro": 0.5393000000000001, "best_epoch": 2, "val_loss": 1.7968083528956031, "train_loss": 1.9594671487808228}
{"epoch": 3, "val_accuracy": 0.6115644904458599, "train_accuracy": 0.6869791686534882, "f1_macro": 0.6065970963608021, "pre_macro": 0.6161339249944779, "re_macro": 0.6103, "best_epoch": 3, "val_loss": 1.6496212603939566, "train_loss": 1.7197535276412963}
{"epoch": 4, "val_accuracy": 0.6226114649681529, "train_accuracy": 0.809375, "f1_macro": 0.6208764799757673, "pre_macro": 0.6348237310950349, "re_macro": 0.622, "best_epoch": 4, "val_loss": 1.5738074566907942, "train_loss": 1.5126993060112}
{"epoch": 5, "val_accuracy": 0.6540605095541401, "train_accuracy": 0.8489583373069763, "f1_macro": 0.6497065660807658, "pre_macro": 0.6540819258716458, "re_macro": 0.6533, "best_epoch": 5, "val_loss": 1.4605788691028667, "train_loss": 1.3463224172592163}
{"epoch": 6, "val_accuracy": 0.6687898089171974, "train_accuracy": 0.89375, "f1_macro": 0.6651151048595842, "pre_macro": 0.6695076888427073, "re_macro": 0.6681, "best_epoch": 6, "val_loss": 1.4079063925773474, "train_loss": 1.1604260325431823}
{"epoch": 7, "val_accuracy": 0.6770501592356688, "train_accuracy": 0.934375, "f1_macro": 0.67420963730702, "pre_macro": 0.6780117991770741, "re_macro": 0.6763999999999999, "best_epoch": 7, "val_loss": 1.3636966252782543, "train_loss": 1.0250705897808075}
{"epoch": 8, "val_accuracy": 0.6808320063694268, "train_accuracy": 0.9546875, "f1_macro": 0.6779421318021167, "pre_macro": 0.6821388062575269, "re_macro": 0.6802, "best_epoch": 8, "val_loss": 1.3374298833737708, "train_loss": 0.9274385690689086}
{"epoch": 9, "val_accuracy": 0.6834195859872612, "train_accuracy": 0.96875, "f1_macro": 0.6805366765513632, "pre_macro": 0.6829391258918285, "re_macro": 0.6828000000000001, "best_epoch": 9, "val_loss": 1.3164247137725733, "train_loss": 0.8614716351032257}
{"epoch": 10, "val_accuracy": 0.6851114649681529, "train_accuracy": 0.9734375, "f1_macro": 0.6822791589053417, "pre_macro": 0.6845985020813805, "re_macro": 0.6845, "best_epoch": 10, "val_loss": 1.3039024445661314, "train_loss": 0.8137566149234772}
{"epoch": 11, "val_accuracy": 0.6881966560509554, "train_accuracy": 0.978125, "f1_macro": 0.685327427532906, "pre_macro": 0.6871683025888429, "re_macro": 0.6876, "best_epoch": 11, "val_loss": 1.2933901890068298, "train_loss": 0.7798215478658677}
{"epoch": 12, "val_accuracy": 0.6891918789808917, "train_accuracy": 0.9828125, "f1_macro": 0.6864126232137651, "pre_macro": 0.6885016768550389, "re_macro": 0.6886, "best_epoch": 12, "val_loss": 1.285581912964013, "train_loss": 0.7543305814266205}
{"epoch": 13, "val_accuracy": 0.6896894904458599, "train_accuracy": 0.984375, "f1_macro": 0.6869121602605079, "pre_macro": 0.6888431658852039, "re_macro": 0.6891, "best_epoch": 13, "val_loss": 1.2795844351410106, "train_loss": 0.7347664803266525}
{"epoch": 14, "val_accuracy": 0.6900875796178344, "train_accuracy": 0.984375, "f1_macro": 0.6873198717552392, "pre_macro": 0.6891390988805342, "re_macro": 0.6895, "best_epoch": 14, "val_loss": 1.2748119367915354, "train_loss": 0.7194595754146575}
{"epoch": 15, "val_accuracy": 0.6908837579617835, "train_accuracy": 0.984375, "f1_macro": 0.6881223364623208, "pre_macro": 0.6899277645491391, "re_macro": 0.6902999999999999, "best_epoch": 15, "val_loss": 1.2709793133340823, "train_loss": 0.7075137227773667}
{"epoch": 16, "val_accuracy": 0.6914808917197452, "train_accuracy": 0.9859375, "f1_macro": 0.6887085091915992, "pre_macro": 0.6904381884182273, "re_macro": 0.6909000000000001, "best_epoch": 16, "val_loss": 1.2679699811206502, "train_loss": 0.6980531811714172}
{"epoch": 17, "val_accuracy": 0.6919785031847133, "train_accuracy": 0.9859375, "f1_macro": 0.689242105790575, "pre_macro": 0.6910222291578386, "re_macro": 0.6914, "best_epoch": 17, "val_loss": 1.2655790839225622, "train_loss": 0.6905247688293457}
{"epoch": 18, "val_accuracy": 0.6926751592356688, "train_accuracy": 0.9859375, "f1_macro": 0.6899242847291341, "pre_macro": 0.6917348484284368, "re_macro": 0.6920999999999999, "best_epoch": 18, "val_loss": 1.2636569723202165, "train_loss": 0.6845339417457581}
{"epoch": 19, "val_accuracy": 0.6926751592356688, "train_accuracy": 0.9875, "f1_macro": 0.6899146595060118, "pre_macro": 0.6917332709135994, "re_macro": 0.6920999999999999, "best_epoch": 18, "val_loss": 1.2621139105717847, "train_loss": 0.6797491371631622}
{"epoch": 20, "val_accuracy": 0.6928742038216561, "train_accuracy": 0.9890625, "f1_macro": 0.6901340231475285, "pre_macro": 0.6919549773837115, "re_macro": 0.6923, "best_epoch": 20, "val_loss": 1.2608772166974984, "train_loss": 0.6759159296751023}
{"epoch": 21, "val_accuracy": 0.693172770700637, "train_accuracy": 0.9890625, "f1_macro": 0.6904455266427738, "pre_macro": 0.6922862731663768, "re_macro": 0.6926, "best_epoch": 21, "val_loss": 1.259885066633771, "train_loss": 0.6728407263755798}
{"epoch": 22, "val_accuracy": 0.6930732484076433, "train_accuracy": 0.990625, "f1_macro": 0.6903058739092579, "pre_macro": 0.6920971807674798, "re_macro": 0.6924999999999999, "best_epoch": 21, "val_loss": 1.2590879346155057, "train_loss": 0.6703711211681366}
{"epoch": 23, "val_accuracy": 0.693172770700637, "train_accuracy": 0.990625, "f1_macro": 0.6904322160456673, "pre_macro": 0.692263045936835, "re_macro": 0.6926, "best_epoch": 21, "val_loss": 1.2584469720816156, "train_loss": 0.6683861315250397}
{"epoch": 24, "val_accuracy": 0.693172770700637, "train_accuracy": 0.990625, "f1_macro": 0.6904435225111623, "pre_macro": 0.6922901944661075, "re_macro": 0.6926, "best_epoch": 21, "val_loss": 1.2579314427770627, "train_loss": 0.6667897522449493}
{"epoch": 25, "val_accuracy": 0.6932722929936306, "train_accuracy": 0.990625, "f1_macro": 0.6905545951507533, "pre_macro": 0.692437886392934, "re_macro": 0.6927, "best_epoch": 25, "val_loss": 1.2575167728837129, "train_loss": 0.66550512611866}
{"training time": 26.838648557662964}
{"epoch": 1, "val_accuracy": 0.4215764331210191, "train_accuracy": 0.27864583432674406, "f1_macro": 0.4021763827087478, "pre_macro": 0.44385736342290116, "re_macro": 0.42119999999999996, "best_epoch": 1, "val_loss": 1.9430503078327057, "train_loss": 2.2356803178787232}
{"epoch": 2, "val_accuracy": 0.5127388535031847, "train_accuracy": 0.5213541686534882, "f1_macro": 0.5004237800287517, "pre_macro": 0.538188388285475, "re_macro": 0.5125000000000001, "best_epoch": 2, "val_loss": 1.7771243570716517, "train_loss": 1.9127046585083007}
{"epoch": 3, "val_accuracy": 0.5836982484076433, "train_accuracy": 0.6682291686534881, "f1_macro": 0.577206201738931, "pre_macro": 0.5908216313051218, "re_macro": 0.5844, "best_epoch": 3, "val_loss": 1.6706258833028709, "train_loss": 1.7010689616203307}
{"epoch": 4, "val_accuracy": 0.61046974522293, "train_accuracy": 0.7822916686534882, "f1_macro": 0.6084716636808443, "pre_macro": 0.6296114797353692, "re_macro": 0.6094999999999999, "best_epoch": 4, "val_loss": 1.5614638252622763, "train_loss": 1.5033481955528258}
{"epoch": 5, "val_accuracy": 0.6514729299363057, "train_accuracy": 0.8552083373069763, "f1_macro": 0.6483567783170676, "pre_macro": 0.6545181247950072, "re_macro": 0.6507, "best_epoch": 5, "val_loss": 1.4465538164612595, "train_loss": 1.3222187757492065}
{"epoch": 6, "val_accuracy": 0.6603304140127388, "train_accuracy": 0.896875, "f1_macro": 0.6571369300194366, "pre_macro": 0.6609759654042295, "re_macro": 0.6599, "best_epoch": 6, "val_loss": 1.3962561590656353, "train_loss": 1.157142126560211}
{"epoch": 7, "val_accuracy": 0.667296974522293, "train_accuracy": 0.93125, "f1_macro": 0.66538432307267,