{"epoch": 1, "val_accuracy": 0.10071656050955415, "train_accuracy": 0.09437056741815933, "f1_macro": 0.0183304568989009, "pre_macro": 0.01009, "re_macro": 0.1, "best_epoch": 1, "val_loss": 2.3136081346281014, "train_loss": 2.387232806834769}
{"epoch": 2, "val_accuracy": 0.12221337579617834, "train_accuracy": 0.10786790781198664, "f1_macro": 0.04992642143670598, "pre_macro": 0.07767435364717637, "re_macro": 0.11926655985499506, "best_epoch": 2, "val_loss": 2.302440793650925, "train_loss": 2.330907440185547}
{"epoch": 3, "val_accuracy": 0.08558917197452229, "train_accuracy": 0.10474290781198664, "f1_macro": 0.01640065694747024, "pre_macro": 0.023238752670820446, "re_macro": 0.08493914115872955, "best_epoch": 2, "val_loss": 2.301334534481073, "train_loss": 2.318341505781133}
{"epoch": 4, "val_accuracy": 0.10071656050955415, "train_accuracy": 0.11730939720539336, "f1_macro": 0.0183304568989009, "pre_macro": 0.01009, "re_macro": 0.1, "best_epoch": 2, "val_loss": 2.302519116432044, "train_loss": 2.3146781170621833}
{"epoch": 5, "val_accuracy": 0.10001990445859872, "train_accuracy": 0.12754875887581643, "f1_macro": 0.047837626538466134, "pre_macro": 0.03419691396292928, "re_macro": 0.10363363299390738, "best_epoch": 2, "val_loss": 2.1509992560003974, "train_loss": 2.263824213312027}
{"epoch": 6, "val_accuracy": 0.22511942675159236, "train_accuracy": 0.14955673763092528, "f1_macro": 0.11138268124442825, "pre_macro": 0.17886389630554328, "re_macro": 0.2286159202138668, "best_epoch": 6, "val_loss": 2.014264829599174, "train_loss": 2.1237894098809424}
{"epoch": 7, "val_accuracy": 0.7210390127388535, "train_accuracy": 0.525908688027808, "f1_macro": 0.6769552882162463, "pre_macro": 0.7591629720933305, "re_macro": 0.7111520938542173, "best_epoch": 7, "val_loss": 1.2848228443959715, "train_loss": 1.6406300215010947}
{"epoch": 8, "val_accuracy": 0.7298964968152867, "train_accuracy": 0.7714982271194458, "f1_macro": 0.7076544819386248, "pre_macro": 0.7834945114930041, "re_macro": 0.7211250631290044, "best_epoch": 8, "val_loss": 1.0722950237571813, "train_loss": 1.08224370302038}
{"epoch": 9, "val_accuracy": 0.8490246815286624, "train_accuracy": 0.8238253547790203, "f1_macro": 0.8444648193110702, "pre_macro": 0.8539208866117802, "re_macro": 0.8450315877596021, "best_epoch": 9, "val_loss": 0.7209166986927106, "train_loss": 0.8392895873556746}
{"epoch": 10, "val_accuracy": 0.8690286624203821, "train_accuracy": 0.8586214539852548, "f1_macro": 0.865545074527717, "pre_macro": 0.8688297457592367, "re_macro": 0.8658098628198114, "best_epoch": 10, "val_loss": 0.6165571011555423, "train_loss": 0.690259101289384}
{"epoch": 11, "val_accuracy": 0.8651472929936306, "train_accuracy": 0.8752437944107867, "f1_macro": 0.8607755938597668, "pre_macro": 0.868573443467116, "re_macro": 0.8610912338255593, "best_epoch": 10, "val_loss": 0.5974617351771919, "train_loss": 0.60825168084591}
{"epoch": 12, "val_accuracy": 0.882265127388535, "train_accuracy": 0.884596631374765, "f1_macro": 0.8789459276806595, "pre_macro": 0.8827405308178541, "re_macro": 0.8791584274730153, "best_epoch": 12, "val_loss": 0.5185843541933473, "train_loss": 0.5567231367243097}
{"epoch": 13, "val_accuracy": 0.8902269108280255, "train_accuracy": 0.8924202127659574, "f1_macro": 0.887832066971678, "pre_macro": 0.8896094766602772, "re_macro": 0.8880212281505232, "best_epoch": 13, "val_loss": 0.48370962680145435, "train_loss": 0.5201523421926701}
{"epoch": 14, "val_accuracy": 0.892515923566879, "train_accuracy": 0.8978058510638298, "f1_macro": 0.8903384119680371, "pre_macro": 0.8917805458220623, "re_macro": 0.8909364241484511, "best_epoch": 14, "val_loss": 0.4522738404524554, "train_loss": 0.48749269779692306}
{"epoch": 15, "val_accuracy": 0.8942078025477707, "train_accuracy": 0.9021498228641267, "f1_macro": 0.8924502673783685, "pre_macro": 0.8935504980871783, "re_macro": 0.8931563241530304, "best_epoch": 15, "val_loss": 0.4266280785772451, "train_loss": 0.45214896138678207}
{"training time": 43.262656688690186}
