{"epoch": 1, "val_accuracy": 0.15187101910828024, "train_accuracy": 0.1234375, "f1_macro": 0.0506853969977948, "pre_macro": 0.031240567421537836, "re_macro": 0.14015427039579278, "best_epoch": 1, "val_loss": 2.3025848197329575, "train_loss": 2.4964932680130003}
{"epoch": 2, "val_accuracy": 0.17117834394904458, "train_accuracy": 0.1765625, "f1_macro": 0.08993174136328282, "pre_macro": 0.09815261232759821, "re_macro": 0.16875540894170427, "best_epoch": 2, "val_loss": 2.3025848895880827, "train_loss": 2.4519726991653443}
{"epoch": 3, "val_accuracy": 0.1820262738853503, "train_accuracy": 0.18020833432674407, "f1_macro": 0.09584248611914423, "pre_macro": 0.068879724712969, "re_macro": 0.17912767993393552, "best_epoch": 3, "val_loss": 2.3025848895880827, "train_loss": 2.448782229423523}
{"epoch": 4, "val_accuracy": 0.1747611464968153, "train_accuracy": 0.18385416865348816, "f1_macro": 0.09946440910286387, "pre_macro": 0.07640330551415797, "re_macro": 0.17406141258179697, "best_epoch": 3, "val_loss": 2.3025848895880827, "train_loss": 2.444674754142761}
{"epoch": 5, "val_accuracy": 0.1467953821656051, "train_accuracy": 0.17395833432674407, "f1_macro": 0.08488461252538705, "pre_macro": 0.0996468866421934, "re_macro": 0.1466068864426304, "best_epoch": 3, "val_loss": 2.3025848895880827, "train_loss": 2.440794849395752}
{"epoch": 6, "val_accuracy": 0.11464968152866242, "train_accuracy": 0.15052083432674407, "f1_macro": 0.04873936156076398, "pre_macro": 0.11499110005029038, "re_macro": 0.11383461994971625, "best_epoch": 3, "val_loss": 2.302584898699621, "train_loss": 2.43744478225708}
{"epoch": 7, "val_accuracy": 0.09763136942675159, "train_accuracy": 0.11979166716337204, "f1_macro": 0.022863180997764708, "pre_macro": 0.11409184221766026, "re_macro": 0.09664011623519227, "best_epoch": 3, "val_loss": 2.302584916922697, "train_loss": 2.4346427440643312}
{"epoch": 8, "val_accuracy": 0.10061703821656051, "train_accuracy": 0.11041666716337203, "f1_macro": 0.01920053745643207, "pre_macro": 0.011359475815513866, "re_macro": 0.09986788506961575, "best_epoch": 3, "val_loss": 2.302584959443208, "train_loss": 2.43232638835907}
{"epoch": 9, "val_accuracy": 0.10061703821656051, "train_accuracy": 0.11041666716337203, "f1_macro": 0.018541340936264143, "pre_macro": 0.010218978102189781, "re_macro": 0.09990089197224974, "best_epoch": 3, "val_loss": 2.302584982222053, "train_loss": 2.4304195165634157}
{"epoch": 10, "val_accuracy": 0.10071656050955415, "train_accuracy": 0.11197916716337204, "f1_macro": 0.018397301486006018, "pre_macro": 0.010130522088353414, "re_macro": 0.1, "best_epoch": 3, "val_loss": 2.3025849655175663, "train_loss": 2.4288520336151125}
{"epoch": 11, "val_accuracy": 0.10071656050955415, "train_accuracy": 0.11197916716337204, "f1_macro": 0.018345454545454547, "pre_macro": 0.010099089180262236, "re_macro": 0.1, "best_epoch": 3, "val_loss": 2.3025849032553896, "train_loss": 2.4275642156600954}
{"epoch": 12, "val_accuracy": 0.10071656050955415, "train_accuracy": 0.11197916716337204, "f1_macro": 0.018332122093023255, "pre_macro": 0.01009100910091009, "re_macro": 0.1, "best_epoch": 3, "val_loss": 2.302584859216289, "train_loss": 2.4265063524246218}
{"epoch": 13, "val_accuracy": 0.10071656050955415, "train_accuracy": 0.11197916716337204, "f1_macro": 0.0183304568989009, "pre_macro": 0.01009, "re_macro": 0.1, "best_epoch": 3, "val_loss": 2.302584836437444, "train_loss": 2.4256375551223757}
{"epoch": 14, "val_accuracy": 0.10071656050955415, "train_accuracy": 0.11197916716337204, "f1_macro": 0.0183304568989009, "pre_macro": 0.01009, "re_macro": 0.1, "best_epoch": 3, "val_loss": 2.302584816695778, "train_loss": 2.4249241828918455}
{"epoch": 15, "val_accuracy": 0.10071656050955415, "train_accuracy": 0.11197916716337204, "f1_macro": 0.0183304568989009, "pre_macro": 0.01009, "re_macro": 0.1, "best_epoch": 3, "val_loss": 2.302584789361164, "train_loss": 2.4243382930755617}
{"training time": 16.769394874572754}
