{"epoch": 1, "val_accuracy": 0.11833200636942676, "train_accuracy": 0.10867537313432836, "f1_macro": 0.03536989690045654, "pre_macro": 0.021272356373642012, "re_macro": 0.11685484108371194, "best_epoch": 1, "val_loss": 2.302342850691194, "train_loss": 2.3373429294842394}
{"epoch": 2, "val_accuracy": 0.11116640127388536, "train_accuracy": 0.10944163113006397, "f1_macro": 0.044876893904273615, "pre_macro": 0.028567570230194895, "re_macro": 0.11101871370112266, "best_epoch": 1, "val_loss": 2.3024692292426043, "train_loss": 2.316338105496567}
{"epoch": 3, "val_accuracy": 0.09783041401273886, "train_accuracy": 0.11010794243070363, "f1_macro": 0.01785063752276867, "pre_macro": 0.0098, "re_macro": 0.1, "best_epoch": 1, "val_loss": 2.303930978106845, "train_loss": 2.3136684259117795}
{"epoch": 4, "val_accuracy": 0.10260748407643312, "train_accuracy": 0.10854211087420043, "f1_macro": 0.0186451437380974, "pre_macro": 0.010281028102810282, "re_macro": 0.1, "best_epoch": 1, "val_loss": 2.3024457594391645, "train_loss": 2.311376687051899}
{"epoch": 5, "val_accuracy": 0.09783041401273886, "train_accuracy": 0.11182369402985075, "f1_macro": 0.01785063752276867, "pre_macro": 0.0098, "re_macro": 0.1, "best_epoch": 1, "val_loss": 2.296361245926778, "train_loss": 2.307806321298644}
{"epoch": 6, "val_accuracy": 0.6889928343949044, "train_accuracy": 0.4304037846481876, "f1_macro": 0.6647010684551253, "pre_macro": 0.6871186026586054, "re_macro": 0.6812669410109207, "best_epoch": 6, "val_loss": 1.1235159468498959, "train_loss": 1.7353074811796136}
{"epoch": 7, "val_accuracy": 0.8390724522292994, "train_accuracy": 0.8060867537313433, "f1_macro": 0.833247029215492, "pre_macro": 0.8436433213760001, "re_macro": 0.8346519968101799, "best_epoch": 7, "val_loss": 0.5876121949997677, "train_loss": 0.7923412241025775}
{"epoch": 8, "val_accuracy": 0.8479299363057324, "train_accuracy": 0.8504964019189766, "f1_macro": 0.8436165615471382, "pre_macro": 0.8505316660857971, "re_macro": 0.8443361667667453, "best_epoch": 8, "val_loss": 0.5728911975766443, "train_loss": 0.6085571863376764}
{"epoch": 9, "val_accuracy": 0.8790804140127388, "train_accuracy": 0.8717350746268657, "f1_macro": 0.8769694392709526, "pre_macro": 0.8800478975746037, "re_macro": 0.8769445437551975, "best_epoch": 9, "val_loss": 0.45138689514937674, "train_loss": 0.5366865572041032}
{"epoch": 10, "val_accuracy": 0.895203025477707, "train_accuracy": 0.8874766791044776, "f1_macro": 0.8933698674090506, "pre_macro": 0.8947615340278869, "re_macro": 0.8933808501920538, "best_epoch": 10, "val_loss": 0.39101531043363985, "train_loss": 0.4851081544465856}
{"epoch": 11, "val_accuracy": 0.9003781847133758, "train_accuracy": 0.896655117270789, "f1_macro": 0.8988126581007743, "pre_macro": 0.9000806409872517, "re_macro": 0.8994849012793384, "best_epoch": 11, "val_loss": 0.36044478160180865, "train_loss": 0.45268500369113646}
{"epoch": 12, "val_accuracy": 0.9070461783439491, "train_accuracy": 0.9031016791044776, "f1_macro": 0.90546891490434, "pre_macro": 0.9066040587507167, "re_macro": 0.9062190552614531, "best_epoch": 12, "val_loss": 0.34448024920027726, "train_loss": 0.4294353877303443}
{"epoch": 13, "val_accuracy": 0.9120222929936306, "train_accuracy": 0.9095815565031983, "f1_macro": 0.9102694017936482, "pre_macro": 0.911040888409345, "re_macro": 0.9107915960988094, "best_epoch": 13, "val_loss": 0.33350709669149603, "train_loss": 0.40999970593050855}
{"epoch": 14, "val_accuracy": 0.9166998407643312, "train_accuracy": 0.9142124200426439, "f1_macro": 0.915152281276568, "pre_macro": 0.915842411116192, "re_macro": 0.9154478096259215, "best_epoch": 14, "val_loss": 0.31933046284185096, "train_loss": 0.39342256608421106}
{"epoch": 15, "val_accuracy": 0.9186902866242038, "train_accuracy": 0.9185101279317697, "f1_macro": 0.9176696683848382, "pre_macro": 0.9182145353056346, "re_macro": 0.9178544648428923, "best_epoch": 15, "val_loss": 0.2991541806774534, "train_loss": 0.3793613582150514}
{"training time": 123.38811039924622}
