{"epoch": 1, "val_accuracy": 0.17127786624203822, "train_accuracy": 0.14293323863636365, "f1_macro": 0.08310717352209385, "pre_macro": 0.061376445077461796, "re_macro": 0.15973791704917364, "best_epoch": 1, "val_loss": 2.06965879801732, "train_loss": 2.1569818886504932}
{"epoch": 2, "val_accuracy": 0.08927149681528662, "train_accuracy": 0.1392489346590909, "f1_macro": 0.01636964909057505, "pre_macro": 0.008915349209525716, "re_macro": 0.09988789237668162, "best_epoch": 1, "val_loss": 2.3025348824300584, "train_loss": 2.1836200552907856}
{"epoch": 3, "val_accuracy": 0.09783041401273886, "train_accuracy": 0.10311612215909091, "f1_macro": 0.01785063752276867, "pre_macro": 0.0098, "re_macro": 0.1, "best_epoch": 1, "val_loss": 2.2836036469526353, "train_loss": 2.323147800497033}
{"epoch": 4, "val_accuracy": 0.07842356687898089, "train_accuracy": 0.10087446732954546, "f1_macro": 0.02782181731403783, "pre_macro": 0.021301878577240287, "re_macro": 0.07642396565333714, "best_epoch": 1, "val_loss": 2.302542407041902, "train_loss": 2.3171010972423987}
{"epoch": 5, "val_accuracy": 0.22830414012738853, "train_accuracy": 0.1378506747159091, "f1_macro": 0.1584167090159163, "pre_macro": 0.16765433284409129, "re_macro": 0.21812738344290722, "best_epoch": 5, "val_loss": 2.0465536277005625, "train_loss": 2.24814558791166}
{"epoch": 6, "val_accuracy": 0.7584593949044586, "train_accuracy": 0.6121937144886364, "f1_macro": 0.757702904117968, "pre_macro": 0.7872092523434706, "re_macro": 0.7566744439038515, "best_epoch": 6, "val_loss": 0.8703040097169815, "train_loss": 1.2922899982129985}
{"epoch": 7, "val_accuracy": 0.849422770700637, "train_accuracy": 0.8415083451704546, "f1_macro": 0.8479724832317992, "pre_macro": 0.8543868376627184, "re_macro": 0.8475855865095268, "best_epoch": 7, "val_loss": 0.5652545810125436, "train_loss": 0.6827313159169122}
{"epoch": 8, "val_accuracy": 0.8501194267515924, "train_accuracy": 0.8656116832386364, "f1_macro": 0.849105305875932, "pre_macro": 0.8570280673639414, "re_macro": 0.8492619380068482, "best_epoch": 8, "val_loss": 0.5234186464244392, "train_loss": 0.5729360938580199}
{"epoch": 9, "val_accuracy": 0.8541998407643312, "train_accuracy": 0.8781072443181818, "f1_macro": 0.8517688949904209, "pre_macro": 0.8601134667638165, "re_macro": 0.8530526191600709, "best_epoch": 9, "val_loss": 0.5058125334370668, "train_loss": 0.5210219946774569}
{"epoch": 10, "val_accuracy": 0.8617635350318471, "train_accuracy": 0.8900257457386364, "f1_macro": 0.8606646473689972, "pre_macro": 0.8676084133943617, "re_macro": 0.861475651475933, "best_epoch": 10, "val_loss": 0.4817766547203064, "train_loss": 0.4839269981973551}
{"epoch": 11, "val_accuracy": 0.8929140127388535, "train_accuracy": 0.8988591974431818, "f1_macro": 0.8913074860930428, "pre_macro": 0.8938447141435457, "re_macro": 0.8916309332553991, "best_epoch": 11, "val_loss": 0.388447901056071, "train_loss": 0.4507237266410481}
{"epoch": 12, "val_accuracy": 0.9058519108280255, "train_accuracy": 0.90673828125, "f1_macro": 0.9039311279090196, "pre_macro": 0.9046749225145604, "re_macro": 0.9040357266077672, "best_epoch": 12, "val_loss": 0.3492950717829595, "train_loss": 0.42219477286562324}
{"epoch": 13, "val_accuracy": 0.9025676751592356, "train_accuracy": 0.9123313210227273, "f1_macro": 0.9007371025794587, "pre_macro": 0.9023407437889613, "re_macro": 0.9006217103720993, "best_epoch": 12, "val_loss": 0.35317379948060224, "train_loss": 0.4002762504599311}
{"epoch": 14, "val_accuracy": 0.897890127388535, "train_accuracy": 0.9169034090909091, "f1_macro": 0.896112216025247, "pre_macro": 0.8987253958713876, "re_macro": 0.8957656207422214, "best_epoch": 12, "val_loss": 0.3637117217680451, "train_loss": 0.38496526301076467}
{"epoch": 15, "val_accuracy": 0.9033638535031847, "train_accuracy": 0.9196999289772727, "f1_macro": 0.9017481062147731, "pre_macro": 0.9042357765057556, "re_macro": 0.9012833766922981, "best_epoch": 12, "val_loss": 0.3436414539624172, "train_loss": 0.37240964153104206}
{"training time": 97.96839952468872}
