{"epoch": 1, "val_accuracy": 0.05553343949044586, "train_accuracy": 0.09849924015554976, "f1_macro": 0.01845855162899334, "pre_macro": 0.011216274456162217, "re_macro": 0.053006935054738955, "best_epoch": 1, "val_loss": 2.3025848895880827, "train_loss": 2.4471661334342145}
{"epoch": 2, "val_accuracy": 0.10111464968152867, "train_accuracy": 0.09669452905654907, "f1_macro": 0.01834695731153497, "pre_macro": 0.010100000000000001, "re_macro": 0.1, "best_epoch": 2, "val_loss": 2.3025733240091117, "train_loss": 2.40911606524853}
{"epoch": 3, "val_accuracy": 0.11355493630573249, "train_accuracy": 0.1030110184182512, "f1_macro": 0.021457584561240178, "pre_macro": 0.086641299876594, "re_macro": 0.10004118180105333, "best_epoch": 3, "val_loss": 2.3025794727787092, "train_loss": 2.3857549149939357}
{"epoch": 4, "val_accuracy": 0.11474920382165606, "train_accuracy": 0.1073328269288895, "f1_macro": 0.022830155596987187, "pre_macro": 0.03998075707967143, "re_macro": 0.10122448979591836, "best_epoch": 4, "val_loss": 2.290561094405545, "train_loss": 2.3666360428992737}
{"epoch": 5, "val_accuracy": 0.20302547770700638, "train_accuracy": 0.11830357160974056, "f1_macro": 0.09500995832877968, "pre_macro": 0.07251927068508898, "re_macro": 0.19295450379721607, "best_epoch": 5, "val_loss": 2.2206686029008997, "train_loss": 2.316029249353612}
{"epoch": 6, "val_accuracy": 0.15425955414012738, "train_accuracy": 0.13297872340425532, "f1_macro": 0.06667760620922493, "pre_macro": 0.06923912385940505, "re_macro": 0.14046411444405651, "best_epoch": 5, "val_loss": 2.191845711629102, "train_loss": 2.262913440136199}
{"epoch": 7, "val_accuracy": 0.13126990445859874, "train_accuracy": 0.13331117021276595, "f1_macro": 0.04724407727247655, "pre_macro": 0.05236102301008568, "re_macro": 0.1174334282087377, "best_epoch": 5, "val_loss": 2.1877237398912954, "train_loss": 2.2337785426606525}
{"epoch": 8, "val_accuracy": 0.12082006369426751, "train_accuracy": 0.12495250777995333, "f1_macro": 0.032123176505599774, "pre_macro": 0.03824769188951063, "re_macro": 0.10707364341085271, "best_epoch": 5, "val_loss": 2.165998603128324, "train_loss": 2.216419468534754}
{"epoch": 9, "val_accuracy": 0.3392714968152866, "train_accuracy": 0.26553001555990663, "f1_macro": 0.23468673312665445, "pre_macro": 0.24258913378147046, "re_macro": 0.3295494393553922, "best_epoch": 9, "val_loss": 2.0989099915619867, "train_loss": 2.17433821901362}
{"epoch": 10, "val_accuracy": 0.42097929936305734, "train_accuracy": 0.3791318396304516, "f1_macro": 0.3329115632588816, "pre_macro": 0.32983400718998374, "re_macro": 0.41224351878015375, "best_epoch": 10, "val_loss": 2.03079853847528, "train_loss": 2.1046875436255275}
{"epoch": 11, "val_accuracy": 0.46735668789808915, "train_accuracy": 0.44433890631858336, "f1_macro": 0.3745311022027398, "pre_macro": 0.4980531389320208, "re_macro": 0.45861964898831403, "best_epoch": 11, "val_loss": 1.9729721356349386, "train_loss": 2.0348730391644416}
{"epoch": 12, "val_accuracy": 0.44148089171974525, "train_accuracy": 0.5008073715453453, "f1_macro": 0.34744328788796786, "pre_macro": 0.4786516244967324, "re_macro": 0.4309761079898955, "best_epoch": 11, "val_loss": 1.9143626446936541, "train_loss": 1.9598587091932906}
{"epoch": 13, "val_accuracy": 0.5566281847133758, "train_accuracy": 0.5770326751343747, "f1_macro": 0.5108375730102022, "pre_macro": 0.6348512301027764, "re_macro": 0.5475668237495733, "best_epoch": 13, "val_loss": 1.8478315901604427, "train_loss": 1.88593941546501}
{"epoch": 14, "val_accuracy": 0.6147492038216561, "train_accuracy": 0.6374905020632642, "f1_macro": 0.5775646614310644, "pre_macro": 0.668076367193198, "re_macro": 0.6055483626974707, "best_epoch": 14, "val_loss": 1.7949545983296291, "train_loss": 1.8292648005992809}
{"epoch": 15, "val_accuracy": 0.6296775477707006, "train_accuracy": 0.6697378424887962, "f1_macro": 0.5885609101206798, "pre_macro": 0.6640773396261752, "re_macro": 0.6201972383640059, "best_epoch": 15, "val_loss": 1.7669782372796612, "train_loss": 1.7875380034142352}
{"training time": 20.345704317092896}
