{"epoch": 1, "val_accuracy": 0.08718152866242038, "train_accuracy": 0.1328125, "f1_macro": 0.0424458445743353, "pre_macro": 0.04542512172208185, "re_macro": 0.0876, "best_epoch": 1, "val_loss": 2.2714432789261934, "train_loss": 2.4786842107772826}
{"epoch": 2, "val_accuracy": 0.16251990445859874, "train_accuracy": 0.13020833432674409, "f1_macro": 0.10263391278218725, "pre_macro": 0.10915585160414017, "re_macro": 0.1621, "best_epoch": 2, "val_loss": 2.2242877954130718, "train_loss": 2.400968623161316}
{"epoch": 3, "val_accuracy": 0.1436106687898089, "train_accuracy": 0.12864583358168602, "f1_macro": 0.10281748911145269, "pre_macro": 0.13019265215834103, "re_macro": 0.14340000000000003, "best_epoch": 2, "val_loss": 2.2261982161527984, "train_loss": 2.3772403478622435}
{"epoch": 4, "val_accuracy": 0.11723726114649681, "train_accuracy": 0.12083333358168602, "f1_macro": 0.06732510478944784, "pre_macro": 0.1331252867089972, "re_macro": 0.1172, "best_epoch": 2, "val_loss": 2.209256931475014, "train_loss": 2.3639498472213747}
{"epoch": 5, "val_accuracy": 0.10609076433121019, "train_accuracy": 0.11927083358168603, "f1_macro": 0.04586899283440425, "pre_macro": 0.1267415640290054, "re_macro": 0.10629999999999999, "best_epoch": 2, "val_loss": 2.195263709232306, "train_loss": 2.345997190475464}
{"epoch": 6, "val_accuracy": 0.10788216560509555, "train_accuracy": 0.10989583358168602, "f1_macro": 0.049621393132279715, "pre_macro": 0.12518130693705937, "re_macro": 0.1081, "best_epoch": 2, "val_loss": 2.1807731792425655, "train_loss": 2.3273231744766236}
{"epoch": 7, "val_accuracy": 0.1119625796178344, "train_accuracy": 0.10677083358168601, "f1_macro": 0.05714878023227247, "pre_macro": 0.12544717458537227, "re_macro": 0.1122, "best_epoch": 2, "val_loss": 2.172665322662159, "train_loss": 2.3142799139022827}
{"epoch": 8, "val_accuracy": 0.109375, "train_accuracy": 0.10677083358168601, "f1_macro": 0.053794250786724285, "pre_macro": 0.12594514839146603, "re_macro": 0.1096, "best_epoch": 2, "val_loss": 2.166653604264472, "train_loss": 2.3035261392593385}
{"epoch": 9, "val_accuracy": 0.11027070063694268, "train_accuracy": 0.10520833358168602, "f1_macro": 0.05720653529940077, "pre_macro": 0.12755813284669243, "re_macro": 0.1105, "best_epoch": 2, "val_loss": 2.1630760636299278, "train_loss": 2.29602255821228}
{"epoch": 10, "val_accuracy": 0.11056926751592357, "train_accuracy": 0.10520833358168602, "f1_macro": 0.05858950206531936, "pre_macro": 0.12812974453120157, "re_macro": 0.11080000000000001, "best_epoch": 2, "val_loss": 2.159500718876055, "train_loss": 2.2906450271606444}
{"epoch": 11, "val_accuracy": 0.10609076433121019, "train_accuracy": 0.10520833358168602, "f1_macro": 0.045651203355724056, "pre_macro": 0.12357964515628113, "re_macro": 0.10629999999999999, "best_epoch": 2, "val_loss": 2.152821384417783, "train_loss": 2.2873453378677366}
{"epoch": 12, "val_accuracy": 0.10340366242038217, "train_accuracy": 0.10989583358168602, "f1_macro": 0.03774174775417205, "pre_macro": 0.12028654195933539, "re_macro": 0.1036, "best_epoch": 2, "val_loss": 2.150381326675415, "train_loss": 2.2831642866134643}
{"epoch": 13, "val_accuracy": 0.10459792993630573, "train_accuracy": 0.10833333358168602, "f1_macro": 0.04224318822600292, "pre_macro": 0.1225861704935339, "re_macro": 0.10479999999999998, "best_epoch": 2, "val_loss": 2.148451871932692, "train_loss": 2.27802152633667}
{"epoch": 14, "val_accuracy": 0.10499601910828026, "train_accuracy": 0.10677083358168601, "f1_macro": 0.0422180380151002, "pre_macro": 0.1222755293532602, "re_macro": 0.10519999999999999, "best_epoch": 2, "val_loss": 2.1464032883856707, "train_loss": 2.2756734132766723}
{"epoch": 15, "val_accuracy": 0.10509554140127389, "train_accuracy": 0.10677083358168601, "f1_macro": 0.04294538027819577, "pre_macro": 0.1225413145862125, "re_macro": 0.10529999999999999, "best_epoch": 2, "val_loss": 2.1451770074807914, "train_loss": 2.2733834266662596}
{"epoch": 16, "val_accuracy": 0.10479697452229299, "train_accuracy": 0.10520833358168602, "f1_macro": 0.042079472251222924, "pre_macro": 0.12231781905771377, "re_macro": 0.10500000000000001, "best_epoch": 2, "val_loss": 2.144138316439975, "train_loss": 2.271752452850342}
{"epoch": 17, "val_accuracy": 0.10509554140127389, "train_accuracy": 0.10520833358168602, "f1_macro": 0.04303559453591239, "pre_macro": 0.12260874017187787, "re_macro": 0.10529999999999999, "best_epoch": 2, "val_loss": 2.1433460423900823, "train_loss": 2.2703994274139405}
{"epoch": 18, "val_accuracy": 0.10479697452229299, "train_accuracy": 0.10520833358168602, "f1_macro": 0.04240258027173712, "pre_macro": 0.1224224107647737, "re_macro": 0.10499999999999998, "best_epoch": 2, "val_loss": 2.1426661075300473, "train_loss": 2.269352579116821}
{"epoch": 19, "val_accuracy": 0.10499601910828026, "train_accuracy": 0.10520833358168602, "f1_macro": 0.04292726483011256, "pre_macro": 0.12253259526121048, "re_macro": 0.10519999999999999, "best_epoch": 2, "val_loss": 2.142156836333548, "train_loss": 2.2684704780578615}
{"epoch": 20, "val_accuracy": 0.10489649681528662, "train_accuracy": 0.10520833358168602, "f1_macro": 0.04291562563015325, "pre_macro": 0.1225287154628472, "re_macro": 0.1051, "best_epoch": 2, "val_loss": 2.1417400669899718, "train_loss": 2.2677862644195557}
{"epoch": 21, "val_accuracy": 0.10479697452229299, "train_accuracy": 0.10520833358168602, "f1_macro": 0.042858871611308094, "pre_macro": 0.12249113103039573, "re_macro": 0.10499999999999998, "best_epoch": 2, "val_loss": 2.1414011192929214, "train_loss": 2.2672283411026}
{"epoch": 22, "val_accuracy": 0.10479697452229299, "train_accuracy": 0.10520833358168602, "f1_macro": 0.042891120483760245, "pre_macro": 0.1225152232975067, "re_macro": 0.10499999999999998, "best_epoch": 2, "val_loss": 2.1411336743907565, "train_loss": 2.2667771577835083}
{"epoch": 23, "val_accuracy": 0.10479697452229299, "train_accuracy": 0.10520833358168602, "f1_macro": 0.04288466587783127, "pre_macro": 0.12251040044453218, "re_macro": 0.10499999999999998, "best_epoch": 2, "val_loss": 2.1409205509598848, "train_loss": 2.2664141416549684}
{"epoch": 24, "val_accuracy": 0.10479697452229299, "train_accuracy": 0.10520833358168602, "f1_macro": 0.042904036951748485, "pre_macro": 0.12252487561279572, "re_macro": 0.10499999999999998, "best_epoch": 2, "val_loss": 2.1407489624752363, "train_loss": 2.2661221981048585}
{"epoch": 25, "val_accuracy": 0.10479697452229299, "train_accuracy": 0.10520833358168602, "f1_macro": 0.042904036951748485, "pre_macro": 0.12252487561279572, "re_macro": 0.10499999999999998, "best_epoch": 2, "val_loss": 2.1406110426422895, "train_loss": 2.265886926651001}
{"training time": 27.88716697692871}
