{"epoch": 1, "val_accuracy": 0.5425955414012739, "train_accuracy": 0.33824573863636365, "f1_macro": 0.5067603064318017, "pre_macro": 0.5405599031611547, "re_macro": 0.5424999999999999, "best_epoch": 1, "val_loss": 1.309939661603065, "train_loss": 1.7577279931442304}
{"epoch": 2, "val_accuracy": 0.5782245222929936, "train_accuracy": 0.5771484375, "f1_macro": 0.5258154230468943, "pre_macro": 0.5764742153672505, "re_macro": 0.5774, "best_epoch": 2, "val_loss": 1.1415063313617828, "train_loss": 1.2228891993449493}
{"epoch": 3, "val_accuracy": 0.6546576433121019, "train_accuracy": 0.6597123579545454, "f1_macro": 0.6332327914670796, "pre_macro": 0.666525510867884, "re_macro": 0.6545, "best_epoch": 3, "val_loss": 0.935018118020076, "train_loss": 1.0581629272889008}
{"epoch": 4, "val_accuracy": 0.7490047770700637, "train_accuracy": 0.7149991122159091, "f1_macro": 0.7417482301668656, "pre_macro": 0.7494508801964284, "re_macro": 0.749, "best_epoch": 4, "val_loss": 0.798024522271126, "train_loss": 0.9550417858091268}
{"epoch": 5, "val_accuracy": 0.7506966560509554, "train_accuracy": 0.7408780184659091, "f1_macro": 0.7468455481304804, "pre_macro": 0.757551235121186, "re_macro": 0.7507, "best_epoch": 5, "val_loss": 0.7394487333905165, "train_loss": 0.875460968691517}
{"epoch": 6, "val_accuracy": 0.7736863057324841, "train_accuracy": 0.7663796164772727, "f1_macro": 0.7743128303322113, "pre_macro": 0.7798690369781698, "re_macro": 0.7737999999999999, "best_epoch": 6, "val_loss": 0.6676895806364193, "train_loss": 0.7832657669416883}
{"epoch": 7, "val_accuracy": 0.7864251592356688, "train_accuracy": 0.7862437855113636, "f1_macro": 0.7873810759862175, "pre_macro": 0.7947996962220092, "re_macro": 0.7866, "best_epoch": 7, "val_loss": 0.6519782622908331, "train_loss": 0.7380458108488132}
{"epoch": 8, "val_accuracy": 0.7928941082802548, "train_accuracy": 0.8010919744318182, "f1_macro": 0.7934420905899398, "pre_macro": 0.8022615582402481, "re_macro": 0.7931000000000001, "best_epoch": 8, "val_loss": 0.6180468854630828, "train_loss": 0.7031893710267137}
{"epoch": 9, "val_accuracy": 0.7947850318471338, "train_accuracy": 0.8174493963068182, "f1_macro": 0.7938696618976777, "pre_macro": 0.8047003267062145, "re_macro": 0.7947000000000001, "best_epoch": 9, "val_loss": 0.5988330011534843, "train_loss": 0.6458015501583841}
{"epoch": 10, "val_accuracy": 0.8117038216560509, "train_accuracy": 0.8293678977272727, "f1_macro": 0.8098456503906082, "pre_macro": 0.8195178836313637, "re_macro": 0.8117000000000001, "best_epoch": 10, "val_loss": 0.5537634533681687, "train_loss": 0.6034203910861503}
{"epoch": 11, "val_accuracy": 0.8101114649681529, "train_accuracy": 0.8365589488636364, "f1_macro": 0.8067257497815461, "pre_macro": 0.8197000471021049, "re_macro": 0.8101, "best_epoch": 10, "val_loss": 0.5457489160215778, "train_loss": 0.579681452490728}
{"epoch": 12, "val_accuracy": 0.8203622611464968, "train_accuracy": 0.8416415127840909, "f1_macro": 0.8158323331585224, "pre_macro": 0.8286109985345979, "re_macro": 0.8201, "best_epoch": 12, "val_loss": 0.5150652694854008, "train_loss": 0.5587536258707669}
{"epoch": 13, "val_accuracy": 0.8320063694267515, "train_accuracy": 0.8473011363636364, "f1_macro": 0.8288360465341302, "pre_macro": 0.8356765168271183, "re_macro": 0.8318, "best_epoch": 13, "val_loss": 0.4898659264206127, "train_loss": 0.5392898215742951}
{"epoch": 14, "val_accuracy": 0.8390724522292994, "train_accuracy": 0.8524280894886364, "f1_macro": 0.8364866941702012, "pre_macro": 0.8392369675634967, "re_macro": 0.8389000000000001, "best_epoch": 14, "val_loss": 0.4681225884112583, "train_loss": 0.5223005728965456}
{"epoch": 15, "val_accuracy": 0.8388734076433121, "train_accuracy": 0.8556463068181818, "f1_macro": 0.8364327955397031, "pre_macro": 0.8377021935267258, "re_macro": 0.8389999999999999, "best_epoch": 14, "val_loss": 0.4599556533773993, "train_loss": 0.5087163168936968}
{"epoch": 16, "val_accuracy": 0.8390724522292994, "train_accuracy": 0.8591974431818182, "f1_macro": 0.8374447531014662, "pre_macro": 0.8384467903753772, "re_macro": 0.8394999999999999, "best_epoch": 14, "val_loss": 0.4564254536370563, "train_loss": 0.49709095570936124}
{"epoch": 17, "val_accuracy": 0.8412619426751592, "train_accuracy": 0.8617720170454546, "f1_macro": 0.8401197792125659, "pre_macro": 0.8412293986301611, "re_macro": 0.8417000000000001, "best_epoch": 17, "val_loss": 0.4502144417944987, "train_loss": 0.4875831877897409}
{"epoch": 18, "val_accuracy": 0.8417595541401274, "train_accuracy": 0.8639248934659091, "f1_macro": 0.8409854117386983, "pre_macro": 0.8421241592061159, "re_macro": 0.8421999999999998, "best_epoch": 18, "val_loss": 0.44299114747032237, "train_loss": 0.47968113278462127}
{"epoch": 19, "val_accuracy": 0.8431528662420382, "train_accuracy": 0.8657670454545454, "f1_macro": 0.8424078679469504, "pre_macro": 0.8433041605543206, "re_macro": 0.8436, "best_epoch": 19, "val_loss": 0.4376425954756463, "train_loss": 0.47333956784992054}
{"epoch": 20, "val_accuracy": 0.8447452229299363, "train_accuracy": 0.8670321377840909, "f1_macro": 0.8439877590010104, "pre_macro": 0.84477769330338, "re_macro": 0.8452, "best_epoch": 20, "val_loss": 0.4339809129192571, "train_loss": 0.4682890902358023}
{"epoch": 21, "val_accuracy": 0.8446457006369427, "train_accuracy": 0.8682084517045454, "f1_macro": 0.8437023767486937, "pre_macro": 0.8443963183057595, "re_macro": 0.8451000000000001, "best_epoch": 20, "val_loss": 0.43202782199261297, "train_loss": 0.4642760496882891}
{"epoch": 22, "val_accuracy": 0.8449442675159236, "train_accuracy": 0.8700506036931818, "f1_macro": 0.8436701190778628, "pre_macro": 0.8445557111242994, "re_macro": 0.8451000000000001, "best_epoch": 22, "val_loss": 0.4303568110913987, "train_loss": 0.4610751337498765}
{"epoch": 23, "val_accuracy": 0.8460390127388535, "train_accuracy": 0.8707386363636364, "f1_macro": 0.8448701280038156, "pre_macro": 0.8456947605955062, "re_macro": 0.8462, "best_epoch": 23, "val_loss": 0.42850145498278797, "train_loss": 0.4585109790152108}
{"epoch": 24, "val_accuracy": 0.846437101910828, "train_accuracy": 0.8709605823863636, "f1_macro": 0.8454307087110621, "pre_macro": 0.8460079133516564, "re_macro": 0.8465999999999999, "best_epoch": 24, "val_loss": 0.4267902110412622, "train_loss": 0.456456778338179}
{"epoch": 25, "val_accuracy": 0.8474323248407644, "train_accuracy": 0.8710049715909091, "f1_macro": 0.8465909635575422, "pre_macro": 0.8469617450902243, "re_macro": 0.8476000000000001, "best_epoch": 25, "val_loss": 0.4254272541232929, "train_loss": 0.4548019647852264}
{"training time": 166.58098912239075}
