{"epoch": 1, "val_accuracy": 0.5341361464968153, "train_accuracy": 0.3911458343267441, "f1_macro": 0.49026996863794386, "pre_macro": 0.6032537062705787, "re_macro": 0.5334000000000001, "best_epoch": 1, "val_loss": 1.7633947657931381, "train_loss": 2.1274155735969544}
{"epoch": 2, "val_accuracy": 0.5927547770700637, "train_accuracy": 0.5723958373069763, "f1_macro": 0.5714083511573386, "pre_macro": 0.6206494268388909, "re_macro": 0.5922999999999999, "best_epoch": 2, "val_loss": 1.384348094083701, "train_loss": 1.611000168323517}
{"epoch": 3, "val_accuracy": 0.6363455414012739, "train_accuracy": 0.6541666686534882, "f1_macro": 0.6352751162128736, "pre_macro": 0.6565379205328756, "re_macro": 0.6360999999999999, "best_epoch": 3, "val_loss": 1.190021990590794, "train_loss": 1.3102250218391418}
{"epoch": 4, "val_accuracy": 0.6615246815286624, "train_accuracy": 0.6953125, "f1_macro": 0.6632999430793289, "pre_macro": 0.6825479695009432, "re_macro": 0.6614000000000001, "best_epoch": 4, "val_loss": 1.0812788537353466, "train_loss": 1.1480754733085632}
{"epoch": 5, "val_accuracy": 0.6785429936305732, "train_accuracy": 0.7244791686534882, "f1_macro": 0.6789099727877571, "pre_macro": 0.6932524350993835, "re_macro": 0.6782000000000001, "best_epoch": 5, "val_loss": 1.014728202561664, "train_loss": 1.052183312177658}
{"epoch": 6, "val_accuracy": 0.6886942675159236, "train_accuracy": 0.7473958373069763, "f1_macro": 0.6890417912167041, "pre_macro": 0.7011708937524777, "re_macro": 0.6880999999999999, "best_epoch": 6, "val_loss": 0.9726885143358996, "train_loss": 0.9911281287670135}
{"epoch": 7, "val_accuracy": 0.6963574840764332, "train_accuracy": 0.7552083373069763, "f1_macro": 0.6968478572380544, "pre_macro": 0.7082267645138407, "re_macro": 0.6958, "best_epoch": 7, "val_loss": 0.9448979185644988, "train_loss": 0.9496323347091675}
{"epoch": 8, "val_accuracy": 0.701234076433121, "train_accuracy": 0.7598958373069763, "f1_macro": 0.7014185486944065, "pre_macro": 0.7122856986769318, "re_macro": 0.7004, "best_epoch": 8, "val_loss": 0.9254482589709531, "train_loss": 0.9202921211719512}
{"epoch": 9, "val_accuracy": 0.7044187898089171, "train_accuracy": 0.7677083373069763, "f1_macro": 0.7047413006571899, "pre_macro": 0.7154110078916694, "re_macro": 0.7036, "best_epoch": 9, "val_loss": 0.9113760423508419, "train_loss": 0.8988817393779754}
{"epoch": 10, "val_accuracy": 0.7066082802547771, "train_accuracy": 0.7692708373069763, "f1_macro": 0.7070115049257506, "pre_macro": 0.7174595160766742, "re_macro": 0.7058000000000001, "best_epoch": 10, "val_loss": 0.9009779365199386, "train_loss": 0.8828846514225006}
{"epoch": 11, "val_accuracy": 0.7083001592356688, "train_accuracy": 0.7739583373069763, "f1_macro": 0.7087531691718227, "pre_macro": 0.7188340153138937, "re_macro": 0.7075, "best_epoch": 11, "val_loss": 0.8931511162192958, "train_loss": 0.870713597536087}
{"epoch": 12, "val_accuracy": 0.7098925159235668, "train_accuracy": 0.7770833373069763, "f1_macro": 0.7102556319458366, "pre_macro": 0.7199113335443271, "re_macro": 0.7091000000000001, "best_epoch": 12, "val_loss": 0.8871688561834348, "train_loss": 0.8613335311412811}
{"epoch": 13, "val_accuracy": 0.7112858280254777, "train_accuracy": 0.784375, "f1_macro": 0.7116105623257242, "pre_macro": 0.7211416974979172, "re_macro": 0.7105, "best_epoch": 13, "val_loss": 0.8825442734037995, "train_loss": 0.8540381789207458}
{"epoch": 14, "val_accuracy": 0.7115843949044586, "train_accuracy": 0.7859375, "f1_macro": 0.7118828488966736, "pre_macro": 0.7212432623517863, "re_macro": 0.7108, "best_epoch": 14, "val_loss": 0.8789402348980023, "train_loss": 0.8483257710933685}
{"epoch": 15, "val_accuracy": 0.7115843949044586, "train_accuracy": 0.7890625, "f1_macro": 0.711875581924328, "pre_macro": 0.7211948321569958, "re_macro": 0.7108, "best_epoch": 14, "val_loss": 0.876114727585179, "train_loss": 0.8438298881053925}
{"epoch": 16, "val_accuracy": 0.7112858280254777, "train_accuracy": 0.790625, "f1_macro": 0.7116184176108453, "pre_macro": 0.7210390366503909, "re_macro": 0.7104999999999999, "best_epoch": 14, "val_loss": 0.873889434489475, "train_loss": 0.8402774155139923}
{"epoch": 17, "val_accuracy": 0.7117834394904459, "train_accuracy": 0.790625, "f1_macro": 0.7120904424475873, "pre_macro": 0.721438541365391, "re_macro": 0.7110000000000001, "best_epoch": 17, "val_loss": 0.8721305150894603, "train_loss": 0.8374616265296936}
{"epoch": 18, "val_accuracy": 0.7121815286624203, "train_accuracy": 0.790625, "f1_macro": 0.712506740548408, "pre_macro": 0.7218458848935382, "re_macro": 0.7114, "best_epoch": 18, "val_loss": 0.8707362071723695, "train_loss": 0.8352244734764099}
{"epoch": 19, "val_accuracy": 0.7123805732484076, "train_accuracy": 0.7921875, "f1_macro": 0.7126861536072867, "pre_macro": 0.7219465457127558, "re_macro": 0.7116, "best_epoch": 19, "val_loss": 0.8696284184030666, "train_loss": 0.8334437370300293}
{"epoch": 20, "val_accuracy": 0.7124800955414012, "train_accuracy": 0.7921875, "f1_macro": 0.7128401514352734, "pre_macro": 0.7221747175810505, "re_macro": 0.7116999999999999, "best_epoch": 20, "val_loss": 0.868746673984892, "train_loss": 0.8320241630077362}
{"epoch": 21, "val_accuracy": 0.7125796178343949, "train_accuracy": 0.7921875, "f1_macro": 0.712942045749996, "pre_macro": 0.7222934788399098, "re_macro": 0.7118, "best_epoch": 21, "val_loss": 0.8680438722015187, "train_loss": 0.8308912873268127}
{"epoch": 22, "val_accuracy": 0.7126791401273885, "train_accuracy": 0.7921875, "f1_macro": 0.713047608265454, "pre_macro": 0.7224146214355522, "re_macro": 0.7119, "best_epoch": 22, "val_loss": 0.8674830433669364, "train_loss": 0.8299864292144775}
{"epoch": 23, "val_accuracy": 0.7128781847133758, "train_accuracy": 0.7921875, "f1_macro": 0.7132659005661396, "pre_macro": 0.7226409255016986, "re_macro": 0.7121000000000001, "best_epoch": 23, "val_loss": 0.8670351190172183, "train_loss": 0.8292631328105926}
{"epoch": 24, "val_accuracy": 0.7129777070063694, "train_accuracy": 0.79375, "f1_macro": 0.713381039405122, "pre_macro": 0.7227686219882186, "re_macro": 0.7121999999999999, "best_epoch": 24, "val_loss": 0.8666771483269466, "train_loss": 0.8286847352981568}
{"epoch": 25, "val_accuracy": 0.7129777070063694, "train_accuracy": 0.79375, "f1_macro": 0.7133934651473148, "pre_macro": 0.7227916169087326, "re_macro": 0.7121999999999999, "best_epoch": 24, "val_loss": 0.8663909013863582, "train_loss": 0.828221994638443}
{"training time": 25.41477870941162}
