{"epoch": 1, "val_accuracy": 0.7843351910828026, "train_accuracy": 0.7607609275053305, "f1_macro": 0.7880398202056086, "pre_macro": 0.8045437571676871, "re_macro": 0.7839, "best_epoch": 1, "val_loss": 0.5814416856522773, "train_loss": 0.7839233641431276}
{"epoch": 2, "val_accuracy": 0.7984673566878981, "train_accuracy": 0.8197183724659592, "f1_macro": 0.8013563585744168, "pre_macro": 0.8121894578983861, "re_macro": 0.7981, "best_epoch": 2, "val_loss": 0.5424491375874562, "train_loss": 0.6106969479050464}
{"epoch": 3, "val_accuracy": 0.8103105095541401, "train_accuracy": 0.8297130419755541, "f1_macro": 0.8119813052846048, "pre_macro": 0.8173043632096743, "re_macro": 0.8099999999999999, "best_epoch": 3, "val_loss": 0.5182454105775067, "train_loss": 0.5830231458266407}
{"epoch": 4, "val_accuracy": 0.8192675159235668, "train_accuracy": 0.8364872068230277, "f1_macro": 0.8192636348758647, "pre_macro": 0.8206038570143324, "re_macro": 0.819, "best_epoch": 4, "val_loss": 0.5023812659227165, "train_loss": 0.5665940219786629}
{"epoch": 5, "val_accuracy": 0.8238455414012739, "train_accuracy": 0.8407182835820896, "f1_macro": 0.8225333396824299, "pre_macro": 0.8227600734413653, "re_macro": 0.8236000000000001, "best_epoch": 5, "val_loss": 0.4937573029736804, "train_loss": 0.5548711783850371}
{"epoch": 6, "val_accuracy": 0.8252388535031847, "train_accuracy": 0.8442830490405118, "f1_macro": 0.8234008586930683, "pre_macro": 0.8235309107224638, "re_macro": 0.825, "best_epoch": 6, "val_loss": 0.4882399553705932, "train_loss": 0.5459133389153714}
{"epoch": 7, "val_accuracy": 0.8282245222929936, "train_accuracy": 0.8473813965884861, "f1_macro": 0.8261132107922895, "pre_macro": 0.8260733648174885, "re_macro": 0.8280000000000001, "best_epoch": 7, "val_loss": 0.4831650063490412, "train_loss": 0.538815862461448}
{"epoch": 8, "val_accuracy": 0.8301154458598726, "train_accuracy": 0.8506796375266524, "f1_macro": 0.8280282647057475, "pre_macro": 0.8278214198537075, "re_macro": 0.8299000000000001, "best_epoch": 8, "val_loss": 0.47914601833957016, "train_loss": 0.5331000285997574}
{"epoch": 9, "val_accuracy": 0.8313097133757962, "train_accuracy": 0.8528451492537313, "f1_macro": 0.829339999573458, "pre_macro": 0.8290523514483322, "re_macro": 0.8311, "best_epoch": 9, "val_loss": 0.47632769015943927, "train_loss": 0.5284888962311531}
{"epoch": 10, "val_accuracy": 0.8326035031847133, "train_accuracy": 0.8551439232409381, "f1_macro": 0.8307234465302701, "pre_macro": 0.8303134686417278, "re_macro": 0.8324, "best_epoch": 10, "val_loss": 0.47429265148320776, "train_loss": 0.5247932866311023}
{"epoch": 11, "val_accuracy": 0.8334992038216561, "train_accuracy": 0.8568763326226013, "f1_macro": 0.8316864874182819, "pre_macro": 0.8312777878903592, "re_macro": 0.8333, "best_epoch": 11, "val_loss": 0.47264917318228705, "train_loss": 0.5218559287504346}
{"epoch": 12, "val_accuracy": 0.8341958598726115, "train_accuracy": 0.8581423240938166, "f1_macro": 0.8324405991635564, "pre_macro": 0.8320067791081855, "re_macro": 0.834, "best_epoch": 12, "val_loss": 0.47120343082270044, "train_loss": 0.5195345189144362}
{"epoch": 13, "val_accuracy": 0.8347929936305732, "train_accuracy": 0.8590418443496801, "f1_macro": 0.8331107249195202, "pre_macro": 0.8326380831674787, "re_macro": 0.8346, "best_epoch": 13, "val_loss": 0.4699270438616443, "train_loss": 0.5177014904744082}
{"epoch": 14, "val_accuracy": 0.8351910828025477, "train_accuracy": 0.8597081556503199, "f1_macro": 0.833506255935322, "pre_macro": 0.8330072857396628, "re_macro": 0.8350000000000002, "best_epoch": 14, "val_loss": 0.4688093783749137, "train_loss": 0.5162505467436207}
{"epoch": 15, "val_accuracy": 0.8363853503184714, "train_accuracy": 0.8602745202558635, "f1_macro": 0.834767062081192, "pre_macro": 0.8342460871893632, "re_macro": 0.8362, "best_epoch": 15, "val_loss": 0.4678405546079016, "train_loss": 0.5150958591941069}
{"epoch": 16, "val_accuracy": 0.8351910828025477, "train_accuracy": 0.8614738805970149, "f1_macro": 0.8335187663534244, "pre_macro": 0.8329421414759492, "re_macro": 0.835, "best_epoch": 15, "val_loss": 0.46703601661761096, "train_loss": 0.5141696172482424}
{"epoch": 17, "val_accuracy": 0.8356886942675159, "train_accuracy": 0.8617404051172708, "f1_macro": 0.8339928814692967, "pre_macro": 0.8333704101865177, "re_macro": 0.8354999999999999, "best_epoch": 15, "val_loss": 0.4664112826821151, "train_loss": 0.5134205839781365}
{"epoch": 18, "val_accuracy": 0.835390127388535, "train_accuracy": 0.8617737206823027, "f1_macro": 0.833622225521497, "pre_macro": 0.8329638734822374, "re_macro": 0.8351999999999998, "best_epoch": 15, "val_loss": 0.4659523616550834, "train_loss": 0.5128115674834262}
{"epoch": 19, "val_accuracy": 0.8354896496815286, "train_accuracy": 0.8620735607675906, "f1_macro": 0.8337553773296313, "pre_macro": 0.8331130790457362, "re_macro": 0.8352999999999999, "best_epoch": 15, "val_loss": 0.46562256251171136, "train_loss": 0.512315385504318}
{"epoch": 20, "val_accuracy": 0.8354896496815286, "train_accuracy": 0.8620402452025586, "f1_macro": 0.8337182105285589, "pre_macro": 0.8330865167925683, "re_macro": 0.8352999999999999, "best_epoch": 15, "val_loss": 0.4653836304594757, "train_loss": 0.5119111306631743}
{"epoch": 21, "val_accuracy": 0.8356886942675159, "train_accuracy": 0.8622734541577826, "f1_macro": 0.8339648320131976, "pre_macro": 0.8333536358781627, "re_macro": 0.8355, "best_epoch": 15, "val_loss": 0.4652068303648833, "train_loss": 0.5115820093195576}
{"epoch": 22, "val_accuracy": 0.8355891719745223, "train_accuracy": 0.8622734541577826, "f1_macro": 0.8338738904205908, "pre_macro": 0.833250498898263, "re_macro": 0.8354000000000001, "best_epoch": 15, "val_loss": 0.4650734034693165, "train_loss": 0.5113142938502053}
{"epoch": 23, "val_accuracy": 0.8357882165605095, "train_accuracy": 0.8623067697228145, "f1_macro": 0.8340782523921373, "pre_macro": 0.8334582123468046, "re_macro": 0.8356, "best_epoch": 15, "val_loss": 0.46497154881240454, "train_loss": 0.5110966854893577}
{"epoch": 24, "val_accuracy": 0.8357882165605095, "train_accuracy": 0.8623734008528785, "f1_macro": 0.8340920559783834, "pre_macro": 0.8334711030678823, "re_macro": 0.8356, "best_epoch": 15, "val_loss": 0.464893407123104, "train_loss": 0.5109199501558154}
{"epoch": 25, "val_accuracy": 0.8357882165605095, "train_accuracy": 0.8625066631130064, "f1_macro": 0.8341081746680622, "pre_macro": 0.833479797044486, "re_macro": 0.8356, "best_epoch": 15, "val_loss": 0.4648332723007081, "train_loss": 0.5107765720088853}
{"training time": 141.8204107284546}
