{"epoch": 1, "val_accuracy": 0.7811504777070064, "train_accuracy": 0.7340425531914894, "f1_macro": 0.7764856427678565, "pre_macro": 0.784424220464764, "re_macro": 0.781, "best_epoch": 1, "val_loss": 0.6218570615075956, "train_loss": 0.8862725195732523}
{"epoch": 2, "val_accuracy": 0.8013535031847133, "train_accuracy": 0.8085771276595745, "f1_macro": 0.7976467502206521, "pre_macro": 0.8022440219655709, "re_macro": 0.8009999999999999, "best_epoch": 2, "val_loss": 0.5690078308248216, "train_loss": 0.6366005930494755}
{"epoch": 3, "val_accuracy": 0.8092157643312102, "train_accuracy": 0.8216755319148936, "f1_macro": 0.8054391410147594, "pre_macro": 0.8083342843357799, "re_macro": 0.8089000000000001, "best_epoch": 3, "val_loss": 0.545013226521243, "train_loss": 0.5999821055442729}
{"epoch": 4, "val_accuracy": 0.8136942675159236, "train_accuracy": 0.8307402483960415, "f1_macro": 0.8099352356336622, "pre_macro": 0.8118345815062842, "re_macro": 0.8134, "best_epoch": 4, "val_loss": 0.5319372590180416, "train_loss": 0.5800096967118852}
{"epoch": 5, "val_accuracy": 0.8168789808917197, "train_accuracy": 0.8354609930768926, "f1_macro": 0.8134028184635653, "pre_macro": 0.814538266147608, "re_macro": 0.8166, "best_epoch": 5, "val_loss": 0.5228936359001572, "train_loss": 0.5665670611756913}
{"epoch": 6, "val_accuracy": 0.8188694267515924, "train_accuracy": 0.8407801420130628, "f1_macro": 0.8153743761438921, "pre_macro": 0.8162992161894455, "re_macro": 0.8186, "best_epoch": 6, "val_loss": 0.5165137730206654, "train_loss": 0.5567037040882922}
{"epoch": 7, "val_accuracy": 0.8195660828025477, "train_accuracy": 0.8437056739279565, "f1_macro": 0.8161799156930817, "pre_macro": 0.8168287001930423, "re_macro": 0.8193000000000001, "best_epoch": 7, "val_loss": 0.5120743002481521, "train_loss": 0.5492267296669331}
{"epoch": 8, "val_accuracy": 0.8213574840764332, "train_accuracy": 0.8458333335024245, "f1_macro": 0.8181262930340374, "pre_macro": 0.8186016146322203, "re_macro": 0.8211, "best_epoch": 8, "val_loss": 0.5087919859749497, "train_loss": 0.5434184794730329}
{"epoch": 9, "val_accuracy": 0.8219546178343949, "train_accuracy": 0.8474512412192974, "f1_macro": 0.8187889673128119, "pre_macro": 0.8189307281616598, "re_macro": 0.8217000000000001, "best_epoch": 9, "val_loss": 0.5061035072727568, "train_loss": 0.5388250458747783}
{"epoch": 10, "val_accuracy": 0.8230493630573248, "train_accuracy": 0.8497783688788718, "f1_macro": 0.8202172590150616, "pre_macro": 0.82004280143339, "re_macro": 0.8228, "best_epoch": 10, "val_loss": 0.5038014619973055, "train_loss": 0.5351886545089966}
{"epoch": 11, "val_accuracy": 0.8229498407643312, "train_accuracy": 0.8515070922831272, "f1_macro": 0.8205989743352673, "pre_macro": 0.8200544813858016, "re_macro": 0.8227, "best_epoch": 10, "val_loss": 0.5019105393795451, "train_loss": 0.5323133445800619}
{"epoch": 12, "val_accuracy": 0.8233479299363057, "train_accuracy": 0.8522384752618506, "f1_macro": 0.8213370375931575, "pre_macro": 0.8207233593278731, "re_macro": 0.8231000000000002, "best_epoch": 12, "val_loss": 0.5004833486809093, "train_loss": 0.5300263012977356}
{"epoch": 13, "val_accuracy": 0.8238455414012739, "train_accuracy": 0.8530363476022761, "f1_macro": 0.8219961182314339, "pre_macro": 0.8214043489884901, "re_macro": 0.8235999999999999, "best_epoch": 13, "val_loss": 0.499469010313605, "train_loss": 0.5281914103538432}
{"epoch": 14, "val_accuracy": 0.8240445859872612, "train_accuracy": 0.8535682624958931, "f1_macro": 0.8224051951500316, "pre_macro": 0.8218378031762095, "re_macro": 0.8238, "best_epoch": 14, "val_loss": 0.49875264410759995, "train_loss": 0.5267117520596118}
{"epoch": 15, "val_accuracy": 0.8234474522292994, "train_accuracy": 0.8537012412192974, "f1_macro": 0.8219620468075208, "pre_macro": 0.8214116717541742, "re_macro": 0.8231999999999999, "best_epoch": 14, "val_loss": 0.498225773975348, "train_loss": 0.5255171829081596}
{"epoch": 16, "val_accuracy": 0.8236464968152867, "train_accuracy": 0.8541666667512122, "f1_macro": 0.822209004908977, "pre_macro": 0.8216719643119946, "re_macro": 0.8234, "best_epoch": 14, "val_loss": 0.4978148798654034, "train_loss": 0.5245536619044365}
{"epoch": 17, "val_accuracy": 0.8241441082802548, "train_accuracy": 0.8542996454746166, "f1_macro": 0.8227608565172639, "pre_macro": 0.8222397961124536, "re_macro": 0.8239000000000001, "best_epoch": 17, "val_loss": 0.49748123622244333, "train_loss": 0.523777602073994}
{"epoch": 18, "val_accuracy": 0.8244426751592356, "train_accuracy": 0.8544991135597229, "f1_macro": 0.8231149719286626, "pre_macro": 0.8225880260619078, "re_macro": 0.8242, "best_epoch": 18, "val_loss": 0.49720881698997155, "train_loss": 0.5231526486417081}
{"epoch": 19, "val_accuracy": 0.8244426751592356, "train_accuracy": 0.8543661348363186, "f1_macro": 0.823159442540873, "pre_macro": 0.8226617318105024, "re_macro": 0.8242, "best_epoch": 18, "val_loss": 0.4969906224187013, "train_loss": 0.5226485620153711}
{"epoch": 20, "val_accuracy": 0.8244426751592356, "train_accuracy": 0.8548315603682335, "f1_macro": 0.823177994791679, "pre_macro": 0.8226722073779555, "re_macro": 0.8242, "best_epoch": 18, "val_loss": 0.49681988662215554, "train_loss": 0.5222410756222745}
{"epoch": 21, "val_accuracy": 0.8247412420382165, "train_accuracy": 0.8548980497299357, "f1_macro": 0.8234698514410809, "pre_macro": 0.8229499072728972, "re_macro": 0.8245000000000001, "best_epoch": 21, "val_loss": 0.49668795250024006, "train_loss": 0.5219114022052035}
{"epoch": 22, "val_accuracy": 0.8250398089171974, "train_accuracy": 0.8550310284533399, "f1_macro": 0.8237680208988374, "pre_macro": 0.8232513038274224, "re_macro": 0.8248000000000001, "best_epoch": 22, "val_loss": 0.49658598262033643, "train_loss": 0.5216449040047666}
{"epoch": 23, "val_accuracy": 0.8251393312101911, "train_accuracy": 0.8550975178150421, "f1_macro": 0.823866131870135, "pre_macro": 0.8233490460868751, "re_macro": 0.8248999999999999, "best_epoch": 23, "val_loss": 0.496506562848, "train_loss": 0.5214298613527988}
{"epoch": 24, "val_accuracy": 0.8251393312101911, "train_accuracy": 0.8550975178150421, "f1_macro": 0.8238474059104146, "pre_macro": 0.8233225012625199, "re_macro": 0.8248999999999999, "best_epoch": 23, "val_loss": 0.49644420120366817, "train_loss": 0.5212566838619557}
{"epoch": 25, "val_accuracy": 0.8251393312101911, "train_accuracy": 0.8550975178150421, "f1_macro": 0.8238431291567968, "pre_macro": 0.8233111338041923, "re_macro": 0.8248999999999999, "best_epoch": 23, "val_loss": 0.4963949066438493, "train_loss": 0.5211174571767766}
{"training time": 84.86891984939575}
