{"epoch": 1, "val_accuracy": 0.8120023885350318, "train_accuracy": 0.7875299840085288, "f1_macro": 0.8045825490765124, "pre_macro": 0.8064760627162706, "re_macro": 0.8113999999999999, "best_epoch": 1, "val_loss": 0.5356785998602581, "train_loss": 0.7002372889439943}
{"epoch": 2, "val_accuracy": 0.8219546178343949, "train_accuracy": 0.8310234541577826, "f1_macro": 0.815758896601546, "pre_macro": 0.8178184327436467, "re_macro": 0.8217000000000001, "best_epoch": 2, "val_loss": 0.5039788585179931, "train_loss": 0.5807774119984621}
{"epoch": 3, "val_accuracy": 0.8282245222929936, "train_accuracy": 0.8408515458422174, "f1_macro": 0.8228617711946888, "pre_macro": 0.825571196849847, "re_macro": 0.828, "best_epoch": 3, "val_loss": 0.4873852866470434, "train_loss": 0.5564236865877342}
{"epoch": 4, "val_accuracy": 0.8347929936305732, "train_accuracy": 0.8478644722814499, "f1_macro": 0.8301896254649556, "pre_macro": 0.8332644019361612, "re_macro": 0.8349, "best_epoch": 4, "val_loss": 0.4737031619260266, "train_loss": 0.5411544976267479}
{"epoch": 5, "val_accuracy": 0.8381767515923567, "train_accuracy": 0.8525286513859275, "f1_macro": 0.8341156188062724, "pre_macro": 0.8369093121993465, "re_macro": 0.8382999999999999, "best_epoch": 5, "val_loss": 0.46268509413785996, "train_loss": 0.5304423529011354}
{"epoch": 6, "val_accuracy": 0.8403662420382165, "train_accuracy": 0.8561433901918977, "f1_macro": 0.8367696223040959, "pre_macro": 0.8389897113586136, "re_macro": 0.8404999999999999, "best_epoch": 6, "val_loss": 0.4541867535774875, "train_loss": 0.5225172718641347}
{"epoch": 7, "val_accuracy": 0.8412619426751592, "train_accuracy": 0.8590918176972282, "f1_macro": 0.8383697357272893, "pre_macro": 0.8396019128788597, "re_macro": 0.8413999999999999, "best_epoch": 7, "val_loss": 0.4475833074112607, "train_loss": 0.5164316940599921}
{"epoch": 8, "val_accuracy": 0.8436504777070064, "train_accuracy": 0.8616737739872068, "f1_macro": 0.8413469810756258, "pre_macro": 0.8419147209843507, "re_macro": 0.8437999999999999, "best_epoch": 8, "val_loss": 0.4426169867158695, "train_loss": 0.5116622122620215}
{"epoch": 9, "val_accuracy": 0.8450437898089171, "train_accuracy": 0.8637060234541578, "f1_macro": 0.8426872773339987, "pre_macro": 0.8428436942317321, "re_macro": 0.8449, "best_epoch": 9, "val_loss": 0.439132326822372, "train_loss": 0.5079068533901466}
{"epoch": 10, "val_accuracy": 0.8466361464968153, "train_accuracy": 0.865255197228145, "f1_macro": 0.8445379784324226, "pre_macro": 0.8444234709982095, "re_macro": 0.8465, "best_epoch": 10, "val_loss": 0.436815466565691, "train_loss": 0.5049508034483965}
{"epoch": 11, "val_accuracy": 0.8471337579617835, "train_accuracy": 0.8663379530916845, "f1_macro": 0.8451596530133083, "pre_macro": 0.8449563579525453, "re_macro": 0.8470000000000001, "best_epoch": 11, "val_loss": 0.4352590778640881, "train_loss": 0.5026274308530506}
{"epoch": 12, "val_accuracy": 0.8476313694267515, "train_accuracy": 0.8671541844349681, "f1_macro": 0.845717894764802, "pre_macro": 0.8454784664971842, "re_macro": 0.8474999999999999, "best_epoch": 12, "val_loss": 0.43415746320584775, "train_loss": 0.5007979226455506}
{"epoch": 13, "val_accuracy": 0.8473328025477707, "train_accuracy": 0.8680537046908315, "f1_macro": 0.8454905734469745, "pre_macro": 0.8452283609063607, "re_macro": 0.8472, "best_epoch": 12, "val_loss": 0.43329174826099615, "train_loss": 0.4993481569008024}
{"epoch": 14, "val_accuracy": 0.8478304140127388, "train_accuracy": 0.8685034648187633, "f1_macro": 0.8460928837332711, "pre_macro": 0.8458275009640858, "re_macro": 0.8477, "best_epoch": 14, "val_loss": 0.43251781336441164, "train_loss": 0.49819197392921205}
{"epoch": 15, "val_accuracy": 0.8479299363057324, "train_accuracy": 0.8689865405117271, "f1_macro": 0.8462395849470786, "pre_macro": 0.8459103124074717, "re_macro": 0.8478, "best_epoch": 15, "val_loss": 0.4317937677453278, "train_loss": 0.49726528564750005}
{"epoch": 16, "val_accuracy": 0.8482285031847133, "train_accuracy": 0.8694363006396588, "f1_macro": 0.8465891192006975, "pre_macro": 0.8462210596986314, "re_macro": 0.8481, "best_epoch": 16, "val_loss": 0.4311409377178569, "train_loss": 0.4965184759864929}
{"epoch": 17, "val_accuracy": 0.8478304140127388, "train_accuracy": 0.8698194296375267, "f1_macro": 0.8462728827318102, "pre_macro": 0.8458891886023453, "re_macro": 0.8477, "best_epoch": 16, "val_loss": 0.4305870395367313, "train_loss": 0.49591303316514884}
{"epoch": 18, "val_accuracy": 0.8482285031847133, "train_accuracy": 0.8698027718550106, "f1_macro": 0.8467284541443918, "pre_macro": 0.8463288988494403, "re_macro": 0.8481000000000002, "best_epoch": 16, "val_loss": 0.43014126038475403, "train_loss": 0.4954199051297804}
{"epoch": 19, "val_accuracy": 0.8482285031847133, "train_accuracy": 0.8700359808102346, "f1_macro": 0.8467524696482747, "pre_macro": 0.8463426990154257, "re_macro": 0.8481, "best_epoch": 16, "val_loss": 0.42979441203509167, "train_loss": 0.49501752389519454}
{"epoch": 20, "val_accuracy": 0.8477308917197452, "train_accuracy": 0.8703358208955224, "f1_macro": 0.8462557372397057, "pre_macro": 0.845812419831603, "re_macro": 0.8476000000000001, "best_epoch": 16, "val_loss": 0.42952997071348176, "train_loss": 0.49468944019981537}
{"epoch": 21, "val_accuracy": 0.8477308917197452, "train_accuracy": 0.8703524786780383, "f1_macro": 0.8463000416327653, "pre_macro": 0.8458446264100973, "re_macro": 0.8475999999999999, "best_epoch": 16, "val_loss": 0.42933147310451336, "train_loss": 0.4944223934081572}
{"epoch": 22, "val_accuracy": 0.8478304140127388, "train_accuracy": 0.8704857409381663, "f1_macro": 0.8464138263751229, "pre_macro": 0.8459409374330094, "re_macro": 0.8477, "best_epoch": 16, "val_loss": 0.4291839584423478, "train_loss": 0.4942054227153376}
{"epoch": 23, "val_accuracy": 0.8477308917197452, "train_accuracy": 0.8707356076759062, "f1_macro": 0.8463214277024613, "pre_macro": 0.8458503175283415, "re_macro": 0.8475999999999999, "best_epoch": 16, "val_loss": 0.4290740091329927, "train_loss": 0.49402935383543534}
{"epoch": 24, "val_accuracy": 0.8477308917197452, "train_accuracy": 0.8709521588486141, "f1_macro": 0.84636699901971, "pre_macro": 0.8459046321172575, "re_macro": 0.8475999999999999, "best_epoch": 16, "val_loss": 0.4289907799784545, "train_loss": 0.4938865008511777}
{"epoch": 25, "val_accuracy": 0.848328025477707, "train_accuracy": 0.8709021855010661, "f1_macro": 0.846974087261847, "pre_macro": 0.8465084359760737, "re_macro": 0.8482, "best_epoch": 25, "val_loss": 0.42892653509310097, "train_loss": 0.4937704335779015}
{"training time": 271.77230882644653}
