{"epoch": 1, "val_accuracy": 0.8010549363057324, "train_accuracy": 0.7795188210227273, "f1_macro": 0.7996517831846853, "pre_macro": 0.8033455099119458, "re_macro": 0.8007, "best_epoch": 1, "val_loss": 0.5539864857864988, "train_loss": 0.7295492274094034}
{"epoch": 2, "val_accuracy": 0.8139928343949044, "train_accuracy": 0.8281471946022727, "f1_macro": 0.8125857792978757, "pre_macro": 0.815855639370394, "re_macro": 0.8137000000000001, "best_epoch": 2, "val_loss": 0.5186319831450275, "train_loss": 0.5915264499119737}
{"epoch": 3, "val_accuracy": 0.8225517515923567, "train_accuracy": 0.8389337713068182, "f1_macro": 0.8211199650271436, "pre_macro": 0.8235164353618348, "re_macro": 0.8223, "best_epoch": 3, "val_loss": 0.4962882078756952, "train_loss": 0.5660056810910729}
{"epoch": 4, "val_accuracy": 0.8298168789808917, "train_accuracy": 0.8450816761363636, "f1_macro": 0.8283147710067601, "pre_macro": 0.829927357316264, "re_macro": 0.8295999999999999, "best_epoch": 4, "val_loss": 0.4820693501621295, "train_loss": 0.5503310968845405}
{"epoch": 5, "val_accuracy": 0.8334992038216561, "train_accuracy": 0.8491876775568182, "f1_macro": 0.831816614247739, "pre_macro": 0.8336480928369463, "re_macro": 0.8333, "best_epoch": 5, "val_loss": 0.47367384365409804, "train_loss": 0.5391637014055793}
{"epoch": 6, "val_accuracy": 0.8361863057324841, "train_accuracy": 0.8532936789772727, "f1_macro": 0.8344859078010834, "pre_macro": 0.8359659799978001, "re_macro": 0.836, "best_epoch": 6, "val_loss": 0.4667361120509494, "train_loss": 0.530716912609271}
{"epoch": 7, "val_accuracy": 0.8393710191082803, "train_accuracy": 0.8564231178977273, "f1_macro": 0.8377087494952893, "pre_macro": 0.8388233895599493, "re_macro": 0.8392, "best_epoch": 7, "val_loss": 0.4607799043700953, "train_loss": 0.5241551571525633}
{"epoch": 8, "val_accuracy": 0.8402667197452229, "train_accuracy": 0.8587313565340909, "f1_macro": 0.8387011003077444, "pre_macro": 0.8394625637116722, "re_macro": 0.8401, "best_epoch": 8, "val_loss": 0.4563826675627642, "train_loss": 0.5189916447058998}
{"epoch": 9, "val_accuracy": 0.8406648089171974, "train_accuracy": 0.8609064275568182, "f1_macro": 0.839140037934661, "pre_macro": 0.8396428135827174, "re_macro": 0.8405000000000001, "best_epoch": 9, "val_loss": 0.4531051713949556, "train_loss": 0.5149107768454335}
{"epoch": 10, "val_accuracy": 0.8409633757961783, "train_accuracy": 0.8627041903409091, "f1_macro": 0.8395334334822142, "pre_macro": 0.839928777316033, "re_macro": 0.8408000000000001, "best_epoch": 10, "val_loss": 0.45049779781490373, "train_loss": 0.5116836788471449}
{"epoch": 11, "val_accuracy": 0.8425557324840764, "train_accuracy": 0.8634810014204546, "f1_macro": 0.8411139886788487, "pre_macro": 0.841184610037671, "re_macro": 0.8423999999999999, "best_epoch": 11, "val_loss": 0.4483186380498728, "train_loss": 0.5091316071338952}
{"epoch": 12, "val_accuracy": 0.8439490445859873, "train_accuracy": 0.8643243963068182, "f1_macro": 0.8425966476931824, "pre_macro": 0.8424383153085493, "re_macro": 0.8437999999999999, "best_epoch": 12, "val_loss": 0.44649807852544604, "train_loss": 0.5071112119000066}
{"epoch": 13, "val_accuracy": 0.8458399681528662, "train_accuracy": 0.8650790127840909, "f1_macro": 0.8444762440502014, "pre_macro": 0.8441932624423554, "re_macro": 0.8457000000000001, "best_epoch": 13, "val_loss": 0.44508137976288037, "train_loss": 0.5055054759776051}
{"epoch": 14, "val_accuracy": 0.8465366242038217, "train_accuracy": 0.8658114346590909, "f1_macro": 0.845204335421171, "pre_macro": 0.8448407964258948, "re_macro": 0.8463999999999998, "best_epoch": 14, "val_loss": 0.44406959964970877, "train_loss": 0.5042242092842405}
{"epoch": 15, "val_accuracy": 0.8467356687898089, "train_accuracy": 0.8660999644886364, "f1_macro": 0.845332004470954, "pre_macro": 0.844933189344298, "re_macro": 0.8466000000000001, "best_epoch": 15, "val_loss": 0.4433945119380951, "train_loss": 0.5031982836398211}
{"epoch": 16, "val_accuracy": 0.8467356687898089, "train_accuracy": 0.8660555752840909, "f1_macro": 0.845259588860641, "pre_macro": 0.844900339981638, "re_macro": 0.8466000000000001, "best_epoch": 15, "val_loss": 0.4429562831190741, "train_loss": 0.5023739608851346}
{"epoch": 17, "val_accuracy": 0.8471337579617835, "train_accuracy": 0.8664772727272727, "f1_macro": 0.8456087722117621, "pre_macro": 0.8452896472465872, "re_macro": 0.8469999999999999, "best_epoch": 17, "val_loss": 0.4426530373703902, "train_loss": 0.5017098930918358}
{"epoch": 18, "val_accuracy": 0.8469347133757962, "train_accuracy": 0.8666326349431818, "f1_macro": 0.8453810742347772, "pre_macro": 0.8451049591694781, "re_macro": 0.8468, "best_epoch": 17, "val_loss": 0.4424095998524101, "train_loss": 0.5011745011010631}
{"epoch": 19, "val_accuracy": 0.8466361464968153, "train_accuracy": 0.866943359375, "f1_macro": 0.8450546689676057, "pre_macro": 0.844766780081283, "re_macro": 0.8465, "best_epoch": 17, "val_loss": 0.44218950789825173, "train_loss": 0.5007428741929206}
{"epoch": 20, "val_accuracy": 0.8469347133757962, "train_accuracy": 0.8672318892045454, "f1_macro": 0.8453840562549473, "pre_macro": 0.8450884356141938, "re_macro": 0.8468, "best_epoch": 17, "val_loss": 0.44198616342559743, "train_loss": 0.5003946741450239}
{"epoch": 21, "val_accuracy": 0.8465366242038217, "train_accuracy": 0.8674094460227273, "f1_macro": 0.8450223353859926, "pre_macro": 0.8446913741248092, "re_macro": 0.8464, "best_epoch": 17, "val_loss": 0.4418061547408438, "train_loss": 0.5001131609844213}
{"epoch": 22, "val_accuracy": 0.8460390127388535, "train_accuracy": 0.8673650568181818, "f1_macro": 0.8444828589717821, "pre_macro": 0.8441350195672956, "re_macro": 0.8459, "best_epoch": 17, "val_loss": 0.4416562425103157, "train_loss": 0.49988484192131594}
{"epoch": 23, "val_accuracy": 0.8462380573248408, "train_accuracy": 0.86767578125, "f1_macro": 0.8446942842602736, "pre_macro": 0.8443322642467459, "re_macro": 0.8460999999999999, "best_epoch": 17, "val_loss": 0.4415380039792152, "train_loss": 0.4996990332464603}
{"epoch": 24, "val_accuracy": 0.846437101910828, "train_accuracy": 0.8677201704545454, "f1_macro": 0.8449166902561522, "pre_macro": 0.8445429973131514, "re_macro": 0.8462999999999999, "best_epoch": 17, "val_loss": 0.4414484066188715, "train_loss": 0.49954737650907854}
{"epoch": 25, "val_accuracy": 0.8469347133757962, "train_accuracy": 0.8678533380681818, "f1_macro": 0.8454634862808404, "pre_macro": 0.8450997574141381, "re_macro": 0.8468, "best_epoch": 17, "val_loss": 0.44138210176662274, "train_loss": 0.49942341286011716}
{"training time": 199.24952340126038}
