{"epoch": 1, "val_accuracy": 0.8256369426751592, "train_accuracy": 0.7919256036931818, "f1_macro": 0.8218677678660781, "pre_macro": 0.8275580486660136, "re_macro": 0.8257000000000001, "best_epoch": 1, "val_loss": 0.5262605519431411, "train_loss": 5.717338897965171}
{"epoch": 2, "val_accuracy": 0.8404657643312102, "train_accuracy": 0.8529385653409091, "f1_macro": 0.8401437540912393, "pre_macro": 0.8418059100407328, "re_macro": 0.8403, "best_epoch": 2, "val_loss": 0.46522289077947093, "train_loss": 3.837533864107999}
{"epoch": 3, "val_accuracy": 0.8469347133757962, "train_accuracy": 0.8706276633522727, "f1_macro": 0.847628041322702, "pre_macro": 0.8512934151324778, "re_macro": 0.8465, "best_epoch": 3, "val_loss": 0.44270328892644045, "train_loss": 3.067154499278827}
{"epoch": 4, "val_accuracy": 0.8575835987261147, "train_accuracy": 0.8800381747159091, "f1_macro": 0.8570803199921542, "pre_macro": 0.8572272551172727, "re_macro": 0.8574999999999999, "best_epoch": 4, "val_loss": 0.4017814441471343, "train_loss": 2.6274951330640097}
{"epoch": 5, "val_accuracy": 0.8588773885350318, "train_accuracy": 0.8904474431818182, "f1_macro": 0.8584049257723778, "pre_macro": 0.8594681477358286, "re_macro": 0.8584999999999999, "best_epoch": 5, "val_loss": 0.39609521523023106, "train_loss": 2.3369547612965107}
{"epoch": 6, "val_accuracy": 0.8606687898089171, "train_accuracy": 0.8964621803977273, "f1_macro": 0.8594838291702211, "pre_macro": 0.8608153932014234, "re_macro": 0.86, "best_epoch": 6, "val_loss": 0.39724133557574764, "train_loss": 2.1420202033424918}
{"epoch": 7, "val_accuracy": 0.8571855095541401, "train_accuracy": 0.9011452414772727, "f1_macro": 0.8559235196105824, "pre_macro": 0.8590320047157183, "re_macro": 0.8564999999999999, "best_epoch": 6, "val_loss": 0.4055126033201339, "train_loss": 2.001564610749483}
{"epoch": 8, "val_accuracy": 0.8541998407643312, "train_accuracy": 0.9053178267045454, "f1_macro": 0.8527734411406801, "pre_macro": 0.8581806258956458, "re_macro": 0.8535, "best_epoch": 6, "val_loss": 0.4151058028078383, "train_loss": 1.8935669095001437}
{"epoch": 9, "val_accuracy": 0.8534036624203821, "train_accuracy": 0.90966796875, "f1_macro": 0.852813914421979, "pre_macro": 0.8584103474099211, "re_macro": 0.8526999999999999, "best_epoch": 6, "val_loss": 0.4111609032769112, "train_loss": 1.8104653405872257}
{"epoch": 10, "val_accuracy": 0.8598726114649682, "train_accuracy": 0.9138405539772727, "f1_macro": 0.8597818576388219, "pre_macro": 0.8637697755230546, "re_macro": 0.8592000000000001, "best_epoch": 6, "val_loss": 0.3945829669001755, "train_loss": 1.7445170383223079}
{"epoch": 11, "val_accuracy": 0.8672372611464968, "train_accuracy": 0.9177911931818182, "f1_macro": 0.8670240006302509, "pre_macro": 0.8693305880887033, "re_macro": 0.8666, "best_epoch": 11, "val_loss": 0.3747475703430783, "train_loss": 1.692096713253043}
{"epoch": 12, "val_accuracy": 0.8714171974522293, "train_accuracy": 0.9206764914772727, "f1_macro": 0.870770772398302, "pre_macro": 0.8724026153515417, "re_macro": 0.8708, "best_epoch": 12, "val_loss": 0.36446322975264994, "train_loss": 1.650683083486828}
{"epoch": 13, "val_accuracy": 0.8724124203821656, "train_accuracy": 0.9228293678977273, "f1_macro": 0.87183184967607, "pre_macro": 0.8733298265154215, "re_macro": 0.8721, "best_epoch": 13, "val_loss": 0.35969402569874076, "train_loss": 1.6180623065341602}
{"epoch": 14, "val_accuracy": 0.8730095541401274, "train_accuracy": 0.9256480823863636, "f1_macro": 0.8723014146978081, "pre_macro": 0.8737554903958676, "re_macro": 0.8727, "best_epoch": 14, "val_loss": 0.35847343903058654, "train_loss": 1.5920842289924622}
{"epoch": 15, "val_accuracy": 0.8733081210191083, "train_accuracy": 0.9275124289772727, "f1_macro": 0.872567753823304, "pre_macro": 0.8738188423988893, "re_macro": 0.873, "best_epoch": 15, "val_loss": 0.35594531049014655, "train_loss": 1.5715012403035706}
{"epoch": 16, "val_accuracy": 0.8756966560509554, "train_accuracy": 0.9296431107954546, "f1_macro": 0.8750736746667416, "pre_macro": 0.8761627754299142, "re_macro": 0.8754, "best_epoch": 16, "val_loss": 0.3524742744341018, "train_loss": 1.5550673532892356}
{"epoch": 17, "val_accuracy": 0.8774880573248408, "train_accuracy": 0.9318625710227273, "f1_macro": 0.8768703672687866, "pre_macro": 0.8779396852146565, "re_macro": 0.8771999999999999, "best_epoch": 17, "val_loss": 0.3499351037535698, "train_loss": 1.5418765121562914}
{"epoch": 18, "val_accuracy": 0.876890923566879, "train_accuracy": 0.9329501065340909, "f1_macro": 0.8761180248362874, "pre_macro": 0.8771450455070611, "re_macro": 0.8766, "best_epoch": 17, "val_loss": 0.34814476112651216, "train_loss": 1.5312758091498504}
{"epoch": 19, "val_accuracy": 0.8770899681528662, "train_accuracy": 0.9341930042613636, "f1_macro": 0.8762421110503009, "pre_macro": 0.8772606553726181, "re_macro": 0.8768, "best_epoch": 17, "val_loss": 0.34643040189317836, "train_loss": 1.5227503602138974}
{"epoch": 20, "val_accuracy": 0.8769904458598726, "train_accuracy": 0.9351917613636364, "f1_macro": 0.8761056749166446, "pre_macro": 0.8770137583177073, "re_macro": 0.8766999999999999, "best_epoch": 17, "val_loss": 0.344614138079297, "train_loss": 1.5159004335715012}
{"epoch": 21, "val_accuracy": 0.8772890127388535, "train_accuracy": 0.935791015625, "f1_macro": 0.8764271937124359, "pre_macro": 0.8771103347419137, "re_macro": 0.877, "best_epoch": 17, "val_loss": 0.34282271772812883, "train_loss": 1.5104057180949233}
{"epoch": 22, "val_accuracy": 0.8778861464968153, "train_accuracy": 0.9366787997159091, "f1_macro": 0.8770215456607581, "pre_macro": 0.8773973595066336, "re_macro": 0.8775999999999999, "best_epoch": 22, "val_loss": 0.34128946369620644, "train_loss": 1.5060051996260881}
{"epoch": 23, "val_accuracy": 0.878781847133758, "train_accuracy": 0.9369451349431818, "f1_macro": 0.8779626085450005, "pre_macro": 0.8781349236664887, "re_macro": 0.8785000000000001, "best_epoch": 23, "val_loss": 0.3401711029801399, "train_loss": 1.5024846324866468}
{"epoch": 24, "val_accuracy": 0.8784832802547771, "train_accuracy": 0.9375443892045454, "f1_macro": 0.8776304186710512, "pre_macro": 0.8777210256379722, "re_macro": 0.8782, "best_epoch": 23, "val_loss": 0.33946593134266556, "train_loss": 1.499665704132481}
{"epoch": 25, "val_accuracy": 0.8786823248407644, "train_accuracy": 0.9377885298295454, "f1_macro": 0.8777760551731075, "pre_macro": 0.8777718456653372, "re_macro": 0.8783999999999998, "best_epoch": 23, "val_loss": 0.33907161472709313, "train_loss": 1.4974086623300205}
{"training time": 184.19271659851074}
