{"epoch": 1, "val_accuracy": 0.8301154458598726, "train_accuracy": 0.8074193763326226, "f1_macro": 0.827977525204405, "pre_macro": 0.8317189116347354, "re_macro": 0.8301999999999999, "best_epoch": 1, "val_loss": 0.5013533245985675, "train_loss": 5.315745013354938}
{"epoch": 2, "val_accuracy": 0.8368829617834395, "train_accuracy": 0.8559434968017058, "f1_macro": 0.8325874794605003, "pre_macro": 0.8408597999470114, "re_macro": 0.8370000000000001, "best_epoch": 2, "val_loss": 0.46707178870583793, "train_loss": 3.3479581263019584}
{"epoch": 3, "val_accuracy": 0.8424562101910829, "train_accuracy": 0.8686200692963753, "f1_macro": 0.838176501799673, "pre_macro": 0.846654724544145, "re_macro": 0.8426, "best_epoch": 3, "val_loss": 0.4592717737908576, "train_loss": 2.5991940973664143}
{"epoch": 4, "val_accuracy": 0.8491242038216561, "train_accuracy": 0.8791144722814499, "f1_macro": 0.8453367990766931, "pre_macro": 0.8569044514598945, "re_macro": 0.8487, "best_epoch": 4, "val_loss": 0.44522281076498094, "train_loss": 2.1875262865379677}
{"epoch": 5, "val_accuracy": 0.8508160828025477, "train_accuracy": 0.8858941897654584, "f1_macro": 0.8485653020527089, "pre_macro": 0.8537918359800566, "re_macro": 0.851, "best_epoch": 5, "val_loss": 0.4236982504653323, "train_loss": 1.9382433177057359}
{"epoch": 6, "val_accuracy": 0.8508160828025477, "train_accuracy": 0.8877931769722814, "f1_macro": 0.8513082176103477, "pre_macro": 0.859401778779486, "re_macro": 0.8503999999999999, "best_epoch": 5, "val_loss": 0.40857986726198986, "train_loss": 1.7678408076259882}
{"epoch": 7, "val_accuracy": 0.8524084394904459, "train_accuracy": 0.8938566098081023, "f1_macro": 0.8522136339357189, "pre_macro": 0.8609062205473255, "re_macro": 0.852, "best_epoch": 7, "val_loss": 0.4057772404449001, "train_loss": 1.6398240185495634}
{"epoch": 8, "val_accuracy": 0.8576831210191083, "train_accuracy": 0.8990871535181236, "f1_macro": 0.8572023918021461, "pre_macro": 0.8638115478829492, "re_macro": 0.8573000000000001, "best_epoch": 8, "val_loss": 0.4006325047297083, "train_loss": 1.5468741249936475}
{"epoch": 9, "val_accuracy": 0.8652468152866242, "train_accuracy": 0.9033348880597015, "f1_macro": 0.8644778465337005, "pre_macro": 0.8670869500768508, "re_macro": 0.8652, "best_epoch": 9, "val_loss": 0.3842840957793461, "train_loss": 1.4769464233028355}
{"epoch": 10, "val_accuracy": 0.8683320063694268, "train_accuracy": 0.9071661780383795, "f1_macro": 0.8675479842573802, "pre_macro": 0.8684495072190529, "re_macro": 0.8683, "best_epoch": 10, "val_loss": 0.37963949988602075, "train_loss": 1.4235336694127716}
{"epoch": 11, "val_accuracy": 0.8711186305732485, "train_accuracy": 0.9099147121535182, "f1_macro": 0.8700192383673269, "pre_macro": 0.8701057510105379, "re_macro": 0.8711, "best_epoch": 11, "val_loss": 0.3691270944609004, "train_loss": 1.3819671259251738}
{"epoch": 12, "val_accuracy": 0.8722133757961783, "train_accuracy": 0.9122468017057569, "f1_macro": 0.8706114280188679, "pre_macro": 0.8708487718495416, "re_macro": 0.8722000000000001, "best_epoch": 12, "val_loss": 0.3606541365574879, "train_loss": 1.3491884511925265}
{"epoch": 13, "val_accuracy": 0.8743033439490446, "train_accuracy": 0.9147454690831557, "f1_macro": 0.8724196328686347, "pre_macro": 0.873302530328468, "re_macro": 0.8743000000000001, "best_epoch": 13, "val_loss": 0.3555003613897949, "train_loss": 1.322954869346578}
{"epoch": 14, "val_accuracy": 0.8762937898089171, "train_accuracy": 0.9170942164179104, "f1_macro": 0.8738899614268016, "pre_macro": 0.8758924149801437, "re_macro": 0.8763, "best_epoch": 14, "val_loss": 0.3523565397425822, "train_loss": 1.3022438972743589}
{"epoch": 15, "val_accuracy": 0.8771894904458599, "train_accuracy": 0.9190265191897654, "f1_macro": 0.8746389514452007, "pre_macro": 0.8772502239221245, "re_macro": 0.8772, "best_epoch": 15, "val_loss": 0.349061647608022, "train_loss": 1.2858541836616582}
{"epoch": 16, "val_accuracy": 0.8785828025477707, "train_accuracy": 0.9202925106609808, "f1_macro": 0.8764541229103007, "pre_macro": 0.8782110015353981, "re_macro": 0.8785999999999999, "best_epoch": 16, "val_loss": 0.3448560432453824, "train_loss": 1.272769647747723}
{"epoch": 17, "val_accuracy": 0.8782842356687898, "train_accuracy": 0.921758395522388, "f1_macro": 0.8766144476885558, "pre_macro": 0.8775439116443675, "re_macro": 0.8783, "best_epoch": 16, "val_loss": 0.3409907989156474, "train_loss": 1.2622653858493895}
{"epoch": 18, "val_accuracy": 0.8788813694267515, "train_accuracy": 0.9223747334754797, "f1_macro": 0.8774812687151481, "pre_macro": 0.8779868295327047, "re_macro": 0.8789, "best_epoch": 18, "val_loss": 0.3383067954497732, "train_loss": 1.253831924278853}
{"epoch": 19, "val_accuracy": 0.8790804140127388, "train_accuracy": 0.9230743603411514, "f1_macro": 0.8779965917857171, "pre_macro": 0.8782324886497342, "re_macro": 0.8790999999999999, "best_epoch": 19, "val_loss": 0.3365942898449624, "train_loss": 1.2470920993320977}
{"epoch": 20, "val_accuracy": 0.8789808917197452, "train_accuracy": 0.923807302771855, "f1_macro": 0.8780661200071712, "pre_macro": 0.87826427236194, "re_macro": 0.8789999999999999, "best_epoch": 19, "val_loss": 0.3354562723143086, "train_loss": 1.241723327621468}
{"epoch": 21, "val_accuracy": 0.8783837579617835, "train_accuracy": 0.9245069296375267, "f1_macro": 0.8776414161170184, "pre_macro": 0.8777478770167606, "re_macro": 0.8784000000000001, "best_epoch": 19, "val_loss": 0.33461804877800544, "train_loss": 1.237440838742612}
{"epoch": 22, "val_accuracy": 0.878781847133758, "train_accuracy": 0.9250566364605544, "f1_macro": 0.8781450986207933, "pre_macro": 0.8782233098527581, "re_macro": 0.8788, "best_epoch": 19, "val_loss": 0.33398382109441577, "train_loss": 1.2340128072289263}
{"epoch": 23, "val_accuracy": 0.8792794585987261, "train_accuracy": 0.9254231076759062, "f1_macro": 0.8786776494773456, "pre_macro": 0.8787480088950712, "re_macro": 0.8793000000000001, "best_epoch": 23, "val_loss": 0.3335407834713626, "train_loss": 1.2312580498296823}
{"epoch": 24, "val_accuracy": 0.8796775477707006, "train_accuracy": 0.925722947761194, "f1_macro": 0.8790848993396768, "pre_macro": 0.8791754320150149, "re_macro": 0.8797, "best_epoch": 24, "val_loss": 0.33325012455320663, "train_loss": 1.2290405009601162}
{"epoch": 25, "val_accuracy": 0.8794785031847133, "train_accuracy": 0.9259394989339019, "f1_macro": 0.8788917007076323, "pre_macro": 0.8789630698244097, "re_macro": 0.8795, "best_epoch": 24, "val_loss": 0.33304208982142675, "train_loss": 1.227257633260064}
{"training time": 240.43026518821716}
