{"epoch": 1, "val_accuracy": 0.7973726114649682, "train_accuracy": 0.7216533688788719, "f1_macro": 0.7951085627388604, "pre_macro": 0.8002618878355792, "re_macro": 0.7973000000000001, "best_epoch": 1, "val_loss": 0.6458254037009683, "train_loss": 6.92102183686926}
{"epoch": 2, "val_accuracy": 0.8252388535031847, "train_accuracy": 0.8412455675449777, "f1_macro": 0.8214178497486785, "pre_macro": 0.8289258871624959, "re_macro": 0.8253, "best_epoch": 2, "val_loss": 0.5156409100742098, "train_loss": 5.488632185915683}
{"epoch": 3, "val_accuracy": 0.8359872611464968, "train_accuracy": 0.8707225178150421, "f1_macro": 0.8338100084354195, "pre_macro": 0.8369952749322416, "re_macro": 0.8361000000000001, "best_epoch": 3, "val_loss": 0.4571612568417932, "train_loss": 4.812701953725612}
{"epoch": 4, "val_accuracy": 0.8354896496815286, "train_accuracy": 0.8883865249917863, "f1_macro": 0.8329757879758317, "pre_macro": 0.8390955049215189, "re_macro": 0.8353000000000002, "best_epoch": 3, "val_loss": 0.4568104918595332, "train_loss": 4.372148864827258}
{"epoch": 5, "val_accuracy": 0.839171974522293, "train_accuracy": 0.907690602921425, "f1_macro": 0.8370735509411216, "pre_macro": 0.8415704338428419, "re_macro": 0.8389999999999999, "best_epoch": 5, "val_loss": 0.44458636736414237, "train_loss": 4.063633820351134}
{"epoch": 6, "val_accuracy": 0.8386743630573248, "train_accuracy": 0.9212987590343394, "f1_macro": 0.8364868106926906, "pre_macro": 0.8429910688989921, "re_macro": 0.8379, "best_epoch": 5, "val_loss": 0.4471274996828881, "train_loss": 3.832575631648936}
{"epoch": 7, "val_accuracy": 0.8360867834394905, "train_accuracy": 0.9313386526513607, "f1_macro": 0.8344073462113958, "pre_macro": 0.8407910670283207, "re_macro": 0.8355999999999998, "best_epoch": 5, "val_loss": 0.4534502618821563, "train_loss": 3.6572602708288966}
{"epoch": 8, "val_accuracy": 0.8441480891719745, "train_accuracy": 0.940913120736467, "f1_macro": 0.8422236265583749, "pre_macro": 0.8454449237980175, "re_macro": 0.8436999999999999, "best_epoch": 8, "val_loss": 0.4381044001146487, "train_loss": 3.5231346728953907}
{"epoch": 9, "val_accuracy": 0.8450437898089171, "train_accuracy": 0.94975620584285, "f1_macro": 0.8427002715981795, "pre_macro": 0.8473104529976444, "re_macro": 0.8449, "best_epoch": 9, "val_loss": 0.44000637199089027, "train_loss": 3.4173152416310413}
{"epoch": 10, "val_accuracy": 0.851015127388535, "train_accuracy": 0.9558067377577437, "f1_macro": 0.8490611869381718, "pre_macro": 0.8514674861579932, "re_macro": 0.8508999999999999, "best_epoch": 10, "val_loss": 0.4247857905022658, "train_loss": 3.3298651370596377}
{"epoch": 11, "val_accuracy": 0.8543988853503185, "train_accuracy": 0.9619015957446808, "f1_macro": 0.85293430378621, "pre_macro": 0.853733228919657, "re_macro": 0.8543, "best_epoch": 11, "val_loss": 0.4179397359205659, "train_loss": 3.2603896841089774}
{"epoch": 12, "val_accuracy": 0.8550955414012739, "train_accuracy": 0.9676196808510639, "f1_macro": 0.8536609670712382, "pre_macro": 0.8544794533324254, "re_macro": 0.8550000000000001, "best_epoch": 12, "val_loss": 0.42200221045381703, "train_loss": 3.203990421903894}
{"epoch": 13, "val_accuracy": 0.8531050955414012, "train_accuracy": 0.9716090425531915, "f1_macro": 0.8515378220550553, "pre_macro": 0.8528248322447253, "re_macro": 0.853, "best_epoch": 12, "val_loss": 0.42452404192488663, "train_loss": 3.1588317272510933}
{"epoch": 14, "val_accuracy": 0.854796974522293, "train_accuracy": 0.9742021276595745, "f1_macro": 0.8532836831194475, "pre_macro": 0.8550163877312238, "re_macro": 0.8547, "best_epoch": 12, "val_loss": 0.42422324167505193, "train_loss": 3.1230731304655683}
{"epoch": 15, "val_accuracy": 0.8554936305732485, "train_accuracy": 0.9756648936170212, "f1_macro": 0.8541501382668729, "pre_macro": 0.856114790143119, "re_macro": 0.8554, "best_epoch": 15, "val_loss": 0.4221921225736855, "train_loss": 3.0945269016509362}
{"epoch": 16, "val_accuracy": 0.8572850318471338, "train_accuracy": 0.9771941489361702, "f1_macro": 0.855726460933712, "pre_macro": 0.8570566781742084, "re_macro": 0.8569000000000001, "best_epoch": 16, "val_loss": 0.4187722203742926, "train_loss": 3.0714888207455897}
{"epoch": 17, "val_accuracy": 0.8587778662420382, "train_accuracy": 0.9779255319148936, "f1_macro": 0.8575032907560551, "pre_macro": 0.8580721353921064, "re_macro": 0.8583999999999999, "best_epoch": 17, "val_loss": 0.4153419423634839, "train_loss": 3.052763689325211}
{"epoch": 18, "val_accuracy": 0.8596735668789809, "train_accuracy": 0.9789228723404255, "f1_macro": 0.858462363847876, "pre_macro": 0.8585265346468093, "re_macro": 0.8593, "best_epoch": 18, "val_loss": 0.41331535359476784, "train_loss": 3.0374079389775055}
{"epoch": 19, "val_accuracy": 0.8607683121019108, "train_accuracy": 0.9803856382978723, "f1_macro": 0.8596362309043462, "pre_macro": 0.8595508282176221, "re_macro": 0.8604, "best_epoch": 19, "val_loss": 0.4125678492769314, "train_loss": 3.024809916475986}
{"epoch": 20, "val_accuracy": 0.8595740445859873, "train_accuracy": 0.9810505319148937, "f1_macro": 0.8585150775102915, "pre_macro": 0.8583868445834428, "re_macro": 0.8592000000000001, "best_epoch": 19, "val_loss": 0.4123841509887367, "train_loss": 3.0145283567144516}
{"epoch": 21, "val_accuracy": 0.8599721337579618, "train_accuracy": 0.9818484042553192, "f1_macro": 0.8590840996116877, "pre_macro": 0.8589413755812159, "re_macro": 0.8596, "best_epoch": 19, "val_loss": 0.4124011758026803, "train_loss": 3.0061640445222246}
{"epoch": 22, "val_accuracy": 0.8598726114649682, "train_accuracy": 0.9825132978723404, "f1_macro": 0.8590740904276835, "pre_macro": 0.8589471271745743, "re_macro": 0.8595, "best_epoch": 19, "val_loss": 0.41249274481443843, "train_loss": 2.999369066319567}
{"epoch": 23, "val_accuracy": 0.8601711783439491, "train_accuracy": 0.9831117021276595, "f1_macro": 0.859456026562681, "pre_macro": 0.8593487424519161, "re_macro": 0.8598000000000001, "best_epoch": 19, "val_loss": 0.4125810272659466, "train_loss": 2.9938458584724588}
{"epoch": 24, "val_accuracy": 0.8600716560509554, "train_accuracy": 0.9835771276595745, "f1_macro": 0.8594301270697287, "pre_macro": 0.8593615047829299, "re_macro": 0.8596999999999999, "best_epoch": 19, "val_loss": 0.4126188497349715, "train_loss": 2.989353132247925}
{"epoch": 25, "val_accuracy": 0.8600716560509554, "train_accuracy": 0.9836436170212766, "f1_macro": 0.8594815828705539, "pre_macro": 0.8594526267671249, "re_macro": 0.8596999999999999, "best_epoch": 19, "val_loss": 0.4126023444210648, "train_loss": 2.985701516334047}
{"training time": 76.77918577194214}
