{"epoch": 1, "val_accuracy": 0.4148089171974522, "train_accuracy": 0.2583333343267441, "f1_macro": 0.38447699250555545, "pre_macro": 0.4539307418247936, "re_macro": 0.4141, "best_epoch": 1, "val_loss": 1.9667273251114377, "train_loss": 8.7837384223938}
{"epoch": 2, "val_accuracy": 0.5517515923566879, "train_accuracy": 0.534375, "f1_macro": 0.5386043722438163, "pre_macro": 0.5614518286547812, "re_macro": 0.5517000000000001, "best_epoch": 2, "val_loss": 1.7908678404085197, "train_loss": 8.35977725982666}
{"epoch": 3, "val_accuracy": 0.6077826433121019, "train_accuracy": 0.703125, "f1_macro": 0.6004029720696338, "pre_macro": 0.6176944774709916, "re_macro": 0.6068, "best_epoch": 3, "val_loss": 1.6565570808519983, "train_loss": 8.099430131912232}
{"epoch": 4, "val_accuracy": 0.6350517515923567, "train_accuracy": 0.7838541686534881, "f1_macro": 0.631921230840766, "pre_macro": 0.6535780984706839, "re_macro": 0.6342000000000001, "best_epoch": 4, "val_loss": 1.5426502926334453, "train_loss": 7.864137029647827}
{"epoch": 5, "val_accuracy": 0.6604299363057324, "train_accuracy": 0.8692708373069763, "f1_macro": 0.6571607590569007, "pre_macro": 0.6698348526323306, "re_macro": 0.6603, "best_epoch": 5, "val_loss": 1.4490850343825712, "train_loss": 7.641434383392334}
{"epoch": 6, "val_accuracy": 0.6831210191082803, "train_accuracy": 0.9265625, "f1_macro": 0.6783574510798569, "pre_macro": 0.6827851155080443, "re_macro": 0.6824999999999999, "best_epoch": 6, "val_loss": 1.3790716775663339, "train_loss": 7.439316987991333}
{"epoch": 7, "val_accuracy": 0.6832205414012739, "train_accuracy": 0.9453125, "f1_macro": 0.6814290055045664, "pre_macro": 0.6889567720015225, "re_macro": 0.6826000000000001, "best_epoch": 7, "val_loss": 1.3317503989881772, "train_loss": 7.281068134307861}
{"epoch": 8, "val_accuracy": 0.6891918789808917, "train_accuracy": 0.9578125, "f1_macro": 0.6863499458281236, "pre_macro": 0.6923087771039093, "re_macro": 0.6883000000000001, "best_epoch": 8, "val_loss": 1.3066275013480217, "train_loss": 7.164256191253662}
{"epoch": 9, "val_accuracy": 0.689390923566879, "train_accuracy": 0.965625, "f1_macro": 0.6867814642484702, "pre_macro": 0.692646823950212, "re_macro": 0.6888000000000001, "best_epoch": 9, "val_loss": 1.2844798800292287, "train_loss": 7.087705373764038}
{"epoch": 10, "val_accuracy": 0.6928742038216561, "train_accuracy": 0.971875, "f1_macro": 0.6905044935349404, "pre_macro": 0.6962372253801536, "re_macro": 0.692, "best_epoch": 10, "val_loss": 1.2707673425127746, "train_loss": 7.032246732711792}
{"epoch": 11, "val_accuracy": 0.6953622611464968, "train_accuracy": 0.9765625, "f1_macro": 0.6929094673084556, "pre_macro": 0.6982227459869643, "re_macro": 0.6945000000000001, "best_epoch": 11, "val_loss": 1.2586866913327746, "train_loss": 6.991159725189209}
{"epoch": 12, "val_accuracy": 0.6948646496815286, "train_accuracy": 0.9796875, "f1_macro": 0.6926645112705285, "pre_macro": 0.698125659669548, "re_macro": 0.6940000000000001, "best_epoch": 11, "val_loss": 1.2503447585804448, "train_loss": 6.959890556335449}
{"epoch": 13, "val_accuracy": 0.6968550955414012, "train_accuracy": 0.9796875, "f1_macro": 0.6946022487525166, "pre_macro": 0.6998905649102383, "re_macro": 0.6960000000000001, "best_epoch": 13, "val_loss": 1.2435173380906415, "train_loss": 6.935679197311401}
{"epoch": 14, "val_accuracy": 0.6977507961783439, "train_accuracy": 0.9796875, "f1_macro": 0.6955106191608559, "pre_macro": 0.7007811051815335, "re_macro": 0.6969000000000001, "best_epoch": 14, "val_loss": 1.2381644742504048, "train_loss": 6.916702079772949}
{"epoch": 15, "val_accuracy": 0.6980493630573248, "train_accuracy": 0.9796875, "f1_macro": 0.6959126583829057, "pre_macro": 0.701228163654769, "re_macro": 0.6972, "best_epoch": 15, "val_loss": 1.2339949182644012, "train_loss": 6.901780080795288}
{"epoch": 16, "val_accuracy": 0.6982484076433121, "train_accuracy": 0.98125, "f1_macro": 0.6961712397038573, "pre_macro": 0.7014620528688724, "re_macro": 0.6974, "best_epoch": 16, "val_loss": 1.2306117252179771, "train_loss": 6.889952373504639}
{"epoch": 17, "val_accuracy": 0.6987460191082803, "train_accuracy": 0.9828125, "f1_macro": 0.6966767506213463, "pre_macro": 0.7019436577709607, "re_macro": 0.6979, "best_epoch": 17, "val_loss": 1.2279258116035705, "train_loss": 6.880541706085205}
{"epoch": 18, "val_accuracy": 0.6995421974522293, "train_accuracy": 0.984375, "f1_macro": 0.6974631255563171, "pre_macro": 0.7025972936254136, "re_macro": 0.6986999999999999, "best_epoch": 18, "val_loss": 1.2257969660364139, "train_loss": 6.873039293289184}
{"epoch": 19, "val_accuracy": 0.6995421974522293, "train_accuracy": 0.984375, "f1_macro": 0.6974879744807712, "pre_macro": 0.7026255181255169, "re_macro": 0.6987, "best_epoch": 18, "val_loss": 1.224090327882463, "train_loss": 6.867041397094726}
{"epoch": 20, "val_accuracy": 0.6997412420382165, "train_accuracy": 0.984375, "f1_macro": 0.6977002946463383, "pre_macro": 0.7028231506074516, "re_macro": 0.6989, "best_epoch": 20, "val_loss": 1.222718216811016, "train_loss": 6.862235498428345}
{"epoch": 21, "val_accuracy": 0.6997412420382165, "train_accuracy": 0.984375, "f1_macro": 0.6976831677322884, "pre_macro": 0.7027931321719995, "re_macro": 0.6989000000000001, "best_epoch": 20, "val_loss": 1.2216165665608303, "train_loss": 6.858379936218261}
{"epoch": 22, "val_accuracy": 0.6998407643312102, "train_accuracy": 0.9859375, "f1_macro": 0.6978096877269268, "pre_macro": 0.70291763352914, "re_macro": 0.699, "best_epoch": 22, "val_loss": 1.2207323039413258, "train_loss": 6.855283212661743}
{"epoch": 23, "val_accuracy": 0.6997412420382165, "train_accuracy": 0.9859375, "f1_macro": 0.697727003087296, "pre_macro": 0.702886783874739, "re_macro": 0.6988999999999999, "best_epoch": 22, "val_loss": 1.220021859855409, "train_loss": 6.852795934677124}
{"epoch": 24, "val_accuracy": 0.7000398089171974, "train_accuracy": 0.9859375, "f1_macro": 0.6980426493929277, "pre_macro": 0.7031994009429064, "re_macro": 0.6991999999999999, "best_epoch": 24, "val_loss": 1.219450601346933, "train_loss": 6.850796365737915}
{"epoch": 25, "val_accuracy": 0.7001393312101911, "train_accuracy": 0.9859375, "f1_macro": 0.6981495965701485, "pre_macro": 0.7033198440171218, "re_macro": 0.6992999999999999, "best_epoch": 25, "val_loss": 1.2189910054966142, "train_loss": 6.8491884708404545}
{"training time": 28.242127180099487}
