{"epoch": 100, "loss": 0.054585136473178864}
{"epoch": 200, "loss": 0.02080387994647026}
{"epoch": 300, "loss": 0.01198108121752739}
{"epoch": 400, "loss": 0.008479537442326546}
{"epoch": 500, "loss": 0.006874626502394676}
{"epoch": 600, "loss": 0.0058206357061862946}
{"epoch": 700, "loss": 0.005124807823449373}
{"epoch": 800, "loss": 0.004631375893950462}
{"epoch": 900, "loss": 0.004252062179148197}
{"epoch": 1000, "loss": 0.003945530392229557}
{"training_time:": "2.9387s", "final_loss": 0.003945530392229557}
