{"epoch": 100, "loss": 1.0316476821899414}
{"epoch": 200, "loss": 0.6623400449752808}
{"epoch": 300, "loss": 0.6307224035263062}
{"epoch": 400, "loss": 0.6005676984786987}
{"epoch": 500, "loss": 0.5627326369285583}
{"epoch": 600, "loss": 0.5263267159461975}
{"epoch": 700, "loss": 0.5009154677391052}
{"epoch": 800, "loss": 0.4551504850387573}
{"epoch": 900, "loss": 0.3676004111766815}
{"epoch": 1000, "loss": 0.3236863911151886}
{"training_time:": "7.4783s", "final_loss": 0.3236863911151886}
