{"epoch": 1, "val_accuracy": 0.9006767515923567, "train_accuracy": 0.8586869673295454, "f1_macro": 0.9001991860900862, "pre_macro": 0.9049275521690239, "re_macro": 0.900534844000541, "best_epoch": 1, "val_loss": 0.32397095824645206, "train_loss": 0.7891589523801072}
{"epoch": 2, "val_accuracy": 0.9214769108280255, "train_accuracy": 0.9180353338068182, "f1_macro": 0.920202299144648, "pre_macro": 0.9228222775991073, "re_macro": 0.9205201990042209, "best_epoch": 2, "val_loss": 0.2597701805436118, "train_loss": 0.5290765627287328}
{"epoch": 3, "val_accuracy": 0.9322253184713376, "train_accuracy": 0.9349254261363636, "f1_macro": 0.9311040042177311, "pre_macro": 0.9330241911264892, "re_macro": 0.9309899659510735, "best_epoch": 3, "val_loss": 0.22647931337190472, "train_loss": 0.44643936725333333}
{"epoch": 4, "val_accuracy": 0.9349124203821656, "train_accuracy": 0.9453346946022727, "f1_macro": 0.933970453513459, "pre_macro": 0.9362410266514901, "re_macro": 0.9335353358566791, "best_epoch": 4, "val_loss": 0.21197069773248806, "train_loss": 0.40076189911500976}
{"epoch": 5, "val_accuracy": 0.942078025477707, "train_accuracy": 0.9523259943181818, "f1_macro": 0.9412666818771221, "pre_macro": 0.9425091571304505, "re_macro": 0.9410305339244098, "best_epoch": 5, "val_loss": 0.19114155868649674, "train_loss": 0.37158714228479023}
{"epoch": 6, "val_accuracy": 0.9470541401273885, "train_accuracy": 0.9579856178977273, "f1_macro": 0.9464649519756542, "pre_macro": 0.947306170187632, "re_macro": 0.9461731896852499, "best_epoch": 6, "val_loss": 0.1748535368639003, "train_loss": 0.3499511998273771}
{"epoch": 7, "val_accuracy": 0.9492436305732485, "train_accuracy": 0.9622469815340909, "f1_macro": 0.9487927976959967, "pre_macro": 0.9495177968059924, "re_macro": 0.948630336361808, "best_epoch": 7, "val_loss": 0.1693133665100452, "train_loss": 0.33297295279970224}
{"epoch": 8, "val_accuracy": 0.9523288216560509, "train_accuracy": 0.9648881392045454, "f1_macro": 0.9519955029646514, "pre_macro": 0.9527087208591866, "re_macro": 0.9516716705816716, "best_epoch": 8, "val_loss": 0.1620817578599379, "train_loss": 0.3203220115551217}
{"epoch": 9, "val_accuracy": 0.9535230891719745, "train_accuracy": 0.9670632102272727, "f1_macro": 0.9530432368541705, "pre_macro": 0.9538857548154255, "re_macro": 0.95265227460358, "best_epoch": 9, "val_loss": 0.15901192081617607, "train_loss": 0.3105222825172611}
{"epoch": 10, "val_accuracy": 0.9555135350318471, "train_accuracy": 0.9699485085227273, "f1_macro": 0.9549310639308992, "pre_macro": 0.9556878665859433, "re_macro": 0.9545658577466789, "best_epoch": 10, "val_loss": 0.15334679188123743, "train_loss": 0.3024320071986453}
{"epoch": 11, "val_accuracy": 0.9572054140127388, "train_accuracy": 0.9717462713068182, "f1_macro": 0.9565871872951093, "pre_macro": 0.9571380423726958, "re_macro": 0.9563153234124506, "best_epoch": 11, "val_loss": 0.14925617020529736, "train_loss": 0.29556338086893613}
{"epoch": 12, "val_accuracy": 0.9580015923566879, "train_accuracy": 0.9738325639204546, "f1_macro": 0.9574277389220072, "pre_macro": 0.9578757065941176, "re_macro": 0.9572252951341398, "best_epoch": 12, "val_loss": 0.14604046009777552, "train_loss": 0.2902216068680652}
{"epoch": 13, "val_accuracy": 0.9582006369426752, "train_accuracy": 0.9752308238636364, "f1_macro": 0.9576133380804681, "pre_macro": 0.9580607881401235, "re_macro": 0.95743940074191, "best_epoch": 13, "val_loss": 0.14500261125433597, "train_loss": 0.28586628709242423}
{"epoch": 14, "val_accuracy": 0.9583996815286624, "train_accuracy": 0.9768510298295454, "f1_macro": 0.9578004934301927, "pre_macro": 0.9582396122275794, "re_macro": 0.9576383091378018, "best_epoch": 14, "val_loss": 0.14448567292397949, "train_loss": 0.28224837026474153}
{"epoch": 15, "val_accuracy": 0.9589968152866242, "train_accuracy": 0.9779163707386364, "f1_macro": 0.9584265101336247, "pre_macro": 0.9588749135346426, "re_macro": 0.9582516569819685, "best_epoch": 15, "val_loss": 0.14354180733548702, "train_loss": 0.2793412521396848}
{"training time": 110.563072681427}
