{"epoch": 1, "val_accuracy": 0.20959394904458598, "train_accuracy": 0.1431959220703612, "f1_macro": 0.12170993680438538, "pre_macro": 0.09858195805220964, "re_macro": 0.2088, "best_epoch": 1, "val_loss": 2.022434655268481, "train_loss": 2.249084657811104}
{"epoch": 2, "val_accuracy": 0.26512738853503187, "train_accuracy": 0.2272163120990104, "f1_macro": 0.15195306158175406, "pre_macro": 0.12660380987872732, "re_macro": 0.2643, "best_epoch": 2, "val_loss": 1.9423582903139152, "train_loss": 2.0192501443497677}
{"epoch": 3, "val_accuracy": 0.5549363057324841, "train_accuracy": 0.3469636525245423, "f1_macro": 0.5092518832056462, "pre_macro": 0.5112225986673525, "re_macro": 0.5546, "best_epoch": 3, "val_loss": 1.4783438709890766, "train_loss": 1.8388773938442797}
{"epoch": 4, "val_accuracy": 0.6011146496815286, "train_accuracy": 0.585660461161999, "f1_macro": 0.5603785935192579, "pre_macro": 0.6056486877974461, "re_macro": 0.6007, "best_epoch": 4, "val_loss": 1.2562059885377337, "train_loss": 1.3598266870417492}
{"epoch": 5, "val_accuracy": 0.7104896496815286, "train_accuracy": 0.6575576241980208, "f1_macro": 0.7046587035975016, "pre_macro": 0.7194546944990934, "re_macro": 0.7102999999999999, "best_epoch": 5, "val_loss": 1.0756606300165699, "train_loss": 1.1712367894801687}
{"epoch": 6, "val_accuracy": 0.7611464968152867, "train_accuracy": 0.7402925531914893, "f1_macro": 0.7554376249588776, "pre_macro": 0.7615656345073147, "re_macro": 0.7615000000000001, "best_epoch": 6, "val_loss": 0.8416365605251045, "train_loss": 0.9771167394962716}
{"epoch": 7, "val_accuracy": 0.7742834394904459, "train_accuracy": 0.7789007093044038, "f1_macro": 0.7704495778300917, "pre_macro": 0.7767390984091093, "re_macro": 0.7744, "best_epoch": 7, "val_loss": 0.724391308939381, "train_loss": 0.7782590295406098}
{"epoch": 8, "val_accuracy": 0.7962778662420382, "train_accuracy": 0.8023714539852548, "f1_macro": 0.7898740538669111, "pre_macro": 0.7914949413530832, "re_macro": 0.7962, "best_epoch": 8, "val_loss": 0.6232540975710389, "train_loss": 0.6844108001982913}
{"epoch": 9, "val_accuracy": 0.8035429936305732, "train_accuracy": 0.8153368795171697, "f1_macro": 0.8002145788143926, "pre_macro": 0.8009826245923357, "re_macro": 0.8038000000000001, "best_epoch": 9, "val_loss": 0.5769794017645964, "train_loss": 0.6255920709447658}
{"epoch": 10, "val_accuracy": 0.8104100318471338, "train_accuracy": 0.8260416667512123, "f1_macro": 0.8046067831446218, "pre_macro": 0.8085895784688631, "re_macro": 0.8101, "best_epoch": 10, "val_loss": 0.556996272058244, "train_loss": 0.5838136188527371}
{"epoch": 11, "val_accuracy": 0.8092157643312102, "train_accuracy": 0.8320257093044038, "f1_macro": 0.8061467420454914, "pre_macro": 0.8121355022199392, "re_macro": 0.8092, "best_epoch": 10, "val_loss": 0.5662019296436552, "train_loss": 0.5577131215562212}
{"epoch": 12, "val_accuracy": 0.8129976114649682, "train_accuracy": 0.8392065603682335, "f1_macro": 0.8116490803807956, "pre_macro": 0.8176720450196377, "re_macro": 0.8133000000000001, "best_epoch": 12, "val_loss": 0.5548901753440784, "train_loss": 0.5364902836211184}
{"epoch": 13, "val_accuracy": 0.8134952229299363, "train_accuracy": 0.8440602837724889, "f1_macro": 0.8110920827371702, "pre_macro": 0.8173252641412146, "re_macro": 0.8135, "best_epoch": 13, "val_loss": 0.5462166940330699, "train_loss": 0.519082788837717}
{"epoch": 14, "val_accuracy": 0.8183718152866242, "train_accuracy": 0.8488253547790202, "f1_macro": 0.8143620303503312, "pre_macro": 0.820772849182401, "re_macro": 0.8183999999999999, "best_epoch": 14, "val_loss": 0.5250900199838505, "train_loss": 0.5033447592816455}
{"epoch": 15, "val_accuracy": 0.8221536624203821, "train_accuracy": 0.8528812058428501, "f1_macro": 0.8176794091330468, "pre_macro": 0.8243900024304116, "re_macro": 0.8219, "best_epoch": 15, "val_loss": 0.5129597038979743, "train_loss": 0.4892511356384196}
{"epoch": 16, "val_accuracy": 0.8236464968152867, "train_accuracy": 0.8564716313747649, "f1_macro": 0.8192063293949061, "pre_macro": 0.8258193813487154, "re_macro": 0.8234, "best_epoch": 16, "val_loss": 0.5021901191419856, "train_loss": 0.47912004970489663}
{"epoch": 17, "val_accuracy": 0.8278264331210191, "train_accuracy": 0.858599290949233, "f1_macro": 0.8238382912221571, "pre_macro": 0.8286851432643946, "re_macro": 0.8276, "best_epoch": 17, "val_loss": 0.4904755086276182, "train_loss": 0.47024515296550506}
{"epoch": 18, "val_accuracy": 0.8311106687898089, "train_accuracy": 0.8614583335024245, "f1_macro": 0.8271230429387992, "pre_macro": 0.8313843040263238, "re_macro": 0.8309, "best_epoch": 18, "val_loss": 0.48235708607989514, "train_loss": 0.46305830592804764}
{"epoch": 19, "val_accuracy": 0.8336982484076433, "train_accuracy": 0.8628546100981692, "f1_macro": 0.8301477263203461, "pre_macro": 0.8332712021427527, "re_macro": 0.8335000000000001, "best_epoch": 19, "val_loss": 0.4759579636868398, "train_loss": 0.45741266119987406}
{"epoch": 20, "val_accuracy": 0.8346934713375797, "train_accuracy": 0.864317376055616, "f1_macro": 0.8319586743179247, "pre_macro": 0.8334242740734588, "re_macro": 0.8344999999999999, "best_epoch": 20, "val_loss": 0.4703215408097407, "train_loss": 0.4528866929576752}
{"epoch": 21, "val_accuracy": 0.8368829617834395, "train_accuracy": 0.8661790781832756, "f1_macro": 0.8350397378469774, "pre_macro": 0.8358860296739883, "re_macro": 0.8366999999999999, "best_epoch": 21, "val_loss": 0.4672904828931116, "train_loss": 0.4491682507890336}
{"epoch": 22, "val_accuracy": 0.8366839171974523, "train_accuracy": 0.866910461161999, "f1_macro": 0.8352410266255497, "pre_macro": 0.8357233923383373, "re_macro": 0.8365, "best_epoch": 21, "val_loss": 0.46571135236199496, "train_loss": 0.44617308080196383}
{"epoch": 23, "val_accuracy": 0.8376791401273885, "train_accuracy": 0.8673758866939139, "f1_macro": 0.8363124772936553, "pre_macro": 0.8366299422118155, "re_macro": 0.8375, "best_epoch": 23, "val_loss": 0.4635220652173279, "train_loss": 0.44383011155940116}
{"epoch": 24, "val_accuracy": 0.8386743630573248, "train_accuracy": 0.8682402483960415, "f1_macro": 0.8371516569398446, "pre_macro": 0.8372877992400003, "re_macro": 0.8385, "best_epoch": 24, "val_loss": 0.46109835433352525, "train_loss": 0.4419841379561323}
{"epoch": 25, "val_accuracy": 0.8385748407643312, "train_accuracy": 0.8685726952045522, "f1_macro": 0.83699375876452, "pre_macro": 0.8369766951816869, "re_macro": 0.8384, "best_epoch": 24, "val_loss": 0.4592893543137107, "train_loss": 0.4404641758254234}
{"training time": 72.98192477226257}
