{"epoch": 1, "val_accuracy": 0.09982085987261147, "train_accuracy": 0.11388050426136363, "f1_macro": 0.01818181818181818, "pre_macro": 0.01, "re_macro": 0.1, "best_epoch": 1, "val_loss": 2.3025756474513157, "train_loss": 2.3478981405496597}
{"epoch": 2, "val_accuracy": 0.21536624203821655, "train_accuracy": 0.11572265625, "f1_macro": 0.12567636782195007, "pre_macro": 0.10386071346304018, "re_macro": 0.2158, "best_epoch": 2, "val_loss": 2.2755013013341623, "train_loss": 2.321245359426195}
{"epoch": 3, "val_accuracy": 0.17585589171974522, "train_accuracy": 0.2015713778409091, "f1_macro": 0.09735401560615145, "pre_macro": 0.06945993129423626, "re_macro": 0.1761, "best_epoch": 2, "val_loss": 2.0110251470735876, "train_loss": 2.051706024022265}
{"epoch": 4, "val_accuracy": 0.5903662420382165, "train_accuracy": 0.4681063565340909, "f1_macro": 0.546309325544611, "pre_macro": 0.6095672500581284, "re_macro": 0.5911, "best_epoch": 4, "val_loss": 1.3091559888450963, "train_loss": 1.5964507662098517}
{"epoch": 5, "val_accuracy": 0.7384554140127388, "train_accuracy": 0.6809747869318182, "f1_macro": 0.7296590773174569, "pre_macro": 0.7462355171994389, "re_macro": 0.7381, "best_epoch": 5, "val_loss": 0.8805873735695128, "train_loss": 1.1283034332604571}
{"epoch": 6, "val_accuracy": 0.7574641719745223, "train_accuracy": 0.7630726207386364, "f1_macro": 0.7461734500226695, "pre_macro": 0.7595754646747175, "re_macro": 0.7571999999999999, "best_epoch": 6, "val_loss": 0.7484619716170487, "train_loss": 0.8353146023371003}
{"epoch": 7, "val_accuracy": 0.8066281847133758, "train_accuracy": 0.8010697798295454, "f1_macro": 0.8020776172714467, "pre_macro": 0.8060605997179223, "re_macro": 0.8063, "best_epoch": 7, "val_loss": 0.5863786641579525, "train_loss": 0.6898328102701767}
{"epoch": 8, "val_accuracy": 0.8140923566878981, "train_accuracy": 0.818603515625, "f1_macro": 0.8086058701384717, "pre_macro": 0.8127679303688753, "re_macro": 0.8138, "best_epoch": 8, "val_loss": 0.546749888142203, "train_loss": 0.6243421154689383}
{"epoch": 9, "val_accuracy": 0.8239450636942676, "train_accuracy": 0.829345703125, "f1_macro": 0.8194914326608492, "pre_macro": 0.8222953606129655, "re_macro": 0.8237, "best_epoch": 9, "val_loss": 0.5096746170596712, "train_loss": 0.5872421235862103}
{"epoch": 10, "val_accuracy": 0.8213574840764332, "train_accuracy": 0.8383123224431818, "f1_macro": 0.8157395298723878, "pre_macro": 0.8229127124974178, "re_macro": 0.8214, "best_epoch": 9, "val_loss": 0.5129960726021202, "train_loss": 0.556679055899043}
{"epoch": 11, "val_accuracy": 0.8206608280254777, "train_accuracy": 0.8442826704545454, "f1_macro": 0.8146320994277383, "pre_macro": 0.8243494399622001, "re_macro": 0.8207000000000001, "best_epoch": 9, "val_loss": 0.5126200612563236, "train_loss": 0.537423306695101}
{"epoch": 12, "val_accuracy": 0.8220541401273885, "train_accuracy": 0.8482333096590909, "f1_macro": 0.8166013629699073, "pre_macro": 0.8267218127467725, "re_macro": 0.8221, "best_epoch": 9, "val_loss": 0.5010768831915157, "train_loss": 0.5198398121124641}
{"epoch": 13, "val_accuracy": 0.8248407643312102, "train_accuracy": 0.8530051491477273, "f1_macro": 0.820814699260197, "pre_macro": 0.8316925419503379, "re_macro": 0.8249000000000001, "best_epoch": 13, "val_loss": 0.49380178227546107, "train_loss": 0.505681071896106}
{"epoch": 14, "val_accuracy": 0.8276273885350318, "train_accuracy": 0.8573109019886364, "f1_macro": 0.8262031196755739, "pre_macro": 0.8336344517347595, "re_macro": 0.8276999999999999, "best_epoch": 14, "val_loss": 0.48045315180614495, "train_loss": 0.4922000145200979}
{"epoch": 15, "val_accuracy": 0.830015923566879, "train_accuracy": 0.8595081676136364, "f1_macro": 0.8293493867303132, "pre_macro": 0.834895582924698, "re_macro": 0.8298, "best_epoch": 15, "val_loss": 0.4747472811656393, "train_loss": 0.4808297097174959}
{"epoch": 16, "val_accuracy": 0.8340963375796179, "train_accuracy": 0.8624156605113636, "f1_macro": 0.834058399434068, "pre_macro": 0.8380085756936856, "re_macro": 0.8339000000000001, "best_epoch": 16, "val_loss": 0.46669406742806646, "train_loss": 0.47128284663300624}
{"epoch": 17, "val_accuracy": 0.838077229299363, "train_accuracy": 0.8649236505681818, "f1_macro": 0.8375806313336891, "pre_macro": 0.8401024982984939, "re_macro": 0.8379, "best_epoch": 17, "val_loss": 0.45442624285722233, "train_loss": 0.4625935511748222}
{"epoch": 18, "val_accuracy": 0.8423566878980892, "train_accuracy": 0.8677645596590909, "f1_macro": 0.8413490471247094, "pre_macro": 0.843117069206295, "re_macro": 0.8418999999999999, "best_epoch": 18, "val_loss": 0.4429569894530971, "train_loss": 0.45520828545770864}
{"epoch": 19, "val_accuracy": 0.8447452229299363, "train_accuracy": 0.8697176846590909, "f1_macro": 0.8435517439915916, "pre_macro": 0.8448624693332581, "re_macro": 0.8442999999999999, "best_epoch": 19, "val_loss": 0.4361060708761215, "train_loss": 0.4494359970558435}
{"epoch": 20, "val_accuracy": 0.8453423566878981, "train_accuracy": 0.8711825284090909, "f1_macro": 0.8440401895035581, "pre_macro": 0.8451424752233272, "re_macro": 0.8449, "best_epoch": 20, "val_loss": 0.43273816471266896, "train_loss": 0.44473919714801013}
{"epoch": 21, "val_accuracy": 0.8454418789808917, "train_accuracy": 0.8718705610795454, "f1_macro": 0.8441215352853778, "pre_macro": 0.8449403734414789, "re_macro": 0.8453000000000002, "best_epoch": 21, "val_loss": 0.43017384248554325, "train_loss": 0.4409842691384256}
{"epoch": 22, "val_accuracy": 0.8467356687898089, "train_accuracy": 0.8727139559659091, "f1_macro": 0.8452083008094698, "pre_macro": 0.8459204457808356, "re_macro": 0.8465999999999999, "best_epoch": 22, "val_loss": 0.4275172932702265, "train_loss": 0.43790016805922444}
{"epoch": 23, "val_accuracy": 0.8477308917197452, "train_accuracy": 0.8733354048295454, "f1_macro": 0.8461705553002716, "pre_macro": 0.8466246011477658, "re_macro": 0.8475999999999999, "best_epoch": 23, "val_loss": 0.4250401069594037, "train_loss": 0.43535484303720295}
{"epoch": 24, "val_accuracy": 0.8480294585987261, "train_accuracy": 0.8740456321022727, "f1_macro": 0.8464977491519301, "pre_macro": 0.8467780095239954, "re_macro": 0.8479000000000001, "best_epoch": 24, "val_loss": 0.4231492085441662, "train_loss": 0.4332738700534471}
{"epoch": 25, "val_accuracy": 0.848328025477707, "train_accuracy": 0.8745561079545454, "f1_macro": 0.847022643297249, "pre_macro": 0.8470408709798194, "re_macro": 0.8482, "best_epoch": 25, "val_loss": 0.4217210509784662, "train_loss": 0.43160078930668533}
{"training time": 168.21676802635193}
