{"epoch": 1, "val_accuracy": 0.2154657643312102, "train_accuracy": 0.15430281168602883, "f1_macro": 0.11570283495610381, "pre_macro": 0.09462309009707198, "re_macro": 0.21530000000000005, "best_epoch": 1, "val_loss": 2.206751583488124, "train_loss": 2.4215462106339474}
{"epoch": 2, "val_accuracy": 0.17834394904458598, "train_accuracy": 0.2088240882817735, "f1_macro": 0.0961352572712391, "pre_macro": 0.10901469374635794, "re_macro": 0.1786, "best_epoch": 1, "val_loss": 2.09877338530911, "train_loss": 2.2770268967811096}
{"epoch": 3, "val_accuracy": 0.2693073248407643, "train_accuracy": 0.277450608129197, "f1_macro": 0.1661222442535657, "pre_macro": 0.209002435164295, "re_macro": 0.2691, "best_epoch": 3, "val_loss": 1.9955740309065315, "train_loss": 2.1213039362684207}
{"epoch": 4, "val_accuracy": 0.30553343949044587, "train_accuracy": 0.30532864750699795, "f1_macro": 0.1879381759419666, "pre_macro": 0.17623167758003086, "re_macro": 0.3052, "best_epoch": 4, "val_loss": 1.9212012731345596, "train_loss": 2.028453679794961}
{"epoch": 5, "val_accuracy": 0.31558519108280253, "train_accuracy": 0.3169642858048703, "f1_macro": 0.2001054616028175, "pre_macro": 0.16254450855506358, "re_macro": 0.31589999999999996, "best_epoch": 5, "val_loss": 1.879720182175849, "train_loss": 1.972432514454456}
{"epoch": 6, "val_accuracy": 0.4002786624203822, "train_accuracy": 0.3507313829787234, "f1_macro": 0.29989451973109493, "pre_macro": 0.278988268233786, "re_macro": 0.40069999999999995, "best_epoch": 6, "val_loss": 1.8233021482540543, "train_loss": 1.9177377173241148}
{"epoch": 7, "val_accuracy": 0.40356289808917195, "train_accuracy": 0.41152165671612356, "f1_macro": 0.30464387603122356, "pre_macro": 0.2996597855109792, "re_macro": 0.404, "best_epoch": 7, "val_loss": 1.772869770693931, "train_loss": 1.8534309813316832}
{"epoch": 8, "val_accuracy": 0.46566480891719747, "train_accuracy": 0.44514627722983663, "f1_macro": 0.3916689677569959, "pre_macro": 0.4492143989964454, "re_macro": 0.46610000000000007, "best_epoch": 8, "val_loss": 1.7143174819885545, "train_loss": 1.7940744897152514}
{"epoch": 9, "val_accuracy": 0.5188097133757962, "train_accuracy": 0.5198043318504982, "f1_macro": 0.4422857261245164, "pre_macro": 0.47044083494909944, "re_macro": 0.5192, "best_epoch": 9, "val_loss": 1.6448615166791685, "train_loss": 1.7195320408394996}
{"epoch": 10, "val_accuracy": 0.5617038216560509, "train_accuracy": 0.5466375388997666, "f1_macro": 0.5069411584222081, "pre_macro": 0.5189849022346199, "re_macro": 0.5623, "best_epoch": 10, "val_loss": 1.595979001112045, "train_loss": 1.66095388442912}
{"epoch": 11, "val_accuracy": 0.5857882165605095, "train_accuracy": 0.597549392821941, "f1_macro": 0.5403865036078169, "pre_macro": 0.5505326132301974, "re_macro": 0.5856, "best_epoch": 11, "val_loss": 1.5330094509064012, "train_loss": 1.5945548884412075}
{"epoch": 12, "val_accuracy": 0.5874800955414012, "train_accuracy": 0.6055756084462429, "f1_macro": 0.5435891714179777, "pre_macro": 0.5515348482684626, "re_macro": 0.5876, "best_epoch": 12, "val_loss": 1.5008099891577558, "train_loss": 1.5409547699258683}
{"epoch": 13, "val_accuracy": 0.6455015923566879, "train_accuracy": 0.620060791360571, "f1_macro": 0.6176319865352424, "pre_macro": 0.6614762867229508, "re_macro": 0.6453, "best_epoch": 13, "val_loss": 1.4491672455125553, "train_loss": 1.499867375860823}
{"epoch": 14, "val_accuracy": 0.6596337579617835, "train_accuracy": 0.659621961573337, "f1_macro": 0.6313049394979652, "pre_macro": 0.6749588709051222, "re_macro": 0.6598, "best_epoch": 14, "val_loss": 1.4109277603732553, "train_loss": 1.4549579645725006}
{"epoch": 15, "val_accuracy": 0.6666998407643312, "train_accuracy": 0.6673157303891284, "f1_macro": 0.6402257951054079, "pre_macro": 0.6756403710733988, "re_macro": 0.6669, "best_epoch": 15, "val_loss": 1.3888998464414268, "train_loss": 1.4247683946122514}
{"epoch": 16, "val_accuracy": 0.6801353503184714, "train_accuracy": 0.6729198339137625, "f1_macro": 0.6649535906125336, "pre_macro": 0.6786359490492377, "re_macro": 0.6801, "best_epoch": 16, "val_loss": 1.3751854046135192, "train_loss": 1.4042903108799711}
{"epoch": 17, "val_accuracy": 0.68859474522293, "train_accuracy": 0.6905395147648263, "f1_macro": 0.6728969374905385, "pre_macro": 0.6834026974818552, "re_macro": 0.6885999999999999, "best_epoch": 17, "val_loss": 1.351830122577157, "train_loss": 1.3851355922983049}
{"epoch": 18, "val_accuracy": 0.6877985668789809, "train_accuracy": 0.7014627659574468, "f1_macro": 0.6674240193648119, "pre_macro": 0.6816461468304984, "re_macro": 0.6878, "best_epoch": 17, "val_loss": 1.3165123857510317, "train_loss": 1.352478506717276}
{"epoch": 19, "val_accuracy": 0.6878980891719745, "train_accuracy": 0.6954312311842087, "f1_macro": 0.6663492683887948, "pre_macro": 0.6845229018562559, "re_macro": 0.6879000000000001, "best_epoch": 17, "val_loss": 1.2998801819078483, "train_loss": 1.328394354657924}
{"epoch": 20, "val_accuracy": 0.6879976114649682, "train_accuracy": 0.6964285716097406, "f1_macro": 0.6648085811380785, "pre_macro": 0.6862004161082325, "re_macro": 0.688, "best_epoch": 17, "val_loss": 1.2871011715785714, "train_loss": 1.3136022699640153}
{"epoch": 21, "val_accuracy": 0.6892914012738853, "train_accuracy": 0.698470744680851, "f1_macro": 0.6623743950591334, "pre_macro": 0.6880080016408285, "re_macro": 0.6893, "best_epoch": 21, "val_loss": 1.2675202393987377, "train_loss": 1.2989868610463244}
{"epoch": 22, "val_accuracy": 0.6899880573248408, "train_accuracy": 0.7007978723404256, "f1_macro": 0.6634094528498702, "pre_macro": 0.6907992893234199, "re_macro": 0.6900000000000001, "best_epoch": 22, "val_loss": 1.2563385295260483, "train_loss": 1.2822959042610007}
{"epoch": 23, "val_accuracy": 0.6908837579617835, "train_accuracy": 0.6991356382978723, "f1_macro": 0.6640985860356762, "pre_macro": 0.6923554308925322, "re_macro": 0.6909, "best_epoch": 23, "val_loss": 1.2484375595287154, "train_loss": 1.272495782121699}
{"epoch": 24, "val_accuracy": 0.6913813694267515, "train_accuracy": 0.7001804722116348, "f1_macro": 0.6640354233647715, "pre_macro": 0.6934625575505577, "re_macro": 0.6914, "best_epoch": 24, "val_loss": 1.2430110774981749, "train_loss": 1.2655509431311425}
{"epoch": 25, "val_accuracy": 0.6911823248407644, "train_accuracy": 0.7031724934882306, "f1_macro": 0.6631547458088434, "pre_macro": 0.6932445451679556, "re_macro": 0.6912, "best_epoch": 24, "val_loss": 1.2389843729650898, "train_loss": 1.26059993023568}
{"training time": 32.20776653289795}
