{"epoch": 1, "val_accuracy": 0.43351910828025475, "train_accuracy": 0.20052083432674409, "f1_macro": 0.3604747045536009, "pre_macro": 0.44825711943009877, "re_macro": 0.419307830179667, "best_epoch": 1, "val_loss": 2.039716138201914, "train_loss": 8.84156608581543}
{"epoch": 2, "val_accuracy": 0.5574243630573248, "train_accuracy": 0.6229166686534882, "f1_macro": 0.5072387695528751, "pre_macro": 0.6048349949160275, "re_macro": 0.5459644860190791, "best_epoch": 2, "val_loss": 1.8787836390695754, "train_loss": 8.406741714477539}
{"epoch": 3, "val_accuracy": 0.6393312101910829, "train_accuracy": 0.7260416686534882, "f1_macro": 0.6009188110919228, "pre_macro": 0.6323466157471472, "re_macro": 0.6285842682605364, "best_epoch": 3, "val_loss": 1.8069121237773045, "train_loss": 8.175311946868897}
{"epoch": 4, "val_accuracy": 0.6574442675159236, "train_accuracy": 0.8197916686534882, "f1_macro": 0.6193216882643962, "pre_macro": 0.6815683441777133, "re_macro": 0.6462184450700729, "best_epoch": 4, "val_loss": 1.711950191266977, "train_loss": 8.01385326385498}
{"epoch": 5, "val_accuracy": 0.6614251592356688, "train_accuracy": 0.8536458373069763, "f1_macro": 0.6348182533511137, "pre_macro": 0.6969375505421312, "re_macro": 0.6503446279666553, "best_epoch": 5, "val_loss": 1.6314061546021965, "train_loss": 7.855879640579223}
{"epoch": 6, "val_accuracy": 0.7056130573248408, "train_accuracy": 0.8864583373069763, "f1_macro": 0.6848935794364858, "pre_macro": 0.7150116563264435, "re_macro": 0.6961145868576668, "best_epoch": 6, "val_loss": 1.567053835862761, "train_loss": 7.696372318267822}
{"epoch": 7, "val_accuracy": 0.7123805732484076, "train_accuracy": 0.9302083373069763, "f1_macro": 0.6955890646129426, "pre_macro": 0.7254077579800501, "re_macro": 0.7036410672393224, "best_epoch": 7, "val_loss": 1.5142445776872575, "train_loss": 7.587176847457886}
{"epoch": 8, "val_accuracy": 0.7205414012738853, "train_accuracy": 0.9380208373069763, "f1_macro": 0.705175638820559, "pre_macro": 0.7358075225725373, "re_macro": 0.7116574536271052, "best_epoch": 8, "val_loss": 1.463043873477134, "train_loss": 7.471298551559448}
{"epoch": 9, "val_accuracy": 0.7280055732484076, "train_accuracy": 0.9473958373069763, "f1_macro": 0.7134111004438557, "pre_macro": 0.7417408264004847, "re_macro": 0.7193891935805069, "best_epoch": 9, "val_loss": 1.428362686163301, "train_loss": 7.374912977218628}
{"epoch": 10, "val_accuracy": 0.7328821656050956, "train_accuracy": 0.9609375, "f1_macro": 0.7195065213787685, "pre_macro": 0.7438034149355663, "re_macro": 0.724566135647595, "best_epoch": 10, "val_loss": 1.4077158763909796, "train_loss": 7.302761268615723}
{"epoch": 11, "val_accuracy": 0.7360668789808917, "train_accuracy": 0.9640625, "f1_macro": 0.722671655911323, "pre_macro": 0.7477505180342148, "re_macro": 0.7277979300783851, "best_epoch": 11, "val_loss": 1.391123496802749, "train_loss": 7.258940410614014}
{"epoch": 12, "val_accuracy": 0.7406449044585988, "train_accuracy": 0.9671875, "f1_macro": 0.7280965767872176, "pre_macro": 0.7501606863114691, "re_macro": 0.7326542227697881, "best_epoch": 12, "val_loss": 1.3787105364404666, "train_loss": 7.221447324752807}
{"epoch": 13, "val_accuracy": 0.7420382165605095, "train_accuracy": 0.96875, "f1_macro": 0.7293205433568467, "pre_macro": 0.7512176773658967, "re_macro": 0.7340089409858147, "best_epoch": 13, "val_loss": 1.3691217633569317, "train_loss": 7.194622755050659}
{"epoch": 14, "val_accuracy": 0.7434315286624203, "train_accuracy": 0.971875, "f1_macro": 0.730821878960418, "pre_macro": 0.7518727244038618, "re_macro": 0.7354772850998633, "best_epoch": 14, "val_loss": 1.3616260935546487, "train_loss": 7.172829246520996}
{"epoch": 15, "val_accuracy": 0.7451234076433121, "train_accuracy": 0.9734375, "f1_macro": 0.7327905244627554, "pre_macro": 0.7533446778203012, "re_macro": 0.737272154777775, "best_epoch": 15, "val_loss": 1.3557632986906987, "train_loss": 7.155839300155639}
{"training time": 16.992375373840332}
