{"epoch": 1, "val_accuracy": 0.7029259554140127, "train_accuracy": 0.4989551673544214, "f1_macro": 0.6836256981032589, "pre_macro": 0.7288247557297107, "re_macro": 0.6961006069663647, "best_epoch": 1, "val_loss": 1.481694052173833, "train_loss": 8.34674561277349}
{"epoch": 2, "val_accuracy": 0.8034434713375797, "train_accuracy": 0.8151595757362691, "f1_macro": 0.7972664510146218, "pre_macro": 0.8158200425464186, "re_macro": 0.7990070485769399, "best_epoch": 2, "val_loss": 1.0521309842729265, "train_loss": 7.343496596559565}
{"epoch": 3, "val_accuracy": 0.8528065286624203, "train_accuracy": 0.9020706694176857, "f1_macro": 0.8505462980953178, "pre_macro": 0.8576899206656602, "re_macro": 0.8499628184684533, "best_epoch": 3, "val_loss": 0.8129627317379994, "train_loss": 6.732440745576899}
{"epoch": 4, "val_accuracy": 0.8688296178343949, "train_accuracy": 0.9346979488717749, "f1_macro": 0.8670249572999476, "pre_macro": 0.8695526398749214, "re_macro": 0.8667627276766805, "best_epoch": 4, "val_loss": 0.6642263231763414, "train_loss": 6.363395356117411}
{"epoch": 5, "val_accuracy": 0.8707205414012739, "train_accuracy": 0.9546922496024598, "f1_macro": 0.8688168771083318, "pre_macro": 0.8726133214733093, "re_macro": 0.8684603836544161, "best_epoch": 5, "val_loss": 0.5822027149094138, "train_loss": 6.119813472666639}
{"epoch": 6, "val_accuracy": 0.8772890127388535, "train_accuracy": 0.9682750765313494, "f1_macro": 0.8750702898258002, "pre_macro": 0.8773423472095703, "re_macro": 0.8751425040586802, "best_epoch": 6, "val_loss": 0.5291440569481273, "train_loss": 5.932932660934773}
{"epoch": 7, "val_accuracy": 0.8837579617834395, "train_accuracy": 0.9806231006662897, "f1_macro": 0.8818608980259913, "pre_macro": 0.8830289289348198, "re_macro": 0.8822307560853556, "best_epoch": 7, "val_loss": 0.48598647326420824, "train_loss": 5.800223522997917}
{"epoch": 8, "val_accuracy": 0.8862460191082803, "train_accuracy": 0.9856572962821798, "f1_macro": 0.8843987611902117, "pre_macro": 0.8855927672598239, "re_macro": 0.8845484952718937, "best_epoch": 8, "val_loss": 0.46738153933339815, "train_loss": 5.703220661650312}
{"epoch": 9, "val_accuracy": 0.8881369426751592, "train_accuracy": 0.9896466579843075, "f1_macro": 0.885949271187221, "pre_macro": 0.8872028221622275, "re_macro": 0.8860402927049893, "best_epoch": 9, "val_loss": 0.45606942133159395, "train_loss": 5.633216563691485}
{"epoch": 10, "val_accuracy": 0.8874402866242038, "train_accuracy": 0.9923062324523926, "f1_macro": 0.8854227699749602, "pre_macro": 0.8867132064493928, "re_macro": 0.8855535913338107, "best_epoch": 9, "val_loss": 0.4455986816886884, "train_loss": 5.579875915608508}
{"epoch": 11, "val_accuracy": 0.887937898089172, "train_accuracy": 0.9936360196864351, "f1_macro": 0.885846643259249, "pre_macro": 0.887464110359851, "re_macro": 0.8860655237822224, "best_epoch": 9, "val_loss": 0.4374366618075948, "train_loss": 5.537819395674036}
{"epoch": 12, "val_accuracy": 0.8871417197452229, "train_accuracy": 0.9946808510638298, "f1_macro": 0.885147547364437, "pre_macro": 0.8867178903668694, "re_macro": 0.8854342358037863, "best_epoch": 9, "val_loss": 0.43241130399286365, "train_loss": 5.504970246172966}
{"epoch": 13, "val_accuracy": 0.8873407643312102, "train_accuracy": 0.9956781914893617, "f1_macro": 0.8853849425980138, "pre_macro": 0.8869955866097655, "re_macro": 0.885635277654945, "best_epoch": 9, "val_loss": 0.4285451536820193, "train_loss": 5.479444300874751}
{"epoch": 14, "val_accuracy": 0.8877388535031847, "train_accuracy": 0.996343085106383, "f1_macro": 0.8858199836410552, "pre_macro": 0.8875032618384688, "re_macro": 0.8860553025698872, "best_epoch": 9, "val_loss": 0.42578377375367343, "train_loss": 5.459586397130439}
{"epoch": 15, "val_accuracy": 0.8881369426751592, "train_accuracy": 0.996343085106383, "f1_macro": 0.886191481792385, "pre_macro": 0.8879501688714079, "re_macro": 0.8864702913610403, "best_epoch": 9, "val_loss": 0.42346109435626655, "train_loss": 5.443884271256467}
{"training time": 20.691840648651123}
