{"epoch": 1, "val_accuracy": 0.8950039808917197, "train_accuracy": 0.7720079787234042, "f1_macro": 0.8934120976857637, "pre_macro": 0.8958188183571141, "re_macro": 0.8936540929949851, "best_epoch": 1, "val_loss": 0.47910699314752203, "train_loss": 6.958330888951078}
{"epoch": 2, "val_accuracy": 0.9039609872611465, "train_accuracy": 0.9195700356300841, "f1_macro": 0.9016686995539173, "pre_macro": 0.9064011151064738, "re_macro": 0.9012590540876098, "best_epoch": 2, "val_loss": 0.3723486566999156, "train_loss": 5.298843870771692}
{"epoch": 3, "val_accuracy": 0.9134156050955414, "train_accuracy": 0.9477393617021277, "f1_macro": 0.911777842081492, "pre_macro": 0.9159767785258814, "re_macro": 0.9108970109774523, "best_epoch": 3, "val_loss": 0.33266672575075157, "train_loss": 4.628402519226074}
{"epoch": 4, "val_accuracy": 0.8886345541401274, "train_accuracy": 0.9628989361702127, "f1_macro": 0.8869479979691866, "pre_macro": 0.8992088312650866, "re_macro": 0.8870948227286783, "best_epoch": 3, "val_loss": 0.35664968002753655, "train_loss": 4.205274515963615}
{"epoch": 5, "val_accuracy": 0.9070461783439491, "train_accuracy": 0.9732047872340426, "f1_macro": 0.90565276304443, "pre_macro": 0.9107823474761754, "re_macro": 0.906005357006574, "best_epoch": 3, "val_loss": 0.3092016848219428, "train_loss": 3.910870241611562}
{"epoch": 6, "val_accuracy": 0.916202229299363, "train_accuracy": 0.9836657803109352, "f1_macro": 0.9146955973198037, "pre_macro": 0.9173063564016465, "re_macro": 0.9153532464972812, "best_epoch": 6, "val_loss": 0.2814592272755067, "train_loss": 3.6848608696714362}
{"epoch": 7, "val_accuracy": 0.9273487261146497, "train_accuracy": 0.9899601063829787, "f1_macro": 0.9258160614187239, "pre_macro": 0.9263908959601551, "re_macro": 0.9262117586142224, "best_epoch": 7, "val_loss": 0.23859816638954506, "train_loss": 3.515304275269204}
{"epoch": 8, "val_accuracy": 0.930234872611465, "train_accuracy": 0.9942154255319149, "f1_macro": 0.9287027443313904, "pre_macro": 0.9295699912594608, "re_macro": 0.928719003199688, "best_epoch": 8, "val_loss": 0.23207014646665874, "train_loss": 3.385110148977726}
{"epoch": 9, "val_accuracy": 0.9335191082802548, "train_accuracy": 0.9967420212765957, "f1_macro": 0.9318990315166843, "pre_macro": 0.9325383837797002, "re_macro": 0.9319006618812555, "best_epoch": 9, "val_loss": 0.2179445055592212, "train_loss": 3.2835291456668934}
{"epoch": 10, "val_accuracy": 0.9352109872611465, "train_accuracy": 0.9976728723404256, "f1_macro": 0.9335312663425182, "pre_macro": 0.9345754315523982, "re_macro": 0.9333863717435564, "best_epoch": 10, "val_loss": 0.21521458326939755, "train_loss": 3.2034554603252006}
{"epoch": 11, "val_accuracy": 0.9343152866242038, "train_accuracy": 0.9981382978723404, "f1_macro": 0.9324375310696821, "pre_macro": 0.9338220974033529, "re_macro": 0.9322656249130663, "best_epoch": 10, "val_loss": 0.2140219656596328, "train_loss": 3.138994837821798}
{"epoch": 12, "val_accuracy": 0.9354100318471338, "train_accuracy": 0.9992021276595745, "f1_macro": 0.9337205337872673, "pre_macro": 0.934849402253614, "re_macro": 0.9335612205363024, "best_epoch": 12, "val_loss": 0.21068571894103363, "train_loss": 3.0871917115881087}
{"epoch": 13, "val_accuracy": 0.9370023885350318, "train_accuracy": 0.9993351063829787, "f1_macro": 0.9354874492568264, "pre_macro": 0.9362055753106275, "re_macro": 0.9353783657231917, "best_epoch": 13, "val_loss": 0.20763395937266432, "train_loss": 3.0453256617201134}
{"epoch": 14, "val_accuracy": 0.9377985668789809, "train_accuracy": 0.9994015957446809, "f1_macro": 0.9363831329425828, "pre_macro": 0.9368437601978901, "re_macro": 0.9363169466897766, "best_epoch": 14, "val_loss": 0.20546278593895637, "train_loss": 3.011219010454543}
{"epoch": 15, "val_accuracy": 0.9388933121019108, "train_accuracy": 0.999468085106383, "f1_macro": 0.9375668620363232, "pre_macro": 0.9378401322284432, "re_macro": 0.9375493503545721, "best_epoch": 15, "val_loss": 0.20382849215737478, "train_loss": 2.9833824005532774}
{"training time": 44.524561405181885}
