{"epoch": 1, "val_accuracy": 0.7275079617834395, "train_accuracy": 0.6138867786590089, "f1_macro": 0.7325387363435703, "pre_macro": 0.7606102308622301, "re_macro": 0.7265, "best_epoch": 1, "val_loss": 0.7441548124240462, "train_loss": 1.5040759076463415}
{"epoch": 2, "val_accuracy": 0.742734872611465, "train_accuracy": 0.7945003801203788, "f1_macro": 0.7490754982271192, "pre_macro": 0.7963573371806907, "re_macro": 0.7421000000000001, "best_epoch": 2, "val_loss": 0.6817600852364947, "train_loss": 0.9522505859111218}
{"epoch": 3, "val_accuracy": 0.7634355095541401, "train_accuracy": 0.8476918707502649, "f1_macro": 0.7698890229723759, "pre_macro": 0.8114796205597286, "re_macro": 0.7628999999999999, "best_epoch": 3, "val_loss": 0.6236483828656992, "train_loss": 0.8197535732959179}
{"epoch": 4, "val_accuracy": 0.7863256369426752, "train_accuracy": 0.8808890581130981, "f1_macro": 0.7906087346127842, "pre_macro": 0.8157918683206888, "re_macro": 0.7859, "best_epoch": 4, "val_loss": 0.5679024596502826, "train_loss": 0.7485260265938779}
{"epoch": 5, "val_accuracy": 0.8003582802547771, "train_accuracy": 0.8988886792609032, "f1_macro": 0.8022132877786341, "pre_macro": 0.8118050966656485, "re_macro": 0.8, "best_epoch": 5, "val_loss": 0.5345507584939337, "train_loss": 0.6877263847817766}
{"epoch": 6, "val_accuracy": 0.8005573248407644, "train_accuracy": 0.9203077516657241, "f1_macro": 0.803934275826259, "pre_macro": 0.8160936368259527, "re_macro": 0.8002, "best_epoch": 6, "val_loss": 0.5386757047692682, "train_loss": 0.6422234659499311}
{"epoch": 7, "val_accuracy": 0.800656847133758, "train_accuracy": 0.9336056240061497, "f1_macro": 0.8031586268818286, "pre_macro": 0.814417706863954, "re_macro": 0.8003, "best_epoch": 7, "val_loss": 0.536113784001891, "train_loss": 0.6101928911310561}
{"epoch": 8, "val_accuracy": 0.803343949044586, "train_accuracy": 0.9409194537933837, "f1_macro": 0.8050878743641849, "pre_macro": 0.8128811439171946, "re_macro": 0.8030000000000002, "best_epoch": 8, "val_loss": 0.5326013832714906, "train_loss": 0.5861599102933356}
{"epoch": 9, "val_accuracy": 0.8077229299363057, "train_accuracy": 0.9472359431550857, "f1_macro": 0.808207111121054, "pre_macro": 0.8125077651680128, "re_macro": 0.8074000000000001, "best_epoch": 9, "val_loss": 0.526720885448395, "train_loss": 0.5684624789877141}
{"epoch": 10, "val_accuracy": 0.809812898089172, "train_accuracy": 0.9529350311198133, "f1_macro": 0.8101506172498537, "pre_macro": 0.8146505344949417, "re_macro": 0.8095000000000001, "best_epoch": 10, "val_loss": 0.5247906534724934, "train_loss": 0.5542874012855773}
{"epoch": 11, "val_accuracy": 0.810609076433121, "train_accuracy": 0.9560220368365024, "f1_macro": 0.811044818983927, "pre_macro": 0.8155438527935969, "re_macro": 0.8103, "best_epoch": 11, "val_loss": 0.5220420256162145, "train_loss": 0.5423637457350468}
{"epoch": 12, "val_accuracy": 0.8123009554140127, "train_accuracy": 0.9600588920268607, "f1_macro": 0.8129844518431357, "pre_macro": 0.8175059426893718, "re_macro": 0.8119999999999999, "best_epoch": 12, "val_loss": 0.5186274269014407, "train_loss": 0.5321627157799741}
{"epoch": 13, "val_accuracy": 0.8131966560509554, "train_accuracy": 0.963383360111967, "f1_macro": 0.8137541762464338, "pre_macro": 0.8174112638297741, "re_macro": 0.8129, "best_epoch": 13, "val_loss": 0.5152364111250374, "train_loss": 0.5236290610851125}
{"epoch": 14, "val_accuracy": 0.8158837579617835, "train_accuracy": 0.9663753813885628, "f1_macro": 0.8163358270107441, "pre_macro": 0.8187067186120134, "re_macro": 0.8159000000000001, "best_epoch": 14, "val_loss": 0.5111881699531701, "train_loss": 0.5173165747459899}
{"epoch": 15, "val_accuracy": 0.8158837579617835, "train_accuracy": 0.9687025090481373, "f1_macro": 0.8159253557557296, "pre_macro": 0.8173244090293774, "re_macro": 0.8159000000000001, "best_epoch": 14, "val_loss": 0.50804340175003, "train_loss": 0.5122869249354017}
{"epoch": 16, "val_accuracy": 0.8158837579617835, "train_accuracy": 0.9706971898992011, "f1_macro": 0.8157365043302249, "pre_macro": 0.816838784000225, "re_macro": 0.8158999999999998, "best_epoch": 14, "val_loss": 0.5065980768127806, "train_loss": 0.5074417400867381}
{"epoch": 17, "val_accuracy": 0.8163813694267515, "train_accuracy": 0.9746865516013288, "f1_macro": 0.8161027911434526, "pre_macro": 0.8170890994057312, "re_macro": 0.8164, "best_epoch": 17, "val_loss": 0.5060427553334813, "train_loss": 0.5030566098842215}
{"epoch": 18, "val_accuracy": 0.8161823248407644, "train_accuracy": 0.9760163388353713, "f1_macro": 0.8159799029307221, "pre_macro": 0.8169372470631977, "re_macro": 0.8161999999999999, "best_epoch": 17, "val_loss": 0.5057516278354985, "train_loss": 0.4995730088112202}
{"epoch": 19, "val_accuracy": 0.8160828025477707, "train_accuracy": 0.9770136792609032, "f1_macro": 0.8159041805684975, "pre_macro": 0.8168331260699174, "re_macro": 0.8160999999999999, "best_epoch": 17, "val_loss": 0.5055827335187584, "train_loss": 0.4969187531065434}
{"epoch": 20, "val_accuracy": 0.8160828025477707, "train_accuracy": 0.9776785728779245, "f1_macro": 0.8159467775707145, "pre_macro": 0.8168714936221452, "re_macro": 0.8160999999999999, "best_epoch": 17, "val_loss": 0.5054873059130018, "train_loss": 0.4948776732099817}
{"epoch": 21, "val_accuracy": 0.8161823248407644, "train_accuracy": 0.9790558510638298, "f1_macro": 0.8160907821162997, "pre_macro": 0.8169953320339367, "re_macro": 0.8161999999999999, "best_epoch": 17, "val_loss": 0.5054338247912704, "train_loss": 0.49328457231217243}
{"epoch": 22, "val_accuracy": 0.8161823248407644, "train_accuracy": 0.9793882978723404, "f1_macro": 0.8161199494203737, "pre_macro": 0.8170381334809758, "re_macro": 0.8161999999999999, "best_epoch": 17, "val_loss": 0.5054042130518871, "train_loss": 0.492027740529243}
{"epoch": 23, "val_accuracy": 0.8157842356687898, "train_accuracy": 0.979720744680851, "f1_macro": 0.815801750477531, "pre_macro": 0.8167497857572583, "re_macro": 0.8158, "best_epoch": 17, "val_loss": 0.5053882788700662, "train_loss": 0.4910288326283719}
{"epoch": 24, "val_accuracy": 0.8159832802547771, "train_accuracy": 0.979720744680851, "f1_macro": 0.8160200304165299, "pre_macro": 0.816979313420209, "re_macro": 0.8160000000000001, "best_epoch": 17, "val_loss": 0.5053801640963099, "train_loss": 0.49023075496896784}
{"epoch": 25, "val_accuracy": 0.8160828025477707, "train_accuracy": 0.979720744680851, "f1_macro": 0.816115018168114, "pre_macro": 0.8170713999568392, "re_macro": 0.8161000000000002, "best_epoch": 17, "val_loss": 0.5053765014478355, "train_loss": 0.4895907925798538}
{"training time": 32.714534282684326}
