{"epoch": 1, "val_accuracy": 0.8326035031847133, "train_accuracy": 0.81494140625, "f1_macro": 0.8333023750799539, "pre_macro": 0.8365562600535614, "re_macro": 0.8324, "best_epoch": 1, "val_loss": 0.45152833336477827, "train_loss": 0.8544422309337691}
{"epoch": 2, "val_accuracy": 0.8421576433121019, "train_accuracy": 0.8677201704545454, "f1_macro": 0.8432030105204097, "pre_macro": 0.8486790805272149, "re_macro": 0.842, "best_epoch": 2, "val_loss": 0.42556142835480393, "train_loss": 0.6130942219275642}
{"epoch": 3, "val_accuracy": 0.8465366242038217, "train_accuracy": 0.8813032670454546, "f1_macro": 0.8465227533215309, "pre_macro": 0.8512275810243637, "re_macro": 0.8464, "best_epoch": 3, "val_loss": 0.41420617282010946, "train_loss": 0.5250591793182221}
{"epoch": 4, "val_accuracy": 0.8458399681528662, "train_accuracy": 0.8899147727272727, "f1_macro": 0.845465954441476, "pre_macro": 0.8514934583892305, "re_macro": 0.8457000000000001, "best_epoch": 3, "val_loss": 0.41773522498121685, "train_loss": 0.4792535552247004}
{"epoch": 5, "val_accuracy": 0.8463375796178344, "train_accuracy": 0.8970392400568182, "f1_macro": 0.8460477062933274, "pre_macro": 0.8520158732007059, "re_macro": 0.8462, "best_epoch": 3, "val_loss": 0.4108691728988271, "train_loss": 0.45031159663234244}
{"epoch": 6, "val_accuracy": 0.8532046178343949, "train_accuracy": 0.9034756747159091, "f1_macro": 0.8529668687580036, "pre_macro": 0.8569435749765819, "re_macro": 0.8530999999999999, "best_epoch": 6, "val_loss": 0.39025316563001866, "train_loss": 0.4290609330954877}
{"epoch": 7, "val_accuracy": 0.8606687898089171, "train_accuracy": 0.9099343039772727, "f1_macro": 0.8600201144657907, "pre_macro": 0.8622825711111514, "re_macro": 0.8603, "best_epoch": 7, "val_loss": 0.3727982922154627, "train_loss": 0.4118727920365266}
{"epoch": 8, "val_accuracy": 0.8626592356687898, "train_accuracy": 0.9160378196022727, "f1_macro": 0.8618953124923543, "pre_macro": 0.8638206766544758, "re_macro": 0.8623000000000001, "best_epoch": 8, "val_loss": 0.3657582847365908, "train_loss": 0.3969412603923543}
{"epoch": 9, "val_accuracy": 0.8651472929936306, "train_accuracy": 0.9217640269886364, "f1_macro": 0.8641554974953063, "pre_macro": 0.8655997471354583, "re_macro": 0.8648, "best_epoch": 9, "val_loss": 0.3635754808308972, "train_loss": 0.38399147092026065}
{"epoch": 10, "val_accuracy": 0.867734872611465, "train_accuracy": 0.9271795099431818, "f1_macro": 0.8667821955595411, "pre_macro": 0.8679023990885815, "re_macro": 0.8674, "best_epoch": 10, "val_loss": 0.36083630192431676, "train_loss": 0.3725516975391656}
{"epoch": 11, "val_accuracy": 0.8689291401273885, "train_accuracy": 0.9320845170454546, "f1_macro": 0.867847557969321, "pre_macro": 0.8684540521904726, "re_macro": 0.8686, "best_epoch": 11, "val_loss": 0.3589144675594986, "train_loss": 0.362621246710081}
{"epoch": 12, "val_accuracy": 0.8690286624203821, "train_accuracy": 0.9363902698863636, "f1_macro": 0.8678884628023356, "pre_macro": 0.8685692554502913, "re_macro": 0.8686999999999999, "best_epoch": 12, "val_loss": 0.35881660546466804, "train_loss": 0.354084013432095}
{"epoch": 13, "val_accuracy": 0.8691281847133758, "train_accuracy": 0.9393421519886364, "f1_macro": 0.8676722153113257, "pre_macro": 0.8689480230790446, "re_macro": 0.8688, "best_epoch": 13, "val_loss": 0.36040766708030825, "train_loss": 0.34708237465979025}
{"epoch": 14, "val_accuracy": 0.8700238853503185, "train_accuracy": 0.9424493963068182, "f1_macro": 0.8684429115593698, "pre_macro": 0.8699929536031759, "re_macro": 0.8697000000000001, "best_epoch": 14, "val_loss": 0.36083846515530993, "train_loss": 0.34119527867402544}
{"epoch": 15, "val_accuracy": 0.8707205414012739, "train_accuracy": 0.9450461647727273, "f1_macro": 0.8692689950699517, "pre_macro": 0.8704733538864413, "re_macro": 0.8704000000000001, "best_epoch": 15, "val_loss": 0.35898849690795703, "train_loss": 0.33650362569923425}
{"epoch": 16, "val_accuracy": 0.871218152866242, "train_accuracy": 0.9469327059659091, "f1_macro": 0.8699511090470186, "pre_macro": 0.8706559092989211, "re_macro": 0.8709, "best_epoch": 16, "val_loss": 0.3572914064120335, "train_loss": 0.3332350631667809}
{"epoch": 17, "val_accuracy": 0.871218152866242, "train_accuracy": 0.9478426846590909, "f1_macro": 0.8700547805656959, "pre_macro": 0.87046641845682, "re_macro": 0.8709, "best_epoch": 16, "val_loss": 0.35584101109368027, "train_loss": 0.3303837174211036}
{"epoch": 18, "val_accuracy": 0.8728105095541401, "train_accuracy": 0.9489080255681818, "f1_macro": 0.8718043352148793, "pre_macro": 0.87204253152835, "re_macro": 0.8724999999999999, "best_epoch": 18, "val_loss": 0.35482228191415216, "train_loss": 0.32826426989314234}
{"epoch": 19, "val_accuracy": 0.873109076433121, "train_accuracy": 0.9497514204545454, "f1_macro": 0.8720473191335536, "pre_macro": 0.8721211080269897, "re_macro": 0.8728, "best_epoch": 19, "val_loss": 0.3540756789742002, "train_loss": 0.32669260109436105}
{"epoch": 20, "val_accuracy": 0.8733081210191083, "train_accuracy": 0.9502618963068182, "f1_macro": 0.872275384204427, "pre_macro": 0.8722660579453889, "re_macro": 0.873, "best_epoch": 20, "val_loss": 0.3536361817531525, "train_loss": 0.3254838360431181}
{"epoch": 21, "val_accuracy": 0.8732085987261147, "train_accuracy": 0.9506392045454546, "f1_macro": 0.872136180843851, "pre_macro": 0.8721290416556838, "re_macro": 0.8728999999999999, "best_epoch": 20, "val_loss": 0.3535966175566813, "train_loss": 0.32443977191790263}
{"epoch": 22, "val_accuracy": 0.8729100318471338, "train_accuracy": 0.9507501775568182, "f1_macro": 0.8717951734211905, "pre_macro": 0.871776437933593, "re_macro": 0.8726, "best_epoch": 20, "val_loss": 0.3535983710531976, "train_loss": 0.3235364072024822}
{"epoch": 23, "val_accuracy": 0.8736066878980892, "train_accuracy": 0.9514604048295454, "f1_macro": 0.8725071484892674, "pre_macro": 0.8724782700372714, "re_macro": 0.8733000000000001, "best_epoch": 23, "val_loss": 0.3535574797042616, "train_loss": 0.32275156443938613}
{"epoch": 24, "val_accuracy": 0.8734076433121019, "train_accuracy": 0.9517489346590909, "f1_macro": 0.8723398708643064, "pre_macro": 0.8722794789131534, "re_macro": 0.8731, "best_epoch": 23, "val_loss": 0.35349372048286876, "train_loss": 0.3220439299052073}
{"epoch": 25, "val_accuracy": 0.8736066878980892, "train_accuracy": 0.9518599076704546, "f1_macro": 0.8725383989983578, "pre_macro": 0.87248068305659, "re_macro": 0.8733000000000001, "best_epoch": 23, "val_loss": 0.35342875123023987, "train_loss": 0.3214007678484036}
{"training time": 187.6084427833557}
