{"epoch": 1, "val_accuracy": 0.6116640127388535, "train_accuracy": 0.40729166865348815, "f1_macro": 0.5953125489498179, "pre_macro": 0.6137930940893448, "re_macro": 0.611, "best_epoch": 1, "val_loss": 1.254280332926732, "train_loss": 2.1613020658493043}
{"epoch": 2, "val_accuracy": 0.6666998407643312, "train_accuracy": 0.7104166686534882, "f1_macro": 0.6635966695465869, "pre_macro": 0.6735796944889756, "re_macro": 0.6663, "best_epoch": 2, "val_loss": 0.9999512741520147, "train_loss": 1.3576700687408447}
{"epoch": 3, "val_accuracy": 0.6940684713375797, "train_accuracy": 0.7994791686534881, "f1_macro": 0.6938853250225835, "pre_macro": 0.7019066435461687, "re_macro": 0.6931999999999999, "best_epoch": 3, "val_loss": 0.894704923887921, "train_loss": 1.0702216744422912}
{"epoch": 4, "val_accuracy": 0.716859076433121, "train_accuracy": 0.8567708373069763, "f1_macro": 0.714209032060351, "pre_macro": 0.7161526730265857, "re_macro": 0.7163999999999999, "best_epoch": 4, "val_loss": 0.8385606349273852, "train_loss": 0.9032035410404206}
{"epoch": 5, "val_accuracy": 0.7237261146496815, "train_accuracy": 0.9109375, "f1_macro": 0.7226790504945313, "pre_macro": 0.7240725548048205, "re_macro": 0.7232999999999999, "best_epoch": 5, "val_loss": 0.811258791738255, "train_loss": 0.7909895241260528}
{"epoch": 6, "val_accuracy": 0.7268113057324841, "train_accuracy": 0.9328125, "f1_macro": 0.7264695719689562, "pre_macro": 0.7288787387651001, "re_macro": 0.7261, "best_epoch": 6, "val_loss": 0.7927196134047904, "train_loss": 0.7111758530139923}
{"epoch": 7, "val_accuracy": 0.7330812101910829, "train_accuracy": 0.95625, "f1_macro": 0.7319933618956049, "pre_macro": 0.73306353144282, "re_macro": 0.7323999999999999, "best_epoch": 7, "val_loss": 0.7812065324585908, "train_loss": 0.6608011543750762}
{"epoch": 8, "val_accuracy": 0.7321855095541401, "train_accuracy": 0.9703125, "f1_macro": 0.7318922309318381, "pre_macro": 0.7339496003531425, "re_macro": 0.7314999999999999, "best_epoch": 7, "val_loss": 0.7751940357836948, "train_loss": 0.6276394993066787}
{"epoch": 9, "val_accuracy": 0.7333797770700637, "train_accuracy": 0.9734375, "f1_macro": 0.7325555926562634, "pre_macro": 0.7339390370873101, "re_macro": 0.7327, "best_epoch": 9, "val_loss": 0.7705015469888213, "train_loss": 0.6052415549755097}
{"epoch": 10, "val_accuracy": 0.7341759554140127, "train_accuracy": 0.9765625, "f1_macro": 0.7335855828304022, "pre_macro": 0.7351897094147295, "re_macro": 0.7335, "best_epoch": 10, "val_loss": 0.7669151546848807, "train_loss": 0.5894206136465072}
{"epoch": 11, "val_accuracy": 0.7346735668789809, "train_accuracy": 0.9796875, "f1_macro": 0.7340687066233615, "pre_macro": 0.735690459800712, "re_macro": 0.734, "best_epoch": 11, "val_loss": 0.7649224117682998, "train_loss": 0.5780030220746994}
{"epoch": 12, "val_accuracy": 0.7345740445859873, "train_accuracy": 0.98125, "f1_macro": 0.733929713979202, "pre_macro": 0.7354979120270153, "re_macro": 0.7339, "best_epoch": 11, "val_loss": 0.7630279958248138, "train_loss": 0.5694227516651154}
{"epoch": 13, "val_accuracy": 0.7346735668789809, "train_accuracy": 0.9828125, "f1_macro": 0.7341108821307321, "pre_macro": 0.7357221298288829, "re_macro": 0.7340000000000001, "best_epoch": 11, "val_loss": 0.7616020002562529, "train_loss": 0.562905815243721}
{"epoch": 14, "val_accuracy": 0.7351711783439491, "train_accuracy": 0.9828125, "f1_macro": 0.7345643096170014, "pre_macro": 0.7361428568677166, "re_macro": 0.7344999999999999, "best_epoch": 14, "val_loss": 0.7605225151511514, "train_loss": 0.5578273177146912}
{"epoch": 15, "val_accuracy": 0.7355692675159236, "train_accuracy": 0.9828125, "f1_macro": 0.7349729740151202, "pre_macro": 0.736554231316753, "re_macro": 0.7349, "best_epoch": 15, "val_loss": 0.7596422699606342, "train_loss": 0.5538332730531692}
{"epoch": 16, "val_accuracy": 0.7360668789808917, "train_accuracy": 0.9828125, "f1_macro": 0.735458526082921, "pre_macro": 0.7369880443149951, "re_macro": 0.7354, "best_epoch": 16, "val_loss": 0.7589374152338428, "train_loss": 0.550677365064621}
{"epoch": 17, "val_accuracy": 0.7359673566878981, "train_accuracy": 0.9828125, "f1_macro": 0.7353632948804721, "pre_macro": 0.7368881871857289, "re_macro": 0.7353000000000001, "best_epoch": 16, "val_loss": 0.758374103315317, "train_loss": 0.5481667637825012}
{"epoch": 18, "val_accuracy": 0.7363654458598726, "train_accuracy": 0.9828125, "f1_macro": 0.7357485154530825, "pre_macro": 0.7372522504159827, "re_macro": 0.7357, "best_epoch": 18, "val_loss": 0.7579192657759235, "train_loss": 0.5461595952510834}
{"epoch": 19, "val_accuracy": 0.7364649681528662, "train_accuracy": 0.9828125, "f1_macro": 0.7358429788105654, "pre_macro": 0.7373500997413109, "re_macro": 0.7358, "best_epoch": 19, "val_loss": 0.7575515244796778, "train_loss": 0.5445496559143066}
{"epoch": 20, "val_accuracy": 0.7365644904458599, "train_accuracy": 0.9859375, "f1_macro": 0.735929356776166, "pre_macro": 0.7374175601982207, "re_macro": 0.7359, "best_epoch": 20, "val_loss": 0.7572548267947641, "train_loss": 0.5432551801204681}
{"epoch": 21, "val_accuracy": 0.7367635350318471, "train_accuracy": 0.9859375, "f1_macro": 0.7361451478181282, "pre_macro": 0.7376378892116264, "re_macro": 0.7361000000000001, "best_epoch": 21, "val_loss": 0.7570154492262822, "train_loss": 0.5422123700380326}
{"epoch": 22, "val_accuracy": 0.7367635350318471, "train_accuracy": 0.9859375, "f1_macro": 0.7361451478181282, "pre_macro": 0.7376378892116264, "re_macro": 0.7361000000000001, "best_epoch": 21, "val_loss": 0.7568220769523815, "train_loss": 0.5413710504770279}
{"epoch": 23, "val_accuracy": 0.7368630573248408, "train_accuracy": 0.9859375, "f1_macro": 0.7362452463216159, "pre_macro": 0.7377397601164529, "re_macro": 0.7362, "best_epoch": 23, "val_loss": 0.756665669049427, "train_loss": 0.5406916111707687}
{"epoch": 24, "val_accuracy": 0.7371616242038217, "train_accuracy": 0.9859375, "f1_macro": 0.7365273879014459, "pre_macro": 0.7380024223643052, "re_macro": 0.7365, "best_epoch": 24, "val_loss": 0.756539065556921, "train_loss": 0.5401424825191498}
{"epoch": 25, "val_accuracy": 0.7371616242038217, "train_accuracy": 0.9859375, "f1_macro": 0.7365273879014459, "pre_macro": 0.7380024223643052, "re_macro": 0.7365, "best_epoch": 24, "val_loss": 0.7564365761295245, "train_loss": 0.5396984934806823}
{"training time": 25.54380226135254}
