{"epoch": 1, "val_accuracy": 0.8409633757961783, "train_accuracy": 0.8214618869936035, "f1_macro": 0.8393106540966638, "pre_macro": 0.8459712597675273, "re_macro": 0.8408, "best_epoch": 1, "val_loss": 0.451227361609222, "train_loss": 0.8116341591643881}
{"epoch": 2, "val_accuracy": 0.8447452229299363, "train_accuracy": 0.8689532249466951, "f1_macro": 0.8424645356916006, "pre_macro": 0.8497431110056167, "re_macro": 0.8446000000000001, "best_epoch": 2, "val_loss": 0.43608536794307123, "train_loss": 0.5696780876055964}
{"epoch": 3, "val_accuracy": 0.851015127388535, "train_accuracy": 0.8805470415778252, "f1_macro": 0.8488039715103921, "pre_macro": 0.8537103349594746, "re_macro": 0.8509, "best_epoch": 3, "val_loss": 0.41515612165639354, "train_loss": 0.49699341520063406}
{"epoch": 4, "val_accuracy": 0.8579816878980892, "train_accuracy": 0.8892923773987207, "f1_macro": 0.8565048744697389, "pre_macro": 0.8591907429528718, "re_macro": 0.8578999999999999, "best_epoch": 4, "val_loss": 0.39534188816501836, "train_loss": 0.46024311939155116}
{"epoch": 5, "val_accuracy": 0.8622611464968153, "train_accuracy": 0.8957722547974414, "f1_macro": 0.8607556337680882, "pre_macro": 0.862621839744115, "re_macro": 0.8622, "best_epoch": 5, "val_loss": 0.38160557503912856, "train_loss": 0.4360151317105619}
{"epoch": 6, "val_accuracy": 0.8648487261146497, "train_accuracy": 0.902418710021322, "f1_macro": 0.8631741460236109, "pre_macro": 0.8650114137035478, "re_macro": 0.8651, "best_epoch": 6, "val_loss": 0.3741254856821838, "train_loss": 0.4169247537088801}
{"epoch": 7, "val_accuracy": 0.8675358280254777, "train_accuracy": 0.9076159381663113, "f1_macro": 0.8650822158685216, "pre_macro": 0.8679760035202267, "re_macro": 0.8677999999999999, "best_epoch": 7, "val_loss": 0.3659413388580274, "train_loss": 0.4012290468888242}
{"epoch": 8, "val_accuracy": 0.8694267515923567, "train_accuracy": 0.913945895522388, "f1_macro": 0.8658225938599724, "pre_macro": 0.8705404456307246, "re_macro": 0.8694000000000001, "best_epoch": 8, "val_loss": 0.36271975906031906, "train_loss": 0.3880727384358581}
{"epoch": 9, "val_accuracy": 0.8709195859872612, "train_accuracy": 0.919909381663113, "f1_macro": 0.8673607551103615, "pre_macro": 0.8712316109227896, "re_macro": 0.8705999999999999, "best_epoch": 9, "val_loss": 0.3572306084405085, "train_loss": 0.3763752142503572}
{"epoch": 10, "val_accuracy": 0.8726114649681529, "train_accuracy": 0.925606343283582, "f1_macro": 0.8698397362432791, "pre_macro": 0.872296903345612, "re_macro": 0.8723000000000001, "best_epoch": 10, "val_loss": 0.3526885393698504, "train_loss": 0.3660644054063348}
{"epoch": 11, "val_accuracy": 0.8745023885350318, "train_accuracy": 0.9301872334754797, "f1_macro": 0.872620252192449, "pre_macro": 0.8737276237133192, "re_macro": 0.8742000000000001, "best_epoch": 11, "val_loss": 0.34973495126150217, "train_loss": 0.3568405019862057}
{"epoch": 12, "val_accuracy": 0.8753980891719745, "train_accuracy": 0.9343683368869936, "f1_macro": 0.8736580368319004, "pre_macro": 0.8741010395494634, "re_macro": 0.8747999999999999, "best_epoch": 12, "val_loss": 0.3473467234593288, "train_loss": 0.3486917162818441}
{"epoch": 13, "val_accuracy": 0.8748009554140127, "train_accuracy": 0.9379664179104478, "f1_macro": 0.8733798253593108, "pre_macro": 0.8735131063733179, "re_macro": 0.8741999999999999, "best_epoch": 12, "val_loss": 0.34615634324823974, "train_loss": 0.34169811809431516}
{"epoch": 14, "val_accuracy": 0.8747014331210191, "train_accuracy": 0.941464552238806, "f1_macro": 0.8734295567235396, "pre_macro": 0.8734591392047365, "re_macro": 0.8741, "best_epoch": 12, "val_loss": 0.34564766828801224, "train_loss": 0.3359105227503187}
{"epoch": 15, "val_accuracy": 0.8752985668789809, "train_accuracy": 0.9436800373134329, "f1_macro": 0.8740462384228254, "pre_macro": 0.8740340704815852, "re_macro": 0.8747, "best_epoch": 12, "val_loss": 0.3456134647130966, "train_loss": 0.3312492434308727}
{"epoch": 16, "val_accuracy": 0.8747014331210191, "train_accuracy": 0.9456789712153518, "f1_macro": 0.87351146548967, "pre_macro": 0.8734601460596787, "re_macro": 0.8741, "best_epoch": 12, "val_loss": 0.3457092136903933, "train_loss": 0.32762013602930345}
{"epoch": 17, "val_accuracy": 0.8755971337579618, "train_accuracy": 0.9476279317697228, "f1_macro": 0.8744548055528364, "pre_macro": 0.8744081897920651, "re_macro": 0.875, "best_epoch": 17, "val_loss": 0.34542455595390054, "train_loss": 0.32487274928769067}
{"epoch": 18, "val_accuracy": 0.8756966560509554, "train_accuracy": 0.9486440565031983, "f1_macro": 0.8745595767168481, "pre_macro": 0.8744569563849269, "re_macro": 0.8751000000000001, "best_epoch": 18, "val_loss": 0.3449234114900516, "train_loss": 0.3228315106396482}
{"epoch": 19, "val_accuracy": 0.8758957006369427, "train_accuracy": 0.949327025586354, "f1_macro": 0.8747185379480026, "pre_macro": 0.874571924161032, "re_macro": 0.8753, "best_epoch": 19, "val_loss": 0.3442426277383877, "train_loss": 0.32132986235593175}
{"epoch": 20, "val_accuracy": 0.8751990445859873, "train_accuracy": 0.9498933901918977, "f1_macro": 0.8738877719371414, "pre_macro": 0.8736876481663296, "re_macro": 0.8746, "best_epoch": 19, "val_loss": 0.34351530832469845, "train_loss": 0.3201685196428157}
{"epoch": 21, "val_accuracy": 0.8765923566878981, "train_accuracy": 0.9504264392324094, "f1_macro": 0.8753188132662789, "pre_macro": 0.8751150530249504, "re_macro": 0.876, "best_epoch": 21, "val_loss": 0.34293229336951186, "train_loss": 0.3192199152320433}
{"epoch": 22, "val_accuracy": 0.8763933121019108, "train_accuracy": 0.9507262793176973, "f1_macro": 0.8751191550142294, "pre_macro": 0.8748902835633908, "re_macro": 0.8758000000000001, "best_epoch": 21, "val_loss": 0.34243007716099927, "train_loss": 0.3183888597116033}
{"epoch": 23, "val_accuracy": 0.8762937898089171, "train_accuracy": 0.951109408315565, "f1_macro": 0.8750252616322987, "pre_macro": 0.8748120298446862, "re_macro": 0.8756999999999999, "best_epoch": 21, "val_loss": 0.3420812442993662, "train_loss": 0.31765042911015595}
{"epoch": 24, "val_accuracy": 0.8762937898089171, "train_accuracy": 0.9515924840085288, "f1_macro": 0.8753161662490936, "pre_macro": 0.8750933613838849, "re_macro": 0.876, "best_epoch": 21, "val_loss": 0.3418715235533988, "train_loss": 0.3170089735977177}
{"epoch": 25, "val_accuracy": 0.8766918789808917, "train_accuracy": 0.9517590618336887, "f1_macro": 0.8757394044901294, "pre_macro": 0.8755232449813446, "re_macro": 0.8764, "best_epoch": 25, "val_loss": 0.3417366515299317, "train_loss": 0.3164440498772715}
{"training time": 274.19179606437683}
