{"epoch": 1, "val_accuracy": 0.8846536624203821, "train_accuracy": 0.8469371890970893, "f1_macro": 0.8843674963130217, "pre_macro": 0.8908561998782272, "re_macro": 0.8842836731244963, "best_epoch": 1, "val_loss": 0.39765564212278953, "train_loss": 0.8454393436278361}
{"epoch": 2, "val_accuracy": 0.8996815286624203, "train_accuracy": 0.9126132729211087, "f1_macro": 0.898364482100263, "pre_macro": 0.9042192690476476, "re_macro": 0.8984832956326473, "best_epoch": 2, "val_loss": 0.33165237411951565, "train_loss": 0.5733126792699289}
{"epoch": 3, "val_accuracy": 0.9120222929936306, "train_accuracy": 0.9298485253157138, "f1_macro": 0.9105692485329848, "pre_macro": 0.9151295735071265, "re_macro": 0.910835896893776, "best_epoch": 3, "val_loss": 0.2911873664351026, "train_loss": 0.48684740657491216}
{"epoch": 4, "val_accuracy": 0.9253582802547771, "train_accuracy": 0.9405761372560123, "f1_macro": 0.9240051580061028, "pre_macro": 0.9258479575089515, "re_macro": 0.9241737193983035, "best_epoch": 4, "val_loss": 0.2513214304663573, "train_loss": 0.4352197645188395}
{"epoch": 5, "val_accuracy": 0.9342157643312102, "train_accuracy": 0.9487384506888481, "f1_macro": 0.9329774464433026, "pre_macro": 0.9340738685101877, "re_macro": 0.9328407461012889, "best_epoch": 5, "val_loss": 0.22338640275796887, "train_loss": 0.4012957712226331}
{"epoch": 6, "val_accuracy": 0.9381966560509554, "train_accuracy": 0.954801883524669, "f1_macro": 0.9370986250780211, "pre_macro": 0.9380356692739446, "re_macro": 0.936909830577655, "best_epoch": 6, "val_loss": 0.2123871781228549, "train_loss": 0.3771350584241119}
{"epoch": 7, "val_accuracy": 0.9384952229299363, "train_accuracy": 0.9594327470641146, "f1_macro": 0.9373953025739847, "pre_macro": 0.9382803974901887, "re_macro": 0.9372590750658162, "best_epoch": 7, "val_loss": 0.20971781599104025, "train_loss": 0.3594119329887158}
{"epoch": 8, "val_accuracy": 0.9407842356687898, "train_accuracy": 0.9622423596727823, "f1_macro": 0.9398162352598085, "pre_macro": 0.9405807341510369, "re_macro": 0.9397270435144639, "best_epoch": 8, "val_loss": 0.20567775731846974, "train_loss": 0.3461782168795559}
{"epoch": 9, "val_accuracy": 0.9414808917197452, "train_accuracy": 0.9647410270501809, "f1_macro": 0.9405731206960329, "pre_macro": 0.941300533415842, "re_macro": 0.9404766280791387, "best_epoch": 9, "val_loss": 0.1979223513607956, "train_loss": 0.3358610213311242}
{"epoch": 10, "val_accuracy": 0.9436703821656051, "train_accuracy": 0.9678726901631873, "f1_macro": 0.9427352241850843, "pre_macro": 0.9433910043386243, "re_macro": 0.9426850302065167, "best_epoch": 10, "val_loss": 0.19276160403943746, "train_loss": 0.3266073548272729}
{"epoch": 11, "val_accuracy": 0.9451632165605095, "train_accuracy": 0.9700715174552983, "f1_macro": 0.9442334374761423, "pre_macro": 0.9446815980308056, "re_macro": 0.9442695452406052, "best_epoch": 11, "val_loss": 0.18793321145805203, "train_loss": 0.3190364480526971}
{"epoch": 12, "val_accuracy": 0.9457603503184714, "train_accuracy": 0.9720482409381663, "f1_macro": 0.9448365385408612, "pre_macro": 0.9451256696476193, "re_macro": 0.9449083898698017, "best_epoch": 12, "val_loss": 0.1831024143827047, "train_loss": 0.3126358462930488}
{"epoch": 13, "val_accuracy": 0.9475517515923567, "train_accuracy": 0.9735696517836565, "f1_macro": 0.9466794311521213, "pre_macro": 0.9467564270109096, "re_macro": 0.9467797786290946, "best_epoch": 13, "val_loss": 0.17952503995661429, "train_loss": 0.30730722171030067}
{"epoch": 14, "val_accuracy": 0.948546974522293, "train_accuracy": 0.9746690654297119, "f1_macro": 0.9477038534233312, "pre_macro": 0.9477088189009351, "re_macro": 0.9477972059478775, "best_epoch": 14, "val_loss": 0.17713226392793996, "train_loss": 0.30305296716405383}
{"epoch": 15, "val_accuracy": 0.9491441082802548, "train_accuracy": 0.9760016880309912, "f1_macro": 0.9483501119634449, "pre_macro": 0.9483699037748421, "re_macro": 0.9484109408383621, "best_epoch": 15, "val_loss": 0.17560604721853498, "train_loss": 0.2996491472095823}
{"training time": 76.16097378730774}
