{"epoch": 1, "val_accuracy": 0.8771894904458599, "train_accuracy": 0.8127659574468085, "f1_macro": 0.874956802939282, "pre_macro": 0.8860794312834036, "re_macro": 0.8752413220874159, "best_epoch": 1, "val_loss": 0.40508579816313306, "train_loss": 0.9767526925878321}
{"epoch": 2, "val_accuracy": 0.8694267515923567, "train_accuracy": 0.9038120569066799, "f1_macro": 0.8652982692678645, "pre_macro": 0.8787475873890781, "re_macro": 0.8686682142059634, "best_epoch": 1, "val_loss": 0.4192479208681234, "train_loss": 0.6546479998750889}
{"epoch": 3, "val_accuracy": 0.8836584394904459, "train_accuracy": 0.9207890071767442, "f1_macro": 0.8807818941426605, "pre_macro": 0.8909200595444174, "re_macro": 0.882789825873961, "best_epoch": 3, "val_loss": 0.37965203256933555, "train_loss": 0.5769597641965176}
{"epoch": 4, "val_accuracy": 0.8974920382165605, "train_accuracy": 0.9345079787234043, "f1_macro": 0.8958205582700198, "pre_macro": 0.9014043714830084, "re_macro": 0.8962131503340665, "best_epoch": 4, "val_loss": 0.3321525342287911, "train_loss": 0.5223720222077471}
{"epoch": 5, "val_accuracy": 0.9090366242038217, "train_accuracy": 0.9417553191489362, "f1_macro": 0.9077376197638456, "pre_macro": 0.9104376406603218, "re_macro": 0.907689757994274, "best_epoch": 5, "val_loss": 0.30096717080350516, "train_loss": 0.48516526349047395}
{"epoch": 6, "val_accuracy": 0.9164012738853503, "train_accuracy": 0.9481382978723404, "f1_macro": 0.9152904022964856, "pre_macro": 0.9170524279528134, "re_macro": 0.9150521177738652, "best_epoch": 6, "val_loss": 0.2827298427534521, "train_loss": 0.4566274603630634}
{"epoch": 7, "val_accuracy": 0.9187898089171974, "train_accuracy": 0.9534574468085106, "f1_macro": 0.9174914988126585, "pre_macro": 0.918093373284254, "re_macro": 0.9175928837768405, "best_epoch": 7, "val_loss": 0.27088843390440487, "train_loss": 0.43537455226512667}
{"epoch": 8, "val_accuracy": 0.9166998407643312, "train_accuracy": 0.9564494680851063, "f1_macro": 0.9152687789916133, "pre_macro": 0.9161089783187052, "re_macro": 0.915396382305681, "best_epoch": 7, "val_loss": 0.27272615473788636, "train_loss": 0.41981378362533894}
{"epoch": 9, "val_accuracy": 0.9177945859872612, "train_accuracy": 0.9587765957446809, "f1_macro": 0.9165113778811304, "pre_macro": 0.9177534605652495, "re_macro": 0.9164744502182062, "best_epoch": 7, "val_loss": 0.2720531031940204, "train_loss": 0.4074631764533672}
{"epoch": 10, "val_accuracy": 0.9190883757961783, "train_accuracy": 0.9613696808510638, "f1_macro": 0.9177956072115536, "pre_macro": 0.9194406104407514, "re_macro": 0.9176283911585784, "best_epoch": 10, "val_loss": 0.2698828237024462, "train_loss": 0.3967233907669149}
{"epoch": 11, "val_accuracy": 0.9198845541401274, "train_accuracy": 0.964029255319149, "f1_macro": 0.9185528688690303, "pre_macro": 0.9204481665453157, "re_macro": 0.9183832464633301, "best_epoch": 11, "val_loss": 0.26805967245559403, "train_loss": 0.3879262977458061}
{"epoch": 12, "val_accuracy": 0.92078025477707, "train_accuracy": 0.9660904255319149, "f1_macro": 0.9194963980737324, "pre_macro": 0.9210995548665833, "re_macro": 0.9192896227112237, "best_epoch": 12, "val_loss": 0.26417473862600177, "train_loss": 0.3805787261496199}
{"epoch": 13, "val_accuracy": 0.9230692675159236, "train_accuracy": 0.9686170212765958, "f1_macro": 0.9218660891571115, "pre_macro": 0.9230837097904206, "re_macro": 0.921614927909338, "best_epoch": 13, "val_loss": 0.2590132689245852, "train_loss": 0.37430314117289604}
{"epoch": 14, "val_accuracy": 0.9246616242038217, "train_accuracy": 0.9707446808510638, "f1_macro": 0.9235201091993016, "pre_macro": 0.9245199200695964, "re_macro": 0.9232615455135728, "best_epoch": 14, "val_loss": 0.25517266295304536, "train_loss": 0.3689130630898983}
{"epoch": 15, "val_accuracy": 0.9254578025477707, "train_accuracy": 0.9721409574468085, "f1_macro": 0.9243964229246371, "pre_macro": 0.9251246979614987, "re_macro": 0.9241947493429425, "best_epoch": 15, "val_loss": 0.25241084062274854, "train_loss": 0.364521291408133}
{"training time": 44.93864417076111}
