{"epoch": 1, "val_accuracy": 0.10071656050955415, "train_accuracy": 0.18967507102272727, "f1_macro": 0.0183304568989009, "pre_macro": 0.01009, "re_macro": 0.1, "best_epoch": 1, "val_loss": 2.302464222452443, "train_loss": 2.201469039883126}
{"epoch": 2, "val_accuracy": 0.11614251592356688, "train_accuracy": 0.10957475142045454, "f1_macro": 0.025557849749932814, "pre_macro": 0.06049813603164942, "re_macro": 0.10264765784114054, "best_epoch": 2, "val_loss": 2.3020810306451884, "train_loss": 2.326516878875819}
{"epoch": 3, "val_accuracy": 0.10131369426751592, "train_accuracy": 0.11061789772727272, "f1_macro": 0.021628553109638814, "pre_macro": 0.012154696132596685, "re_macro": 0.09806201550387597, "best_epoch": 2, "val_loss": 2.3016275083942777, "train_loss": 2.319751950488849}
{"epoch": 4, "val_accuracy": 0.14798964968152867, "train_accuracy": 0.11465731534090909, "f1_macro": 0.09676951191303093, "pre_macro": 0.1637943096924275, "re_macro": 0.1522428773489594, "best_epoch": 4, "val_loss": 2.301478597009258, "train_loss": 2.3154609558934514}
{"epoch": 5, "val_accuracy": 0.30244824840764334, "train_accuracy": 0.18656782670454544, "f1_macro": 0.25091611129684066, "pre_macro": 0.26118161721554745, "re_macro": 0.307349826544092, "best_epoch": 5, "val_loss": 1.9025744290868187, "train_loss": 2.0670114515179936}
{"epoch": 6, "val_accuracy": 0.7125796178343949, "train_accuracy": 0.5187766335227273, "f1_macro": 0.7038203967066077, "pre_macro": 0.7188221610675057, "re_macro": 0.7094614684201497, "best_epoch": 6, "val_loss": 1.1778398171351974, "train_loss": 1.558199710466645}
{"epoch": 7, "val_accuracy": 0.7505971337579618, "train_accuracy": 0.7659579190340909, "f1_macro": 0.7452999451037869, "pre_macro": 0.7682976262359298, "re_macro": 0.7475486094383121, "best_epoch": 7, "val_loss": 0.8905551885343661, "train_loss": 0.9549947356466543}
{"epoch": 8, "val_accuracy": 0.8351910828025477, "train_accuracy": 0.8275923295454546, "f1_macro": 0.8325815840032023, "pre_macro": 0.8417503982749253, "re_macro": 0.8327705945373811, "best_epoch": 8, "val_loss": 0.6110645851511864, "train_loss": 0.7159536063925109}
{"epoch": 9, "val_accuracy": 0.8311106687898089, "train_accuracy": 0.8635475852272727, "f1_macro": 0.8282404331912374, "pre_macro": 0.8426468208073631, "re_macro": 0.8289867126914336, "best_epoch": 8, "val_loss": 0.5915115470909009, "train_loss": 0.5907217078334228}
{"epoch": 10, "val_accuracy": 0.8794785031847133, "train_accuracy": 0.8817471590909091, "f1_macro": 0.8781368633025577, "pre_macro": 0.8839397639025653, "re_macro": 0.8781984069037625, "best_epoch": 10, "val_loss": 0.4303687453080135, "train_loss": 0.5142059869725596}
{"epoch": 11, "val_accuracy": 0.8927149681528662, "train_accuracy": 0.8952858664772727, "f1_macro": 0.8911274321194437, "pre_macro": 0.8946481801233462, "re_macro": 0.8911621879194641, "best_epoch": 11, "val_loss": 0.3910434571610894, "train_loss": 0.46864996615543286}
{"epoch": 12, "val_accuracy": 0.8996815286624203, "train_accuracy": 0.9012562144886364, "f1_macro": 0.898302772131429, "pre_macro": 0.9002919387438585, "re_macro": 0.8981854372858782, "best_epoch": 12, "val_loss": 0.368292577137613, "train_loss": 0.44442173646000976}
{"epoch": 13, "val_accuracy": 0.9015724522292994, "train_accuracy": 0.9064497514204546, "f1_macro": 0.9002174959818413, "pre_macro": 0.9022667715187886, "re_macro": 0.9000154436787267, "best_epoch": 13, "val_loss": 0.3588584990353341, "train_loss": 0.4238616531630131}
{"epoch": 14, "val_accuracy": 0.8969944267515924, "train_accuracy": 0.910888671875, "f1_macro": 0.8957597436254703, "pre_macro": 0.8991966898838017, "re_macro": 0.8953698689458465, "best_epoch": 13, "val_loss": 0.36784601496283414, "train_loss": 0.4061355147595433}
{"epoch": 15, "val_accuracy": 0.897890127388535, "train_accuracy": 0.9138849431818182, "f1_macro": 0.8966561491717047, "pre_macro": 0.8998874497018912, "re_macro": 0.896380260761593, "best_epoch": 13, "val_loss": 0.36317303392348016, "train_loss": 0.3928165673066608}
{"training time": 102.83260178565979}
