{"epoch": 1, "val_accuracy": 0.06031050955414013, "train_accuracy": 0.09640957446808511, "f1_macro": 0.0233650049410342, "pre_macro": 0.039300776448460556, "re_macro": 0.059772052554516855, "best_epoch": 1, "val_loss": 2.3025848911066724, "train_loss": 2.4601920006122997}
{"epoch": 2, "val_accuracy": 0.09783041401273886, "train_accuracy": 0.13126899714165546, "f1_macro": 0.01785063752276867, "pre_macro": 0.0098, "re_macro": 0.1, "best_epoch": 2, "val_loss": 2.2989639203259897, "train_loss": 2.423618529705291}
{"epoch": 3, "val_accuracy": 0.10330414012738853, "train_accuracy": 0.09455737091125326, "f1_macro": 0.01877387665999636, "pre_macro": 0.010359365589239108, "re_macro": 0.1, "best_epoch": 3, "val_loss": 2.3025857005149697, "train_loss": 2.403768336519282}
{"epoch": 4, "val_accuracy": 0.06110668789808917, "train_accuracy": 0.10092135265152505, "f1_macro": 0.014511820217200502, "pre_macro": 0.008290570348112801, "re_macro": 0.06339568821182745, "best_epoch": 3, "val_loss": 2.302544640887315, "train_loss": 2.3883704834796013}
{"epoch": 5, "val_accuracy": 0.03821656050955414, "train_accuracy": 0.06791413377257104, "f1_macro": 0.008046263472625059, "pre_macro": 0.004511567961470815, "re_macro": 0.03918346564695125, "best_epoch": 3, "val_loss": 2.3025898325974774, "train_loss": 2.379223777892742}
{"epoch": 6, "val_accuracy": 0.019705414012738853, "train_accuracy": 0.018664513694796155, "f1_macro": 0.005691311261565966, "pre_macro": 0.003710386072961825, "re_macro": 0.02021371999471376, "best_epoch": 3, "val_loss": 2.302590739195514, "train_loss": 2.372027260191897}
{"epoch": 7, "val_accuracy": 0.04150079617834395, "train_accuracy": 0.021039133772571036, "f1_macro": 0.009701248433200416, "pre_macro": 0.005950420602244802, "re_macro": 0.04256721580672288, "best_epoch": 3, "val_loss": 2.302590294248739, "train_loss": 2.366190676993512}
{"epoch": 8, "val_accuracy": 0.09404856687898089, "train_accuracy": 0.052479103524634176, "f1_macro": 0.017802917728586082, "pre_macro": 0.01068662972435351, "re_macro": 0.09612713561416215, "best_epoch": 3, "val_loss": 2.3025866253360823, "train_loss": 2.361723331694907}
{"epoch": 9, "val_accuracy": 0.10619028662420382, "train_accuracy": 0.08710106382978723, "f1_macro": 0.033186558975646326, "pre_macro": 0.020561887178348164, "re_macro": 0.10472534388204621, "best_epoch": 9, "val_loss": 2.3025815168004127, "train_loss": 2.3581660808400904}
{"epoch": 10, "val_accuracy": 0.11355493630573249, "train_accuracy": 0.10134878437569801, "f1_macro": 0.0203861697350696, "pre_macro": 0.01135, "re_macro": 0.1, "best_epoch": 10, "val_loss": 2.297070861622027, "train_loss": 2.354913224565222}
{"epoch": 11, "val_accuracy": 0.19148089171974522, "train_accuracy": 0.15311550174621827, "f1_macro": 0.06390164820880409, "pre_macro": 0.03989049610417912, "re_macro": 0.17994102162841819, "best_epoch": 11, "val_loss": 2.236582323244423, "train_loss": 2.3229265771013625}
{"epoch": 12, "val_accuracy": 0.27169585987261147, "train_accuracy": 0.22606382978723405, "f1_macro": 0.1334908684852063, "pre_macro": 0.11744552606458643, "re_macro": 0.25954109979320245, "best_epoch": 12, "val_loss": 2.1626739972715923, "train_loss": 2.2521051498169595}
{"epoch": 13, "val_accuracy": 0.2945859872611465, "train_accuracy": 0.2766907297550364, "f1_macro": 0.15595560211838294, "pre_macro": 0.17965244364286892, "re_macro": 0.28251013162210337, "best_epoch": 13, "val_loss": 2.1109452839869602, "train_loss": 2.181475167578839}
{"epoch": 14, "val_accuracy": 0.32245222929936307, "train_accuracy": 0.29692249285413863, "f1_macro": 0.19505703727505644, "pre_macro": 0.22299587596418685, "re_macro": 0.30915789673081984, "best_epoch": 14, "val_loss": 2.072100936986838, "train_loss": 2.1345622133701405}
{"epoch": 15, "val_accuracy": 0.3221536624203822, "train_accuracy": 0.3201937694498833, "f1_macro": 0.19421103174993906, "pre_macro": 0.23004877718317104, "re_macro": 0.3087659369818943, "best_epoch": 14, "val_loss": 2.048763533306729, "train_loss": 2.101341668595659}
{"training time": 18.7517032623291}
