{"epoch": 1, "val_accuracy": 0.1445063694267516, "train_accuracy": 0.14322916716337203, "f1_macro": 0.06562082267226099, "pre_macro": 0.05355501428843155, "re_macro": 0.14686102253149635, "best_epoch": 1, "val_loss": 2.3025841834438836, "train_loss": 2.482529807090759}
{"epoch": 2, "val_accuracy": 0.13027468152866242, "train_accuracy": 0.14479166716337205, "f1_macro": 0.06066321756242734, "pre_macro": 0.06861411337902638, "re_macro": 0.132445292757372, "best_epoch": 1, "val_loss": 2.302584915404107, "train_loss": 2.4506134033203124}
{"epoch": 3, "val_accuracy": 0.12161624203821655, "train_accuracy": 0.12447916716337204, "f1_macro": 0.05349821533580405, "pre_macro": 0.07689607229753215, "re_macro": 0.12357163639386508, "best_epoch": 1, "val_loss": 2.3025849093297484, "train_loss": 2.4470367193222047}
{"epoch": 4, "val_accuracy": 0.11176353503184713, "train_accuracy": 0.115625, "f1_macro": 0.04177624088176264, "pre_macro": 0.08099304414957817, "re_macro": 0.11345613321207933, "best_epoch": 1, "val_loss": 2.3025848759207754, "train_loss": 2.442628526687622}
{"epoch": 5, "val_accuracy": 0.10171178343949044, "train_accuracy": 0.10625, "f1_macro": 0.029883819434872, "pre_macro": 0.07714954382323691, "re_macro": 0.10339048396427523, "best_epoch": 1, "val_loss": 2.3025848288444957, "train_loss": 2.438539242744446}
{"epoch": 6, "val_accuracy": 0.09394904458598727, "train_accuracy": 0.096875, "f1_macro": 0.024093165126941693, "pre_macro": 0.07473086309409001, "re_macro": 0.09534868642473117, "best_epoch": 1, "val_loss": 2.3025847362105254, "train_loss": 2.4350478887557983}
{"epoch": 7, "val_accuracy": 0.08777866242038217, "train_accuracy": 0.103125, "f1_macro": 0.023205418596978902, "pre_macro": 0.09003780864753479, "re_macro": 0.08890102525196247, "best_epoch": 1, "val_loss": 2.302584582832968, "train_loss": 2.4321505784988404}
{"epoch": 8, "val_accuracy": 0.08230493630573249, "train_accuracy": 0.103125, "f1_macro": 0.02343981755292891, "pre_macro": 0.1151994168153128, "re_macro": 0.08313575268838942, "best_epoch": 1, "val_loss": 2.3025844233810524, "train_loss": 2.429769229888916}
{"epoch": 9, "val_accuracy": 0.07991640127388536, "train_accuracy": 0.1, "f1_macro": 0.024348676504165147, "pre_macro": 0.015746104483327958, "re_macro": 0.08049105692345486, "best_epoch": 1, "val_loss": 2.302584213815677, "train_loss": 2.4278173446655273}
{"epoch": 10, "val_accuracy": 0.07792595541401273, "train_accuracy": 0.1, "f1_macro": 0.02486894350260811, "pre_macro": 0.015883902218192032, "re_macro": 0.0782812413323084, "best_epoch": 1, "val_loss": 2.3025839845086358, "train_loss": 2.4262181520462036}
{"epoch": 11, "val_accuracy": 0.07703025477707007, "train_accuracy": 0.10052083358168602, "f1_macro": 0.025222797113958473, "pre_macro": 0.01592339304733444, "re_macro": 0.07721892904974363, "best_epoch": 1, "val_loss": 2.3025836777535216, "train_loss": 2.4249075412750245}
{"epoch": 12, "val_accuracy": 0.0755374203821656, "train_accuracy": 0.10677083358168601, "f1_macro": 0.02517960925905937, "pre_macro": 0.01576925522234452, "re_macro": 0.07557295917963022, "best_epoch": 1, "val_loss": 2.3025832829202058, "train_loss": 2.42383291721344}
{"epoch": 13, "val_accuracy": 0.07603503184713375, "train_accuracy": 0.109375, "f1_macro": 0.025848960900936212, "pre_macro": 0.016098305800822964, "re_macro": 0.07590441170643569, "best_epoch": 1, "val_loss": 2.302582803045868, "train_loss": 2.422951602935791}
{"epoch": 14, "val_accuracy": 0.07603503184713375, "train_accuracy": 0.103125, "f1_macro": 0.0262333303432919, "pre_macro": 0.01625413812052793, "re_macro": 0.07572214253449246, "best_epoch": 1, "val_loss": 2.3025822715394817, "train_loss": 2.422228479385376}
{"epoch": 15, "val_accuracy": 0.07543789808917198, "train_accuracy": 0.1015625, "f1_macro": 0.02604324092393507, "pre_macro": 0.016026345707424446, "re_macro": 0.07499722633868781, "best_epoch": 1, "val_loss": 2.3025816565106627, "train_loss": 2.4216352462768556}
{"training time": 13.341533422470093}
