{"epoch": 1, "val_accuracy": 0.42207404458598724, "train_accuracy": 0.21666666865348816, "f1_macro": 0.35714175086281774, "pre_macro": 0.5291261916883677, "re_macro": 0.4061887427092931, "best_epoch": 1, "val_loss": 2.0056979747334864, "train_loss": 2.2437966108322143}
{"epoch": 2, "val_accuracy": 0.566281847133758, "train_accuracy": 0.5401041686534882, "f1_macro": 0.5073622183269131, "pre_macro": 0.7011054504208144, "re_macro": 0.5525880314794098, "best_epoch": 2, "val_loss": 1.6516910525643902, "train_loss": 1.8432762265205382}
{"epoch": 3, "val_accuracy": 0.6659036624203821, "train_accuracy": 0.6947916686534882, "f1_macro": 0.6400560749238636, "pre_macro": 0.7266360420303791, "re_macro": 0.654895075807788, "best_epoch": 3, "val_loss": 1.372425736135738, "train_loss": 1.4731109142303467}
{"epoch": 4, "val_accuracy": 0.7044187898089171, "train_accuracy": 0.7958333373069764, "f1_macro": 0.6843215529694742, "pre_macro": 0.7351200079864656, "re_macro": 0.6949098084244314, "best_epoch": 4, "val_loss": 1.1956530991633227, "train_loss": 1.2116614699363708}
{"epoch": 5, "val_accuracy": 0.7285031847133758, "train_accuracy": 0.8145833373069763, "f1_macro": 0.7133224971135915, "pre_macro": 0.746255345074047, "re_macro": 0.7199199069263369, "best_epoch": 5, "val_loss": 1.0854439169737944, "train_loss": 1.049589717388153}
{"epoch": 6, "val_accuracy": 0.7430334394904459, "train_accuracy": 0.8317708373069763, "f1_macro": 0.7310612379382808, "pre_macro": 0.7548119485073188, "re_macro": 0.735106444563725, "best_epoch": 6, "val_loss": 1.0156455932149462, "train_loss": 0.9479796350002289}
{"epoch": 7, "val_accuracy": 0.7509952229299363, "train_accuracy": 0.8484375, "f1_macro": 0.740350853021552, "pre_macro": 0.7604727321090465, "re_macro": 0.7435040573029571, "best_epoch": 7, "val_loss": 0.9687037870382808, "train_loss": 0.8817107975482941}
{"epoch": 8, "val_accuracy": 0.757265127388535, "train_accuracy": 0.8578125, "f1_macro": 0.7473148428514227, "pre_macro": 0.7646993128508706, "re_macro": 0.7500359506244697, "best_epoch": 8, "val_loss": 0.9357124491102377, "train_loss": 0.8362005710601806}
{"epoch": 9, "val_accuracy": 0.7625398089171974, "train_accuracy": 0.8609375, "f1_macro": 0.7532796859158011, "pre_macro": 0.7689213404532218, "re_macro": 0.7555716570130809, "best_epoch": 9, "val_loss": 0.9119259341127554, "train_loss": 0.8038101673126221}
{"epoch": 10, "val_accuracy": 0.7661226114649682, "train_accuracy": 0.8609375, "f1_macro": 0.7574841746711661, "pre_macro": 0.7712228455238671, "re_macro": 0.7593882709253293, "best_epoch": 10, "val_loss": 0.8943521420287478, "train_loss": 0.7800985991954803}
{"epoch": 11, "val_accuracy": 0.7684116242038217, "train_accuracy": 0.8640625, "f1_macro": 0.7601209305096465, "pre_macro": 0.7729635351864552, "re_macro": 0.761833223119001, "best_epoch": 11, "val_loss": 0.881106962823564, "train_loss": 0.7623536825180054}
{"epoch": 12, "val_accuracy": 0.7697054140127388, "train_accuracy": 0.8671875, "f1_macro": 0.761658178800275, "pre_macro": 0.7740431849524216, "re_macro": 0.7632150637726095, "best_epoch": 12, "val_loss": 0.8709791293189784, "train_loss": 0.7488559722900391}
{"epoch": 13, "val_accuracy": 0.771297770700637, "train_accuracy": 0.86875, "f1_macro": 0.763488089109671, "pre_macro": 0.7752833610735067, "re_macro": 0.7649123580766534, "best_epoch": 13, "val_loss": 0.863152577239237, "train_loss": 0.7384631156921386}
{"epoch": 14, "val_accuracy": 0.7721934713375797, "train_accuracy": 0.8703125, "f1_macro": 0.7646712906470664, "pre_macro": 0.7761056168670251, "re_macro": 0.7659151075077075, "best_epoch": 14, "val_loss": 0.8570555366907909, "train_loss": 0.7303868114948273}
{"epoch": 15, "val_accuracy": 0.7729896496815286, "train_accuracy": 0.8703125, "f1_macro": 0.7656034227004118, "pre_macro": 0.7768040462186662, "re_macro": 0.7667667270576745, "best_epoch": 15, "val_loss": 0.8522762128501941, "train_loss": 0.7240666747093201}
{"training time": 17.884884357452393}
