{"epoch": 1, "val_accuracy": 0.8984872611464968, "train_accuracy": 0.8480699183081767, "f1_macro": 0.8966991994915533, "pre_macro": 0.8986245090653169, "re_macro": 0.8971225332861359, "best_epoch": 1, "val_loss": 0.35820682816634514, "train_loss": 0.6245913750517851}
{"epoch": 2, "val_accuracy": 0.9121218152866242, "train_accuracy": 0.9065942609233897, "f1_macro": 0.9103956306142514, "pre_macro": 0.9113921758247306, "re_macro": 0.9107301518005795, "best_epoch": 2, "val_loss": 0.3074970412762112, "train_loss": 0.42120487587665445}
{"epoch": 3, "val_accuracy": 0.9178941082802548, "train_accuracy": 0.9183990760906927, "f1_macro": 0.9166396975862996, "pre_macro": 0.9178198705470126, "re_macro": 0.9168706551439856, "best_epoch": 3, "val_loss": 0.2799498423767887, "train_loss": 0.3889268473712112}
{"epoch": 4, "val_accuracy": 0.9253582802547771, "train_accuracy": 0.9267279673486885, "f1_macro": 0.9239876371272473, "pre_macro": 0.9250375935128442, "re_macro": 0.9241951011001637, "best_epoch": 4, "val_loss": 0.2599205287992005, "train_loss": 0.36577804834603755}
{"epoch": 5, "val_accuracy": 0.9288415605095541, "train_accuracy": 0.9324693496801706, "f1_macro": 0.9276059184383513, "pre_macro": 0.928459395936869, "re_macro": 0.9278172764990401, "best_epoch": 5, "val_loss": 0.2447928749736707, "train_loss": 0.34857984722804414}
{"epoch": 6, "val_accuracy": 0.9332205414012739, "train_accuracy": 0.9368336886993603, "f1_macro": 0.9321000589313819, "pre_macro": 0.9325370558991682, "re_macro": 0.9323296713959568, "best_epoch": 6, "val_loss": 0.23293661714122174, "train_loss": 0.33572347970532457}
{"epoch": 7, "val_accuracy": 0.9378980891719745, "train_accuracy": 0.9402985074626866, "f1_macro": 0.9368600940497744, "pre_macro": 0.9370457753117203, "re_macro": 0.9370834294959252, "best_epoch": 7, "val_loss": 0.2239910846362543, "train_loss": 0.32595783332263484}
{"epoch": 8, "val_accuracy": 0.9392914012738853, "train_accuracy": 0.9430303837953091, "f1_macro": 0.9382675198726963, "pre_macro": 0.938326306927865, "re_macro": 0.9384965534989733, "best_epoch": 8, "val_loss": 0.2176445139821168, "train_loss": 0.31846133414616207}
{"epoch": 9, "val_accuracy": 0.9406847133757962, "train_accuracy": 0.945262526652452, "f1_macro": 0.93964416088776, "pre_macro": 0.939655754458913, "re_macro": 0.9398471172320063, "best_epoch": 9, "val_loss": 0.2131164977386309, "train_loss": 0.3126577805799208}
{"epoch": 10, "val_accuracy": 0.942078025477707, "train_accuracy": 0.9464285714285714, "f1_macro": 0.9410812894819784, "pre_macro": 0.9410964121905094, "re_macro": 0.941248549226332, "best_epoch": 10, "val_loss": 0.2097642114208003, "train_loss": 0.3081222422468637}
{"epoch": 11, "val_accuracy": 0.9423765923566879, "train_accuracy": 0.9474946695095949, "f1_macro": 0.9413952001731853, "pre_macro": 0.9414307226118236, "re_macro": 0.9415223543639011, "best_epoch": 11, "val_loss": 0.20721676953397927, "train_loss": 0.30455566459754385}
{"epoch": 12, "val_accuracy": 0.9430732484076433, "train_accuracy": 0.9484608208955224, "f1_macro": 0.9420986735640231, "pre_macro": 0.942144201181401, "re_macro": 0.9421968603547949, "best_epoch": 12, "val_loss": 0.20523236185359728, "train_loss": 0.30174500344277444}
{"epoch": 13, "val_accuracy": 0.9429737261146497, "train_accuracy": 0.9489605543710021, "f1_macro": 0.9420156566604765, "pre_macro": 0.9420701996223123, "re_macro": 0.9421034128110796, "best_epoch": 12, "val_loss": 0.20362611348699233, "train_loss": 0.29952784972404367}
{"epoch": 14, "val_accuracy": 0.943172770700637, "train_accuracy": 0.94926039445629, "f1_macro": 0.9422243611848355, "pre_macro": 0.9422919763426811, "re_macro": 0.942294915613919, "best_epoch": 14, "val_loss": 0.20228391591530698, "train_loss": 0.29777815842679317}
{"epoch": 15, "val_accuracy": 0.9435708598726115, "train_accuracy": 0.9496934968017058, "f1_macro": 0.9426223428387577, "pre_macro": 0.9426902069651876, "re_macro": 0.9426890264969808, "best_epoch": 15, "val_loss": 0.20115974521750857, "train_loss": 0.2963972854525296}
{"training time": 86.12019753456116}
