{"epoch": 1, "val_accuracy": 0.8012539808917197, "train_accuracy": 0.5804046367077117, "f1_macro": 0.7967100739910101, "pre_macro": 0.8155575950646907, "re_macro": 0.7961202345381022, "best_epoch": 1, "val_loss": 0.8054661338876008, "train_loss": 1.5589004197019212}
{"epoch": 2, "val_accuracy": 0.8463375796178344, "train_accuracy": 0.8418503048572135, "f1_macro": 0.8438051087304281, "pre_macro": 0.8530163638842426, "re_macro": 0.8440574435514498, "best_epoch": 2, "val_loss": 0.5736143181847918, "train_loss": 0.7005033569133028}
{"epoch": 3, "val_accuracy": 0.8614649681528662, "train_accuracy": 0.8681136027295538, "f1_macro": 0.8591173103579589, "pre_macro": 0.8665504048399724, "re_macro": 0.8598510027807867, "best_epoch": 3, "val_loss": 0.5015406168665096, "train_loss": 0.5615261951659588}
{"epoch": 4, "val_accuracy": 0.872312898089172, "train_accuracy": 0.890055092091256, "f1_macro": 0.8709902348322751, "pre_macro": 0.8755925064956038, "re_macro": 0.8715260292682624, "best_epoch": 4, "val_loss": 0.4665019325674719, "train_loss": 0.5004619753107111}
{"epoch": 5, "val_accuracy": 0.876890923566879, "train_accuracy": 0.9033529644316816, "f1_macro": 0.8757528772197295, "pre_macro": 0.8796306840005267, "re_macro": 0.8761717115645968, "best_epoch": 5, "val_loss": 0.44603280177351773, "train_loss": 0.4653439058902416}
{"epoch": 6, "val_accuracy": 0.8793789808917197, "train_accuracy": 0.9093370069848731, "f1_macro": 0.8777168344366701, "pre_macro": 0.881391318749842, "re_macro": 0.8781603024932334, "best_epoch": 6, "val_loss": 0.43413836181543436, "train_loss": 0.4446990635800869}
{"epoch": 7, "val_accuracy": 0.8804737261146497, "train_accuracy": 0.9106667942189156, "f1_macro": 0.8784115973595746, "pre_macro": 0.8818406167954734, "re_macro": 0.8789211517750172, "best_epoch": 7, "val_loss": 0.42564679105665276, "train_loss": 0.43141346282147347}
{"epoch": 8, "val_accuracy": 0.8821656050955414, "train_accuracy": 0.91299392187849, "f1_macro": 0.8799684138270836, "pre_macro": 0.8827308379985224, "re_macro": 0.8805754292705579, "best_epoch": 8, "val_loss": 0.41820584973142405, "train_loss": 0.42182230568946677}
{"epoch": 9, "val_accuracy": 0.8840565286624203, "train_accuracy": 0.9159859431550857, "f1_macro": 0.8818861702837999, "pre_macro": 0.8839652771936489, "re_macro": 0.882494915407751, "best_epoch": 9, "val_loss": 0.4114291496385055, "train_loss": 0.41400074261300107}
{"epoch": 10, "val_accuracy": 0.8853503184713376, "train_accuracy": 0.916650836772107, "f1_macro": 0.8832608624834011, "pre_macro": 0.8846238060217593, "re_macro": 0.8838245757665824, "best_epoch": 10, "val_loss": 0.4062012699521651, "train_loss": 0.4072687213725232}
{"epoch": 11, "val_accuracy": 0.8866441082802548, "train_accuracy": 0.9196428580487028, "f1_macro": 0.8845849866884995, "pre_macro": 0.8855629831845351, "re_macro": 0.8851339683720004, "best_epoch": 11, "val_loss": 0.4026301621346717, "train_loss": 0.40175620101867837}
{"epoch": 12, "val_accuracy": 0.8871417197452229, "train_accuracy": 0.9199753048572135, "f1_macro": 0.8851175666539033, "pre_macro": 0.8858733118657025, "re_macro": 0.8856314423400098, "best_epoch": 12, "val_loss": 0.40017619774125185, "train_loss": 0.39751751879428293}
{"epoch": 13, "val_accuracy": 0.886843152866242, "train_accuracy": 0.9196428580487028, "f1_macro": 0.8848615189293652, "pre_macro": 0.8855160159932585, "re_macro": 0.885336982721528, "best_epoch": 12, "val_loss": 0.3984011510849758, "train_loss": 0.3942939594705054}
{"epoch": 14, "val_accuracy": 0.8870421974522293, "train_accuracy": 0.9206876906942814, "f1_macro": 0.8850960992702364, "pre_macro": 0.8856612485136193, "re_macro": 0.8855356954594871, "best_epoch": 12, "val_loss": 0.39707380284074767, "train_loss": 0.3918091115799356}
{"epoch": 15, "val_accuracy": 0.8874402866242038, "train_accuracy": 0.921020137502792, "f1_macro": 0.8854979258725626, "pre_macro": 0.8860502749352477, "re_macro": 0.8859277099646, "best_epoch": 15, "val_loss": 0.3960610465116941, "train_loss": 0.3898723670776854}
{"training time": 19.827824592590332}
