{"epoch": 1, "val_accuracy": 0.9018710191082803, "train_accuracy": 0.8611949573863636, "f1_macro": 0.9003376863084979, "pre_macro": 0.9025879563252606, "re_macro": 0.9004292595560651, "best_epoch": 1, "val_loss": 0.3277293120267665, "train_loss": 0.5768184989521449}
{"epoch": 2, "val_accuracy": 0.9152070063694268, "train_accuracy": 0.9088911576704546, "f1_macro": 0.9141117467013403, "pre_macro": 0.9154964555778236, "re_macro": 0.9140367475206951, "best_epoch": 2, "val_loss": 0.28548315656223117, "train_loss": 0.4138559237842194}
{"epoch": 3, "val_accuracy": 0.9269506369426752, "train_accuracy": 0.9225852272727273, "f1_macro": 0.925825586716017, "pre_macro": 0.9269657243358965, "re_macro": 0.9256524930974269, "best_epoch": 3, "val_loss": 0.25455859688460636, "train_loss": 0.37737970058382914}
{"epoch": 4, "val_accuracy": 0.9345143312101911, "train_accuracy": 0.9325284090909091, "f1_macro": 0.9335992623591356, "pre_macro": 0.9347294489732793, "re_macro": 0.9333262597650107, "best_epoch": 4, "val_loss": 0.23325255365484648, "train_loss": 0.3515614764553241}
{"epoch": 5, "val_accuracy": 0.9398885350318471, "train_accuracy": 0.9379660866477273, "f1_macro": 0.9390112913443325, "pre_macro": 0.9400161956004098, "re_macro": 0.938689233127309, "best_epoch": 5, "val_loss": 0.21763959392952692, "train_loss": 0.3337301191111857}
{"epoch": 6, "val_accuracy": 0.9440684713375797, "train_accuracy": 0.942626953125, "f1_macro": 0.9431910080826803, "pre_macro": 0.9439972706626643, "re_macro": 0.9428950429642529, "best_epoch": 6, "val_loss": 0.20516834060430147, "train_loss": 0.32106600009666925}
{"epoch": 7, "val_accuracy": 0.9472531847133758, "train_accuracy": 0.9452459161931818, "f1_macro": 0.9463829868724352, "pre_macro": 0.9469483190093075, "re_macro": 0.946183917127529, "best_epoch": 7, "val_loss": 0.19611493528340082, "train_loss": 0.31176202632063493}
{"epoch": 8, "val_accuracy": 0.9487460191082803, "train_accuracy": 0.94775390625, "f1_macro": 0.9478656323299791, "pre_macro": 0.9483784664861826, "re_macro": 0.9476864989103501, "best_epoch": 8, "val_loss": 0.19007295397982285, "train_loss": 0.30475600277581677}
{"epoch": 9, "val_accuracy": 0.9496417197452229, "train_accuracy": 0.9495072798295454, "f1_macro": 0.948768128553327, "pre_macro": 0.9492315355129854, "re_macro": 0.9486130739446041, "best_epoch": 9, "val_loss": 0.186002195670394, "train_loss": 0.29939375385980715}
{"epoch": 10, "val_accuracy": 0.9510350318471338, "train_accuracy": 0.9510830965909091, "f1_macro": 0.9501917045017325, "pre_macro": 0.9506003941422587, "re_macro": 0.9500587306859314, "best_epoch": 10, "val_loss": 0.18308995394214134, "train_loss": 0.2952459057877687}
{"epoch": 11, "val_accuracy": 0.9518312101910829, "train_accuracy": 0.9524369673295454, "f1_macro": 0.9510029098119415, "pre_macro": 0.9513641453886994, "re_macro": 0.9508847055696729, "best_epoch": 11, "val_loss": 0.18087774976660873, "train_loss": 0.2920194442637942}
{"epoch": 12, "val_accuracy": 0.9522292993630573, "train_accuracy": 0.9533025568181818, "f1_macro": 0.9514363637321601, "pre_macro": 0.9517841590666191, "re_macro": 0.9513177642097581, "best_epoch": 12, "val_loss": 0.1791399260271032, "train_loss": 0.2895006869326938}
{"epoch": 13, "val_accuracy": 0.9523288216560509, "train_accuracy": 0.9540349786931818, "f1_macro": 0.9515348352657286, "pre_macro": 0.9518389239812481, "re_macro": 0.951422791000228, "best_epoch": 13, "val_loss": 0.1777496443747003, "train_loss": 0.28752707632851193}
{"epoch": 14, "val_accuracy": 0.9523288216560509, "train_accuracy": 0.9547674005681818, "f1_macro": 0.951528370086869, "pre_macro": 0.9518295138858054, "re_macro": 0.9514175868717313, "best_epoch": 13, "val_loss": 0.17662021605547068, "train_loss": 0.2859750477258455}
{"epoch": 15, "val_accuracy": 0.9527269108280255, "train_accuracy": 0.9553444602272727, "f1_macro": 0.9519353319984122, "pre_macro": 0.95221449773642, "re_macro": 0.9518204902962284, "best_epoch": 15, "val_loss": 0.1756851887271093, "train_loss": 0.28475145233625715}
{"training time": 121.26173281669617}
