{"epoch": 1, "val_accuracy": 0.7185509554140127, "train_accuracy": 0.6139342708790556, "f1_macro": 0.7213483294376873, "pre_macro": 0.7725959983118326, "re_macro": 0.7178000000000001, "best_epoch": 1, "val_loss": 0.7567627078788296, "train_loss": 1.1935384615938713}
{"epoch": 2, "val_accuracy": 0.7630374203821656, "train_accuracy": 0.7859517488073795, "f1_macro": 0.7670975232255963, "pre_macro": 0.7923806276922581, "re_macro": 0.7622, "best_epoch": 2, "val_loss": 0.6363107850597163, "train_loss": 0.6537039419437977}
{"epoch": 3, "val_accuracy": 0.7791600318471338, "train_accuracy": 0.8174867033958435, "f1_macro": 0.7827240150784565, "pre_macro": 0.8026199243571271, "re_macro": 0.7784, "best_epoch": 3, "val_loss": 0.5969033026771181, "train_loss": 0.57089235173895}
{"epoch": 4, "val_accuracy": 0.7868232484076433, "train_accuracy": 0.83657864814109, "f1_macro": 0.7897818215497237, "pre_macro": 0.8061563269672879, "re_macro": 0.7861, "best_epoch": 4, "val_loss": 0.5783346604769397, "train_loss": 0.5319686963203105}
{"epoch": 5, "val_accuracy": 0.7938893312101911, "train_accuracy": 0.847834347410405, "f1_macro": 0.7961116257293437, "pre_macro": 0.8082389806048127, "re_macro": 0.7932, "best_epoch": 5, "val_loss": 0.5647134253173877, "train_loss": 0.5081768359275575}
{"epoch": 6, "val_accuracy": 0.800656847133758, "train_accuracy": 0.8521561559210432, "f1_macro": 0.8020319888454269, "pre_macro": 0.8112257467112827, "re_macro": 0.8, "best_epoch": 6, "val_loss": 0.5545177374296127, "train_loss": 0.49145154813502695}
{"epoch": 7, "val_accuracy": 0.8040406050955414, "train_accuracy": 0.8568104112401922, "f1_macro": 0.8049252117594525, "pre_macro": 0.812146691724519, "re_macro": 0.8033999999999999, "best_epoch": 7, "val_loss": 0.5461882798914697, "train_loss": 0.4791617881744466}
{"epoch": 8, "val_accuracy": 0.8059315286624203, "train_accuracy": 0.859517477928324, "f1_macro": 0.806476263241317, "pre_macro": 0.812615139505527, "re_macro": 0.8053000000000001, "best_epoch": 8, "val_loss": 0.5412113489998374, "train_loss": 0.47006350058190366}
{"epoch": 9, "val_accuracy": 0.8077229299363057, "train_accuracy": 0.8618446055878984, "f1_macro": 0.8079556063807394, "pre_macro": 0.8127304594863226, "re_macro": 0.8070999999999999, "best_epoch": 9, "val_loss": 0.5364896527900818, "train_loss": 0.4628682104831046}
{"epoch": 10, "val_accuracy": 0.8116042993630573, "train_accuracy": 0.8668313077155579, "f1_macro": 0.8116269237278628, "pre_macro": 0.81478888415927, "re_macro": 0.8109999999999999, "best_epoch": 10, "val_loss": 0.5309045753281587, "train_loss": 0.4574816277686586}
{"epoch": 11, "val_accuracy": 0.8140923566878981, "train_accuracy": 0.8681610949496006, "f1_macro": 0.813572402761023, "pre_macro": 0.8151570504850378, "re_macro": 0.8135, "best_epoch": 11, "val_loss": 0.526759573608447, "train_loss": 0.45305275726825633}
{"epoch": 12, "val_accuracy": 0.8141918789808917, "train_accuracy": 0.8694908821836431, "f1_macro": 0.8130115644756775, "pre_macro": 0.8137289990739506, "re_macro": 0.8135999999999999, "best_epoch": 12, "val_loss": 0.5245920628499073, "train_loss": 0.44905505218404407}
{"epoch": 13, "val_accuracy": 0.8149880573248408, "train_accuracy": 0.8708206694176857, "f1_macro": 0.8135885944081396, "pre_macro": 0.8140723783387303, "re_macro": 0.8144, "best_epoch": 13, "val_loss": 0.5233355946601577, "train_loss": 0.4456100457526268}
{"epoch": 14, "val_accuracy": 0.8152866242038217, "train_accuracy": 0.8711531162261963, "f1_macro": 0.8138999120883573, "pre_macro": 0.8142411406884621, "re_macro": 0.8146999999999999, "best_epoch": 14, "val_loss": 0.5221663869110642, "train_loss": 0.4428213619171305}
{"epoch": 15, "val_accuracy": 0.8150875796178344, "train_accuracy": 0.8721979488717749, "f1_macro": 0.8138309162613654, "pre_macro": 0.814069496319874, "re_macro": 0.8145, "best_epoch": 14, "val_loss": 0.5211025520115141, "train_loss": 0.44058773809290946}
{"epoch": 16, "val_accuracy": 0.8154856687898089, "train_accuracy": 0.8739076751343747, "f1_macro": 0.8144553492121694, "pre_macro": 0.8147221004836759, "re_macro": 0.8149000000000001, "best_epoch": 16, "val_loss": 0.5203228873811709, "train_loss": 0.43878644895046315}
{"epoch": 17, "val_accuracy": 0.8165804140127388, "train_accuracy": 0.874572568751396, "f1_macro": 0.8156696625231801, "pre_macro": 0.8159829960370819, "re_macro": 0.8160000000000001, "best_epoch": 17, "val_loss": 0.519793022210431, "train_loss": 0.4373571606392556}
{"epoch": 18, "val_accuracy": 0.816281847133758, "train_accuracy": 0.8752374623684173, "f1_macro": 0.8154102606003036, "pre_macro": 0.8157087658747659, "re_macro": 0.8157, "best_epoch": 17, "val_loss": 0.5194201234039987, "train_loss": 0.43623833643629195}
{"epoch": 19, "val_accuracy": 0.8161823248407644, "train_accuracy": 0.8752374623684173, "f1_macro": 0.81539848924377, "pre_macro": 0.8157492957387602, "re_macro": 0.8156000000000001, "best_epoch": 17, "val_loss": 0.5191479847309696, "train_loss": 0.43535970563584186}
{"epoch": 20, "val_accuracy": 0.8158837579617835, "train_accuracy": 0.8755699091769279, "f1_macro": 0.8151268716192455, "pre_macro": 0.815485276132037, "re_macro": 0.8153, "best_epoch": 17, "val_loss": 0.5189443484992738, "train_loss": 0.4346662163734436}
{"epoch": 21, "val_accuracy": 0.8156847133757962, "train_accuracy": 0.8755699091769279, "f1_macro": 0.8149732341857874, "pre_macro": 0.8153604585588503, "re_macro": 0.8151000000000002, "best_epoch": 17, "val_loss": 0.5187892156421758, "train_loss": 0.43411677378289243}
{"epoch": 22, "val_accuracy": 0.8155851910828026, "train_accuracy": 0.8762348027939492, "f1_macro": 0.8148978168067883, "pre_macro": 0.8152969242124326, "re_macro": 0.8150000000000001, "best_epoch": 17, "val_loss": 0.5186695240105793, "train_loss": 0.4336801786372002}
{"epoch": 23, "val_accuracy": 0.8156847133757962, "train_accuracy": 0.8765672496024598, "f1_macro": 0.815011699805325, "pre_macro": 0.8154162447007144, "re_macro": 0.8151000000000002, "best_epoch": 17, "val_loss": 0.518576311267865, "train_loss": 0.43333251045105303}
{"epoch": 24, "val_accuracy": 0.8157842356687898, "train_accuracy": 0.8768996964109704, "f1_macro": 0.8151220286203953, "pre_macro": 0.8155329222302287, "re_macro": 0.8152000000000001, "best_epoch": 17, "val_loss": 0.5185032380614311, "train_loss": 0.4330552188639945}
{"epoch": 25, "val_accuracy": 0.8157842356687898, "train_accuracy": 0.8768996964109704, "f1_macro": 0.8151605692915673, "pre_macro": 0.8156114369501253, "re_macro": 0.8152000000000001, "best_epoch": 17, "val_loss": 0.5184456664285843, "train_loss": 0.4328337888768379}
{"training time": 30.14164090156555}
