{"epoch": 1, "val_accuracy": 0.5416998407643312, "train_accuracy": 0.3822916686534882, "f1_macro": 0.4826344397274912, "pre_macro": 0.5862483663049332, "re_macro": 0.5409999999999999, "best_epoch": 1, "val_loss": 1.3526741949615964, "train_loss": 1.9005863666534424}
{"epoch": 2, "val_accuracy": 0.692078025477707, "train_accuracy": 0.6578125, "f1_macro": 0.6906346959159555, "pre_macro": 0.6939727434893047, "re_macro": 0.6915000000000001, "best_epoch": 2, "val_loss": 0.9561786590867741, "train_loss": 1.136436665058136}
{"epoch": 3, "val_accuracy": 0.7274084394904459, "train_accuracy": 0.7604166686534881, "f1_macro": 0.723782659113225, "pre_macro": 0.7277757026261795, "re_macro": 0.7267, "best_epoch": 3, "val_loss": 0.8254201609617585, "train_loss": 0.84073885679245}
{"epoch": 4, "val_accuracy": 0.7403463375796179, "train_accuracy": 0.80625, "f1_macro": 0.7390231854066499, "pre_macro": 0.7413194561572188, "re_macro": 0.7397, "best_epoch": 4, "val_loss": 0.7754729333197236, "train_loss": 0.7296541452407836}
{"epoch": 5, "val_accuracy": 0.7492038216560509, "train_accuracy": 0.825, "f1_macro": 0.7472808116510496, "pre_macro": 0.7488034023513277, "re_macro": 0.7485999999999999, "best_epoch": 5, "val_loss": 0.7422666187119332, "train_loss": 0.6669852375984192}
{"epoch": 6, "val_accuracy": 0.7549761146496815, "train_accuracy": 0.8390625, "f1_macro": 0.7537173833231657, "pre_macro": 0.7550955849673455, "re_macro": 0.7544000000000001, "best_epoch": 6, "val_loss": 0.7236658448626281, "train_loss": 0.6276013553142548}
{"epoch": 7, "val_accuracy": 0.759156050955414, "train_accuracy": 0.84375, "f1_macro": 0.7578246812187118, "pre_macro": 0.759799200385834, "re_macro": 0.7583, "best_epoch": 7, "val_loss": 0.713786019641123, "train_loss": 0.6013741761445999}
{"epoch": 8, "val_accuracy": 0.7607484076433121, "train_accuracy": 0.8515625, "f1_macro": 0.759339015808235, "pre_macro": 0.7608652250816911, "re_macro": 0.7599000000000001, "best_epoch": 8, "val_loss": 0.7061739588619038, "train_loss": 0.5824175596237182}
{"epoch": 9, "val_accuracy": 0.762937898089172, "train_accuracy": 0.8515625, "f1_macro": 0.7615986095594438, "pre_macro": 0.7631247125465028, "re_macro": 0.7621, "best_epoch": 9, "val_loss": 0.7008020386194728, "train_loss": 0.5685296028852462}
{"epoch": 10, "val_accuracy": 0.7641321656050956, "train_accuracy": 0.8546875, "f1_macro": 0.7628503302996086, "pre_macro": 0.7645633247695267, "re_macro": 0.7633, "best_epoch": 10, "val_loss": 0.6969085107943055, "train_loss": 0.5579678028821945}
{"epoch": 11, "val_accuracy": 0.7650278662420382, "train_accuracy": 0.859375, "f1_macro": 0.7638009180766872, "pre_macro": 0.7656027848189834, "re_macro": 0.7642, "best_epoch": 11, "val_loss": 0.6938194049771425, "train_loss": 0.5497417032718659}
{"epoch": 12, "val_accuracy": 0.765625, "train_accuracy": 0.8609375, "f1_macro": 0.7644089784405337, "pre_macro": 0.7661810071400766, "re_macro": 0.7648, "best_epoch": 12, "val_loss": 0.691365653352373, "train_loss": 0.5433332771062851}
{"epoch": 13, "val_accuracy": 0.7660230891719745, "train_accuracy": 0.8625, "f1_macro": 0.7647825419492907, "pre_macro": 0.7665066925767497, "re_macro": 0.7652, "best_epoch": 13, "val_loss": 0.6894527948965692, "train_loss": 0.538315936923027}
{"epoch": 14, "val_accuracy": 0.7665207006369427, "train_accuracy": 0.8625, "f1_macro": 0.7652889485912551, "pre_macro": 0.7669594094466998, "re_macro": 0.7656999999999999, "best_epoch": 14, "val_loss": 0.6879593633162747, "train_loss": 0.534356540441513}
{"epoch": 15, "val_accuracy": 0.7668192675159236, "train_accuracy": 0.8640625, "f1_macro": 0.7656039228079038, "pre_macro": 0.7672816329375938, "re_macro": 0.766, "best_epoch": 15, "val_loss": 0.686782730043314, "train_loss": 0.531215900182724}
{"epoch": 16, "val_accuracy": 0.7668192675159236, "train_accuracy": 0.8640625, "f1_macro": 0.765632575617866, "pre_macro": 0.7673478755887285, "re_macro": 0.766, "best_epoch": 15, "val_loss": 0.6858498818555455, "train_loss": 0.5287181258201599}
{"epoch": 17, "val_accuracy": 0.7666202229299363, "train_accuracy": 0.8640625, "f1_macro": 0.7654689621398205, "pre_macro": 0.767229177219774, "re_macro": 0.7657999999999999, "best_epoch": 15, "val_loss": 0.6851082096813591, "train_loss": 0.5267279505729675}
{"epoch": 18, "val_accuracy": 0.7662221337579618, "train_accuracy": 0.8640625, "f1_macro": 0.7650649317861, "pre_macro": 0.7668296566071262, "re_macro": 0.7654, "best_epoch": 15, "val_loss": 0.6845176292073195, "train_loss": 0.5251397639513016}
{"epoch": 19, "val_accuracy": 0.7663216560509554, "train_accuracy": 0.8640625, "f1_macro": 0.7651786009067412, "pre_macro": 0.7669834164939278, "re_macro": 0.7655, "best_epoch": 15, "val_loss": 0.684046721762153, "train_loss": 0.5238707780838012}
{"epoch": 20, "val_accuracy": 0.7662221337579618, "train_accuracy": 0.8640625, "f1_macro": 0.7650640015056382, "pre_macro": 0.7668254469018088, "re_macro": 0.7654, "best_epoch": 15, "val_loss": 0.6836707755258888, "train_loss": 0.5228558897972106}
{"epoch": 21, "val_accuracy": 0.7662221337579618, "train_accuracy": 0.8640625, "f1_macro": 0.765090297087616, "pre_macro": 0.7668530283613727, "re_macro": 0.7654, "best_epoch": 15, "val_loss": 0.6833702999695092, "train_loss": 0.5220435798168183}
{"epoch": 22, "val_accuracy": 0.7662221337579618, "train_accuracy": 0.8640625, "f1_macro": 0.7650829996421837, "pre_macro": 0.7668421715542817, "re_macro": 0.7654, "best_epoch": 15, "val_loss": 0.6831299362668566, "train_loss": 0.5213930577039718}
{"epoch": 23, "val_accuracy": 0.7663216560509554, "train_accuracy": 0.8640625, "f1_macro": 0.7651840896265003, "pre_macro": 0.766948311557391, "re_macro": 0.7655000000000001, "best_epoch": 15, "val_loss": 0.6829375062778498, "train_loss": 0.5208718627691269}
{"epoch": 24, "val_accuracy": 0.7663216560509554, "train_accuracy": 0.8640625, "f1_macro": 0.7651896330918725, "pre_macro": 0.7669719965464044, "re_macro": 0.7655000000000001, "best_epoch": 15, "val_loss": 0.6827833819541202, "train_loss": 0.5204541981220245}
{"epoch": 25, "val_accuracy": 0.7663216560509554, "train_accuracy": 0.8640625, "f1_macro": 0.7651896330918725, "pre_macro": 0.7669719965464044, "re_macro": 0.7655000000000001, "best_epoch": 15, "val_loss": 0.6826598820792642, "train_loss": 0.5201193988323212}
{"training time": 24.829968690872192}
