{"epoch": 1, "val_accuracy": 0.6035031847133758, "train_accuracy": 0.2989583373069763, "f1_macro": 0.5323052044010534, "pre_macro": 0.5117640816370519, "re_macro": 0.5916031535514202, "best_epoch": 1, "val_loss": 1.6795828813200544, "train_loss": 2.1628698229789736}
{"epoch": 2, "val_accuracy": 0.6493829617834395, "train_accuracy": 0.69375, "f1_macro": 0.5843571887647767, "pre_macro": 0.6189400933024567, "re_macro": 0.6367539647379994, "best_epoch": 2, "val_loss": 1.2261770614393197, "train_loss": 1.3356029510498046}
{"epoch": 3, "val_accuracy": 0.7112858280254777, "train_accuracy": 0.775, "f1_macro": 0.6746366114881863, "pre_macro": 0.76227532909428, "re_macro": 0.7046427359110088, "best_epoch": 3, "val_loss": 1.0054697770221976, "train_loss": 0.9491273522377014}
{"epoch": 4, "val_accuracy": 0.770203025477707, "train_accuracy": 0.8223958373069763, "f1_macro": 0.7622981401512746, "pre_macro": 0.7750413080305156, "re_macro": 0.765009033847422, "best_epoch": 4, "val_loss": 0.7954344867141383, "train_loss": 0.7057087302207947}
{"epoch": 5, "val_accuracy": 0.7900079617834395, "train_accuracy": 0.8880208373069763, "f1_macro": 0.7830014954315334, "pre_macro": 0.793300794218235, "re_macro": 0.7849964384316802, "best_epoch": 5, "val_loss": 0.6938333258887005, "train_loss": 0.5312358170747757}
{"epoch": 6, "val_accuracy": 0.8083200636942676, "train_accuracy": 0.9067708373069763, "f1_macro": 0.805021258923472, "pre_macro": 0.8112796012288428, "re_macro": 0.8051932845414305, "best_epoch": 6, "val_loss": 0.6296186600900759, "train_loss": 0.4286506325006485}
{"epoch": 7, "val_accuracy": 0.8156847133757962, "train_accuracy": 0.9161458373069763, "f1_macro": 0.8129843201165879, "pre_macro": 0.8186616880068197, "re_macro": 0.8122044107215792, "best_epoch": 7, "val_loss": 0.5959507496493637, "train_loss": 0.3670074373483658}
{"epoch": 8, "val_accuracy": 0.8237460191082803, "train_accuracy": 0.9364583373069764, "f1_macro": 0.8212844703302375, "pre_macro": 0.825550796048943, "re_macro": 0.8207630988850282, "best_epoch": 8, "val_loss": 0.5693020860480654, "train_loss": 0.3263395890593529}
{"epoch": 9, "val_accuracy": 0.8261345541401274, "train_accuracy": 0.9484375, "f1_macro": 0.8239145699740525, "pre_macro": 0.8286785993557497, "re_macro": 0.8232513368744714, "best_epoch": 9, "val_loss": 0.5554463539723378, "train_loss": 0.3001778915524483}
{"epoch": 10, "val_accuracy": 0.8310111464968153, "train_accuracy": 0.9546875, "f1_macro": 0.8289168963194532, "pre_macro": 0.8330728527368791, "re_macro": 0.828356808799018, "best_epoch": 10, "val_loss": 0.5433738876110429, "train_loss": 0.2809761643409729}
{"epoch": 11, "val_accuracy": 0.831906847133758, "train_accuracy": 0.9609375, "f1_macro": 0.8299126532303938, "pre_macro": 0.8339881629536743, "re_macro": 0.829328665529671, "best_epoch": 11, "val_loss": 0.5359126827709234, "train_loss": 0.26729145646095276}
{"epoch": 12, "val_accuracy": 0.8332006369426752, "train_accuracy": 0.9625, "f1_macro": 0.8312540967108346, "pre_macro": 0.8352324045012931, "re_macro": 0.8306830616467542, "best_epoch": 12, "val_loss": 0.5300905963133096, "train_loss": 0.25673641115427015}
{"epoch": 13, "val_accuracy": 0.8338972929936306, "train_accuracy": 0.9625, "f1_macro": 0.8320218518370759, "pre_macro": 0.8359882419726936, "re_macro": 0.8314233982203334, "best_epoch": 13, "val_loss": 0.5257529059697867, "train_loss": 0.2488023892045021}
{"epoch": 14, "val_accuracy": 0.8346934713375797, "train_accuracy": 0.9640625, "f1_macro": 0.832833539892756, "pre_macro": 0.8367436262530685, "re_macro": 0.8322476335459263, "best_epoch": 14, "val_loss": 0.5225658111606434, "train_loss": 0.2426135703921318}
{"epoch": 15, "val_accuracy": 0.835390127388535, "train_accuracy": 0.9671875, "f1_macro": 0.8335146987981815, "pre_macro": 0.8373037653046029, "re_macro": 0.8329465981580377, "best_epoch": 15, "val_loss": 0.5200452528371933, "train_loss": 0.2377547264099121}
{"training time": 19.875470876693726}
