{"epoch": 1, "val_accuracy": 0.90625, "train_accuracy": 0.8296985816448292, "f1_macro": 0.9044305497460867, "pre_macro": 0.9084188779609838, "re_macro": 0.9040898395582637, "best_epoch": 1, "val_loss": 0.31782283044307474, "train_loss": 0.6372755546519097}
{"epoch": 2, "val_accuracy": 0.92078025477707, "train_accuracy": 0.9239804965384463, "f1_macro": 0.9193999836370838, "pre_macro": 0.9217924141231266, "re_macro": 0.9198162064274656, "best_epoch": 2, "val_loss": 0.25781734939071405, "train_loss": 0.31821543644083305}
{"epoch": 3, "val_accuracy": 0.9336186305732485, "train_accuracy": 0.9476063829787233, "f1_macro": 0.9323686399424271, "pre_macro": 0.9329864030241563, "re_macro": 0.9330145330905527, "best_epoch": 3, "val_loss": 0.21993561282421753, "train_loss": 0.2445185677168217}
{"epoch": 4, "val_accuracy": 0.9350119426751592, "train_accuracy": 0.9610372340425531, "f1_macro": 0.9339787874081479, "pre_macro": 0.9342821629743092, "re_macro": 0.9343454081265259, "best_epoch": 4, "val_loss": 0.2060381594576701, "train_loss": 0.1982218063892202}
{"epoch": 5, "val_accuracy": 0.9425756369426752, "train_accuracy": 0.9680851063829787, "f1_macro": 0.9416993004741465, "pre_macro": 0.942144615533234, "re_macro": 0.941790874722815, "best_epoch": 5, "val_loss": 0.18691980817420467, "train_loss": 0.1696209596192583}
{"epoch": 6, "val_accuracy": 0.9472531847133758, "train_accuracy": 0.9752659574468086, "f1_macro": 0.9464652902003827, "pre_macro": 0.9468202456140071, "re_macro": 0.9464297842289611, "best_epoch": 6, "val_loss": 0.16852454804358588, "train_loss": 0.14860817393723955}
{"epoch": 7, "val_accuracy": 0.9481488853503185, "train_accuracy": 0.9803856382978723, "f1_macro": 0.9473927512523976, "pre_macro": 0.9476453969096245, "re_macro": 0.9474635633052294, "best_epoch": 7, "val_loss": 0.16288599694239653, "train_loss": 0.13253206651895605}
{"epoch": 8, "val_accuracy": 0.9477507961783439, "train_accuracy": 0.983843085106383, "f1_macro": 0.9473521536883697, "pre_macro": 0.9476439545819669, "re_macro": 0.947411928300905, "best_epoch": 7, "val_loss": 0.16211640056234541, "train_loss": 0.12161688376614388}
{"epoch": 9, "val_accuracy": 0.949343152866242, "train_accuracy": 0.9867021276595744, "f1_macro": 0.948908962277993, "pre_macro": 0.9493375276633514, "re_macro": 0.9489034512326988, "best_epoch": 9, "val_loss": 0.16147172751771227, "train_loss": 0.11272396583189355}
{"epoch": 10, "val_accuracy": 0.9510350318471338, "train_accuracy": 0.988563829787234, "f1_macro": 0.950658376641603, "pre_macro": 0.9509899036164275, "re_macro": 0.9506618989179485, "best_epoch": 10, "val_loss": 0.155604264467575, "train_loss": 0.10603653539685493}
{"epoch": 11, "val_accuracy": 0.9547173566878981, "train_accuracy": 0.9903590425531915, "f1_macro": 0.9540660159866553, "pre_macro": 0.9542487304151024, "re_macro": 0.9540640695412435, "best_epoch": 11, "val_loss": 0.14818424464108507, "train_loss": 0.10014767247311612}
{"epoch": 12, "val_accuracy": 0.9561106687898089, "train_accuracy": 0.9920212765957447, "f1_macro": 0.955416433358358, "pre_macro": 0.9555362097403529, "re_macro": 0.9554172173849709, "best_epoch": 12, "val_loss": 0.14328501139957292, "train_loss": 0.09545534430666172}
{"epoch": 13, "val_accuracy": 0.9576035031847133, "train_accuracy": 0.9931515957446808, "f1_macro": 0.9569365605976528, "pre_macro": 0.9570011678643799, "re_macro": 0.9569696091189994, "best_epoch": 13, "val_loss": 0.1405589907062329, "train_loss": 0.09163611301399292}
{"epoch": 14, "val_accuracy": 0.9582006369426752, "train_accuracy": 0.99375, "f1_macro": 0.9575278449480716, "pre_macro": 0.9575587193463354, "re_macro": 0.9575774801256232, "best_epoch": 14, "val_loss": 0.13847601063813492, "train_loss": 0.08861637099626217}
{"epoch": 15, "val_accuracy": 0.9583996815286624, "train_accuracy": 0.9947473404255319, "f1_macro": 0.9577206595054826, "pre_macro": 0.95775596305956, "re_macro": 0.9577720578557534, "best_epoch": 15, "val_loss": 0.13720465145091626, "train_loss": 0.0862842913003678}
{"training time": 66.8759880065918}
