{"epoch": 1, "val_accuracy": 0.8193670382165605, "train_accuracy": 0.6107047885022265, "f1_macro": 0.8183714343428148, "pre_macro": 0.8294030213276999, "re_macro": 0.8169760363123268, "best_epoch": 1, "val_loss": 0.6464421393195535, "train_loss": 1.3073449109462982}
{"epoch": 2, "val_accuracy": 0.8688296178343949, "train_accuracy": 0.8717705176231709, "f1_macro": 0.8658255342844285, "pre_macro": 0.8786762494687934, "re_macro": 0.864623092675979, "best_epoch": 2, "val_loss": 0.4276879976509483, "train_loss": 0.49539837367991185}
{"epoch": 3, "val_accuracy": 0.8832603503184714, "train_accuracy": 0.9169832835806176, "f1_macro": 0.881132559397015, "pre_macro": 0.890926845870396, "re_macro": 0.8803919379918999, "best_epoch": 3, "val_loss": 0.37686635610783936, "train_loss": 0.3556253393279745}
{"epoch": 4, "val_accuracy": 0.9021695859872612, "train_accuracy": 0.9359802438857707, "f1_macro": 0.9008953266264086, "pre_macro": 0.902734492925994, "re_macro": 0.9004652783329785, "best_epoch": 4, "val_loss": 0.3180035016481664, "train_loss": 0.28935710166363005}
{"epoch": 5, "val_accuracy": 0.9064490445859873, "train_accuracy": 0.9542173261338092, "f1_macro": 0.904992065239351, "pre_macro": 0.9063695068342671, "re_macro": 0.9052634289624143, "best_epoch": 5, "val_loss": 0.3150979614205611, "train_loss": 0.24968716486337336}
{"epoch": 6, "val_accuracy": 0.8991839171974523, "train_accuracy": 0.9599164140985367, "f1_macro": 0.8979058726493836, "pre_macro": 0.9028878676670974, "re_macro": 0.8979271794165038, "best_epoch": 5, "val_loss": 0.3324936615765854, "train_loss": 0.2201038992151301}
{"epoch": 7, "val_accuracy": 0.9058519108280255, "train_accuracy": 0.9663753813885628, "f1_macro": 0.9047399190249867, "pre_macro": 0.9083163245087734, "re_macro": 0.9046969785385865, "best_epoch": 5, "val_loss": 0.3128354587550661, "train_loss": 0.20123947142286502}
{"epoch": 8, "val_accuracy": 0.9149084394904459, "train_accuracy": 0.9693674026651585, "f1_macro": 0.9137569431911208, "pre_macro": 0.9145577477013788, "re_macro": 0.9139050071409484, "best_epoch": 8, "val_loss": 0.28472983688827913, "train_loss": 0.18251264665989167}
{"epoch": 9, "val_accuracy": 0.917296974522293, "train_accuracy": 0.9786759133034564, "f1_macro": 0.9161244651928759, "pre_macro": 0.9173206068707026, "re_macro": 0.9162103983275752, "best_epoch": 9, "val_loss": 0.28181165936669916, "train_loss": 0.16036403464510085}
{"epoch": 10, "val_accuracy": 0.9167993630573248, "train_accuracy": 0.9820478723404256, "f1_macro": 0.9155464373935738, "pre_macro": 0.9169325859071353, "re_macro": 0.9154928824358084, "best_epoch": 9, "val_loss": 0.28000846358051723, "train_loss": 0.14967961308169872}
{"epoch": 11, "val_accuracy": 0.9177945859872612, "train_accuracy": 0.9857047872340425, "f1_macro": 0.9162076286593159, "pre_macro": 0.9178217351021146, "re_macro": 0.9160721974268913, "best_epoch": 11, "val_loss": 0.278814255316285, "train_loss": 0.14146198490832715}
{"epoch": 12, "val_accuracy": 0.9165007961783439, "train_accuracy": 0.9867021276595744, "f1_macro": 0.9148557549296379, "pre_macro": 0.9166677557423636, "re_macro": 0.9146864858428172, "best_epoch": 11, "val_loss": 0.27860857588446636, "train_loss": 0.13564080206003595}
{"epoch": 13, "val_accuracy": 0.9166003184713376, "train_accuracy": 0.9876994680851063, "f1_macro": 0.9148919470488768, "pre_macro": 0.9165849734339833, "re_macro": 0.9148032729465256, "best_epoch": 11, "val_loss": 0.2779234689007851, "train_loss": 0.13186745456558593}
{"epoch": 14, "val_accuracy": 0.9165007961783439, "train_accuracy": 0.9883643617021277, "f1_macro": 0.9147261062410245, "pre_macro": 0.9162923644758356, "re_macro": 0.9147801372803771, "best_epoch": 11, "val_loss": 0.2765047435951271, "train_loss": 0.1289788100947725}
{"epoch": 15, "val_accuracy": 0.9167993630573248, "train_accuracy": 0.989029255319149, "f1_macro": 0.9149833914107186, "pre_macro": 0.9164666797368645, "re_macro": 0.9151351914478558, "best_epoch": 11, "val_loss": 0.2744513110844952, "train_loss": 0.12608424019306264}
{"training time": 26.38989520072937}
