{"epoch": 1, "val_accuracy": 0.925656847133758, "train_accuracy": 0.8928444602272727, "f1_macro": 0.9244466236857557, "pre_macro": 0.9269886793126023, "re_macro": 0.9247880807441394, "best_epoch": 1, "val_loss": 0.2425108523920748, "train_loss": 0.42268312125551427}
{"epoch": 2, "val_accuracy": 0.9417794585987261, "train_accuracy": 0.9477095170454546, "f1_macro": 0.9411899203834763, "pre_macro": 0.9432479965404517, "re_macro": 0.9410502283702865, "best_epoch": 2, "val_loss": 0.18184086941716493, "train_loss": 0.24079042067751288}
{"epoch": 3, "val_accuracy": 0.9448646496815286, "train_accuracy": 0.9620694247159091, "f1_macro": 0.9441180541916854, "pre_macro": 0.9451435987812047, "re_macro": 0.9442355632895213, "best_epoch": 3, "val_loss": 0.17377946935119523, "train_loss": 0.19100732276935808}
{"epoch": 4, "val_accuracy": 0.9579020700636943, "train_accuracy": 0.970703125, "f1_macro": 0.9573353660330828, "pre_macro": 0.9578180781074626, "re_macro": 0.9572161794955342, "best_epoch": 4, "val_loss": 0.12957811333271704, "train_loss": 0.16171166164250197}
{"epoch": 5, "val_accuracy": 0.9636743630573248, "train_accuracy": 0.9764293323863636, "f1_macro": 0.9632775792726214, "pre_macro": 0.963849680480356, "re_macro": 0.9629326881839221, "best_epoch": 5, "val_loss": 0.11341435589737134, "train_loss": 0.14151621216230773}
{"epoch": 6, "val_accuracy": 0.9656648089171974, "train_accuracy": 0.9812677556818182, "f1_macro": 0.96537790929174, "pre_macro": 0.9659600785425979, "re_macro": 0.9650169315637023, "best_epoch": 6, "val_loss": 0.10997637591022956, "train_loss": 0.1258977362462743}
{"epoch": 7, "val_accuracy": 0.9657643312101911, "train_accuracy": 0.9851296164772727, "f1_macro": 0.9654859466921131, "pre_macro": 0.9660502892062915, "re_macro": 0.9651743218543434, "best_epoch": 7, "val_loss": 0.10826250717098006, "train_loss": 0.11402630079960958}
{"epoch": 8, "val_accuracy": 0.9686504777070064, "train_accuracy": 0.9869051846590909, "f1_macro": 0.968348917874113, "pre_macro": 0.9687167374579613, "re_macro": 0.9681899935427485, "best_epoch": 8, "val_loss": 0.10483465141822157, "train_loss": 0.10540531659816307}
{"epoch": 9, "val_accuracy": 0.9695461783439491, "train_accuracy": 0.9888805042613636, "f1_macro": 0.9691808082095388, "pre_macro": 0.9694690814125059, "re_macro": 0.969080802980278, "best_epoch": 9, "val_loss": 0.10045228803761683, "train_loss": 0.09853702925399623}
{"epoch": 10, "val_accuracy": 0.9700437898089171, "train_accuracy": 0.9905229048295454, "f1_macro": 0.9696922622214224, "pre_macro": 0.969947637370435, "re_macro": 0.9696295993263668, "best_epoch": 10, "val_loss": 0.09614206991385696, "train_loss": 0.09240814896871928}
{"epoch": 11, "val_accuracy": 0.9718351910828026, "train_accuracy": 0.9915882457386364, "f1_macro": 0.9715069972213295, "pre_macro": 0.9716138339757941, "re_macro": 0.9715257855433095, "best_epoch": 11, "val_loss": 0.08973354159407229, "train_loss": 0.08760920471765778}
{"epoch": 12, "val_accuracy": 0.9717356687898089, "train_accuracy": 0.9927645596590909, "f1_macro": 0.9714351333212902, "pre_macro": 0.9714701760265827, "re_macro": 0.9714933778883094, "best_epoch": 11, "val_loss": 0.08659923528119029, "train_loss": 0.08370555624027144}
{"epoch": 13, "val_accuracy": 0.973328025477707, "train_accuracy": 0.9936745383522727, "f1_macro": 0.9730336141429623, "pre_macro": 0.973031127077707, "re_macro": 0.9731099734707568, "best_epoch": 13, "val_loss": 0.08417043452311283, "train_loss": 0.08040009585039859}
{"epoch": 14, "val_accuracy": 0.9734275477707006, "train_accuracy": 0.9942072088068182, "f1_macro": 0.9731255314199252, "pre_macro": 0.9731376876395925, "re_macro": 0.9731855119367315, "best_epoch": 14, "val_loss": 0.0826026291935334, "train_loss": 0.07787717712662098}
{"epoch": 15, "val_accuracy": 0.9742237261146497, "train_accuracy": 0.9947176846590909, "f1_macro": 0.973938079310703, "pre_macro": 0.9739721490595832, "re_macro": 0.9739625267710668, "best_epoch": 15, "val_loss": 0.08140981148548015, "train_loss": 0.07592810594624924}
{"training time": 166.53614735603333}
