{"epoch": 100, "loss": 0.20018810033798218}
{"epoch": 200, "loss": 0.08204331248998642}
{"epoch": 300, "loss": 0.06393617391586304}
{"epoch": 400, "loss": 0.05655312165617943}
{"epoch": 500, "loss": 0.05171043053269386}
{"epoch": 600, "loss": 0.0481342151761055}
{"epoch": 700, "loss": 0.045610710978507996}
{"epoch": 800, "loss": 0.043681688606739044}
{"epoch": 900, "loss": 0.04200298339128494}
{"epoch": 1000, "loss": 0.040557242929935455}
{"training_time:": "4.2205s", "final_loss": 0.040557242929935455}
