{"epoch": 1, "val_accuracy": 0.6136544585987261, "train_accuracy": 0.38020833730697634, "f1_macro": 0.6074284046439742, "pre_macro": 0.6418347786793362, "re_macro": 0.6136, "best_epoch": 1, "val_loss": 1.1898174775633843, "train_loss": 2.1794636368751528}
{"epoch": 2, "val_accuracy": 0.668093152866242, "train_accuracy": 0.7203125, "f1_macro": 0.6536435223235074, "pre_macro": 0.6738327973338285, "re_macro": 0.6679999999999999, "best_epoch": 2, "val_loss": 0.9581506301642982, "train_loss": 1.29436194896698}
{"epoch": 3, "val_accuracy": 0.7138734076433121, "train_accuracy": 0.8140625, "f1_macro": 0.7101796074363647, "pre_macro": 0.7102715991959043, "re_macro": 0.7140000000000001, "best_epoch": 3, "val_loss": 0.8440050892769151, "train_loss": 1.0302725613117218}
{"epoch": 4, "val_accuracy": 0.7275079617834395, "train_accuracy": 0.884375, "f1_macro": 0.7241816790093608, "pre_macro": 0.7227610531328097, "re_macro": 0.7274, "best_epoch": 4, "val_loss": 0.8041181765544186, "train_loss": 0.876772552728653}
{"epoch": 5, "val_accuracy": 0.7348726114649682, "train_accuracy": 0.9140625, "f1_macro": 0.73343779565046, "pre_macro": 0.7344967769087983, "re_macro": 0.7347999999999999, "best_epoch": 5, "val_loss": 0.7812139889237227, "train_loss": 0.7694729804992676}
{"epoch": 6, "val_accuracy": 0.7401472929936306, "train_accuracy": 0.9390625, "f1_macro": 0.7374378396529551, "pre_macro": 0.7365069310005198, "re_macro": 0.7401, "best_epoch": 6, "val_loss": 0.7629954566241829, "train_loss": 0.6952417850494385}
{"epoch": 7, "val_accuracy": 0.743531050955414, "train_accuracy": 0.953125, "f1_macro": 0.7417531497179254, "pre_macro": 0.7414323519423954, "re_macro": 0.7435000000000002, "best_epoch": 7, "val_loss": 0.7524530895196708, "train_loss": 0.6467733919620514}
{"epoch": 8, "val_accuracy": 0.7458200636942676, "train_accuracy": 0.9625, "f1_macro": 0.7437511501897098, "pre_macro": 0.7433205736171911, "re_macro": 0.7457999999999999, "best_epoch": 8, "val_loss": 0.7476588723006522, "train_loss": 0.6149905532598495}
{"epoch": 9, "val_accuracy": 0.7464171974522293, "train_accuracy": 0.9671875, "f1_macro": 0.7443616038920791, "pre_macro": 0.7439229341723714, "re_macro": 0.7463999999999998, "best_epoch": 9, "val_loss": 0.7440225493376422, "train_loss": 0.5932433843612671}
{"epoch": 10, "val_accuracy": 0.7478105095541401, "train_accuracy": 0.9734375, "f1_macro": 0.7459826739982601, "pre_macro": 0.7456850999949423, "re_macro": 0.7478, "best_epoch": 10, "val_loss": 0.741613549032029, "train_loss": 0.5780501574277878}
{"epoch": 11, "val_accuracy": 0.7476114649681529, "train_accuracy": 0.9765625, "f1_macro": 0.7458161599725569, "pre_macro": 0.745549704424662, "re_macro": 0.7475999999999999, "best_epoch": 10, "val_loss": 0.7399142686348812, "train_loss": 0.5671854197978974}
{"epoch": 12, "val_accuracy": 0.748109076433121, "train_accuracy": 0.978125, "f1_macro": 0.7463625243591185, "pre_macro": 0.7461014048589315, "re_macro": 0.7481, "best_epoch": 12, "val_loss": 0.7383075481767107, "train_loss": 0.5589871346950531}
{"epoch": 13, "val_accuracy": 0.7482085987261147, "train_accuracy": 0.9796875, "f1_macro": 0.7464978957503122, "pre_macro": 0.7462473554693642, "re_macro": 0.7482, "best_epoch": 13, "val_loss": 0.7372205335243492, "train_loss": 0.552738007903099}
{"epoch": 14, "val_accuracy": 0.7478105095541401, "train_accuracy": 0.98125, "f1_macro": 0.7461118401525119, "pre_macro": 0.7458972900746189, "re_macro": 0.7478, "best_epoch": 13, "val_loss": 0.7363799045419996, "train_loss": 0.5479124128818512}
{"epoch": 15, "val_accuracy": 0.7480095541401274, "train_accuracy": 0.984375, "f1_macro": 0.7463344794475026, "pre_macro": 0.7461519016497957, "re_macro": 0.748, "best_epoch": 13, "val_loss": 0.7356810835516376, "train_loss": 0.5441221594810486}
{"epoch": 16, "val_accuracy": 0.7478105095541401, "train_accuracy": 0.984375, "f1_macro": 0.7461742658718076, "pre_macro": 0.7460347180648874, "re_macro": 0.7478, "best_epoch": 13, "val_loss": 0.7351383014469389, "train_loss": 0.5411240637302399}
{"epoch": 17, "val_accuracy": 0.7479100318471338, "train_accuracy": 0.9875, "f1_macro": 0.7462871121047177, "pre_macro": 0.7461572374376401, "re_macro": 0.7479, "best_epoch": 13, "val_loss": 0.7347139600355914, "train_loss": 0.5387398302555084}
{"epoch": 18, "val_accuracy": 0.748109076433121, "train_accuracy": 0.9875, "f1_macro": 0.7464964957115211, "pre_macro": 0.7463673353833657, "re_macro": 0.7481, "best_epoch": 13, "val_loss": 0.7343716467641721, "train_loss": 0.5368344247341156}
{"epoch": 19, "val_accuracy": 0.7480095541401274, "train_accuracy": 0.9875, "f1_macro": 0.7463495600836497, "pre_macro": 0.7461710820427442, "re_macro": 0.748, "best_epoch": 13, "val_loss": 0.7340936822116755, "train_loss": 0.5353064477443695}
{"epoch": 20, "val_accuracy": 0.7480095541401274, "train_accuracy": 0.9890625, "f1_macro": 0.7463789859324689, "pre_macro": 0.7462009986203542, "re_macro": 0.748, "best_epoch": 13, "val_loss": 0.7338690763446176, "train_loss": 0.534077936410904}
{"epoch": 21, "val_accuracy": 0.748109076433121, "train_accuracy": 0.9890625, "f1_macro": 0.7465013023690581, "pre_macro": 0.7463338342298492, "re_macro": 0.7480999999999999, "best_epoch": 13, "val_loss": 0.7336879564318687, "train_loss": 0.5330883234739303}
{"epoch": 22, "val_accuracy": 0.748109076433121, "train_accuracy": 0.9890625, "f1_macro": 0.7465049775713629, "pre_macro": 0.7463344868456726, "re_macro": 0.7480999999999999, "best_epoch": 13, "val_loss": 0.7335417733830252, "train_loss": 0.532289931178093}
{"epoch": 23, "val_accuracy": 0.748109076433121, "train_accuracy": 0.9890625, "f1_macro": 0.7465049775713629, "pre_macro": 0.7463344868456726, "re_macro": 0.7480999999999999, "best_epoch": 13, "val_loss": 0.7334235859145025, "train_loss": 0.5316451162099838}
{"epoch": 24, "val_accuracy": 0.748109076433121, "train_accuracy": 0.9890625, "f1_macro": 0.7465049775713629, "pre_macro": 0.7463344868456726, "re_macro": 0.7480999999999999, "best_epoch": 13, "val_loss": 0.7333279062228598, "train_loss": 0.5311239182949066}
{"epoch": 25, "val_accuracy": 0.748109076433121, "train_accuracy": 0.9890625, "f1_macro": 0.7465069393006194, "pre_macro": 0.746336321600821, "re_macro": 0.7480999999999999, "best_epoch": 13, "val_loss": 0.7332504273979528, "train_loss": 0.5307024389505386}
{"training time": 26.590018033981323}
