{"epoch": 1, "val_accuracy": 0.8883359872611465, "train_accuracy": 0.7961436170212766, "f1_macro": 0.8860925466734091, "pre_macro": 0.8901021967552273, "re_macro": 0.8860706339474005, "best_epoch": 1, "val_loss": 0.5528494386346476, "train_loss": 1.0862183492234412}
{"epoch": 2, "val_accuracy": 0.8984872611464968, "train_accuracy": 0.916378546268382, "f1_macro": 0.8962925139799631, "pre_macro": 0.8990006896200349, "re_macro": 0.8960802407014355, "best_epoch": 2, "val_loss": 0.44999005318067636, "train_loss": 0.48615697584253675}
{"epoch": 3, "val_accuracy": 0.9079418789808917, "train_accuracy": 0.9431737590343394, "f1_macro": 0.905654886263855, "pre_macro": 0.9097882231201343, "re_macro": 0.9051450956019537, "best_epoch": 3, "val_loss": 0.3619755696813772, "train_loss": 0.36293257950468266}
{"epoch": 4, "val_accuracy": 0.9094347133757962, "train_accuracy": 0.9650265957446809, "f1_macro": 0.907209702977428, "pre_macro": 0.9102765179374778, "re_macro": 0.9071077256129225, "best_epoch": 4, "val_loss": 0.3352292593877027, "train_loss": 0.29552574126010245}
{"epoch": 5, "val_accuracy": 0.9022691082802548, "train_accuracy": 0.9798537234042554, "f1_macro": 0.9003267197951125, "pre_macro": 0.9033840069256641, "re_macro": 0.901218660535396, "best_epoch": 4, "val_loss": 0.3363573201902353, "train_loss": 0.25037586448040416}
{"epoch": 6, "val_accuracy": 0.9055533439490446, "train_accuracy": 0.9877659574468085, "f1_macro": 0.9037662343845195, "pre_macro": 0.9066290754835474, "re_macro": 0.9039769538296504, "best_epoch": 4, "val_loss": 0.3245268704689992, "train_loss": 0.21787960687850383}
{"epoch": 7, "val_accuracy": 0.9247611464968153, "train_accuracy": 0.9930186170212766, "f1_macro": 0.9230708574456878, "pre_macro": 0.9237135314417925, "re_macro": 0.9232850091031033, "best_epoch": 7, "val_loss": 0.2652274200657181, "train_loss": 0.19508847461101855}
{"epoch": 8, "val_accuracy": 0.9251592356687898, "train_accuracy": 0.996343085106383, "f1_macro": 0.9233244833741103, "pre_macro": 0.9246560760852752, "re_macro": 0.923398057521801, "best_epoch": 8, "val_loss": 0.26349204823754396, "train_loss": 0.17594055229044975}
{"epoch": 9, "val_accuracy": 0.9260549363057324, "train_accuracy": 0.9983377659574468, "f1_macro": 0.9241810175695756, "pre_macro": 0.9259334007954697, "re_macro": 0.923877617955841, "best_epoch": 9, "val_loss": 0.2567675501986104, "train_loss": 0.1630844641239085}
{"epoch": 10, "val_accuracy": 0.927547770700637, "train_accuracy": 0.9990691489361702, "f1_macro": 0.9259046896053625, "pre_macro": 0.9271687714172693, "re_macro": 0.9255832809526362, "best_epoch": 10, "val_loss": 0.24967545964962737, "train_loss": 0.15386138653501552}
{"epoch": 11, "val_accuracy": 0.9284434713375797, "train_accuracy": 0.9994015957446809, "f1_macro": 0.926879074214271, "pre_macro": 0.9276510399455272, "re_macro": 0.9266887236183209, "best_epoch": 11, "val_loss": 0.24380789385147536, "train_loss": 0.147193199586361}
{"epoch": 12, "val_accuracy": 0.9288415605095541, "train_accuracy": 0.9996675531914894, "f1_macro": 0.9273075797752925, "pre_macro": 0.927722311196724, "re_macro": 0.9272531047293329, "best_epoch": 12, "val_loss": 0.2403634535682619, "train_loss": 0.14217123785551558}
{"epoch": 13, "val_accuracy": 0.929140127388535, "train_accuracy": 0.9997340425531915, "f1_macro": 0.9276643990599313, "pre_macro": 0.9280028267227951, "re_macro": 0.9276503360607711, "best_epoch": 13, "val_loss": 0.23878106965452053, "train_loss": 0.13825322950774052}
{"epoch": 14, "val_accuracy": 0.9288415605095541, "train_accuracy": 0.9997340425531915, "f1_macro": 0.9273811216311987, "pre_macro": 0.927705569481696, "re_macro": 0.9273760436770727, "best_epoch": 13, "val_loss": 0.2376790530564394, "train_loss": 0.13523214510146608}
{"epoch": 15, "val_accuracy": 0.9293391719745223, "train_accuracy": 0.9998670212765958, "f1_macro": 0.9279077947356947, "pre_macro": 0.9282111879493253, "re_macro": 0.9279170407341338, "best_epoch": 15, "val_loss": 0.23660255549178952, "train_loss": 0.1328443758982293}
{"training time": 43.37814736366272}
