{"epoch": 1, "val_accuracy": 0.3314092356687898, "train_accuracy": 0.20625, "f1_macro": 0.2848811638921535, "pre_macro": 0.3720625241691966, "re_macro": 0.325545265173316, "best_epoch": 1, "val_loss": 2.0955596509253143, "train_loss": 2.3366886615753173}
{"epoch": 2, "val_accuracy": 0.4599920382165605, "train_accuracy": 0.5182291686534881, "f1_macro": 0.42698080354406365, "pre_macro": 0.5634810175025733, "re_macro": 0.4515548994588543, "best_epoch": 2, "val_loss": 1.9102045327994475, "train_loss": 2.019201862812042}
{"epoch": 3, "val_accuracy": 0.5500597133757962, "train_accuracy": 0.684375, "f1_macro": 0.5148934894695089, "pre_macro": 0.6139055127185468, "re_macro": 0.5398874559437878, "best_epoch": 3, "val_loss": 1.7936038644450485, "train_loss": 1.7862128853797912}
{"epoch": 4, "val_accuracy": 0.5840963375796179, "train_accuracy": 0.759375, "f1_macro": 0.5519131626396144, "pre_macro": 0.6634277906577669, "re_macro": 0.5736650118590667, "best_epoch": 4, "val_loss": 1.7555310468005527, "train_loss": 1.6422770261764525}
{"epoch": 5, "val_accuracy": 0.6441082802547771, "train_accuracy": 0.8380208373069763, "f1_macro": 0.609520066111376, "pre_macro": 0.6807007295935669, "re_macro": 0.6343377552516528, "best_epoch": 5, "val_loss": 1.6318623321071553, "train_loss": 1.5316065311431886}
{"epoch": 6, "val_accuracy": 0.6374402866242038, "train_accuracy": 0.8645833373069763, "f1_macro": 0.607507736789431, "pre_macro": 0.7067893594494901, "re_macro": 0.6279716963311365, "best_epoch": 5, "val_loss": 1.5732787467871503, "train_loss": 1.3985531091690064}
{"epoch": 7, "val_accuracy": 0.6825238853503185, "train_accuracy": 0.8911458373069763, "f1_macro": 0.6602985099066757, "pre_macro": 0.7231109799748823, "re_macro": 0.6739693315425195, "best_epoch": 7, "val_loss": 1.4889333263324325, "train_loss": 1.274916899204254}
{"epoch": 8, "val_accuracy": 0.6911823248407644, "train_accuracy": 0.9208333373069764, "f1_macro": 0.6676712128091439, "pre_macro": 0.730861535698638, "re_macro": 0.6820667016023095, "best_epoch": 8, "val_loss": 1.4510498221512813, "train_loss": 1.1439316749572754}
{"epoch": 9, "val_accuracy": 0.6986464968152867, "train_accuracy": 0.9364583373069764, "f1_macro": 0.679545453321411, "pre_macro": 0.7310479919058033, "re_macro": 0.6907098436275043, "best_epoch": 9, "val_loss": 1.4211076323393803, "train_loss": 1.0686651110649108}
{"epoch": 10, "val_accuracy": 0.7062101910828026, "train_accuracy": 0.9473958373069763, "f1_macro": 0.6867376273304424, "pre_macro": 0.7384364168757942, "re_macro": 0.6981731073069102, "best_epoch": 10, "val_loss": 1.4023188003309213, "train_loss": 1.0159242391586303}
{"epoch": 11, "val_accuracy": 0.708797770700637, "train_accuracy": 0.9567708373069763, "f1_macro": 0.6906095064791316, "pre_macro": 0.7367543204543254, "re_macro": 0.7010458782997862, "best_epoch": 11, "val_loss": 1.3879973759317095, "train_loss": 0.9780201077461242}
{"epoch": 12, "val_accuracy": 0.7143710191082803, "train_accuracy": 0.9640625, "f1_macro": 0.6964639567106975, "pre_macro": 0.7413630067628014, "re_macro": 0.7066203350598774, "best_epoch": 12, "val_loss": 1.376547417063622, "train_loss": 0.9484749615192414}
{"epoch": 13, "val_accuracy": 0.716062898089172, "train_accuracy": 0.965625, "f1_macro": 0.6986916120032676, "pre_macro": 0.7410762233973835, "re_macro": 0.7084211217988408, "best_epoch": 13, "val_loss": 1.3679270433012847, "train_loss": 0.9261951148509979}
{"epoch": 14, "val_accuracy": 0.7181528662420382, "train_accuracy": 0.965625, "f1_macro": 0.701051589672528, "pre_macro": 0.7421032944454505, "re_macro": 0.7105831234757227, "best_epoch": 14, "val_loss": 1.3610723869056458, "train_loss": 0.908913505077362}
{"epoch": 15, "val_accuracy": 0.7192476114649682, "train_accuracy": 0.9671875, "f1_macro": 0.7021682604061718, "pre_macro": 0.743112885774135, "re_macro": 0.7116858044065848, "best_epoch": 15, "val_loss": 1.355663621501558, "train_loss": 0.8952543020248414}
{"training time": 17.136452436447144}
