{"epoch": 1, "val_accuracy": 0.7109872611464968, "train_accuracy": 0.5166698339137625, "f1_macro": 0.6775165027330667, "pre_macro": 0.7390654856185663, "re_macro": 0.7037863682514739, "best_epoch": 1, "val_loss": 1.5167468064909528, "train_loss": 1.979717011147357}
{"epoch": 2, "val_accuracy": 0.8083200636942676, "train_accuracy": 0.8142097275307838, "f1_macro": 0.8021228191767829, "pre_macro": 0.8217621153778687, "re_macro": 0.8047027063909015, "best_epoch": 2, "val_loss": 1.144193092728876, "train_loss": 1.2978481561579602}
{"epoch": 3, "val_accuracy": 0.8305135350318471, "train_accuracy": 0.8883453658286561, "f1_macro": 0.8254894625779879, "pre_macro": 0.8408179632483117, "re_macro": 0.8261582487921217, "best_epoch": 3, "val_loss": 0.8910492537127939, "train_loss": 0.9159639198729332}
{"epoch": 4, "val_accuracy": 0.8567874203821656, "train_accuracy": 0.9293787999356047, "f1_macro": 0.8542257822160136, "pre_macro": 0.8605074740324452, "re_macro": 0.8545659278382459, "best_epoch": 4, "val_loss": 0.7642999841908741, "train_loss": 0.7013380362632426}
{"epoch": 5, "val_accuracy": 0.867734872611465, "train_accuracy": 0.9573043318504982, "f1_macro": 0.8655061621156979, "pre_macro": 0.8686611538336061, "re_macro": 0.8650814091507069, "best_epoch": 5, "val_loss": 0.6862016910580313, "train_loss": 0.5554362662295078}
{"epoch": 6, "val_accuracy": 0.8727109872611465, "train_accuracy": 0.96860752333986, "f1_macro": 0.8706756216203992, "pre_macro": 0.8729384379733967, "re_macro": 0.8704640729155363, "best_epoch": 6, "val_loss": 0.6316478641549493, "train_loss": 0.46222262813689863}
{"epoch": 7, "val_accuracy": 0.8772890127388535, "train_accuracy": 0.9772511403611366, "f1_macro": 0.8755928296862686, "pre_macro": 0.8768211115153347, "re_macro": 0.8753250507821722, "best_epoch": 7, "val_loss": 0.5822225855604098, "train_loss": 0.3953179380995162}
{"epoch": 8, "val_accuracy": 0.8754976114649682, "train_accuracy": 0.983947568751396, "f1_macro": 0.8732375070255628, "pre_macro": 0.8742199467215046, "re_macro": 0.8735546085188967, "best_epoch": 7, "val_loss": 0.5592644703426178, "train_loss": 0.34900106711590545}
{"epoch": 9, "val_accuracy": 0.8788813694267515, "train_accuracy": 0.988601824070545, "f1_macro": 0.8767945598112356, "pre_macro": 0.8784980326540909, "re_macro": 0.8772023326726858, "best_epoch": 9, "val_loss": 0.5431120410846297, "train_loss": 0.3171652599852136}
{"epoch": 10, "val_accuracy": 0.8789808917197452, "train_accuracy": 0.9895991644960769, "f1_macro": 0.8768136670123294, "pre_macro": 0.8788090230712482, "re_macro": 0.8771749558948805, "best_epoch": 10, "val_loss": 0.5287482291460037, "train_loss": 0.29463816164655887}
{"epoch": 11, "val_accuracy": 0.8818670382165605, "train_accuracy": 0.9926386792609032, "f1_macro": 0.8797881936606904, "pre_macro": 0.8815424168550233, "re_macro": 0.880150717449944, "best_epoch": 11, "val_loss": 0.5159259016156956, "train_loss": 0.27579647302627563}
{"epoch": 12, "val_accuracy": 0.8824641719745223, "train_accuracy": 0.9940159574468085, "f1_macro": 0.8805322067015549, "pre_macro": 0.8818435430712583, "re_macro": 0.8808393760825439, "best_epoch": 12, "val_loss": 0.5067638546987704, "train_loss": 0.2613403102818956}
{"epoch": 13, "val_accuracy": 0.8831608280254777, "train_accuracy": 0.9943484042553191, "f1_macro": 0.8812958126547963, "pre_macro": 0.8824928126055112, "re_macro": 0.881595543998617, "best_epoch": 13, "val_loss": 0.5023981059432789, "train_loss": 0.25133578162244025}
{"epoch": 14, "val_accuracy": 0.883359872611465, "train_accuracy": 0.9946808510638298, "f1_macro": 0.8815245027294019, "pre_macro": 0.8829713877771853, "re_macro": 0.881726096755477, "best_epoch": 14, "val_loss": 0.49953842903398404, "train_loss": 0.24497006770144117}
{"epoch": 15, "val_accuracy": 0.8836584394904459, "train_accuracy": 0.9956781914893617, "f1_macro": 0.8818804871222945, "pre_macro": 0.8836177672246922, "re_macro": 0.8820146088854941, "best_epoch": 15, "val_loss": 0.49696161061715166, "train_loss": 0.24061497919102934}
{"training time": 18.540419101715088}
