{"epoch": 1, "val_accuracy": 0.8955015923566879, "train_accuracy": 0.8522505326704546, "f1_macro": 0.8941842142108202, "pre_macro": 0.8980767867210746, "re_macro": 0.89454160491509, "best_epoch": 1, "val_loss": 0.40180275038738916, "train_loss": 0.7586134625598788}
{"epoch": 2, "val_accuracy": 0.9130175159235668, "train_accuracy": 0.9236061789772727, "f1_macro": 0.9116155883600934, "pre_macro": 0.9140126184227684, "re_macro": 0.9120704658957604, "best_epoch": 2, "val_loss": 0.3154320728959172, "train_loss": 0.4378489835653454}
{"epoch": 3, "val_accuracy": 0.9257563694267515, "train_accuracy": 0.9471546519886364, "f1_macro": 0.9248336745156255, "pre_macro": 0.9265429345896738, "re_macro": 0.9246530334483062, "best_epoch": 3, "val_loss": 0.261486669539646, "train_loss": 0.3532218313352628}
{"epoch": 4, "val_accuracy": 0.9319267515923567, "train_accuracy": 0.9649991122159091, "f1_macro": 0.9307024748251683, "pre_macro": 0.9320530350430444, "re_macro": 0.930394030427783, "best_epoch": 4, "val_loss": 0.2459844216989104, "train_loss": 0.28845104287293827}
{"epoch": 5, "val_accuracy": 0.9371019108280255, "train_accuracy": 0.9789595170454546, "f1_macro": 0.9359937172986111, "pre_macro": 0.9364741743439733, "re_macro": 0.9360455830435195, "best_epoch": 5, "val_loss": 0.21274737112674932, "train_loss": 0.23867733535272154}
{"epoch": 6, "val_accuracy": 0.9376990445859873, "train_accuracy": 0.9889026988636364, "f1_macro": 0.9365729538170365, "pre_macro": 0.9372130273299936, "re_macro": 0.9367467114719032, "best_epoch": 6, "val_loss": 0.2102001570936316, "train_loss": 0.2029354382645}
{"epoch": 7, "val_accuracy": 0.9409832802547771, "train_accuracy": 0.9947176846590909, "f1_macro": 0.9399436912860202, "pre_macro": 0.9403141142751268, "re_macro": 0.9401189245843933, "best_epoch": 7, "val_loss": 0.19788551130065113, "train_loss": 0.17826824451119386}
{"epoch": 8, "val_accuracy": 0.9436703821656051, "train_accuracy": 0.9971812855113636, "f1_macro": 0.9426042766937937, "pre_macro": 0.9429037035083845, "re_macro": 0.9426772752209189, "best_epoch": 8, "val_loss": 0.1877457110899364, "train_loss": 0.16089165998114782}
{"epoch": 9, "val_accuracy": 0.946656050955414, "train_accuracy": 0.998779296875, "f1_macro": 0.9456709564974443, "pre_macro": 0.9459042501762831, "re_macro": 0.9456653718406072, "best_epoch": 9, "val_loss": 0.17812197303968916, "train_loss": 0.14789384834214367}
{"epoch": 10, "val_accuracy": 0.9484474522292994, "train_accuracy": 0.9992231889204546, "f1_macro": 0.9474747124960459, "pre_macro": 0.9476494469342095, "re_macro": 0.9474265574474444, "best_epoch": 10, "val_loss": 0.17132970335104378, "train_loss": 0.13788930865385654}
{"epoch": 11, "val_accuracy": 0.9489450636942676, "train_accuracy": 0.9995339133522727, "f1_macro": 0.9480002821907375, "pre_macro": 0.9482519220737651, "re_macro": 0.947884354181649, "best_epoch": 11, "val_loss": 0.16871760358772936, "train_loss": 0.13027084794488142}
{"epoch": 12, "val_accuracy": 0.9501393312101911, "train_accuracy": 0.9997114701704546, "f1_macro": 0.9492647449071676, "pre_macro": 0.9495441997442514, "re_macro": 0.9491264219655846, "best_epoch": 12, "val_loss": 0.16698603096542655, "train_loss": 0.12443675968626683}
{"epoch": 13, "val_accuracy": 0.9500398089171974, "train_accuracy": 0.9998224431818182, "f1_macro": 0.9491642676675844, "pre_macro": 0.9494144039785226, "re_macro": 0.9490486521999069, "best_epoch": 12, "val_loss": 0.1652397692001834, "train_loss": 0.1198498870627108}
{"epoch": 14, "val_accuracy": 0.9511345541401274, "train_accuracy": 0.9998446377840909, "f1_macro": 0.9502971070780483, "pre_macro": 0.9505140378498582, "re_macro": 0.9502239608501528, "best_epoch": 14, "val_loss": 0.1641194459472065, "train_loss": 0.116164300262674}
{"epoch": 15, "val_accuracy": 0.9509355095541401, "train_accuracy": 0.9998446377840909, "f1_macro": 0.950079160035602, "pre_macro": 0.9502711847731271, "re_macro": 0.9500113476840676, "best_epoch": 14, "val_loss": 0.1633863081016643, "train_loss": 0.1132083895446902}
{"training time": 103.96337747573853}
