{"epoch": 1, "val_accuracy": 0.911922770700637, "train_accuracy": 0.8715018656716418, "f1_macro": 0.9100275720134136, "pre_macro": 0.9127218142744524, "re_macro": 0.9107903047082114, "best_epoch": 1, "val_loss": 0.32703113209479934, "train_loss": 0.6688034775605334}
{"epoch": 2, "val_accuracy": 0.9305334394904459, "train_accuracy": 0.9346348614072495, "f1_macro": 0.9297332437310105, "pre_macro": 0.9310628795535567, "re_macro": 0.9296050985429734, "best_epoch": 2, "val_loss": 0.2525816988793148, "train_loss": 0.39260142207590504}
{"epoch": 3, "val_accuracy": 0.9388933121019108, "train_accuracy": 0.9576392590618337, "f1_macro": 0.9378458107624205, "pre_macro": 0.9385141013236223, "re_macro": 0.9379878057543968, "best_epoch": 3, "val_loss": 0.21526774742705806, "train_loss": 0.3086599654861605}
{"epoch": 4, "val_accuracy": 0.9428742038216561, "train_accuracy": 0.9744636194029851, "f1_macro": 0.9418954967540755, "pre_macro": 0.942133830802226, "re_macro": 0.9419610134244826, "best_epoch": 4, "val_loss": 0.18968110976467847, "train_loss": 0.25206164682089394}
{"epoch": 5, "val_accuracy": 0.9433718152866242, "train_accuracy": 0.9845082622601279, "f1_macro": 0.9424334154594474, "pre_macro": 0.9427987703586084, "re_macro": 0.9425602969802881, "best_epoch": 5, "val_loss": 0.18224122214492908, "train_loss": 0.21403575847461534}
{"epoch": 6, "val_accuracy": 0.9454617834394905, "train_accuracy": 0.9915045309168443, "f1_macro": 0.9445120684497267, "pre_macro": 0.9449804163435557, "re_macro": 0.9447790889266223, "best_epoch": 6, "val_loss": 0.17836420318099913, "train_loss": 0.184558349528483}
{"epoch": 7, "val_accuracy": 0.9490445859872612, "train_accuracy": 0.9955190565031983, "f1_macro": 0.9481358056686192, "pre_macro": 0.948264062001936, "re_macro": 0.9484103191646136, "best_epoch": 7, "val_loss": 0.16652307573966918, "train_loss": 0.16258144678909386}
{"epoch": 8, "val_accuracy": 0.9528264331210191, "train_accuracy": 0.997867803837953, "f1_macro": 0.952006975779679, "pre_macro": 0.9520141999805659, "re_macro": 0.9522489348977026, "best_epoch": 8, "val_loss": 0.15935413880795715, "train_loss": 0.14669314726615257}
{"epoch": 9, "val_accuracy": 0.9546178343949044, "train_accuracy": 0.9988006396588486, "f1_macro": 0.9538146292818503, "pre_macro": 0.953834106392651, "re_macro": 0.9540018997892761, "best_epoch": 9, "val_loss": 0.15511099146056184, "train_loss": 0.13511234604473563}
{"epoch": 10, "val_accuracy": 0.9555135350318471, "train_accuracy": 0.9993003731343284, "f1_macro": 0.9547218488068117, "pre_macro": 0.9547549842822575, "re_macro": 0.9548706413775193, "best_epoch": 10, "val_loss": 0.15127295368517138, "train_loss": 0.12653125783623154}
{"epoch": 11, "val_accuracy": 0.9565087579617835, "train_accuracy": 0.9994836087420043, "f1_macro": 0.9557287739448557, "pre_macro": 0.9557451121886466, "re_macro": 0.9558371325199955, "best_epoch": 11, "val_loss": 0.1480886685976367, "train_loss": 0.12003348329301074}
{"epoch": 12, "val_accuracy": 0.9573049363057324, "train_accuracy": 0.9996335287846482, "f1_macro": 0.9565488050386302, "pre_macro": 0.9565778834155975, "re_macro": 0.9566175330147265, "best_epoch": 12, "val_loss": 0.14534832021387614, "train_loss": 0.11489723746710495}
{"epoch": 13, "val_accuracy": 0.9579020700636943, "train_accuracy": 0.9997834488272921, "f1_macro": 0.9571563084280463, "pre_macro": 0.9571805590933884, "re_macro": 0.9572053472539945, "best_epoch": 13, "val_loss": 0.1429278472272359, "train_loss": 0.11078070354328226}
{"epoch": 14, "val_accuracy": 0.9584992038216561, "train_accuracy": 0.9998167643923241, "f1_macro": 0.9577572110153044, "pre_macro": 0.9577956888269779, "re_macro": 0.9577853875473078, "best_epoch": 14, "val_loss": 0.14111396136758908, "train_loss": 0.10752559843252717}
{"epoch": 15, "val_accuracy": 0.9590963375796179, "train_accuracy": 0.9998500799573561, "f1_macro": 0.9583961272099467, "pre_macro": 0.958444808037347, "re_macro": 0.9584130366979224, "best_epoch": 15, "val_loss": 0.13982022830409704, "train_loss": 0.1049637523795496}
{"training time": 134.9916296005249}
