{"epoch": 1, "val_accuracy": 0.8210589171974523, "train_accuracy": 0.786791489068379, "f1_macro": 0.8224592203552046, "pre_macro": 0.8315813638955593, "re_macro": 0.8208, "best_epoch": 1, "val_loss": 0.5067747996491232, "train_loss": 0.9518978285001539}
{"epoch": 2, "val_accuracy": 0.8226512738853503, "train_accuracy": 0.851512526652452, "f1_macro": 0.8244448393496251, "pre_macro": 0.8373363111595387, "re_macro": 0.8220999999999998, "best_epoch": 2, "val_loss": 0.48477155245413445, "train_loss": 0.7098541351269557}
{"epoch": 3, "val_accuracy": 0.8328025477707006, "train_accuracy": 0.8700804016483363, "f1_macro": 0.8350304031260496, "pre_macro": 0.8456955951371683, "re_macro": 0.8326, "best_epoch": 3, "val_loss": 0.4589986334181136, "train_loss": 0.620993490857102}
{"epoch": 4, "val_accuracy": 0.8381767515923567, "train_accuracy": 0.880641435763475, "f1_macro": 0.8399767555324645, "pre_macro": 0.847314581107897, "re_macro": 0.8379999999999999, "best_epoch": 4, "val_loss": 0.4443382600879973, "train_loss": 0.5683182832528787}
{"epoch": 5, "val_accuracy": 0.8411624203821656, "train_accuracy": 0.8895811123380275, "f1_macro": 0.8422246979448691, "pre_macro": 0.8473407477565047, "re_macro": 0.841, "best_epoch": 5, "val_loss": 0.4376330951786345, "train_loss": 0.5326248479804505}
{"epoch": 6, "val_accuracy": 0.8434514331210191, "train_accuracy": 0.8958999645481232, "f1_macro": 0.8440144099500545, "pre_macro": 0.8484891229325011, "re_macro": 0.8432999999999999, "best_epoch": 6, "val_loss": 0.43468837525434556, "train_loss": 0.5068872076616104}
{"epoch": 7, "val_accuracy": 0.8441480891719745, "train_accuracy": 0.9023409737452769, "f1_macro": 0.8447331332873654, "pre_macro": 0.8494521209366844, "re_macro": 0.8437000000000001, "best_epoch": 7, "val_loss": 0.43057137148775115, "train_loss": 0.4866449293424326}
{"epoch": 8, "val_accuracy": 0.8468351910828026, "train_accuracy": 0.908148987206823, "f1_macro": 0.8472896487060746, "pre_macro": 0.851104094977886, "re_macro": 0.8464, "best_epoch": 8, "val_loss": 0.4243774292575326, "train_loss": 0.47009025771480634}
{"epoch": 9, "val_accuracy": 0.8499203821656051, "train_accuracy": 0.9134461620469083, "f1_macro": 0.8498930034919632, "pre_macro": 0.8523157735989864, "re_macro": 0.8494999999999999, "best_epoch": 9, "val_loss": 0.4190396044854146, "train_loss": 0.45556707429225}
{"epoch": 10, "val_accuracy": 0.8504179936305732, "train_accuracy": 0.9188099680170576, "f1_macro": 0.8494793050747417, "pre_macro": 0.8502650049023727, "re_macro": 0.85, "best_epoch": 10, "val_loss": 0.4139584449066478, "train_loss": 0.44328673504817206}
{"epoch": 11, "val_accuracy": 0.8517117834394905, "train_accuracy": 0.9242626155363217, "f1_macro": 0.8502529776678427, "pre_macro": 0.8505777405303119, "re_macro": 0.8513, "best_epoch": 11, "val_loss": 0.41187923074148264, "train_loss": 0.432548094151625}
{"epoch": 12, "val_accuracy": 0.8512141719745223, "train_accuracy": 0.9288046375266524, "f1_macro": 0.8495209076910111, "pre_macro": 0.8497753061544324, "re_macro": 0.8508000000000001, "best_epoch": 11, "val_loss": 0.4118257934690281, "train_loss": 0.4238148053953134}
{"epoch": 13, "val_accuracy": 0.8517117834394905, "train_accuracy": 0.9332356076759062, "f1_macro": 0.8501681866121309, "pre_macro": 0.8504590156652398, "re_macro": 0.8513, "best_epoch": 11, "val_loss": 0.4111420159127302, "train_loss": 0.41640597556445647}
{"epoch": 14, "val_accuracy": 0.8533041401273885, "train_accuracy": 0.9358342217484008, "f1_macro": 0.8520020726987904, "pre_macro": 0.8522838896508984, "re_macro": 0.8529, "best_epoch": 14, "val_loss": 0.40947129155040546, "train_loss": 0.41031082104772393}
{"epoch": 15, "val_accuracy": 0.8526074840764332, "train_accuracy": 0.9377776297933257, "f1_macro": 0.8515316022542528, "pre_macro": 0.8518008579683611, "re_macro": 0.8522000000000001, "best_epoch": 14, "val_loss": 0.4086357005842172, "train_loss": 0.4054123135899176}
{"epoch": 16, "val_accuracy": 0.8532046178343949, "train_accuracy": 0.9397099325651808, "f1_macro": 0.852166806845141, "pre_macro": 0.852485964632397, "re_macro": 0.8527999999999999, "best_epoch": 14, "val_loss": 0.408167466616175, "train_loss": 0.4017374712521079}
{"epoch": 17, "val_accuracy": 0.8536027070063694, "train_accuracy": 0.9406760839511082, "f1_macro": 0.8525962844983714, "pre_macro": 0.8529836963822959, "re_macro": 0.8532, "best_epoch": 17, "val_loss": 0.4075045462246913, "train_loss": 0.3987757252223456}
{"epoch": 18, "val_accuracy": 0.8544984076433121, "train_accuracy": 0.9418421287272276, "f1_macro": 0.8534426304000264, "pre_macro": 0.8538052593179047, "re_macro": 0.8541000000000001, "best_epoch": 18, "val_loss": 0.4066105317917599, "train_loss": 0.39643117105528747}
{"epoch": 19, "val_accuracy": 0.8550955414012739, "train_accuracy": 0.943041489068379, "f1_macro": 0.8540527789426916, "pre_macro": 0.8543472551358213, "re_macro": 0.8547, "best_epoch": 19, "val_loss": 0.40553118449867154, "train_loss": 0.39444288884652956}
{"epoch": 20, "val_accuracy": 0.8544984076433121, "train_accuracy": 0.9435856432548718, "f1_macro": 0.8533946355023214, "pre_macro": 0.8535748760306593, "re_macro": 0.8541000000000001, "best_epoch": 19, "val_loss": 0.40457101764193004, "train_loss": 0.3927403382146791}
{"epoch": 21, "val_accuracy": 0.8552945859872612, "train_accuracy": 0.9448849502911192, "f1_macro": 0.8540321380437854, "pre_macro": 0.8540769874712787, "re_macro": 0.8549, "best_epoch": 21, "val_loss": 0.4037981356025501, "train_loss": 0.3913204708714475}
{"epoch": 22, "val_accuracy": 0.8552945859872612, "train_accuracy": 0.945184790376407, "f1_macro": 0.8539297970479479, "pre_macro": 0.853885811509026, "re_macro": 0.8549, "best_epoch": 21, "val_loss": 0.4032031901323112, "train_loss": 0.3901216741055568}
{"epoch": 23, "val_accuracy": 0.8560907643312102, "train_accuracy": 0.9458177861120147, "f1_macro": 0.8546262476408726, "pre_macro": 0.8544708875309824, "re_macro": 0.8557, "best_epoch": 23, "val_loss": 0.4027592993465958, "train_loss": 0.3890964024737954}
{"epoch": 24, "val_accuracy": 0.8564888535031847, "train_accuracy": 0.9463841507175584, "f1_macro": 0.8550151712198879, "pre_macro": 0.8547875798522705, "re_macro": 0.8561, "best_epoch": 24, "val_loss": 0.4024303845918862, "train_loss": 0.3882076718024354}
{"epoch": 25, "val_accuracy": 0.8564888535031847, "train_accuracy": 0.9466506752378142, "f1_macro": 0.8550030961095209, "pre_macro": 0.8547283394121588, "re_macro": 0.8561, "best_epoch": 24, "val_loss": 0.40218408889831253, "train_loss": 0.3874379472056432}
{"training time": 129.2665078639984}
