{"epoch": 1, "val_accuracy": 0.7172571656050956, "train_accuracy": 0.6470364750699794, "f1_macro": 0.7219763444272698, "pre_macro": 0.7603226847031739, "re_macro": 0.7168000000000001, "best_epoch": 1, "val_loss": 0.7610682651495478, "train_loss": 1.4154258471854189}
{"epoch": 2, "val_accuracy": 0.7550756369426752, "train_accuracy": 0.8103628424887962, "f1_macro": 0.7612489553714388, "pre_macro": 0.7990079340714018, "re_macro": 0.7545, "best_epoch": 2, "val_loss": 0.6584604921614289, "train_loss": 0.9316551875560841}
{"epoch": 3, "val_accuracy": 0.7700039808917197, "train_accuracy": 0.8613696821192478, "f1_macro": 0.7772566596370247, "pre_macro": 0.8055290526390027, "re_macro": 0.7695000000000001, "best_epoch": 3, "val_loss": 0.6180527206439121, "train_loss": 0.803758717597799}
{"epoch": 4, "val_accuracy": 0.7982683121019108, "train_accuracy": 0.877944530324733, "f1_macro": 0.8024653341101523, "pre_macro": 0.812627895782885, "re_macro": 0.7979, "best_epoch": 4, "val_loss": 0.5639526422616024, "train_loss": 0.7378466978986212}
{"epoch": 5, "val_accuracy": 0.7991640127388535, "train_accuracy": 0.8958016722760302, "f1_macro": 0.8018307209604709, "pre_macro": 0.809924046522303, "re_macro": 0.7991, "best_epoch": 5, "val_loss": 0.5599984348199929, "train_loss": 0.686643677823087}
{"epoch": 6, "val_accuracy": 0.7983678343949044, "train_accuracy": 0.9257218850419876, "f1_macro": 0.8018947152188727, "pre_macro": 0.8137420633641597, "re_macro": 0.798, "best_epoch": 5, "val_loss": 0.5598426313157294, "train_loss": 0.6382842799450489}
{"epoch": 7, "val_accuracy": 0.8004578025477707, "train_accuracy": 0.9346504566517282, "f1_macro": 0.8044091353700358, "pre_macro": 0.8152271718034498, "re_macro": 0.8000999999999999, "best_epoch": 7, "val_loss": 0.5565434849945603, "train_loss": 0.6102157894601213}
{"epoch": 8, "val_accuracy": 0.8057324840764332, "train_accuracy": 0.9453362467441153, "f1_macro": 0.8073610002219072, "pre_macro": 0.8123175997230263, "re_macro": 0.8054, "best_epoch": 8, "val_loss": 0.5471927654591335, "train_loss": 0.5870317626506725}
{"epoch": 9, "val_accuracy": 0.806827229299363, "train_accuracy": 0.9543598027939492, "f1_macro": 0.8073435980090901, "pre_macro": 0.8114003470040192, "re_macro": 0.8068, "best_epoch": 9, "val_loss": 0.5491432042638208, "train_loss": 0.568136049077866}
{"epoch": 10, "val_accuracy": 0.8062300955414012, "train_accuracy": 0.9556895900279918, "f1_macro": 0.8067191667840694, "pre_macro": 0.8112374194429286, "re_macro": 0.8059, "best_epoch": 9, "val_loss": 0.5512627437236203, "train_loss": 0.5548166715084238}
{"epoch": 11, "val_accuracy": 0.8054339171974523, "train_accuracy": 0.961008738964162, "f1_macro": 0.8062464155953748, "pre_macro": 0.8109092843911363, "re_macro": 0.8054, "best_epoch": 9, "val_loss": 0.5480970785875988, "train_loss": 0.5434248333281659}
{"epoch": 12, "val_accuracy": 0.8075238853503185, "train_accuracy": 0.9636683134322471, "f1_macro": 0.8081597570497069, "pre_macro": 0.8120957477543864, "re_macro": 0.8074999999999999, "best_epoch": 12, "val_loss": 0.5459744269680825, "train_loss": 0.5342228127286789}
{"epoch": 13, "val_accuracy": 0.8083200636942676, "train_accuracy": 0.9673252283258641, "f1_macro": 0.808526332832473, "pre_macro": 0.8113364691365247, "re_macro": 0.8083000000000002, "best_epoch": 13, "val_loss": 0.5428599975291332, "train_loss": 0.5270574942548224}
{"epoch": 14, "val_accuracy": 0.8086186305732485, "train_accuracy": 0.9703647430906904, "f1_macro": 0.8085737118220324, "pre_macro": 0.8103061313482233, "re_macro": 0.8086, "best_epoch": 14, "val_loss": 0.539411311316642, "train_loss": 0.5209186159549876}
{"epoch": 15, "val_accuracy": 0.809812898089172, "train_accuracy": 0.9727393617021277, "f1_macro": 0.8095396192521707, "pre_macro": 0.8105044695331257, "re_macro": 0.8098000000000001, "best_epoch": 15, "val_loss": 0.53693239438306, "train_loss": 0.514792984470408}
{"epoch": 16, "val_accuracy": 0.8105095541401274, "train_accuracy": 0.9747340425531915, "f1_macro": 0.8101907514411069, "pre_macro": 0.810859351827126, "re_macro": 0.8105, "best_epoch": 16, "val_loss": 0.5352960593381505, "train_loss": 0.5093661591093591}
{"epoch": 17, "val_accuracy": 0.8104100318471338, "train_accuracy": 0.9767287234042553, "f1_macro": 0.8101752248997999, "pre_macro": 0.8107333666754399, "re_macro": 0.8104000000000001, "best_epoch": 16, "val_loss": 0.5344732540428259, "train_loss": 0.5050080856110187}
{"epoch": 18, "val_accuracy": 0.8105095541401274, "train_accuracy": 0.9783909574468085, "f1_macro": 0.8104161686646346, "pre_macro": 0.8110038080333544, "re_macro": 0.8105, "best_epoch": 16, "val_loss": 0.5341074595785444, "train_loss": 0.5016854272243825}
{"epoch": 19, "val_accuracy": 0.8103105095541401, "train_accuracy": 0.9793882978723404, "f1_macro": 0.8102626218946195, "pre_macro": 0.8108380354472535, "re_macro": 0.8103000000000001, "best_epoch": 16, "val_loss": 0.5339353283879104, "train_loss": 0.4991743266582489}
{"epoch": 20, "val_accuracy": 0.8105095541401274, "train_accuracy": 0.979720744680851, "f1_macro": 0.8105541130919945, "pre_macro": 0.8111893126819423, "re_macro": 0.8105, "best_epoch": 16, "val_loss": 0.5338502604110985, "train_loss": 0.4972421596658991}
{"epoch": 21, "val_accuracy": 0.8103105095541401, "train_accuracy": 0.9803856382978723, "f1_macro": 0.81038002500496, "pre_macro": 0.8109979886348772, "re_macro": 0.8103, "best_epoch": 16, "val_loss": 0.5338081165104155, "train_loss": 0.49573261750505326}
{"epoch": 22, "val_accuracy": 0.8103105095541401, "train_accuracy": 0.980718085106383, "f1_macro": 0.810421092981219, "pre_macro": 0.8110753686007968, "re_macro": 0.8103, "best_epoch": 16, "val_loss": 0.5337879792520195, "train_loss": 0.49454123542663897}
{"epoch": 23, "val_accuracy": 0.8105095541401274, "train_accuracy": 0.980718085106383, "f1_macro": 0.8106456555167527, "pre_macro": 0.8113241172153931, "re_macro": 0.8105, "best_epoch": 16, "val_loss": 0.5337793828955122, "train_loss": 0.4935942495122869}
{"epoch": 24, "val_accuracy": 0.810609076433121, "train_accuracy": 0.9810505319148937, "f1_macro": 0.8107489305126908, "pre_macro": 0.8114136364468617, "re_macro": 0.8106, "best_epoch": 24, "val_loss": 0.5337768062284798, "train_loss": 0.4928377714562923}
{"epoch": 25, "val_accuracy": 0.8105095541401274, "train_accuracy": 0.9810505319148937, "f1_macro": 0.8106814048660507, "pre_macro": 0.8113714040162341, "re_macro": 0.8105, "best_epoch": 24, "val_loss": 0.5337773364061004, "train_loss": 0.49223132336393316}
{"training time": 34.72178053855896}
