{"epoch": 1, "val_accuracy": 0.805234872611465, "train_accuracy": 0.7652039007937654, "f1_macro": 0.8013320388636572, "pre_macro": 0.8102623567283089, "re_macro": 0.8052000000000001, "best_epoch": 1, "val_loss": 0.5436157003329818, "train_loss": 1.031892561405263}
{"epoch": 2, "val_accuracy": 0.8116042993630573, "train_accuracy": 0.8426861702127659, "f1_macro": 0.8090439136910721, "pre_macro": 0.8196276507566035, "re_macro": 0.8119, "best_epoch": 2, "val_loss": 0.5294339770724059, "train_loss": 0.7827365408552454}
{"epoch": 3, "val_accuracy": 0.8084195859872612, "train_accuracy": 0.8664893617021276, "f1_macro": 0.8047033740357795, "pre_macro": 0.8201428961856128, "re_macro": 0.8087, "best_epoch": 2, "val_loss": 0.5379463177957352, "train_loss": 0.6921522509544453}
{"epoch": 4, "val_accuracy": 0.8109076433121019, "train_accuracy": 0.8824689718002968, "f1_macro": 0.8075753431175823, "pre_macro": 0.8222724669519341, "re_macro": 0.8112, "best_epoch": 2, "val_loss": 0.5233137140608137, "train_loss": 0.6294743223393217}
{"epoch": 5, "val_accuracy": 0.8205613057324841, "train_accuracy": 0.8963652483960416, "f1_macro": 0.8178400639100485, "pre_macro": 0.8272430218609909, "re_macro": 0.8209, "best_epoch": 5, "val_loss": 0.4988465954543679, "train_loss": 0.5847910245682331}
{"epoch": 6, "val_accuracy": 0.8212579617834395, "train_accuracy": 0.904410461161999, "f1_macro": 0.8191867898482537, "pre_macro": 0.8280803122377769, "re_macro": 0.8216000000000001, "best_epoch": 6, "val_loss": 0.49062922539984344, "train_loss": 0.5513050580278356}
{"epoch": 7, "val_accuracy": 0.8246417197452229, "train_accuracy": 0.9103280143534883, "f1_macro": 0.8230457649455902, "pre_macro": 0.8293620343170754, "re_macro": 0.8247, "best_epoch": 7, "val_loss": 0.4803777561066257, "train_loss": 0.5254656824659794}
{"epoch": 8, "val_accuracy": 0.8290207006369427, "train_accuracy": 0.91850620584285, "f1_macro": 0.8277909274089332, "pre_macro": 0.8316648659978542, "re_macro": 0.8291000000000001, "best_epoch": 8, "val_loss": 0.4725261590663035, "train_loss": 0.505232338702425}
{"epoch": 9, "val_accuracy": 0.8333001592356688, "train_accuracy": 0.925221631374765, "f1_macro": 0.8316449511304655, "pre_macro": 0.8336624333081705, "re_macro": 0.8331000000000002, "best_epoch": 9, "val_loss": 0.4647316777022781, "train_loss": 0.489933982428084}
{"epoch": 10, "val_accuracy": 0.8369824840764332, "train_accuracy": 0.9301418441407224, "f1_macro": 0.8353448915285571, "pre_macro": 0.8363490315591845, "re_macro": 0.8365, "best_epoch": 10, "val_loss": 0.458216152942864, "train_loss": 0.4759702777608912}
{"epoch": 11, "val_accuracy": 0.8371815286624203, "train_accuracy": 0.9337322696726373, "f1_macro": 0.8355122375635649, "pre_macro": 0.8359362910155113, "re_macro": 0.8367000000000001, "best_epoch": 11, "val_loss": 0.45458051733150606, "train_loss": 0.46379787617541374}
{"epoch": 12, "val_accuracy": 0.8393710191082803, "train_accuracy": 0.9373891845662543, "f1_macro": 0.8373903605204867, "pre_macro": 0.8375447666648872, "re_macro": 0.8389, "best_epoch": 12, "val_loss": 0.4529241556954232, "train_loss": 0.4542120161208701}
{"epoch": 13, "val_accuracy": 0.8406648089171974, "train_accuracy": 0.940913120736467, "f1_macro": 0.8382909527579091, "pre_macro": 0.8382839330890535, "re_macro": 0.8402, "best_epoch": 13, "val_loss": 0.45225059093943065, "train_loss": 0.4462534801757082}
{"epoch": 14, "val_accuracy": 0.8409633757961783, "train_accuracy": 0.9441046100981692, "f1_macro": 0.8385042050589279, "pre_macro": 0.8385452684786088, "re_macro": 0.8404999999999999, "best_epoch": 14, "val_loss": 0.4515127003382725, "train_loss": 0.4397700172789553}
{"epoch": 15, "val_accuracy": 0.8411624203821656, "train_accuracy": 0.9455008866939139, "f1_macro": 0.8388994664450063, "pre_macro": 0.8387670527305204, "re_macro": 0.8406999999999998, "best_epoch": 15, "val_loss": 0.45037116584884135, "train_loss": 0.43486013830976283}
{"epoch": 16, "val_accuracy": 0.8413614649681529, "train_accuracy": 0.9472296100981692, "f1_macro": 0.8394361972131531, "pre_macro": 0.8392441614458745, "re_macro": 0.8409000000000001, "best_epoch": 16, "val_loss": 0.44922476874035633, "train_loss": 0.43072509106169354}
{"epoch": 17, "val_accuracy": 0.8425557324840764, "train_accuracy": 0.9482934398854033, "f1_macro": 0.8409613600129081, "pre_macro": 0.8407565754575497, "re_macro": 0.8421, "best_epoch": 17, "val_loss": 0.4483370083342692, "train_loss": 0.42741225539369787}
{"epoch": 18, "val_accuracy": 0.8417595541401274, "train_accuracy": 0.9490248228641267, "f1_macro": 0.840363513386562, "pre_macro": 0.8400908057579939, "re_macro": 0.8413, "best_epoch": 17, "val_loss": 0.44784061487313287, "train_loss": 0.4248485996368084}
{"epoch": 19, "val_accuracy": 0.8415605095541401, "train_accuracy": 0.9494237590343394, "f1_macro": 0.8404081796875247, "pre_macro": 0.8402246140935038, "re_macro": 0.8411, "best_epoch": 17, "val_loss": 0.44763942841131976, "train_loss": 0.4228045491462058}
{"epoch": 20, "val_accuracy": 0.8413614649681529, "train_accuracy": 0.9504210994598713, "f1_macro": 0.8403633367270636, "pre_macro": 0.8402438634113674, "re_macro": 0.8408999999999999, "best_epoch": 17, "val_loss": 0.44757251299110945, "train_loss": 0.4210671696257084}
{"epoch": 21, "val_accuracy": 0.8413614649681529, "train_accuracy": 0.951285461161999, "f1_macro": 0.840486953428931, "pre_macro": 0.8404292907749781, "re_macro": 0.8409000000000001, "best_epoch": 17, "val_loss": 0.44753529264289105, "train_loss": 0.4195070922374725}
{"epoch": 22, "val_accuracy": 0.841859076433121, "train_accuracy": 0.9524157803109352, "f1_macro": 0.8410394126919041, "pre_macro": 0.8410117074083722, "re_macro": 0.8413999999999999, "best_epoch": 17, "val_loss": 0.4474927113883814, "train_loss": 0.4181044298283597}
{"epoch": 23, "val_accuracy": 0.8415605095541401, "train_accuracy": 0.9534796100981692, "f1_macro": 0.8407493782386734, "pre_macro": 0.8407390497074669, "re_macro": 0.8411, "best_epoch": 17, "val_loss": 0.4474482302832755, "train_loss": 0.4168751284163049}
{"epoch": 24, "val_accuracy": 0.8421576433121019, "train_accuracy": 0.9541445037151904, "f1_macro": 0.8413298485692273, "pre_macro": 0.8413056688863589, "re_macro": 0.8417, "best_epoch": 17, "val_loss": 0.44741934348063866, "train_loss": 0.41582467226271935}
{"epoch": 25, "val_accuracy": 0.8419585987261147, "train_accuracy": 0.9548758866939139, "f1_macro": 0.841136029491078, "pre_macro": 0.8411443240126907, "re_macro": 0.8415000000000001, "best_epoch": 17, "val_loss": 0.4474196839294616, "train_loss": 0.41493954468280714}
{"training time": 75.96359753608704}
