{"epoch": 100, "loss": 7770.98681640625}
{"epoch": 200, "loss": 7764.52587890625}
{"epoch": 300, "loss": 7756.884765625}
{"epoch": 400, "loss": 7747.6357421875}
{"epoch": 500, "loss": 7736.4599609375}
{"epoch": 600, "loss": 7728.03662109375}
{"epoch": 700, "loss": 7719.3916015625}
{"epoch": 800, "loss": 7711.33056640625}
{"epoch": 900, "loss": 7701.78759765625}
{"epoch": 1000, "loss": 7692.7841796875}
{"training_time:": "4.0581s", "final_loss": 7692.7841796875}
