{"epoch": 1, "val_accuracy": 0.8102109872611465, "train_accuracy": 0.7825797872340425, "f1_macro": 0.8062877497676559, "pre_macro": 0.8242171494552301, "re_macro": 0.8105, "best_epoch": 1, "val_loss": 0.5506675395236653, "train_loss": 0.6707266638887689}
{"epoch": 2, "val_accuracy": 0.8168789808917197, "train_accuracy": 0.8471852837724888, "f1_macro": 0.8144199832543023, "pre_macro": 0.8295880787065197, "re_macro": 0.8169000000000001, "best_epoch": 2, "val_loss": 0.5140036783020967, "train_loss": 0.4894595965426019}
{"epoch": 3, "val_accuracy": 0.8382762738853503, "train_accuracy": 0.8712765957446809, "f1_macro": 0.8363012836817122, "pre_macro": 0.8443114834922232, "re_macro": 0.8384, "best_epoch": 3, "val_loss": 0.458302953630496, "train_loss": 0.4218399338899775}
{"epoch": 4, "val_accuracy": 0.8433519108280255, "train_accuracy": 0.8849069148936171, "f1_macro": 0.8411822194112346, "pre_macro": 0.8473609255838619, "re_macro": 0.8435, "best_epoch": 4, "val_loss": 0.4459300055435509, "train_loss": 0.38369538885481813}
{"epoch": 5, "val_accuracy": 0.8481289808917197, "train_accuracy": 0.8971409574468086, "f1_macro": 0.8459083555211665, "pre_macro": 0.8510702431933546, "re_macro": 0.8479999999999999, "best_epoch": 5, "val_loss": 0.43059386208558537, "train_loss": 0.3520547277749853}
{"epoch": 6, "val_accuracy": 0.8507165605095541, "train_accuracy": 0.9073803191489361, "f1_macro": 0.8479170559792826, "pre_macro": 0.8534455772496866, "re_macro": 0.8506, "best_epoch": 6, "val_loss": 0.4264692408833534, "train_loss": 0.3266609342174327}
{"epoch": 7, "val_accuracy": 0.8557921974522293, "train_accuracy": 0.9154698582405739, "f1_macro": 0.8537406588508917, "pre_macro": 0.8578541398062391, "re_macro": 0.8557, "best_epoch": 7, "val_loss": 0.42266698466364744, "train_loss": 0.3050001974435563}
{"epoch": 8, "val_accuracy": 0.8609673566878981, "train_accuracy": 0.922783688027808, "f1_macro": 0.8593229985288536, "pre_macro": 0.8616310973938319, "re_macro": 0.8609, "best_epoch": 8, "val_loss": 0.41356023282382137, "train_loss": 0.2867367204199446}
{"epoch": 9, "val_accuracy": 0.8615644904458599, "train_accuracy": 0.9284352837724889, "f1_macro": 0.8596897958322487, "pre_macro": 0.8610138976640774, "re_macro": 0.8612, "best_epoch": 9, "val_loss": 0.408293071730881, "train_loss": 0.2715208865226583}
{"epoch": 10, "val_accuracy": 0.8613654458598726, "train_accuracy": 0.9338209220703612, "f1_macro": 0.8596087943981701, "pre_macro": 0.8607530214068092, "re_macro": 0.861, "best_epoch": 9, "val_loss": 0.4090961677253626, "train_loss": 0.2597858966665065}
{"epoch": 11, "val_accuracy": 0.8617635350318471, "train_accuracy": 0.9384530143534884, "f1_macro": 0.8600930256629624, "pre_macro": 0.8609216192985173, "re_macro": 0.8613999999999999, "best_epoch": 11, "val_loss": 0.4049855547535951, "train_loss": 0.24980870567737742}
{"epoch": 12, "val_accuracy": 0.8621616242038217, "train_accuracy": 0.9409796100981692, "f1_macro": 0.8605946879143479, "pre_macro": 0.861259654654828, "re_macro": 0.8615, "best_epoch": 12, "val_loss": 0.4031824952667686, "train_loss": 0.24109401753608217}
{"epoch": 13, "val_accuracy": 0.8613654458598726, "train_accuracy": 0.9445700356300841, "f1_macro": 0.8598923928683171, "pre_macro": 0.8602582005040871, "re_macro": 0.861, "best_epoch": 12, "val_loss": 0.40166864928546225, "train_loss": 0.234017469337646}
{"epoch": 14, "val_accuracy": 0.8621616242038217, "train_accuracy": 0.9468971632896586, "f1_macro": 0.8605429862742537, "pre_macro": 0.860775046368188, "re_macro": 0.8615, "best_epoch": 12, "val_loss": 0.4003142658502433, "train_loss": 0.228036437896972}
{"epoch": 15, "val_accuracy": 0.8624601910828026, "train_accuracy": 0.9490248228641267, "f1_macro": 0.8607605931517615, "pre_macro": 0.8609004824255223, "re_macro": 0.8618, "best_epoch": 15, "val_loss": 0.398943934186249, "train_loss": 0.22270426055852402}
{"epoch": 16, "val_accuracy": 0.8632563694267515, "train_accuracy": 0.9504210994598713, "f1_macro": 0.8619998944813677, "pre_macro": 0.8619421589610983, "re_macro": 0.8629, "best_epoch": 16, "val_loss": 0.39740835481388553, "train_loss": 0.21809486207809853}
{"epoch": 17, "val_accuracy": 0.8638535031847133, "train_accuracy": 0.9525487590343394, "f1_macro": 0.8626946597771055, "pre_macro": 0.8625935580522016, "re_macro": 0.8634999999999999, "best_epoch": 17, "val_loss": 0.3966920742183734, "train_loss": 0.21422920347528254}
{"epoch": 18, "val_accuracy": 0.8643511146496815, "train_accuracy": 0.9542774824385948, "f1_macro": 0.8632352596253348, "pre_macro": 0.863125039044243, "re_macro": 0.8640000000000001, "best_epoch": 18, "val_loss": 0.3962406399333553, "train_loss": 0.21106076871461057}
{"epoch": 19, "val_accuracy": 0.8655453821656051, "train_accuracy": 0.9556072696726373, "f1_macro": 0.8648793489832733, "pre_macro": 0.8647056653972006, "re_macro": 0.8654999999999999, "best_epoch": 19, "val_loss": 0.3956830295597672, "train_loss": 0.20845277356974623}
{"epoch": 20, "val_accuracy": 0.8668391719745223, "train_accuracy": 0.956538120736467, "f1_macro": 0.8663867868901007, "pre_macro": 0.8662568603216748, "re_macro": 0.8667999999999999, "best_epoch": 20, "val_loss": 0.39513844014353056, "train_loss": 0.20628132182866968}
{"epoch": 21, "val_accuracy": 0.8665406050955414, "train_accuracy": 0.957535461161999, "f1_macro": 0.8662632402441576, "pre_macro": 0.8661888860936504, "re_macro": 0.8664999999999999, "best_epoch": 20, "val_loss": 0.39477705718225736, "train_loss": 0.20446526243331584}
{"epoch": 22, "val_accuracy": 0.8665406050955414, "train_accuracy": 0.9583333335024246, "f1_macro": 0.8663423962907719, "pre_macro": 0.8663034023216648, "re_macro": 0.8664999999999999, "best_epoch": 20, "val_loss": 0.3945849844414717, "train_loss": 0.20294687098011058}
{"epoch": 23, "val_accuracy": 0.8664410828025477, "train_accuracy": 0.9588652483960416, "f1_macro": 0.8663009887570885, "pre_macro": 0.866290687295681, "re_macro": 0.8664, "best_epoch": 20, "val_loss": 0.39448999494883663, "train_loss": 0.2016854928846055}
{"epoch": 24, "val_accuracy": 0.8665406050955414, "train_accuracy": 0.9597296100981692, "f1_macro": 0.8664353296536534, "pre_macro": 0.8664529541175086, "re_macro": 0.8664999999999999, "best_epoch": 20, "val_loss": 0.3944463883615603, "train_loss": 0.20064592180733984}
{"epoch": 25, "val_accuracy": 0.866640127388535, "train_accuracy": 0.9599955675449777, "f1_macro": 0.8665359924857423, "pre_macro": 0.8665612248389521, "re_macro": 0.8665999999999998, "best_epoch": 20, "val_loss": 0.3944384319956895, "train_loss": 0.1997947303538627}
{"training time": 108.61675572395325}
