{"epoch": 1, "val_accuracy": 0.8342953821656051, "train_accuracy": 0.8193803267045454, "f1_macro": 0.8327900007610578, "pre_macro": 0.8362066022043531, "re_macro": 0.8335000000000001, "best_epoch": 1, "val_loss": 0.46330493128603434, "train_loss": 0.5792484446428716}
{"epoch": 2, "val_accuracy": 0.839968152866242, "train_accuracy": 0.8664772727272727, "f1_macro": 0.8393263612516011, "pre_macro": 0.8442804452022333, "re_macro": 0.8392, "best_epoch": 2, "val_loss": 0.44145339518595655, "train_loss": 0.43726973785934126}
{"epoch": 3, "val_accuracy": 0.8501194267515924, "train_accuracy": 0.883056640625, "f1_macro": 0.8497885307669429, "pre_macro": 0.8549702671553001, "re_macro": 0.8493999999999999, "best_epoch": 3, "val_loss": 0.42120122330583587, "train_loss": 0.38687595386396756}
{"epoch": 4, "val_accuracy": 0.8511146496815286, "train_accuracy": 0.8944424715909091, "f1_macro": 0.851275275732377, "pre_macro": 0.857528350496243, "re_macro": 0.8503999999999999, "best_epoch": 4, "val_loss": 0.41990023663943743, "train_loss": 0.35483260080218315}
{"epoch": 5, "val_accuracy": 0.8600716560509554, "train_accuracy": 0.9041637073863636, "f1_macro": 0.8600291144828441, "pre_macro": 0.8642949942000774, "re_macro": 0.8593999999999999, "best_epoch": 5, "val_loss": 0.3949813788199121, "train_loss": 0.32979499819603836}
{"epoch": 6, "val_accuracy": 0.865843949044586, "train_accuracy": 0.9115545099431818, "f1_macro": 0.8657163659500569, "pre_macro": 0.8678581205572948, "re_macro": 0.8652, "best_epoch": 6, "val_loss": 0.37264444541399644, "train_loss": 0.31094492643817584}
{"epoch": 7, "val_accuracy": 0.8696257961783439, "train_accuracy": 0.9171475497159091, "f1_macro": 0.8692585506530565, "pre_macro": 0.87038018321192, "re_macro": 0.8690000000000001, "best_epoch": 7, "val_loss": 0.361732717627173, "train_loss": 0.29463831925849343}
{"epoch": 8, "val_accuracy": 0.8753980891719745, "train_accuracy": 0.9218971946022727, "f1_macro": 0.8750668906112382, "pre_macro": 0.8760357845283506, "re_macro": 0.8748000000000001, "best_epoch": 8, "val_loss": 0.35320464718588596, "train_loss": 0.28131045296322554}
{"epoch": 9, "val_accuracy": 0.8779856687898089, "train_accuracy": 0.9252041903409091, "f1_macro": 0.8776058887834175, "pre_macro": 0.8786183018509235, "re_macro": 0.8774, "best_epoch": 9, "val_loss": 0.350926417525217, "train_loss": 0.27043447768400336}
{"epoch": 10, "val_accuracy": 0.8802746815286624, "train_accuracy": 0.9287997159090909, "f1_macro": 0.8799599091067147, "pre_macro": 0.8809128248836577, "re_macro": 0.8797, "best_epoch": 10, "val_loss": 0.34511273191755365, "train_loss": 0.26134461466096004}
{"epoch": 11, "val_accuracy": 0.8821656050955414, "train_accuracy": 0.93212890625, "f1_macro": 0.8819544779019235, "pre_macro": 0.8827836819785148, "re_macro": 0.8815999999999999, "best_epoch": 11, "val_loss": 0.3410990221936042, "train_loss": 0.25375336003278126}
{"epoch": 12, "val_accuracy": 0.8828622611464968, "train_accuracy": 0.9349920099431818, "f1_macro": 0.8826997400171169, "pre_macro": 0.8836396220086632, "re_macro": 0.8823000000000001, "best_epoch": 12, "val_loss": 0.33899349021683833, "train_loss": 0.24690803831485522}
{"epoch": 13, "val_accuracy": 0.8845541401273885, "train_accuracy": 0.9373890269886364, "f1_macro": 0.8844073036900708, "pre_macro": 0.8854013554915229, "re_macro": 0.884, "best_epoch": 13, "val_loss": 0.3363225068897009, "train_loss": 0.24085488667796282}
{"epoch": 14, "val_accuracy": 0.8852507961783439, "train_accuracy": 0.9395197088068182, "f1_macro": 0.8849913259097117, "pre_macro": 0.8858811659282628, "re_macro": 0.8846999999999999, "best_epoch": 14, "val_loss": 0.3342902228046375, "train_loss": 0.2357021356530657}
{"epoch": 15, "val_accuracy": 0.8851512738853503, "train_accuracy": 0.9410289417613636, "f1_macro": 0.8848159933937769, "pre_macro": 0.8856016102657055, "re_macro": 0.8846, "best_epoch": 14, "val_loss": 0.33230079203891527, "train_loss": 0.23148458611897446}
{"epoch": 16, "val_accuracy": 0.8851512738853503, "train_accuracy": 0.9427601207386364, "f1_macro": 0.8847604951079058, "pre_macro": 0.8854205054521911, "re_macro": 0.8846, "best_epoch": 14, "val_loss": 0.33074385128250927, "train_loss": 0.2280498247974637}
{"epoch": 17, "val_accuracy": 0.8853503184713376, "train_accuracy": 0.9439142400568182, "f1_macro": 0.8849139573099276, "pre_macro": 0.8853878348035338, "re_macro": 0.8848, "best_epoch": 17, "val_loss": 0.32939197545408444, "train_loss": 0.2252419172278182}
{"epoch": 18, "val_accuracy": 0.8852507961783439, "train_accuracy": 0.9447132457386364, "f1_macro": 0.8847835819239274, "pre_macro": 0.885109126127334, "re_macro": 0.8846999999999999, "best_epoch": 17, "val_loss": 0.3282791588004607, "train_loss": 0.22295646863693203}
{"epoch": 19, "val_accuracy": 0.8858479299363057, "train_accuracy": 0.9454456676136364, "f1_macro": 0.885282846782177, "pre_macro": 0.885462773123785, "re_macro": 0.8853, "best_epoch": 19, "val_loss": 0.32740220178369506, "train_loss": 0.2210931852989068}
{"epoch": 20, "val_accuracy": 0.8859474522292994, "train_accuracy": 0.9463778409090909, "f1_macro": 0.8853118257666279, "pre_macro": 0.8854251673375317, "re_macro": 0.8854, "best_epoch": 20, "val_loss": 0.3267562848984436, "train_loss": 0.21957585154185918}
{"epoch": 21, "val_accuracy": 0.8851512738853503, "train_accuracy": 0.9470658735795454, "f1_macro": 0.8844634899849602, "pre_macro": 0.8845454949973582, "re_macro": 0.8846, "best_epoch": 20, "val_loss": 0.32632396531522656, "train_loss": 0.21833834230942142}
{"epoch": 22, "val_accuracy": 0.8854498407643312, "train_accuracy": 0.9476429332386364, "f1_macro": 0.8847349842981886, "pre_macro": 0.8848165539891631, "re_macro": 0.8849, "best_epoch": 20, "val_loss": 0.3260563313961029, "train_loss": 0.2173236832022667}
{"epoch": 23, "val_accuracy": 0.8856488853503185, "train_accuracy": 0.9482865767045454, "f1_macro": 0.8849182231670278, "pre_macro": 0.8850056395639789, "re_macro": 0.8851000000000001, "best_epoch": 20, "val_loss": 0.32588015641471385, "train_loss": 0.2164879968199371}
{"epoch": 24, "val_accuracy": 0.8856488853503185, "train_accuracy": 0.9484197443181818, "f1_macro": 0.8849060068603718, "pre_macro": 0.8849720582436931, "re_macro": 0.8851000000000001, "best_epoch": 20, "val_loss": 0.3257332269315887, "train_loss": 0.21579958284697073}
{"epoch": 25, "val_accuracy": 0.8859474522292994, "train_accuracy": 0.9484419389204546, "f1_macro": 0.8852086308074524, "pre_macro": 0.8852630587572218, "re_macro": 0.8854000000000001, "best_epoch": 20, "val_loss": 0.3255863579429069, "train_loss": 0.21523460994516921}
{"training time": 282.8613088130951}
