{"epoch": 1, "val_accuracy": 0.7463176751592356, "train_accuracy": 0.6588620822480384, "f1_macro": 0.7523282413441521, "pre_macro": 0.78603580244042, "re_macro": 0.746, "best_epoch": 1, "val_loss": 0.6849228954239256, "train_loss": 1.029014323620086}
{"epoch": 2, "val_accuracy": 0.7737858280254777, "train_accuracy": 0.8176766722760302, "f1_macro": 0.7792734028208324, "pre_macro": 0.8037303643689603, "re_macro": 0.7733, "best_epoch": 2, "val_loss": 0.6052498625721902, "train_loss": 0.5905123872959868}
{"epoch": 3, "val_accuracy": 0.7956807324840764, "train_accuracy": 0.8530110196864351, "f1_macro": 0.7996749981121932, "pre_macro": 0.8196224241851521, "re_macro": 0.7953, "best_epoch": 3, "val_loss": 0.5561787913179701, "train_loss": 0.49328369916753567}
{"epoch": 4, "val_accuracy": 0.7948845541401274, "train_accuracy": 0.8782294836450131, "f1_macro": 0.7999535734169474, "pre_macro": 0.8258202704935245, "re_macro": 0.7945, "best_epoch": 3, "val_loss": 0.555799385354777, "train_loss": 0.42114202519680594}
{"epoch": 5, "val_accuracy": 0.806031050955414, "train_accuracy": 0.8961816113045875, "f1_macro": 0.8102273011950121, "pre_macro": 0.8302252660756384, "re_macro": 0.8054, "best_epoch": 5, "val_loss": 0.5397556086254728, "train_loss": 0.37381657133711144}
{"epoch": 6, "val_accuracy": 0.8139928343949044, "train_accuracy": 0.9106193019988689, "f1_macro": 0.8176084727309016, "pre_macro": 0.8303299520498749, "re_macro": 0.8133999999999999, "best_epoch": 6, "val_loss": 0.5196827109072618, "train_loss": 0.34343337251784956}
{"epoch": 7, "val_accuracy": 0.8182722929936306, "train_accuracy": 0.9277165658930515, "f1_macro": 0.8214605573091184, "pre_macro": 0.8323524424903759, "re_macro": 0.8177, "best_epoch": 7, "val_loss": 0.5105126825677362, "train_loss": 0.3117169623679303}
{"epoch": 8, "val_accuracy": 0.8202627388535032, "train_accuracy": 0.9317059275951791, "f1_macro": 0.8230839874254041, "pre_macro": 0.832363792141401, "re_macro": 0.8197000000000001, "best_epoch": 8, "val_loss": 0.5050936054651904, "train_loss": 0.29161027898179726}
{"epoch": 9, "val_accuracy": 0.8249402866242038, "train_accuracy": 0.9369775843113026, "f1_macro": 0.826784307749121, "pre_macro": 0.832903363502916, "re_macro": 0.8247, "best_epoch": 9, "val_loss": 0.5018288289095946, "train_loss": 0.27520770753951784}
{"epoch": 10, "val_accuracy": 0.8251393312101911, "train_accuracy": 0.9399221133678517, "f1_macro": 0.8259708111856753, "pre_macro": 0.8297012264294841, "re_macro": 0.8251999999999999, "best_epoch": 10, "val_loss": 0.5028798223301104, "train_loss": 0.26483672159783384}
{"epoch": 11, "val_accuracy": 0.8280254777070064, "train_accuracy": 0.9449088154955113, "f1_macro": 0.8282804513932078, "pre_macro": 0.8307271698994209, "re_macro": 0.8280999999999998, "best_epoch": 11, "val_loss": 0.5001759285190303, "train_loss": 0.25337589801626004}
{"epoch": 12, "val_accuracy": 0.8285230891719745, "train_accuracy": 0.948898177197639, "f1_macro": 0.8290542009552648, "pre_macro": 0.8318881483831883, "re_macro": 0.8286000000000001, "best_epoch": 12, "val_loss": 0.4989261947050216, "train_loss": 0.24108312611884258}
{"epoch": 13, "val_accuracy": 0.8280254777070064, "train_accuracy": 0.9522226452827454, "f1_macro": 0.8286455252364208, "pre_macro": 0.8318098025878153, "re_macro": 0.8281000000000001, "best_epoch": 12, "val_loss": 0.49901254816799406, "train_loss": 0.22987468794305274}
{"epoch": 14, "val_accuracy": 0.8294187898089171, "train_accuracy": 0.9555946055878984, "f1_macro": 0.83009403253063, "pre_macro": 0.8328945613172873, "re_macro": 0.8295, "best_epoch": 14, "val_loss": 0.4984394498881261, "train_loss": 0.22117395318569022}
{"epoch": 15, "val_accuracy": 0.8289211783439491, "train_accuracy": 0.9589190736730048, "f1_macro": 0.8296873186982776, "pre_macro": 0.8320832619125641, "re_macro": 0.8290000000000001, "best_epoch": 14, "val_loss": 0.49720096901343885, "train_loss": 0.21474006106244756}
{"epoch": 16, "val_accuracy": 0.8284235668789809, "train_accuracy": 0.9622435417581112, "f1_macro": 0.8291472939002681, "pre_macro": 0.8308572954471412, "re_macro": 0.8285, "best_epoch": 14, "val_loss": 0.49546149439492804, "train_loss": 0.20958552747330766}
{"epoch": 17, "val_accuracy": 0.82921974522293, "train_accuracy": 0.9649506084462429, "f1_macro": 0.8297599952613985, "pre_macro": 0.8308950220640383, "re_macro": 0.8293000000000001, "best_epoch": 14, "val_loss": 0.49392909362057974, "train_loss": 0.20539430766663652}
{"epoch": 18, "val_accuracy": 0.8291202229299363, "train_accuracy": 0.9676576751343747, "f1_macro": 0.8295585154628646, "pre_macro": 0.830437370360583, "re_macro": 0.8291999999999999, "best_epoch": 14, "val_loss": 0.49307486006788387, "train_loss": 0.20191610588672312}
{"epoch": 19, "val_accuracy": 0.8297173566878981, "train_accuracy": 0.9686550155599066, "f1_macro": 0.8301005288814352, "pre_macro": 0.8308490336641439, "re_macro": 0.8298, "best_epoch": 19, "val_loss": 0.4927141967282933, "train_loss": 0.19908116440823737}
{"epoch": 20, "val_accuracy": 0.8296178343949044, "train_accuracy": 0.9696523559854385, "f1_macro": 0.830038146240061, "pre_macro": 0.8307999023365035, "re_macro": 0.8297000000000001, "best_epoch": 19, "val_loss": 0.49255884206219086, "train_loss": 0.19684155047573942}
{"epoch": 21, "val_accuracy": 0.8301154458598726, "train_accuracy": 0.9699848027939492, "f1_macro": 0.8305481673069715, "pre_macro": 0.8313079131127891, "re_macro": 0.8301999999999999, "best_epoch": 21, "val_loss": 0.4924947949731426, "train_loss": 0.19509657234587569}
{"epoch": 22, "val_accuracy": 0.8306130573248408, "train_accuracy": 0.9710296367077117, "f1_macro": 0.8310684032948543, "pre_macro": 0.8318217008180083, "re_macro": 0.8307, "best_epoch": 22, "val_loss": 0.49247733128678267, "train_loss": 0.1937330994517245}
{"epoch": 23, "val_accuracy": 0.8307125796178344, "train_accuracy": 0.9720269771332436, "f1_macro": 0.8311600759467599, "pre_macro": 0.8318917574299883, "re_macro": 0.8308, "best_epoch": 23, "val_loss": 0.4924828830608137, "train_loss": 0.19266019444516364}
{"epoch": 24, "val_accuracy": 0.8305135350318471, "train_accuracy": 0.9720269771332436, "f1_macro": 0.8309734614501737, "pre_macro": 0.8317058327747807, "re_macro": 0.8306000000000001, "best_epoch": 23, "val_loss": 0.49249896881686656, "train_loss": 0.19181112374397033}
{"epoch": 25, "val_accuracy": 0.8307125796178344, "train_accuracy": 0.9723594239417542, "f1_macro": 0.8312038493727082, "pre_macro": 0.8319604651552048, "re_macro": 0.8308, "best_epoch": 23, "val_loss": 0.4925189095128114, "train_loss": 0.19113640566455556}
{"training time": 47.315922260284424}
