{"epoch": 1, "val_accuracy": 0.845640923566879, "train_accuracy": 0.826126066098081, "f1_macro": 0.8434743170070215, "pre_macro": 0.8479857663031865, "re_macro": 0.8452, "best_epoch": 1, "val_loss": 0.438804666137999, "train_loss": 0.5578687034849165}
{"epoch": 2, "val_accuracy": 0.8543988853503185, "train_accuracy": 0.8707855810234542, "f1_macro": 0.8524775230705078, "pre_macro": 0.8589072783853048, "re_macro": 0.8540000000000001, "best_epoch": 2, "val_loss": 0.40868983764177674, "train_loss": 0.42550845379069413}
{"epoch": 3, "val_accuracy": 0.8572850318471338, "train_accuracy": 0.8856443230277186, "f1_macro": 0.8543220218305931, "pre_macro": 0.8574956424801936, "re_macro": 0.8568999999999999, "best_epoch": 3, "val_loss": 0.3983808659064542, "train_loss": 0.38196929974723726}
{"epoch": 4, "val_accuracy": 0.8630573248407644, "train_accuracy": 0.8948061034115139, "f1_macro": 0.8604402880566692, "pre_macro": 0.8612856006365932, "re_macro": 0.8627, "best_epoch": 4, "val_loss": 0.3783256674458267, "train_loss": 0.35195553394904266}
{"epoch": 5, "val_accuracy": 0.8667396496815286, "train_accuracy": 0.9036014125799574, "f1_macro": 0.8644758508938487, "pre_macro": 0.8658534029447147, "re_macro": 0.8664, "best_epoch": 5, "val_loss": 0.3682406003687792, "train_loss": 0.32969128975926687}
{"epoch": 6, "val_accuracy": 0.8719148089171974, "train_accuracy": 0.9107975746268657, "f1_macro": 0.869808096351159, "pre_macro": 0.871468515795612, "re_macro": 0.8715999999999999, "best_epoch": 6, "val_loss": 0.35589618653438654, "train_loss": 0.31080149142726904}
{"epoch": 7, "val_accuracy": 0.8753980891719745, "train_accuracy": 0.9164445628997868, "f1_macro": 0.8728643251588458, "pre_macro": 0.8750044205592504, "re_macro": 0.8747999999999999, "best_epoch": 7, "val_loss": 0.35175914986498036, "train_loss": 0.29570861553141814}
{"epoch": 8, "val_accuracy": 0.8766918789808917, "train_accuracy": 0.9209255063965884, "f1_macro": 0.8740514583467054, "pre_macro": 0.8768154795240146, "re_macro": 0.8760999999999999, "best_epoch": 8, "val_loss": 0.3449702392907659, "train_loss": 0.2838259047425505}
{"epoch": 9, "val_accuracy": 0.8804737261146497, "train_accuracy": 0.9244236407249466, "f1_macro": 0.8783144900577728, "pre_macro": 0.8802985033403031, "re_macro": 0.8798999999999999, "best_epoch": 9, "val_loss": 0.33718784499889726, "train_loss": 0.2729535457263115}
{"epoch": 10, "val_accuracy": 0.8823646496815286, "train_accuracy": 0.9280716950959488, "f1_macro": 0.8802245883670083, "pre_macro": 0.8823234970977835, "re_macro": 0.8817999999999999, "best_epoch": 10, "val_loss": 0.33386161572234646, "train_loss": 0.26419675336686027}
{"epoch": 11, "val_accuracy": 0.8838574840764332, "train_accuracy": 0.9308035714285714, "f1_macro": 0.8819831462903803, "pre_macro": 0.8839700890491302, "re_macro": 0.8832999999999999, "best_epoch": 11, "val_loss": 0.33123384297463543, "train_loss": 0.2564023343135299}
{"epoch": 12, "val_accuracy": 0.884952229299363, "train_accuracy": 0.93346881663113, "f1_macro": 0.8834871575064895, "pre_macro": 0.8848541396768749, "re_macro": 0.8844, "best_epoch": 12, "val_loss": 0.3293661927911127, "train_loss": 0.24988056518343973}
{"epoch": 13, "val_accuracy": 0.8865445859872612, "train_accuracy": 0.935567697228145, "f1_macro": 0.8850884809899366, "pre_macro": 0.8863246644502532, "re_macro": 0.8859999999999999, "best_epoch": 13, "val_loss": 0.32813711924727557, "train_loss": 0.24399916236715785}
{"epoch": 14, "val_accuracy": 0.8882364649681529, "train_accuracy": 0.937383395522388, "f1_macro": 0.8869764958791583, "pre_macro": 0.8877059254201713, "re_macro": 0.8877, "best_epoch": 14, "val_loss": 0.3242492144512143, "train_loss": 0.23950674420576107}
{"epoch": 15, "val_accuracy": 0.8892316878980892, "train_accuracy": 0.9388326226012793, "f1_macro": 0.8881476099168694, "pre_macro": 0.8886075924330699, "re_macro": 0.8887, "best_epoch": 15, "val_loss": 0.32139888885104734, "train_loss": 0.23584474773326916}
{"epoch": 16, "val_accuracy": 0.88953025477707, "train_accuracy": 0.9401319296375267, "f1_macro": 0.8885617538920607, "pre_macro": 0.8888145765459308, "re_macro": 0.889, "best_epoch": 16, "val_loss": 0.3194615523194432, "train_loss": 0.2327590158372037}
{"epoch": 17, "val_accuracy": 0.890625, "train_accuracy": 0.9412146855010661, "f1_macro": 0.8897313784872607, "pre_macro": 0.8898359035004642, "re_macro": 0.8901, "best_epoch": 17, "val_loss": 0.3176987767694103, "train_loss": 0.23026183188787655}
{"epoch": 18, "val_accuracy": 0.8910230891719745, "train_accuracy": 0.9421142057569296, "f1_macro": 0.890231732344453, "pre_macro": 0.8902968635075744, "re_macro": 0.8905, "best_epoch": 18, "val_loss": 0.3161208735672152, "train_loss": 0.22823309468657477}
{"epoch": 19, "val_accuracy": 0.8914211783439491, "train_accuracy": 0.9426305970149254, "f1_macro": 0.8906463631610555, "pre_macro": 0.8906469776428259, "re_macro": 0.8909, "best_epoch": 19, "val_loss": 0.3147756760097613, "train_loss": 0.2265672025713585}
{"epoch": 20, "val_accuracy": 0.8918192675159236, "train_accuracy": 0.943313566098081, "f1_macro": 0.891007762762212, "pre_macro": 0.8909736618536076, "re_macro": 0.8913, "best_epoch": 20, "val_loss": 0.31379506525814915, "train_loss": 0.22518636009046264}
{"epoch": 21, "val_accuracy": 0.8918192675159236, "train_accuracy": 0.9436800373134329, "f1_macro": 0.891009654349799, "pre_macro": 0.8909562096675263, "re_macro": 0.8913, "best_epoch": 20, "val_loss": 0.31312474660622847, "train_loss": 0.2240445492809007}
{"epoch": 22, "val_accuracy": 0.8923168789808917, "train_accuracy": 0.9441964285714286, "f1_macro": 0.891482442976139, "pre_macro": 0.8914088676770628, "re_macro": 0.8917999999999999, "best_epoch": 22, "val_loss": 0.3126619795610191, "train_loss": 0.22310119500355935}
{"epoch": 23, "val_accuracy": 0.8923168789808917, "train_accuracy": 0.9445962153518124, "f1_macro": 0.8914678494319043, "pre_macro": 0.8913913236519253, "re_macro": 0.8917999999999999, "best_epoch": 22, "val_loss": 0.31234487637307995, "train_loss": 0.222320914641817}
{"epoch": 24, "val_accuracy": 0.8920183121019108, "train_accuracy": 0.9449127132196162, "f1_macro": 0.8911695413128878, "pre_macro": 0.8911007781693799, "re_macro": 0.8915, "best_epoch": 22, "val_loss": 0.3121334357768487, "train_loss": 0.2216757665882741}
{"epoch": 25, "val_accuracy": 0.8919187898089171, "train_accuracy": 0.9449293710021321, "f1_macro": 0.8910553828825838, "pre_macro": 0.890990895477026, "re_macro": 0.8914, "best_epoch": 22, "val_loss": 0.31199734100395704, "train_loss": 0.221142818861361}
{"training time": 328.92810583114624}
