{"epoch": 1, "val_accuracy": 0.6935708598726115, "train_accuracy": 0.5343844992049197, "f1_macro": 0.6868893766703438, "pre_macro": 0.6900416960199209, "re_macro": 0.6939000000000001, "best_epoch": 1, "val_loss": 1.33551936468501, "train_loss": 8.20977125776575}
{"epoch": 2, "val_accuracy": 0.7502985668789809, "train_accuracy": 0.7635353347088428, "f1_macro": 0.7438976123426259, "pre_macro": 0.7431339718943009, "re_macro": 0.75, "best_epoch": 2, "val_loss": 0.9376001456740556, "train_loss": 7.253605954190518}
{"epoch": 3, "val_accuracy": 0.7685111464968153, "train_accuracy": 0.8329692254675195, "f1_macro": 0.765905586587788, "pre_macro": 0.7659727538194206, "re_macro": 0.7683, "best_epoch": 3, "val_loss": 0.7855819084082439, "train_loss": 6.740591323122065}
{"epoch": 4, "val_accuracy": 0.776671974522293, "train_accuracy": 0.870488222609175, "f1_macro": 0.7775103753390509, "pre_macro": 0.7882702217714137, "re_macro": 0.7765, "best_epoch": 4, "val_loss": 0.7134359209400833, "train_loss": 6.426942257170982}
{"epoch": 5, "val_accuracy": 0.790406050955414, "train_accuracy": 0.8959441502043541, "f1_macro": 0.7873772106866535, "pre_macro": 0.7869927678795473, "re_macro": 0.7897, "best_epoch": 5, "val_loss": 0.6470775051861052, "train_loss": 6.211366430242011}
{"epoch": 6, "val_accuracy": 0.7926950636942676, "train_accuracy": 0.9194528879003322, "f1_macro": 0.7909151842886826, "pre_macro": 0.7923984822187946, "re_macro": 0.7923, "best_epoch": 6, "val_loss": 0.6233828041204221, "train_loss": 6.040348387779074}
{"epoch": 7, "val_accuracy": 0.7921974522292994, "train_accuracy": 0.9410619304535237, "f1_macro": 0.792055114895733, "pre_macro": 0.7973817885437086, "re_macro": 0.7918000000000001, "best_epoch": 6, "val_loss": 0.6064397835048141, "train_loss": 5.912431716918945}
{"epoch": 8, "val_accuracy": 0.7959792993630573, "train_accuracy": 0.9570668707502649, "f1_macro": 0.7955671292093794, "pre_macro": 0.7991719135359527, "re_macro": 0.7956000000000001, "best_epoch": 8, "val_loss": 0.5891026444495864, "train_loss": 5.816907578326286}
{"epoch": 9, "val_accuracy": 0.7983678343949044, "train_accuracy": 0.9667078281970735, "f1_macro": 0.7973523407052517, "pre_macro": 0.799538485187165, "re_macro": 0.7983, "best_epoch": 9, "val_loss": 0.5763908543024853, "train_loss": 5.738228686312412}
{"epoch": 10, "val_accuracy": 0.8000597133757962, "train_accuracy": 0.976348785643882, "f1_macro": 0.7986236346198622, "pre_macro": 0.8005862847806237, "re_macro": 0.8, "best_epoch": 10, "val_loss": 0.5682191892414336, "train_loss": 5.674719019139067}
{"epoch": 11, "val_accuracy": 0.8021496815286624, "train_accuracy": 0.9800531914893617, "f1_macro": 0.8010910679596215, "pre_macro": 0.8034888190546763, "re_macro": 0.8020999999999999, "best_epoch": 11, "val_loss": 0.5631547152616416, "train_loss": 5.627531376290829}
{"epoch": 12, "val_accuracy": 0.8038415605095541, "train_accuracy": 0.9823803191489362, "f1_macro": 0.8034051446311817, "pre_macro": 0.8065415474882428, "re_macro": 0.8038000000000001, "best_epoch": 12, "val_loss": 0.5591507191490975, "train_loss": 5.5931820260717515}
{"epoch": 13, "val_accuracy": 0.8044386942675159, "train_accuracy": 0.984375, "f1_macro": 0.8041656596770543, "pre_macro": 0.8073388662762915, "re_macro": 0.8044, "best_epoch": 13, "val_loss": 0.5566268880276164, "train_loss": 5.566924886500582}
{"epoch": 14, "val_accuracy": 0.8043391719745223, "train_accuracy": 0.9857047872340425, "f1_macro": 0.8041837869910212, "pre_macro": 0.8075296104915799, "re_macro": 0.8042999999999999, "best_epoch": 13, "val_loss": 0.554820324395113, "train_loss": 5.54648054406998}
{"epoch": 15, "val_accuracy": 0.8059315286624203, "train_accuracy": 0.9863696808510638, "f1_macro": 0.8057830669261772, "pre_macro": 0.8087566021512547, "re_macro": 0.8059000000000001, "best_epoch": 15, "val_loss": 0.5529234166357927, "train_loss": 5.529593741640132}
{"epoch": 16, "val_accuracy": 0.806031050955414, "train_accuracy": 0.9867021276595744, "f1_macro": 0.8057857124588266, "pre_macro": 0.808106773339048, "re_macro": 0.806, "best_epoch": 16, "val_loss": 0.550489330747325, "train_loss": 5.514957478705873}
{"epoch": 17, "val_accuracy": 0.8062300955414012, "train_accuracy": 0.9876994680851063, "f1_macro": 0.8060722020127787, "pre_macro": 0.8078554878881807, "re_macro": 0.8061999999999999, "best_epoch": 17, "val_loss": 0.5476880737930346, "train_loss": 5.5023667051437055}
{"epoch": 18, "val_accuracy": 0.8072253184713376, "train_accuracy": 0.988031914893617, "f1_macro": 0.8071765472766979, "pre_macro": 0.8085355690890041, "re_macro": 0.8071999999999999, "best_epoch": 18, "val_loss": 0.5455834761167028, "train_loss": 5.491690503790023}
{"epoch": 19, "val_accuracy": 0.8076234076433121, "train_accuracy": 0.9903590425531915, "f1_macro": 0.807670425075845, "pre_macro": 0.8088801266660781, "re_macro": 0.8076000000000001, "best_epoch": 19, "val_loss": 0.5444993708923365, "train_loss": 5.482887897085636}
{"epoch": 20, "val_accuracy": 0.8076234076433121, "train_accuracy": 0.9910239361702128, "f1_macro": 0.8077831545843182, "pre_macro": 0.8090500963420956, "re_macro": 0.8076000000000001, "best_epoch": 19, "val_loss": 0.5439621925733651, "train_loss": 5.475916963942508}
{"epoch": 21, "val_accuracy": 0.8080214968152867, "train_accuracy": 0.991688829787234, "f1_macro": 0.8082225688806478, "pre_macro": 0.8095164072570645, "re_macro": 0.808, "best_epoch": 21, "val_loss": 0.5436381280042564, "train_loss": 5.4704861539475464}
{"epoch": 22, "val_accuracy": 0.8078224522292994, "train_accuracy": 0.991688829787234, "f1_macro": 0.8080253789242373, "pre_macro": 0.8093305144341814, "re_macro": 0.8078, "best_epoch": 21, "val_loss": 0.5434142700426138, "train_loss": 5.466226344412946}
{"epoch": 23, "val_accuracy": 0.8080214968152867, "train_accuracy": 0.9920212765957447, "f1_macro": 0.8082294539804021, "pre_macro": 0.8095531296501681, "re_macro": 0.808, "best_epoch": 21, "val_loss": 0.5432500450094794, "train_loss": 5.462855420214065}
{"epoch": 24, "val_accuracy": 0.8080214968152867, "train_accuracy": 0.992686170212766, "f1_macro": 0.8082431530716396, "pre_macro": 0.8095799615958106, "re_macro": 0.808, "best_epoch": 21, "val_loss": 0.5431253929047068, "train_loss": 5.460172693780128}
{"epoch": 25, "val_accuracy": 0.8078224522292994, "train_accuracy": 0.992686170212766, "f1_macro": 0.8080600859558045, "pre_macro": 0.8094141311956395, "re_macro": 0.8078, "best_epoch": 21, "val_loss": 0.5430288043371432, "train_loss": 5.458030233991907}
{"training time": 32.38049292564392}
{"epoch": 1, "val_accuracy": 0.6824243630573248, "train_accuracy": 0.5204692254675195, "f1_macro": 0.6716549604485067, "pre_macro": 0.6720364784021617, "re_macro": 0.6827, "best_epoch": 1, "val_loss": 1.4034758297501095, "train_loss": 8.231222619401647}
{"epoch": 2, "val_accuracy": 0.7353702229299363, "train_accuracy": 0.7514247729423198, "f1_macro": 0.7277535619007056, "pre_macro": 0.7297179203407136, "re_macro": 0.7350000000000001, "best_epoch": 2, "val_loss": 0.9581006078203772, "train_loss": 7.2943887101843}
{"epoch": 3, "val_accuracy": 0.7528861464968153, "train_accuracy": 0.8202887545240686, "f1_macro": 0.7468175191859068, "pre_macro": 0.7512948907690643, "re_macro": 0.7532, "best_epoch": 3, "val_loss": 0.818482459350756, "train_loss": 6.76949062753231}
{"epoch": 4, "val_accuracy": 0.7642316878980892, "train_accuracy": 0.863601824070545, "f1_macro": 0.7623447099460976, "pre_macro": 0.769992753099553, "re_macro": 0.7642999999999999, "best_epoch": 4, "val_loss": 0.7402216598486445, "train_loss": 6.454768140265283}
{"epoch": 5, "val_accuracy": 0.7791600318471338, "train_accuracy": 0.8921447573824132, "f1_macro": 0.7802714280550533, "pre_macro": 0.7860140531368025, "re_macro": 0.7793000000000001, "best_epoch": 5, "val_loss": 0.6972944905423815, "train_loss": 6.223216158278445}
{"epoch": 6, "val_accuracy": 0.7859275477707006, "train_accuracy": 0.913991262304022, "f1_macro": 0.7833936963890545, "pre_macro": 0.7866387690022314, "re_macro": 0.7855,