{"epoch": 1, "val_accuracy": 0.8261345541401274, "train_accuracy": 0.7904163707386364, "f1_macro": 0.822507346109289, "pre_macro": 0.8298044240522715, "re_macro": 0.8259000000000001, "best_epoch": 1, "val_loss": 0.5323445050959374, "train_loss": 5.707979725843126}
{"epoch": 2, "val_accuracy": 0.8512141719745223, "train_accuracy": 0.85400390625, "f1_macro": 0.8479484318753594, "pre_macro": 0.853532248506187, "re_macro": 0.8507999999999999, "best_epoch": 2, "val_loss": 0.4442760727018308, "train_loss": 3.8116312856701287}
{"epoch": 3, "val_accuracy": 0.8432523885350318, "train_accuracy": 0.8697842684659091, "f1_macro": 0.837786221828359, "pre_macro": 0.8473144177239498, "re_macro": 0.8427999999999999, "best_epoch": 2, "val_loss": 0.46002645306526474, "train_loss": 3.038182447918437}
{"epoch": 4, "val_accuracy": 0.8549960191082803, "train_accuracy": 0.8800825639204546, "f1_macro": 0.8533764174988251, "pre_macro": 0.8544301119348173, "re_macro": 0.8543, "best_epoch": 4, "val_loss": 0.41480948970576, "train_loss": 2.5993618948215786}
{"epoch": 5, "val_accuracy": 0.8573845541401274, "train_accuracy": 0.8882501775568182, "f1_macro": 0.8540655224663913, "pre_macro": 0.8578608947266204, "re_macro": 0.8567, "best_epoch": 5, "val_loss": 0.4033017968580981, "train_loss": 2.3146299950101157}
{"epoch": 6, "val_accuracy": 0.8602707006369427, "train_accuracy": 0.8951526988636364, "f1_macro": 0.85807223673753, "pre_macro": 0.8602751517348791, "re_macro": 0.8596, "best_epoch": 6, "val_loss": 0.39216340769817876, "train_loss": 2.1197700409049336}
{"epoch": 7, "val_accuracy": 0.8614649681528662, "train_accuracy": 0.9011452414772727, "f1_macro": 0.8603241806376941, "pre_macro": 0.8611112841033502, "re_macro": 0.8607999999999999, "best_epoch": 7, "val_loss": 0.3889202906447611, "train_loss": 1.9754506715319373}
{"epoch": 8, "val_accuracy": 0.8523089171974523, "train_accuracy": 0.90673828125, "f1_macro": 0.8517592218640168, "pre_macro": 0.8565225823179905, "re_macro": 0.8516, "best_epoch": 7, "val_loss": 0.4092642408172796, "train_loss": 1.866823610765013}
{"epoch": 9, "val_accuracy": 0.8461385350318471, "train_accuracy": 0.9113547585227273, "f1_macro": 0.8461805514593189, "pre_macro": 0.8544130260484899, "re_macro": 0.8454, "best_epoch": 7, "val_loss": 0.4250102864613958, "train_loss": 1.783505349166014}
{"epoch": 10, "val_accuracy": 0.847531847133758, "train_accuracy": 0.9153719815340909, "f1_macro": 0.8477308244705559, "pre_macro": 0.8560638824119646, "re_macro": 0.8468, "best_epoch": 7, "val_loss": 0.41366017396283, "train_loss": 1.718130548569289}
{"epoch": 11, "val_accuracy": 0.8554936305732485, "train_accuracy": 0.9189231178977273, "f1_macro": 0.8555166447219262, "pre_macro": 0.8618978660311208, "re_macro": 0.8548, "best_epoch": 7, "val_loss": 0.39423034254722533, "train_loss": 1.6666269171983004}
{"epoch": 12, "val_accuracy": 0.861265923566879, "train_accuracy": 0.9224964488636364, "f1_macro": 0.8612840797939443, "pre_macro": 0.8664226507252009, "re_macro": 0.8606, "best_epoch": 7, "val_loss": 0.3832501732999352, "train_loss": 1.62604594247585}
{"epoch": 13, "val_accuracy": 0.8652468152866242, "train_accuracy": 0.9258256392045454, "f1_macro": 0.8650926723807363, "pre_macro": 0.8691757738680119, "re_macro": 0.8645999999999999, "best_epoch": 13, "val_loss": 0.3747117439178145, "train_loss": 1.5941400382329116}
{"epoch": 14, "val_accuracy": 0.8694267515923567, "train_accuracy": 0.9276012073863636, "f1_macro": 0.869189627640084, "pre_macro": 0.8721140321831381, "re_macro": 0.8687999999999999, "best_epoch": 14, "val_loss": 0.36693114198886667, "train_loss": 1.5688150999220936}
{"epoch": 15, "val_accuracy": 0.873109076433121, "train_accuracy": 0.9291104403409091, "f1_macro": 0.8728675136407376, "pre_macro": 0.8747552132138938, "re_macro": 0.8724999999999999, "best_epoch": 15, "val_loss": 0.360405677680377, "train_loss": 1.5484435814009472}
{"epoch": 16, "val_accuracy": 0.8728105095541401, "train_accuracy": 0.9306640625, "f1_macro": 0.8724984837297454, "pre_macro": 0.8738905447104826, "re_macro": 0.8722, "best_epoch": 15, "val_loss": 0.3567130942443374, "train_loss": 1.5319052035496994}
{"epoch": 17, "val_accuracy": 0.8717157643312102, "train_accuracy": 0.932373046875, "f1_macro": 0.8713543821618661, "pre_macro": 0.8727320248304462, "re_macro": 0.8710999999999999, "best_epoch": 15, "val_loss": 0.35450789787966736, "train_loss": 1.5185518622059713}
{"epoch": 18, "val_accuracy": 0.8724124203821656, "train_accuracy": 0.9339710582386364, "f1_macro": 0.8719481259334264, "pre_macro": 0.8733384553387191, "re_macro": 0.8718, "best_epoch": 15, "val_loss": 0.3525615207803477, "train_loss": 1.5078378538177772}
{"epoch": 19, "val_accuracy": 0.8738057324840764, "train_accuracy": 0.9349476207386364, "f1_macro": 0.8732353768056932, "pre_macro": 0.8745725722304634, "re_macro": 0.8732000000000001, "best_epoch": 19, "val_loss": 0.35048821516287554, "train_loss": 1.4992527399550786}
{"epoch": 20, "val_accuracy": 0.8749004777070064, "train_accuracy": 0.93603515625, "f1_macro": 0.8743494819582482, "pre_macro": 0.8754405223635263, "re_macro": 0.8743000000000001, "best_epoch": 20, "val_loss": 0.3483527477854376, "train_loss": 1.4923844662579624}
{"epoch": 21, "val_accuracy": 0.8757961783439491, "train_accuracy": 0.9366344105113636, "f1_macro": 0.8752233029216303, "pre_macro": 0.8760793627284948, "re_macro": 0.8752000000000001, "best_epoch": 21, "val_loss": 0.3463037115563253, "train_loss": 1.4868971876461397}
{"epoch": 22, "val_accuracy": 0.8766918789808917, "train_accuracy": 0.9369895241477273, "f1_macro": 0.8760957254445518, "pre_macro": 0.8767295139841329, "re_macro": 0.8761000000000001, "best_epoch": 22, "val_loss": 0.3444620859186361, "train_loss": 1.4825154217806729}
{"epoch": 23, "val_accuracy": 0.8772890127388535, "train_accuracy": 0.9376109730113636, "f1_macro": 0.8766969366528844, "pre_macro": 0.8771739587306179, "re_macro": 0.8766999999999999, "best_epoch": 23, "val_loss": 0.34294524869531584, "train_loss": 1.4790124038065022}
{"epoch": 24, "val_accuracy": 0.8773885350318471, "train_accuracy": 0.9383433948863636, "f1_macro": 0.8767429215865665, "pre_macro": 0.8770746421999723, "re_macro": 0.8768, "best_epoch": 24, "val_loss": 0.34181212814180717, "train_loss": 1.4762029663066973}
{"epoch": 25, "val_accuracy": 0.8778861464968153, "train_accuracy": 0.9385431463068182, "f1_macro": 0.8771883856799733, "pre_macro": 0.8774113433086429, "re_macro": 0.8773, "best_epoch": 25, "val_loss": 0.34103177150913105, "train_loss": 1.4739459114657207}
{"training time": 186.4572331905365}
{"epoch": 1, "val_accuracy": 0.8258359872611465, "train_accuracy": 0.7921697443181818, "f1_macro": 0.8255406726816865, "pre_macro": 0.8274044060967751, "re_macro": 0.8256, "best_epoch": 1, "val_loss": 0.5277743814097848, "train_loss": 5.715788937427781}
{"epoch": 2, "val_accuracy": 0.8411624203821656, "train_accuracy": 0.8534046519886364, "f1_macro": 0.8361286938841426, "pre_macro": 0.8407439068713394, "re_macro": 0.841, "best_epoch": 2, "val_loss": 0.4720998886664202, "train_loss": 3.826598872515288}
{"epoch": 3, "val_accuracy": 0.8452428343949044, "train_accuracy": 0.8678311434659091, "f1_macro": 0.8412931017009349, "pre_macro": 0.8495828464990417, "re_macro": 0.8454, "best_epoch": 3, "val_loss": 0.4592150975564483, "train_loss": 3.0633332654833794}
{"epoch": 4, "val_accuracy": 0.853702229299363, "train_accuracy": 0.8803045099431818, "f1_macro": 0.8509467252453604, "pre_macro": 0.8544223696411157, "re_macro": 0.8533, "best_epoch": 4, "val_loss": 0.43130526307282174, "train_loss": 2.6143497956747357}
{"epoch": 5, "val_accuracy": 0.8549960191082803, "train_accuracy": 0.8868963068181818, "f1_macro": 0.8511527777505143, "pre_macro": 0.8549864296941436, "re_macro": 0.8546000000000001, "best_epoch": 5, "val_loss": 0.4090517510654061, "train_loss": 2.3315580895339902}
{"epoch": 6, "val_accuracy": 0.8581807324840764, "train_accuracy": 0.8934437144886364, "f1_macro": 0.8564496913886142, "pre_macro": 0.8590627318174887,