{"epoch": 1, "val_accuracy": 0.823546974522293, "train_accuracy": 0.8038712686567164, "f1_macro": 0.8156835454092942, "pre_macro": 0.8341305468092723, "re_macro": 0.8235999999999999, "best_epoch": 1, "val_loss": 0.511760085631328, "train_loss": 5.32402900947945}
{"epoch": 2, "val_accuracy": 0.8516122611464968, "train_accuracy": 0.855527052238806, "f1_macro": 0.8487606589348269, "pre_macro": 0.8517470370194056, "re_macro": 0.8511999999999998, "best_epoch": 2, "val_loss": 0.43142553043972914, "train_loss": 3.346938052919628}
{"epoch": 3, "val_accuracy": 0.8451433121019108, "train_accuracy": 0.869319696162047, "f1_macro": 0.8413257279338799, "pre_macro": 0.8500860214205781, "re_macro": 0.8452999999999999, "best_epoch": 2, "val_loss": 0.4515314926007751, "train_loss": 2.5997516707316644}
{"epoch": 4, "val_accuracy": 0.849422770700637, "train_accuracy": 0.8782149520255863, "f1_macro": 0.8433708566046446, "pre_macro": 0.8534643015154193, "re_macro": 0.849, "best_epoch": 2, "val_loss": 0.4432087915528352, "train_loss": 2.19295730583195}
{"epoch": 5, "val_accuracy": 0.8538017515923567, "train_accuracy": 0.8862939765458422, "f1_macro": 0.8485482487594656, "pre_macro": 0.8552628754686025, "re_macro": 0.8534, "best_epoch": 5, "val_loss": 0.42446990035901405, "train_loss": 1.9396715850464061}
{"epoch": 6, "val_accuracy": 0.8625597133757962, "train_accuracy": 0.8895755597014925, "f1_macro": 0.8593148611983688, "pre_macro": 0.8631080249300582, "re_macro": 0.8622, "best_epoch": 6, "val_loss": 0.39671551431440244, "train_loss": 1.7710307567104349}
{"epoch": 7, "val_accuracy": 0.8648487261146497, "train_accuracy": 0.8959721481876333, "f1_macro": 0.8628212793630821, "pre_macro": 0.8638645340794113, "re_macro": 0.8642, "best_epoch": 7, "val_loss": 0.38576747505528153, "train_loss": 1.6450913985654998}
{"epoch": 8, "val_accuracy": 0.8663415605095541, "train_accuracy": 0.9007029584221748, "f1_macro": 0.8649308062220571, "pre_macro": 0.8653866400872554, "re_macro": 0.8657, "best_epoch": 8, "val_loss": 0.3843850166934311, "train_loss": 1.5531051686323527}
{"epoch": 9, "val_accuracy": 0.8644506369426752, "train_accuracy": 0.9035181236673774, "f1_macro": 0.8634824208039061, "pre_macro": 0.865895098386764, "re_macro": 0.8638, "best_epoch": 8, "val_loss": 0.3877982930962447, "train_loss": 1.4840483084670517}
{"epoch": 10, "val_accuracy": 0.8622611464968153, "train_accuracy": 0.9076159381663113, "f1_macro": 0.862023477680044, "pre_macro": 0.8657275856150551, "re_macro": 0.8625, "best_epoch": 8, "val_loss": 0.38711880792857734, "train_loss": 1.43004286403595}
{"epoch": 11, "val_accuracy": 0.8656449044585988, "train_accuracy": 0.9107309434968017, "f1_macro": 0.8648898967067733, "pre_macro": 0.8670065796776087, "re_macro": 0.8658999999999999, "best_epoch": 8, "val_loss": 0.37333157155544133, "train_loss": 1.3877513083313573}
{"epoch": 12, "val_accuracy": 0.8687300955414012, "train_accuracy": 0.9135294509594882, "f1_macro": 0.8676329306698293, "pre_macro": 0.8688409189207782, "re_macro": 0.869, "best_epoch": 12, "val_loss": 0.3608200276733204, "train_loss": 1.354752896055738}
{"epoch": 13, "val_accuracy": 0.8696257961783439, "train_accuracy": 0.9155450426439232, "f1_macro": 0.868120123399087, "pre_macro": 0.8694048227597755, "re_macro": 0.8699, "best_epoch": 13, "val_loss": 0.3555733859539032, "train_loss": 1.328959177933268}
{"epoch": 14, "val_accuracy": 0.8707205414012739, "train_accuracy": 0.9175606343283582, "f1_macro": 0.8689832110659685, "pre_macro": 0.8707093504061041, "re_macro": 0.8710000000000001, "best_epoch": 14, "val_loss": 0.35419048615701637, "train_loss": 1.3085174453792288}
{"epoch": 15, "val_accuracy": 0.8721138535031847, "train_accuracy": 0.9192930437100213, "f1_macro": 0.8700106704766603, "pre_macro": 0.8719583779344597, "re_macro": 0.8721, "best_epoch": 15, "val_loss": 0.35255219004336436, "train_loss": 1.2922352561310155}
{"epoch": 16, "val_accuracy": 0.8729100318471338, "train_accuracy": 0.9212420042643923, "f1_macro": 0.8705932990585143, "pre_macro": 0.8720589829778037, "re_macro": 0.8725999999999999, "best_epoch": 16, "val_loss": 0.34901628704967014, "train_loss": 1.2792054626987432}
{"epoch": 17, "val_accuracy": 0.87390525477707, "train_accuracy": 0.9227078891257996, "f1_macro": 0.8718727265816589, "pre_macro": 0.872892960570745, "re_macro": 0.8735999999999999, "best_epoch": 17, "val_loss": 0.3446713261733389, "train_loss": 1.2686666974635012}
{"epoch": 18, "val_accuracy": 0.8744028662420382, "train_accuracy": 0.923707356076759, "f1_macro": 0.8726989847687369, "pre_macro": 0.8732986289325341, "re_macro": 0.8741, "best_epoch": 18, "val_loss": 0.341014303978841, "train_loss": 1.2601329791012095}
{"epoch": 19, "val_accuracy": 0.8759952229299363, "train_accuracy": 0.9243903251599147, "f1_macro": 0.8745624379495419, "pre_macro": 0.8748173540553804, "re_macro": 0.8756999999999999, "best_epoch": 19, "val_loss": 0.33850249942320926, "train_loss": 1.2532518420900618}
{"epoch": 20, "val_accuracy": 0.8756966560509554, "train_accuracy": 0.9252898454157783, "f1_macro": 0.8744339712051798, "pre_macro": 0.874504023919723, "re_macro": 0.8754, "best_epoch": 19, "val_loss": 0.3368360151530831, "train_loss": 1.2477360614327226}
{"epoch": 21, "val_accuracy": 0.8766918789808917, "train_accuracy": 0.925672974413646, "f1_macro": 0.8756872567527159, "pre_macro": 0.8756950212707544, "re_macro": 0.8764, "best_epoch": 21, "val_loss": 0.3357272259179194, "train_loss": 1.2433279732397116}
{"epoch": 22, "val_accuracy": 0.8766918789808917, "train_accuracy": 0.9262226812366737, "f1_macro": 0.8757768370742431, "pre_macro": 0.8757114978020499, "re_macro": 0.8764, "best_epoch": 21, "val_loss": 0.33494605570082453, "train_loss": 1.2398105916946427}
{"epoch": 23, "val_accuracy": 0.8779856687898089, "train_accuracy": 0.9267723880597015, "f1_macro": 0.876881411873217, "pre_macro": 0.8768104995311135, "re_macro": 0.8774000000000001, "best_epoch": 23, "val_loss": 0.3343082456641896, "train_loss": 1.2370025206730564}
{"epoch": 24, "val_accuracy": 0.8780851910828026, "train_accuracy": 0.9268390191897654, "f1_macro": 0.8770059154025347, "pre_macro": 0.8769208610061785, "re_macro": 0.8774999999999998, "best_epoch": 24, "val_loss": 0.3337429391730363, "train_loss": 1.2347570934783676}
{"epoch": 25, "val_accuracy": 0.8780851910828026, "train_accuracy": 0.9271222014925373, "f1_macro": 0.8770379596865139, "pre_macro": 0.8769423459576057, "re_macro": 0.8774999999999998, "best_epoch": 24, "val_loss": 0.3332507595135148, "train_loss": 1.232959884951618}
{"training time": 242.662260055542}
{"epoch": 1, "val_accuracy": 0.836484872611465, "train_accuracy": 0.8050039978678039, "f1_macro": 0.8297675220098648, "pre_macro": 0.8371531116129864, "re_macro": 0.8362999999999999, "best_epoch": 1, "val_loss": 0.47728695829582823, "train_loss": 5.317457931382315}
{"epoch": 2, "val_accuracy": 0.8297173566878981, "train_accuracy": 0.8573260927505331, "f1_macro": 0.8228925313660677, "pre_macro": 0.8412258941444009, "re_macro": 0.8295, "best_epoch": 1, "val_loss": 0.4941815146405226, "train_loss": 3.3396838916136002}
{"epoch": 3, "val_accuracy": 0.8417595541401274, "train_accuracy": 0.8688699360341151, "f1_macro": 0.8356228878465817, "pre_macro": 0.8466844662135579, "re_macro": 0.8416, "best_epoch": 3, "val_loss": 0.454963051779255, "train_loss": 2.599179621952683}
{"epoch": 4, "val_accuracy": 0.8477308917197452, "train_accuracy": 0.879014525586354, "f1_macro": 0.841355840321954, "pre_macro": 0.8520649991779837, "re_macro": 0.8475999999999999, "best_epoch": 4, "val_loss": 0.445755186828838, "train_loss": 2.188185073165243}
{"epoch": 5, "val_accuracy": 0.8549960191082803, "train_accuracy": 0.8853111673773987, "f1_macro": 0.850009893997585, "pre_macro": 0.8574817324622543, "re_macro": 0.8549, "best_epoch": 5, "val_loss": 0.42652995552226997, "train_loss": 1.9385567812014743}
{"epoch": 6, "val_accuracy": 0.8597730891719745, "train_accuracy": 0.8885094616204691, "f1_macro": 0.8577764404518277, "pre_macro": 0.8589140771883083,