{"epoch": 1, "val_accuracy": 0.47283041401273884, "train_accuracy": 0.29322916865348814, "f1_macro": 0.4665799357180772, "pre_macro": 0.48371613314223083, "re_macro": 0.4718, "best_epoch": 1, "val_loss": 1.8955012119499741, "train_loss": 8.730964374542236}
{"epoch": 2, "val_accuracy": 0.5777269108280255, "train_accuracy": 0.5848958373069764, "f1_macro": 0.5755845681029059, "pre_macro": 0.5881670868588025, "re_macro": 0.5774999999999999, "best_epoch": 2, "val_loss": 1.6965786651441246, "train_loss": 8.289930820465088}
{"epoch": 3, "val_accuracy": 0.6255971337579618, "train_accuracy": 0.7427083373069763, "f1_macro": 0.6193313971564706, "pre_macro": 0.6353020067300752, "re_macro": 0.625, "best_epoch": 3, "val_loss": 1.5667435234519327, "train_loss": 7.969280433654785}
{"epoch": 4, "val_accuracy": 0.6544585987261147, "train_accuracy": 0.8296875, "f1_macro": 0.6522161953326897, "pre_macro": 0.6592190362348379, "re_macro": 0.6537, "best_epoch": 4, "val_loss": 1.4535227702681426, "train_loss": 7.736487340927124}
{"epoch": 5, "val_accuracy": 0.665406050955414, "train_accuracy": 0.878125, "f1_macro": 0.6638064650645786, "pre_macro": 0.6731226842024487, "re_macro": 0.6647, "best_epoch": 5, "val_loss": 1.3851983440909417, "train_loss": 7.515149688720703}
{"epoch": 6, "val_accuracy": 0.6765525477707006, "train_accuracy": 0.9015625, "f1_macro": 0.6746103862123293, "pre_macro": 0.6791607390290458, "re_macro": 0.6759000000000001, "best_epoch": 6, "val_loss": 1.3172325776640776, "train_loss": 7.346890592575074}
{"epoch": 7, "val_accuracy": 0.6875, "train_accuracy": 0.9265625, "f1_macro": 0.6850975372379956, "pre_macro": 0.6930535630796506, "re_macro": 0.6869, "best_epoch": 7, "val_loss": 1.278967397228168, "train_loss": 7.207861280441284}
{"epoch": 8, "val_accuracy": 0.6886942675159236, "train_accuracy": 0.9515625, "f1_macro": 0.6878232454300564, "pre_macro": 0.6920432523773388, "re_macro": 0.6881, "best_epoch": 8, "val_loss": 1.2478918239569208, "train_loss": 7.091249227523804}
{"epoch": 9, "val_accuracy": 0.6924761146496815, "train_accuracy": 0.9625, "f1_macro": 0.6916791921226294, "pre_macro": 0.696669816807925, "re_macro": 0.6919, "best_epoch": 9, "val_loss": 1.2316108262462981, "train_loss": 7.023282623291015}
{"epoch": 10, "val_accuracy": 0.6953622611464968, "train_accuracy": 0.9765625, "f1_macro": 0.6947778894697488, "pre_macro": 0.6989053164366165, "re_macro": 0.6948, "best_epoch": 10, "val_loss": 1.216360422076693, "train_loss": 6.969133090972901}
{"epoch": 11, "val_accuracy": 0.6967555732484076, "train_accuracy": 0.98125, "f1_macro": 0.6964084064289031, "pre_macro": 0.7008361326656207, "re_macro": 0.6962, "best_epoch": 11, "val_loss": 1.2069587654368892, "train_loss": 6.932443571090698}
{"epoch": 12, "val_accuracy": 0.6963574840764332, "train_accuracy": 0.9859375, "f1_macro": 0.6960728315066066, "pre_macro": 0.700322006319148, "re_macro": 0.6958, "best_epoch": 11, "val_loss": 1.1989457406056154, "train_loss": 6.902945327758789}
{"epoch": 13, "val_accuracy": 0.6971536624203821, "train_accuracy": 0.9875, "f1_macro": 0.6969702869505534, "pre_macro": 0.7010719661174942, "re_macro": 0.6965999999999999, "best_epoch": 13, "val_loss": 1.1929045308167767, "train_loss": 6.880788898468017}
{"epoch": 14, "val_accuracy": 0.6979498407643312, "train_accuracy": 0.9890625, "f1_macro": 0.6977802305982315, "pre_macro": 0.7018279149235502, "re_macro": 0.6974, "best_epoch": 14, "val_loss": 1.188160027667975, "train_loss": 6.863437986373901}
{"epoch": 15, "val_accuracy": 0.6984474522292994, "train_accuracy": 0.9890625, "f1_macro": 0.6983763132840854, "pre_macro": 0.7024430306776139, "re_macro": 0.6979, "best_epoch": 15, "val_loss": 1.1843358293460433, "train_loss": 6.849684858322144}
{"epoch": 16, "val_accuracy": 0.6990445859872612, "train_accuracy": 0.9890625, "f1_macro": 0.698991295090954, "pre_macro": 0.7030247538667094, "re_macro": 0.6985, "best_epoch": 16, "val_loss": 1.1812922688806133, "train_loss": 6.838830852508545}
{"epoch": 17, "val_accuracy": 0.6994426751592356, "train_accuracy": 0.9890625, "f1_macro": 0.6995023848238928, "pre_macro": 0.7035841102383245, "re_macro": 0.6989, "best_epoch": 17, "val_loss": 1.1788763168511118, "train_loss": 6.830186080932617}
{"epoch": 18, "val_accuracy": 0.7001393312101911, "train_accuracy": 0.9890625, "f1_macro": 0.7001295778131564, "pre_macro": 0.7041274950452678, "re_macro": 0.6996, "best_epoch": 18, "val_loss": 1.1769467668168863, "train_loss": 6.823271369934082}
{"epoch": 19, "val_accuracy": 0.700437898089172, "train_accuracy": 0.9890625, "f1_macro": 0.7004085614433395, "pre_macro": 0.7043536323016351, "re_macro": 0.6999, "best_epoch": 19, "val_loss": 1.175396831931582, "train_loss": 6.817737865447998}
{"epoch": 20, "val_accuracy": 0.7005374203821656, "train_accuracy": 0.9890625, "f1_macro": 0.700522591675921, "pre_macro": 0.704473911207347, "re_macro": 0.7, "best_epoch": 20, "val_loss": 1.1741498537883637, "train_loss": 6.813303804397583}
{"epoch": 21, "val_accuracy": 0.7005374203821656, "train_accuracy": 0.9890625, "f1_macro": 0.7005397282806057, "pre_macro": 0.7045549256950504, "re_macro": 0.7, "best_epoch": 20, "val_loss": 1.1731469092095734, "train_loss": 6.8097450733184814}
{"epoch": 22, "val_accuracy": 0.7005374203821656, "train_accuracy": 0.9890625, "f1_macro": 0.7005397282806057, "pre_macro": 0.7045549256950504, "re_macro": 0.7, "best_epoch": 20, "val_loss": 1.1723402229843625, "train_loss": 6.806885385513306}
{"epoch": 23, "val_accuracy": 0.7006369426751592, "train_accuracy": 0.990625, "f1_macro": 0.700637791903466, "pre_macro": 0.7046273547806137, "re_macro": 0.7000999999999998, "best_epoch": 23, "val_loss": 1.1716910904380167, "train_loss": 6.804587078094483}
{"epoch": 24, "val_accuracy": 0.7008359872611465, "train_accuracy": 0.990625, "f1_macro": 0.7008296376676977, "pre_macro": 0.7048025760374219, "re_macro": 0.7002999999999999, "best_epoch": 24, "val_loss": 1.1711685046268876, "train_loss": 6.80273814201355}
{"epoch": 25, "val_accuracy": 0.7008359872611465, "train_accuracy": 0.9921875, "f1_macro": 0.7008294951082286, "pre_macro": 0.704783816462213, "re_macro": 0.7002999999999999, "best_epoch": 24, "val_loss": 1.1707477060852536, "train_loss": 6.8012511253356935}
{"training time": 26.787565231323242}
{"epoch": 1, "val_accuracy": 0.45292595541401276, "train_accuracy": 0.24895833432674408, "f1_macro": 0.4390678505900696, "pre_macro": 0.49773779654431805, "re_macro": 0.45269999999999994, "best_epoch": 1, "val_loss": 1.8831498812717997, "train_loss": 8.71912603378296}
{"epoch": 2, "val_accuracy": 0.5527468152866242, "train_accuracy": 0.5932291686534882, "f1_macro": 0.5475004529746954, "pre_macro": 0.5831009545076954, "re_macro": 0.553, "best_epoch": 2, "val_loss": 1.7079104169918473, "train_loss": 8.275870895385742}
{"epoch": 3, "val_accuracy": 0.627687101910828, "train_accuracy": 0.7119791686534882, "f1_macro": 0.6230474649015882, "pre_macro": 0.6385177772741992, "re_macro": 0.6277, "best_epoch": 3, "val_loss": 1.5417663033600826, "train_loss": 7.980351305007934}
{"epoch": 4, "val_accuracy": 0.6611265923566879, "train_accuracy": 0.7911458373069763, "f1_macro": 0.6583149376055389, "pre_macro": 0.6663137731689531, "re_macro": 0.6613, "best_epoch": 4, "val_loss": 1.4315665694558697, "train_loss": 7.758578062057495}
{"epoch": 5, "val_accuracy": 0.6679936305732485, "train_accuracy": 0.8739583373069764, "f1_macro": 0.6669989593489716, "pre_macro": 0.6791375696333263, "re_macro": 0.6676, "best_epoch": 5, "val_loss": 1.355647976231423, "train_loss": 7.539546489715576}
{"epoch": 6, "val_accuracy": 0.6884952229299363, "train_accuracy": 0.9171875, "f1_macro": 0.6882416754455634, "pre_macro": 0.6939542509327608, "re_macro": 0.6882, "best_epoch": 6, "val_loss": 1.2906610457001217, "train_loss": 7.334598779678345}
{"epoch": 7, "val_accuracy": 0.6909832802547771, "train_accuracy": 0.9546875, "f1_macro": 0.691202380660719, "pre_macro": 0.6979468282408018, "re_macro": 0.6910000000000001, "best_epoch": 7,