{"epoch": 1, "val_accuracy": 0.8070262738853503, "train_accuracy": 0.723315602921425, "f1_macro": 0.8032131437280936, "pre_macro": 0.8045092576464367, "re_macro": 0.8067, "best_epoch": 1, "val_loss": 0.5982705481872437, "train_loss": 6.9444543250063635}
{"epoch": 2, "val_accuracy": 0.8238455414012739, "train_accuracy": 0.8386524824385947, "f1_macro": 0.8185981696639896, "pre_macro": 0.8294719290957632, "re_macro": 0.8242, "best_epoch": 2, "val_loss": 0.5146294834127851, "train_loss": 5.486710093883758}
{"epoch": 3, "val_accuracy": 0.8339968152866242, "train_accuracy": 0.8731826241980207, "f1_macro": 0.8306364374755125, "pre_macro": 0.8367977385666787, "re_macro": 0.8337999999999999, "best_epoch": 3, "val_loss": 0.47710052740042375, "train_loss": 4.804100284170597}
{"epoch": 4, "val_accuracy": 0.8234474522292994, "train_accuracy": 0.8941932624958931, "f1_macro": 0.8214518596020826, "pre_macro": 0.8345400378968074, "re_macro": 0.8235000000000001, "best_epoch": 3, "val_loss": 0.4949812551212918, "train_loss": 4.3675988785764}
{"epoch": 5, "val_accuracy": 0.833797770700637, "train_accuracy": 0.9087987590343394, "f1_macro": 0.8324803892570449, "pre_macro": 0.8386371694724838, "re_macro": 0.8336, "best_epoch": 3, "val_loss": 0.4691972962230634, "train_loss": 4.0621716184819}
{"epoch": 6, "val_accuracy": 0.8309116242038217, "train_accuracy": 0.9214760638297872, "f1_macro": 0.8293939091238679, "pre_macro": 0.8357996815921759, "re_macro": 0.8307, "best_epoch": 3, "val_loss": 0.4775456433083601, "train_loss": 3.8368057179958264}
{"epoch": 7, "val_accuracy": 0.8412619426751592, "train_accuracy": 0.9362367021276595, "f1_macro": 0.8393310150045196, "pre_macro": 0.8441184869389907, "re_macro": 0.8411, "best_epoch": 7, "val_loss": 0.45184682926554587, "train_loss": 3.6551005414191713}
{"epoch": 8, "val_accuracy": 0.8431528662420382, "train_accuracy": 0.9442375888215735, "f1_macro": 0.8408868712934418, "pre_macro": 0.8454198152181105, "re_macro": 0.8427000000000001, "best_epoch": 8, "val_loss": 0.4484458043696774, "train_loss": 3.517561172931752}
{"epoch": 9, "val_accuracy": 0.8480294585987261, "train_accuracy": 0.9545877659574468, "f1_macro": 0.8460971420682792, "pre_macro": 0.848923764513712, "re_macro": 0.8475999999999999, "best_epoch": 9, "val_loss": 0.4355862704431935, "train_loss": 3.409840546263025}
{"epoch": 10, "val_accuracy": 0.8515127388535032, "train_accuracy": 0.9613031914893617, "f1_macro": 0.8495288344208365, "pre_macro": 0.851792985600498, "re_macro": 0.8511, "best_epoch": 10, "val_loss": 0.4273432728591239, "train_loss": 3.323562571342955}
{"epoch": 11, "val_accuracy": 0.8528065286624203, "train_accuracy": 0.9674867021276595, "f1_macro": 0.8503803589934537, "pre_macro": 0.853028325090756, "re_macro": 0.8523999999999999, "best_epoch": 11, "val_loss": 0.4254457420034773, "train_loss": 3.2548508015084776}
{"epoch": 12, "val_accuracy": 0.8543988853503185, "train_accuracy": 0.9720079787234043, "f1_macro": 0.8517466118585245, "pre_macro": 0.8548061721918488, "re_macro": 0.8539999999999999, "best_epoch": 12, "val_loss": 0.4242283125781709, "train_loss": 3.200851043741754}
{"epoch": 13, "val_accuracy": 0.8550955414012739, "train_accuracy": 0.9748670212765957, "f1_macro": 0.8530310894984116, "pre_macro": 0.8552347228378225, "re_macro": 0.8547, "best_epoch": 13, "val_loss": 0.42333722921313754, "train_loss": 3.157539906400315}
{"epoch": 14, "val_accuracy": 0.8539012738853503, "train_accuracy": 0.9776595744680852, "f1_macro": 0.8525903928795582, "pre_macro": 0.854070077599208, "re_macro": 0.8535, "best_epoch": 13, "val_loss": 0.42469057977009733, "train_loss": 3.122315041562344}
{"epoch": 15, "val_accuracy": 0.8541003184713376, "train_accuracy": 0.9794547872340426, "f1_macro": 0.8529965208975987, "pre_macro": 0.8540521493727236, "re_macro": 0.8533999999999999, "best_epoch": 13, "val_loss": 0.4249178898182644, "train_loss": 3.093897273692679}
{"epoch": 16, "val_accuracy": 0.8543988853503185, "train_accuracy": 0.9803856382978723, "f1_macro": 0.8533671351583664, "pre_macro": 0.8540149498084423, "re_macro": 0.8537000000000001, "best_epoch": 13, "val_loss": 0.4223333176723711, "train_loss": 3.070933432274676}
{"epoch": 17, "val_accuracy": 0.8569864649681529, "train_accuracy": 0.9814494680851064, "f1_macro": 0.8557128028248453, "pre_macro": 0.8559403506178646, "re_macro": 0.8562999999999998, "best_epoch": 17, "val_loss": 0.42014798787748736, "train_loss": 3.0523130903852747}
{"epoch": 18, "val_accuracy": 0.8573845541401274, "train_accuracy": 0.9830452127659575, "f1_macro": 0.8559774359219988, "pre_macro": 0.8561276220225469, "re_macro": 0.8567, "best_epoch": 18, "val_loss": 0.419394990536058, "train_loss": 3.037076417435991}
{"epoch": 19, "val_accuracy": 0.8578821656050956, "train_accuracy": 0.9839095744680851, "f1_macro": 0.856350117427709, "pre_macro": 0.8564308352404103, "re_macro": 0.8572, "best_epoch": 19, "val_loss": 0.41922631442167196, "train_loss": 3.024624003755285}
{"epoch": 20, "val_accuracy": 0.8579816878980892, "train_accuracy": 0.9848404255319149, "f1_macro": 0.8565829408074954, "pre_macro": 0.856613751024471, "re_macro": 0.8573000000000001, "best_epoch": 20, "val_loss": 0.41906370279515626, "train_loss": 3.014504665009519}
{"epoch": 21, "val_accuracy": 0.8585788216560509, "train_accuracy": 0.9851728723404255, "f1_macro": 0.8573905256878387, "pre_macro": 0.857433089611529, "re_macro": 0.8578999999999999, "best_epoch": 21, "val_loss": 0.4188718848927006, "train_loss": 3.00630725393904}
{"epoch": 22, "val_accuracy": 0.8585788216560509, "train_accuracy": 0.9859042553191489, "f1_macro": 0.8574341527894083, "pre_macro": 0.8574394648137232, "re_macro": 0.8579000000000001, "best_epoch": 21, "val_loss": 0.4187034599150822, "train_loss": 2.999656657969698}
{"epoch": 23, "val_accuracy": 0.85828025477707, "train_accuracy": 0.9861702127659574, "f1_macro": 0.857560017668136, "pre_macro": 0.8575815540347318, "re_macro": 0.8579000000000001, "best_epoch": 21, "val_loss": 0.4185131120074327, "train_loss": 2.9942349413607983}
{"epoch": 24, "val_accuracy": 0.8591759554140127, "train_accuracy": 0.9861702127659574, "f1_macro": 0.8585844960411644, "pre_macro": 0.8586552323333905, "re_macro": 0.8587999999999999, "best_epoch": 24, "val_loss": 0.41827954152587116, "train_loss": 2.9897959130875607}
{"epoch": 25, "val_accuracy": 0.8598726114649682, "train_accuracy": 0.9867021276595744, "f1_macro": 0.8593488068487073, "pre_macro": 0.8594543174837137, "re_macro": 0.8594999999999999, "best_epoch": 25, "val_loss": 0.4180364439346988, "train_loss": 2.9861574345446646}
{"training time": 76.95016360282898}
{"epoch": 1, "val_accuracy": 0.7970740445859873, "train_accuracy": 0.7232491135597229, "f1_macro": 0.7899730986433966, "pre_macro": 0.800158591073723, "re_macro": 0.7969999999999999, "best_epoch": 1, "val_loss": 0.6151274007976435, "train_loss": 6.935031767094389}
{"epoch": 2, "val_accuracy": 0.824343152866242, "train_accuracy": 0.8408023050490846, "f1_macro": 0.8192063980178842, "pre_macro": 0.8264614620174198, "re_macro": 0.8240999999999999, "best_epoch": 2, "val_loss": 0.5098909697714885, "train_loss": 5.478493016831418}
{"epoch": 3, "val_accuracy": 0.8237460191082803, "train_accuracy": 0.8746232271194458, "f1_macro": 0.8174893979970073, "pre_macro": 0.8318710563545648, "re_macro": 0.8238, "best_epoch": 2, "val_loss": 0.5089803554449871, "train_loss": 4.792975038163205}
{"epoch": 4, "val_accuracy": 0.8306130573248408, "train_accuracy": 0.8974290781832756, "f1_macro": 0.8286341828362419, "pre_macro": 0.8359929194311766, "re_macro": 0.8304, "best_epoch": 4, "val_loss": 0.4726584922925682, "train_loss": 4.352543585351173}
{"epoch": 5, "val_accuracy": 0.8467356687898089, "train_accuracy": 0.9078235816448292, "f1_macro": 0.8452231092810075, "pre_macro": 0.848632994307972, "re_macro": 0.8465999999999999, "best_epoch": 5, "val_loss": 0.44069438745641404, "train_loss": 4.047974813745377}
{"epoch": 6, "val_accuracy": 0.8429538216560509, "train_accuracy": 0.9228723404255319,