{"epoch": 100, "loss": 0.11981748044490814}
{"epoch": 200, "loss": 0.07461448758840561}
{"epoch": 300, "loss": 0.06453153491020203}
{"epoch": 400, "loss": 0.057233043015003204}
{"epoch": 500, "loss": 0.05158434808254242}
{"epoch": 600, "loss": 0.04732677340507507}
{"epoch": 700, "loss": 0.04413896054029465}
{"epoch": 800, "loss": 0.04165767505764961}
{"epoch": 900, "loss": 0.03960094973444939}
{"epoch": 1000, "loss": 0.037831861525774}
{"training_time:": "3.8918s", "final_loss": 0.037831861525774}
