{"epoch": 100, "loss": 2.1729907989501953}
{"epoch": 200, "loss": 1.2528983354568481}
{"epoch": 300, "loss": 0.8888934850692749}
{"epoch": 400, "loss": 0.7184036374092102}
{"epoch": 500, "loss": 0.6296991109848022}
{"epoch": 600, "loss": 0.5618844628334045}
{"epoch": 700, "loss": 0.519064724445343}
{"epoch": 800, "loss": 0.4869098961353302}
{"epoch": 900, "loss": 0.45935896039009094}
{"epoch": 1000, "loss": 0.43262913823127747}
{"training_time:": "4.2940s", "final_loss": 0.43262913823127747}
