{"epoch": 1, "val_accuracy": 0.12350716560509555, "train_accuracy": 0.10989741663983528, "f1_macro": 0.04512276861804415, "pre_macro": 0.08658582118356442, "re_macro": 0.12177312441419086, "best_epoch": 1, "val_loss": 2.3025847969541124, "train_loss": 2.461737997988437}
{"epoch": 2, "val_accuracy": 0.10330414012738853, "train_accuracy": 0.12680471133678517, "f1_macro": 0.02014330668127963, "pre_macro": 0.011843767766246899, "re_macro": 0.10003742454402745, "best_epoch": 1, "val_loss": 2.3025334868461464, "train_loss": 2.426915670963044}
{"epoch": 3, "val_accuracy": 0.10061703821656051, "train_accuracy": 0.10025645903450378, "f1_macro": 0.024484306639035436, "pre_macro": 0.014067594697120354, "re_macro": 0.10241614191139892, "best_epoch": 1, "val_loss": 2.295873649560722, "train_loss": 2.403326962856536}
{"epoch": 4, "val_accuracy": 0.07842356687898089, "train_accuracy": 0.10590805477918462, "f1_macro": 0.03177055624259248, "pre_macro": 0.019802279893186028, "re_macro": 0.08150648332784695, "best_epoch": 1, "val_loss": 2.2297343964789325, "train_loss": 2.343508923307378}
{"epoch": 5, "val_accuracy": 0.08708200636942676, "train_accuracy": 0.10210866274985861, "f1_macro": 0.04693195612938023, "pre_macro": 0.13058936409782718, "re_macro": 0.08981513895523245, "best_epoch": 1, "val_loss": 2.1933480417652493, "train_loss": 2.283923250563601}
{"epoch": 6, "val_accuracy": 0.3416600318471338, "train_accuracy": 0.22611132264137268, "f1_macro": 0.24426975039555981, "pre_macro": 0.28075120209776616, "re_macro": 0.34101399464862603, "best_epoch": 6, "val_loss": 2.065178108822768, "train_loss": 2.2074348419270615}
{"epoch": 7, "val_accuracy": 0.39888535031847133, "train_accuracy": 0.3920972651623665, "f1_macro": 0.3110949289604935, "pre_macro": 0.2966350846048546, "re_macro": 0.3991000013102462, "best_epoch": 7, "val_loss": 1.9849352608820436, "train_loss": 2.0927432293587542}
{"epoch": 8, "val_accuracy": 0.4039609872611465, "train_accuracy": 0.4317059275951791, "f1_macro": 0.31007302625851485, "pre_macro": 0.30017035556611216, "re_macro": 0.40184407949613093, "best_epoch": 8, "val_loss": 1.9458441969695364, "train_loss": 2.0104698805098837}
{"epoch": 9, "val_accuracy": 0.41679936305732485, "train_accuracy": 0.43906724960245985, "f1_macro": 0.3164878868146502, "pre_macro": 0.3065959248422386, "re_macro": 0.4151619059551983, "best_epoch": 9, "val_loss": 1.89165470478641, "train_loss": 1.9581194228314338}
{"epoch": 10, "val_accuracy": 0.4176950636942675, "train_accuracy": 0.44096694601343034, "f1_macro": 0.3112657034419658, "pre_macro": 0.2932354495504101, "re_macro": 0.41598507928952105, "best_epoch": 10, "val_loss": 1.860490678981611, "train_loss": 1.9140608133153711}
{"epoch": 11, "val_accuracy": 0.5001990445859873, "train_accuracy": 0.47221694601343034, "f1_macro": 0.4302286983863257, "pre_macro": 0.5717299772650352, "re_macro": 0.49981130619300246, "best_epoch": 11, "val_loss": 1.7859742125128484, "train_loss": 1.8639785025982147}
{"epoch": 12, "val_accuracy": 0.5253781847133758, "train_accuracy": 0.5400360949496006, "f1_macro": 0.46715058260720604, "pre_macro": 0.5887451556835173, "re_macro": 0.5249068840342099, "best_epoch": 12, "val_loss": 1.7459811207595144, "train_loss": 1.8016425497988438}
{"epoch": 13, "val_accuracy": 0.5538415605095541, "train_accuracy": 0.5729958212122004, "f1_macro": 0.5074643577005252, "pre_macro": 0.6183053103443868, "re_macro": 0.5547042447287496, "best_epoch": 13, "val_loss": 1.713125612325729, "train_loss": 1.7625154003183892}
{"epoch": 14, "val_accuracy": 0.5367237261146497, "train_accuracy": 0.5766527361058175, "f1_macro": 0.4763165279530034, "pre_macro": 0.5644435942769925, "re_macro": 0.5370960012548475, "best_epoch": 13, "val_loss": 1.6807469509209796, "train_loss": 1.7242561528023252}
{"epoch": 15, "val_accuracy": 0.5563296178343949, "train_accuracy": 0.5919927815173535, "f1_macro": 0.4980912919413624, "pre_macro": 0.5746954746374483, "re_macro": 0.5568041126668651, "best_epoch": 15, "val_loss": 1.658462460633296, "train_loss": 1.6951342110938215}
{"training time": 17.870084524154663}
