{"epoch": 1, "val_accuracy": 0.11146496815286625, "train_accuracy": 0.11868351063829788, "f1_macro": 0.07234743767820569, "pre_macro": 0.08305714178915395, "re_macro": 0.10314985021694445, "best_epoch": 1, "val_loss": 2.0724412536924812, "train_loss": 2.256646643293665}
{"epoch": 2, "val_accuracy": 0.2008359872611465, "train_accuracy": 0.12194148936170213, "f1_macro": 0.09580658409983796, "pre_macro": 0.09049613638120621, "re_macro": 0.19085101322196218, "best_epoch": 2, "val_loss": 2.0207435143221715, "train_loss": 2.0927323031932747}
{"epoch": 3, "val_accuracy": 0.15475716560509553, "train_accuracy": 0.14913563829787235, "f1_macro": 0.10678043638757102, "pre_macro": 0.08926680460338096, "re_macro": 0.15050218829742146, "best_epoch": 2, "val_loss": 2.0194188736046956, "train_loss": 2.0438141817742204}
{"epoch": 4, "val_accuracy": 0.12967754777070065, "train_accuracy": 0.171875, "f1_macro": 0.08015683975802719, "pre_macro": 0.1656196663989408, "re_macro": 0.12389224191573907, "best_epoch": 2, "val_loss": 1.9883147918494644, "train_loss": 2.0248432666697402}
{"epoch": 5, "val_accuracy": 0.4251592356687898, "train_accuracy": 0.30627216316284017, "f1_macro": 0.3559943380780571, "pre_macro": 0.49916131352081816, "re_macro": 0.41963736089930787, "best_epoch": 5, "val_loss": 1.7219191523873882, "train_loss": 1.8581739669150494}
{"epoch": 6, "val_accuracy": 0.6943670382165605, "train_accuracy": 0.5791666667512123, "f1_macro": 0.6689919935170485, "pre_macro": 0.732200191613249, "re_macro": 0.6864430642622572, "best_epoch": 6, "val_loss": 1.2490112561329154, "train_loss": 1.4671320585494345}
{"epoch": 7, "val_accuracy": 0.7364649681528662, "train_accuracy": 0.7617464539852549, "f1_macro": 0.7191004404840973, "pre_macro": 0.7761680537824941, "re_macro": 0.729558690260933, "best_epoch": 7, "val_loss": 1.0031413910495248, "train_loss": 1.0738702781656955}
{"epoch": 8, "val_accuracy": 0.8414609872611465, "train_accuracy": 0.8162898936170213, "f1_macro": 0.839040229351877, "pre_macro": 0.8440630172474725, "re_macro": 0.83875422393656, "best_epoch": 8, "val_loss": 0.7487914852655617, "train_loss": 0.8697517321464864}
{"epoch": 9, "val_accuracy": 0.8652468152866242, "train_accuracy": 0.8586214539852548, "f1_macro": 0.8642268300191456, "pre_macro": 0.8689754491346356, "re_macro": 0.8633128891708027, "best_epoch": 9, "val_loss": 0.6559889732272761, "train_loss": 0.7129550596500965}
{"epoch": 10, "val_accuracy": 0.8640525477707006, "train_accuracy": 0.8774379433469569, "f1_macro": 0.8625962890546861, "pre_macro": 0.866135290420704, "re_macro": 0.8625770260019678, "best_epoch": 9, "val_loss": 0.6365106007096114, "train_loss": 0.6271403825029414}
{"epoch": 11, "val_accuracy": 0.8854498407643312, "train_accuracy": 0.8910460994598713, "f1_macro": 0.882756995948015, "pre_macro": 0.8862741775365828, "re_macro": 0.8825369506290315, "best_epoch": 11, "val_loss": 0.513775089364143, "train_loss": 0.5568230698717401}
{"epoch": 12, "val_accuracy": 0.8926154458598726, "train_accuracy": 0.9010416667512122, "f1_macro": 0.8899177918972789, "pre_macro": 0.8928646089852847, "re_macro": 0.8898535252893197, "best_epoch": 12, "val_loss": 0.46303419275268626, "train_loss": 0.49570896524064084}
{"epoch": 13, "val_accuracy": 0.9008757961783439, "train_accuracy": 0.905562943346957, "f1_macro": 0.8985605869877651, "pre_macro": 0.8996159773551575, "re_macro": 0.898628180619248, "best_epoch": 13, "val_loss": 0.42009891873332345, "train_loss": 0.458121216423968}
{"epoch": 14, "val_accuracy": 0.9058519108280255, "train_accuracy": 0.9089095744680851, "f1_macro": 0.9037635275996958, "pre_macro": 0.9039600651125645, "re_macro": 0.90427428739263, "best_epoch": 14, "val_loss": 0.3924795187962283, "train_loss": 0.43016224972745204}
{"epoch": 15, "val_accuracy": 0.9020700636942676, "train_accuracy": 0.912411347602276, "f1_macro": 0.9003743601889502, "pre_macro": 0.9012409906329802, "re_macro": 0.9011759282089425, "best_epoch": 14, "val_loss": 0.3921716100281211, "train_loss": 0.40892434862065824}
{"training time": 41.03980612754822}
