{"epoch": 1, "val_accuracy": 0.10071656050955415, "train_accuracy": 0.10495827414772728, "f1_macro": 0.0183304568989009, "pre_macro": 0.01009, "re_macro": 0.1, "best_epoch": 1, "val_loss": 2.3023991250688103, "train_loss": 2.346808979457075}
{"epoch": 2, "val_accuracy": 0.08359872611464968, "train_accuracy": 0.10440340909090909, "f1_macro": 0.015617799940489016, "pre_macro": 0.009150423043587309, "re_macro": 0.08540879185349705, "best_epoch": 1, "val_loss": 2.3025742913507354, "train_loss": 2.3179058452898804}
{"epoch": 3, "val_accuracy": 0.1436106687898089, "train_accuracy": 0.10700017755681818, "f1_macro": 0.06703607638713086, "pre_macro": 0.11990810534872179, "re_macro": 0.129425319519619, "best_epoch": 3, "val_loss": 2.302551653734438, "train_loss": 2.3131533326073126}
{"epoch": 4, "val_accuracy": 0.09783041401273886, "train_accuracy": 0.11146129261363637, "f1_macro": 0.01785063752276867, "pre_macro": 0.0098, "re_macro": 0.1, "best_epoch": 3, "val_loss": 2.3061742585176117, "train_loss": 2.3107423833148046}
{"epoch": 5, "val_accuracy": 0.11355493630573249, "train_accuracy": 0.119384765625, "f1_macro": 0.0203861697350696, "pre_macro": 0.01135, "re_macro": 0.1, "best_epoch": 3, "val_loss": 2.306287440524739, "train_loss": 2.3074270845814184}
{"epoch": 6, "val_accuracy": 0.36892914012738853, "train_accuracy": 0.19129527698863635, "f1_macro": 0.30570852952226646, "pre_macro": 0.43266190480871947, "re_macro": 0.36119292649886836, "best_epoch": 6, "val_loss": 1.930748168070605, "train_loss": 2.126957556063479}
{"epoch": 7, "val_accuracy": 0.839171974522293, "train_accuracy": 0.7427645596590909, "f1_macro": 0.8357754440357533, "pre_macro": 0.8440755983931396, "re_macro": 0.8360467699073879, "best_epoch": 7, "val_loss": 0.7414641591014376, "train_loss": 1.083036432042718}
{"epoch": 8, "val_accuracy": 0.8447452229299363, "train_accuracy": 0.8661665482954546, "f1_macro": 0.8424438159576286, "pre_macro": 0.8539589574277274, "re_macro": 0.843162001508402, "best_epoch": 8, "val_loss": 0.5864001487850383, "train_loss": 0.6171274934048679}
{"epoch": 9, "val_accuracy": 0.887937898089172, "train_accuracy": 0.8865411931818182, "f1_macro": 0.8856309914141536, "pre_macro": 0.888023398277635, "re_macro": 0.8866884695133244, "best_epoch": 9, "val_loss": 0.427322291976707, "train_loss": 0.5153048021549528}
{"epoch": 10, "val_accuracy": 0.8999800955414012, "train_accuracy": 0.8975275213068182, "f1_macro": 0.8987410261268194, "pre_macro": 0.9000456115637242, "re_macro": 0.8996245063339794, "best_epoch": 10, "val_loss": 0.37880884034998097, "train_loss": 0.46343993831595237}
{"epoch": 11, "val_accuracy": 0.9030652866242038, "train_accuracy": 0.9065829190340909, "f1_macro": 0.9017475075564054, "pre_macro": 0.9033269178773699, "re_macro": 0.9021462338067282, "best_epoch": 11, "val_loss": 0.35854298279733415, "train_loss": 0.4288633718282323}
{"epoch": 12, "val_accuracy": 0.9131170382165605, "train_accuracy": 0.9116876775568182, "f1_macro": 0.9116792111741127, "pre_macro": 0.9126327461451778, "re_macro": 0.911692377063322, "best_epoch": 12, "val_loss": 0.3286657199073749, "train_loss": 0.4068149887660349}
{"epoch": 13, "val_accuracy": 0.9140127388535032, "train_accuracy": 0.9171475497159091, "f1_macro": 0.912989776439986, "pre_macro": 0.9147090020666517, "re_macro": 0.9127831362086851, "best_epoch": 13, "val_loss": 0.32502840755946316, "train_loss": 0.3859561521517621}
{"epoch": 14, "val_accuracy": 0.9148089171974523, "train_accuracy": 0.9208540482954546, "f1_macro": 0.9137324051119957, "pre_macro": 0.9156690461944599, "re_macro": 0.9134772309353141, "best_epoch": 14, "val_loss": 0.31810772440331, "train_loss": 0.36742224753834307}
{"epoch": 15, "val_accuracy": 0.9179936305732485, "train_accuracy": 0.9236283735795454, "f1_macro": 0.9166744455213175, "pre_macro": 0.9185639132286465, "re_macro": 0.9163360007599539, "best_epoch": 15, "val_loss": 0.301882282706203, "train_loss": 0.3529796005142006}
{"training time": 99.90451097488403}
