{"epoch": 1, "val_accuracy": 0.1490843949044586, "train_accuracy": 0.1052605277185501, "f1_macro": 0.05883913691816249, "pre_macro": 0.04181133699407417, "re_macro": 0.15074331020812687, "best_epoch": 1, "val_loss": 2.3021628431453824, "train_loss": 2.3424015683151764}
{"epoch": 2, "val_accuracy": 0.09812898089171974, "train_accuracy": 0.10794243070362473, "f1_macro": 0.018435226224001965, "pre_macro": 0.10980294088226468, "re_macro": 0.1002906976744186, "best_epoch": 1, "val_loss": 2.3014890600921243, "train_loss": 2.3152913658349497}
{"epoch": 3, "val_accuracy": 0.11355493630573249, "train_accuracy": 0.11310634328358209, "f1_macro": 0.0203861697350696, "pre_macro": 0.01135, "re_macro": 0.1, "best_epoch": 1, "val_loss": 2.299442494750782, "train_loss": 2.3134014461594603}
{"epoch": 4, "val_accuracy": 0.11355493630573249, "train_accuracy": 0.11132396055437101, "f1_macro": 0.0203861697350696, "pre_macro": 0.01135, "re_macro": 0.1, "best_epoch": 1, "val_loss": 2.29299367005658, "train_loss": 2.311228566078235}
{"epoch": 5, "val_accuracy": 0.21068869426751594, "train_accuracy": 0.13579424307036247, "f1_macro": 0.11842064342832777, "pre_macro": 0.13931973707336542, "re_macro": 0.2137289906476639, "best_epoch": 5, "val_loss": 2.0423631409930576, "train_loss": 2.1695258205633428}
{"epoch": 6, "val_accuracy": 0.5873805732484076, "train_accuracy": 0.49953358208955223, "f1_macro": 0.570783543463422, "pre_macro": 0.6084219493351932, "re_macro": 0.5775853739395328, "best_epoch": 6, "val_loss": 1.3954274213997422, "train_loss": 1.578147170767347}
{"epoch": 7, "val_accuracy": 0.8267316878980892, "train_accuracy": 0.7634761460554371, "f1_macro": 0.8224407339533505, "pre_macro": 0.8369066325970236, "re_macro": 0.8238526791679629, "best_epoch": 7, "val_loss": 0.6934092265025825, "train_loss": 0.948486161193868}
{"epoch": 8, "val_accuracy": 0.8762937898089171, "train_accuracy": 0.8588252931769723, "f1_macro": 0.8738100991423912, "pre_macro": 0.8777572373398674, "re_macro": 0.8735715693030107, "best_epoch": 8, "val_loss": 0.4980847062958274, "train_loss": 0.6206551483635709}
{"epoch": 9, "val_accuracy": 0.8736066878980892, "train_accuracy": 0.8764159115138592, "f1_macro": 0.8709918314496743, "pre_macro": 0.8777723020840792, "re_macro": 0.8704903719409929, "best_epoch": 8, "val_loss": 0.47430815542959104, "train_loss": 0.544840427890007}
{"epoch": 10, "val_accuracy": 0.8932125796178344, "train_accuracy": 0.8842284115138592, "f1_macro": 0.8903662353170955, "pre_macro": 0.8933314970649123, "re_macro": 0.8903418325001192, "best_epoch": 10, "val_loss": 0.41451518360976203, "train_loss": 0.5104514600625679}
{"epoch": 11, "val_accuracy": 0.8963972929936306, "train_accuracy": 0.8889092484008528, "f1_macro": 0.893477401169816, "pre_macro": 0.8972767187141983, "re_macro": 0.8936166549821062, "best_epoch": 11, "val_loss": 0.3994036291720002, "train_loss": 0.4926931634068743}
{"epoch": 12, "val_accuracy": 0.9058519108280255, "train_accuracy": 0.8961886993603412, "f1_macro": 0.9035825401199278, "pre_macro": 0.9047683370717603, "re_macro": 0.903577222461425, "best_epoch": 12, "val_loss": 0.3545318969590649, "train_loss": 0.4586259395932592}
{"epoch": 13, "val_accuracy": 0.9087380573248408, "train_accuracy": 0.904301039445629, "f1_macro": 0.9064184799534306, "pre_macro": 0.909549751913642, "re_macro": 0.9059464070179424, "best_epoch": 13, "val_loss": 0.33462930136140745, "train_loss": 0.42585307431182884}
{"epoch": 14, "val_accuracy": 0.9173964968152867, "train_accuracy": 0.9112306769722814, "f1_macro": 0.9153805016456928, "pre_macro": 0.9169635038994345, "re_macro": 0.9151006855073058, "best_epoch": 14, "val_loss": 0.3061118600237521, "train_loss": 0.39971203202886113}
{"epoch": 15, "val_accuracy": 0.923765923566879, "train_accuracy": 0.9173107675906184, "f1_macro": 0.9220636815650094, "pre_macro": 0.9223926695101474, "re_macro": 0.9221253181674107, "best_epoch": 15, "val_loss": 0.2841901995811113, "train_loss": 0.38117053278727825}
{"training time": 121.88533210754395}
