{"epoch": 1, "val_accuracy": 0.8126990445859873, "train_accuracy": 0.6222929345800522, "f1_macro": 0.8114552923622675, "pre_macro": 0.8248486638619511, "re_macro": 0.8102836030348659, "best_epoch": 1, "val_loss": 0.6536029522206374, "train_loss": 1.5974297523498535}
{"epoch": 2, "val_accuracy": 0.8558917197452229, "train_accuracy": 0.8638392864389622, "f1_macro": 0.8546143984288765, "pre_macro": 0.8627662515115663, "re_macro": 0.853763444661195, "best_epoch": 2, "val_loss": 0.4925642046768954, "train_loss": 0.8364170231717698}
{"epoch": 3, "val_accuracy": 0.8633558917197452, "train_accuracy": 0.9080072197508304, "f1_macro": 0.8619962998421237, "pre_macro": 0.8696696165635759, "re_macro": 0.861399121687009, "best_epoch": 3, "val_loss": 0.4566275783262815, "train_loss": 0.6965185302369138}
{"epoch": 4, "val_accuracy": 0.8683320063694268, "train_accuracy": 0.9289988609070473, "f1_macro": 0.8665878805494043, "pre_macro": 0.8719982787445109, "re_macro": 0.8664566687272955, "best_epoch": 4, "val_loss": 0.4286635113986814, "train_loss": 0.6277212202548981}
{"epoch": 5, "val_accuracy": 0.8759952229299363, "train_accuracy": 0.9416793318504982, "f1_macro": 0.8740376889404413, "pre_macro": 0.8774892154539706, "re_macro": 0.8747706875522463, "best_epoch": 5, "val_loss": 0.4109196381489183, "train_loss": 0.58893561616857}
{"epoch": 6, "val_accuracy": 0.8804737261146497, "train_accuracy": 0.948613222609175, "f1_macro": 0.8793139344501751, "pre_macro": 0.8814387498268378, "re_macro": 0.8795867534286496, "best_epoch": 6, "val_loss": 0.3928482293086067, "train_loss": 0.560969039480737}
{"epoch": 7, "val_accuracy": 0.8828622611464968, "train_accuracy": 0.9579217332474729, "f1_macro": 0.8813391153292359, "pre_macro": 0.8851399348634817, "re_macro": 0.8815026756631392, "best_epoch": 7, "val_loss": 0.3849329075948068, "train_loss": 0.5325592141202156}
{"epoch": 8, "val_accuracy": 0.8781847133757962, "train_accuracy": 0.9630034198152259, "f1_macro": 0.8758776882919695, "pre_macro": 0.8824244699658476, "re_macro": 0.8762550523634598, "best_epoch": 7, "val_loss": 0.39145691533851773, "train_loss": 0.5153514197532166}
{"epoch": 9, "val_accuracy": 0.884952229299363, "train_accuracy": 0.9676576751343747, "f1_macro": 0.8830323254517841, "pre_macro": 0.8877047968413132, "re_macro": 0.8832223061024314, "best_epoch": 9, "val_loss": 0.3815367978991597, "train_loss": 0.4992658857335436}
{"epoch": 10, "val_accuracy": 0.886843152866242, "train_accuracy": 0.9716470368365024, "f1_macro": 0.8849334280741223, "pre_macro": 0.8881647709289522, "re_macro": 0.8853082657868848, "best_epoch": 10, "val_loss": 0.3761641152179355, "train_loss": 0.48585018832632837}
{"epoch": 11, "val_accuracy": 0.8876393312101911, "train_accuracy": 0.9749715049216088, "f1_macro": 0.8856295668623927, "pre_macro": 0.8887531792180272, "re_macro": 0.885986846472026, "best_epoch": 11, "val_loss": 0.37249643487298184, "train_loss": 0.47623751962438543}
{"epoch": 12, "val_accuracy": 0.88953025477707, "train_accuracy": 0.9753039517301194, "f1_macro": 0.8875017523202648, "pre_macro": 0.8898388407964297, "re_macro": 0.8877930304327771, "best_epoch": 12, "val_loss": 0.36598996704171416, "train_loss": 0.4700561463832855}
{"epoch": 13, "val_accuracy": 0.8909235668789809, "train_accuracy": 0.9776310793896938, "f1_macro": 0.8885692479666363, "pre_macro": 0.890483693472391, "re_macro": 0.8888759784991105, "best_epoch": 13, "val_loss": 0.36278859307621697, "train_loss": 0.4637844936644777}
{"epoch": 14, "val_accuracy": 0.8919187898089171, "train_accuracy": 0.9789608666237365, "f1_macro": 0.8895860101958007, "pre_macro": 0.8912383460232753, "re_macro": 0.8899639506083001, "best_epoch": 14, "val_loss": 0.36058906208320407, "train_loss": 0.45805171766179675}
{"epoch": 15, "val_accuracy": 0.8926154458598726, "train_accuracy": 0.9799582070492684, "f1_macro": 0.8903316995909369, "pre_macro": 0.8915146611352937, "re_macro": 0.8907159404102784, "best_epoch": 15, "val_loss": 0.3578641218649354, "train_loss": 0.4531604660318253}
{"training time": 19.114794969558716}
