{"epoch": 1, "val_accuracy": 0.8951035031847133, "train_accuracy": 0.8528451492537313, "f1_macro": 0.8945039260457136, "pre_macro": 0.898501071103262, "re_macro": 0.8949718009937854, "best_epoch": 1, "val_loss": 0.3610708202905716, "train_loss": 0.8265219226574847}
{"epoch": 2, "val_accuracy": 0.9110270700636943, "train_accuracy": 0.9183324449606287, "f1_macro": 0.910142646362232, "pre_macro": 0.9137541402815375, "re_macro": 0.910274664396329, "best_epoch": 2, "val_loss": 0.29587341020488817, "train_loss": 0.5526752071594124}
{"epoch": 3, "val_accuracy": 0.9299363057324841, "train_accuracy": 0.9367115317123023, "f1_macro": 0.9290304783780947, "pre_macro": 0.92998188498488, "re_macro": 0.9290751881562352, "best_epoch": 3, "val_loss": 0.23975435511511603, "train_loss": 0.46154559154246155}
{"epoch": 4, "val_accuracy": 0.9358081210191083, "train_accuracy": 0.9480166134041256, "f1_macro": 0.9347694783613735, "pre_macro": 0.9352218094034404, "re_macro": 0.9348592950116601, "best_epoch": 4, "val_loss": 0.21625073767225644, "train_loss": 0.40605674909630307}
{"epoch": 5, "val_accuracy": 0.940187101910828, "train_accuracy": 0.9566231343283582, "f1_macro": 0.9391984106796256, "pre_macro": 0.939578260085481, "re_macro": 0.9392903031900592, "best_epoch": 5, "val_loss": 0.20073171136722823, "train_loss": 0.3705565332095506}
{"epoch": 6, "val_accuracy": 0.941281847133758, "train_accuracy": 0.9615982587911935, "f1_macro": 0.9403616294980074, "pre_macro": 0.9408947350990976, "re_macro": 0.9404714754124844, "best_epoch": 6, "val_loss": 0.19420191179367768, "train_loss": 0.3457779643187391}
{"epoch": 7, "val_accuracy": 0.9432722929936306, "train_accuracy": 0.9658959666803193, "f1_macro": 0.9423581931700211, "pre_macro": 0.9429982796917123, "re_macro": 0.9424253250987349, "best_epoch": 7, "val_loss": 0.19088737861176205, "train_loss": 0.3274758485461603}
{"epoch": 8, "val_accuracy": 0.9449641719745223, "train_accuracy": 0.9691608920534537, "f1_macro": 0.9440543113297798, "pre_macro": 0.944738677899737, "re_macro": 0.9440916918758269, "best_epoch": 8, "val_loss": 0.18674416671904503, "train_loss": 0.3132335200492761}
{"epoch": 9, "val_accuracy": 0.9462579617834395, "train_accuracy": 0.9720704513572173, "f1_macro": 0.9453442508592289, "pre_macro": 0.9457857284374944, "re_macro": 0.9454589830529324, "best_epoch": 9, "val_loss": 0.1790005336130026, "train_loss": 0.3012908629135791}
{"epoch": 10, "val_accuracy": 0.9472531847133758, "train_accuracy": 0.9752909560193385, "f1_macro": 0.94629725173109, "pre_macro": 0.9465059453553174, "re_macro": 0.9464718474447962, "best_epoch": 10, "val_loss": 0.17169692417737215, "train_loss": 0.2914037961822583}
{"epoch": 11, "val_accuracy": 0.9501393312101911, "train_accuracy": 0.9778229389617692, "f1_macro": 0.9491958836970898, "pre_macro": 0.9491932701573177, "re_macro": 0.949379399438374, "best_epoch": 11, "val_loss": 0.16533043544893716, "train_loss": 0.28334945516545634}
{"epoch": 12, "val_accuracy": 0.9518312101910829, "train_accuracy": 0.9796330846194774, "f1_macro": 0.9509333251359002, "pre_macro": 0.9508648734897773, "re_macro": 0.9510946266366741, "best_epoch": 12, "val_loss": 0.1608787905039254, "train_loss": 0.27692347653766175}
{"epoch": 13, "val_accuracy": 0.953125, "train_accuracy": 0.9811989161759805, "f1_macro": 0.9522606985042321, "pre_macro": 0.9522084095847376, "re_macro": 0.9523651963381393, "best_epoch": 13, "val_loss": 0.1580344228471398, "train_loss": 0.2717665632777631}
{"epoch": 14, "val_accuracy": 0.9535230891719745, "train_accuracy": 0.982298329822036, "f1_macro": 0.952672390261122, "pre_macro": 0.9526592716367176, "re_macro": 0.9527328008115832, "best_epoch": 14, "val_loss": 0.1562366322347313, "train_loss": 0.2676569048656838}
{"epoch": 15, "val_accuracy": 0.9536226114649682, "train_accuracy": 0.9832977967729954, "f1_macro": 0.9527741237045279, "pre_macro": 0.9528019347350212, "re_macro": 0.9527972142260357, "best_epoch": 15, "val_loss": 0.155036359942358, "train_loss": 0.26442616936494545}
{"training time": 79.59280300140381}
