{"epoch": 1, "val_accuracy": 0.9149084394904459, "train_accuracy": 0.8785314498933902, "f1_macro": 0.9140639066593215, "pre_macro": 0.9180178980290081, "re_macro": 0.9135412305100299, "best_epoch": 1, "val_loss": 0.26858177210447515, "train_loss": 0.7169476297300762}
{"epoch": 2, "val_accuracy": 0.9358081210191083, "train_accuracy": 0.9325359808102346, "f1_macro": 0.9350802645719943, "pre_macro": 0.936700562211233, "re_macro": 0.9345633122064907, "best_epoch": 2, "val_loss": 0.20983280388602785, "train_loss": 0.459286420695436}
{"epoch": 3, "val_accuracy": 0.9456608280254777, "train_accuracy": 0.9468783315565032, "f1_macro": 0.9449340707272299, "pre_macro": 0.9458928796313621, "re_macro": 0.9446031830769991, "best_epoch": 3, "val_loss": 0.1797232281114123, "train_loss": 0.38385955523898097}
{"epoch": 4, "val_accuracy": 0.9518312101910829, "train_accuracy": 0.9555570362473348, "f1_macro": 0.9511241266864905, "pre_macro": 0.9516509818575816, "re_macro": 0.951068268147073, "best_epoch": 4, "val_loss": 0.1637935041432168, "train_loss": 0.34282325958010995}
{"epoch": 5, "val_accuracy": 0.9567078025477707, "train_accuracy": 0.9618703358208955, "f1_macro": 0.956145323080365, "pre_macro": 0.9563472815663319, "re_macro": 0.9562522620880041, "best_epoch": 5, "val_loss": 0.1488617873086244, "train_loss": 0.3158601147692595}
{"epoch": 6, "val_accuracy": 0.9597929936305732, "train_accuracy": 0.966851012793177, "f1_macro": 0.9592195527167438, "pre_macro": 0.9592968448940793, "re_macro": 0.9594030046748203, "best_epoch": 6, "val_loss": 0.13938893261810492, "train_loss": 0.29588660389693305}
{"epoch": 7, "val_accuracy": 0.9610867834394905, "train_accuracy": 0.9721815031982942, "f1_macro": 0.9605666227367042, "pre_macro": 0.9606142146072928, "re_macro": 0.9607400524195961, "best_epoch": 7, "val_loss": 0.13331799022111876, "train_loss": 0.27923589762149337}
{"epoch": 8, "val_accuracy": 0.963077229299363, "train_accuracy": 0.9764125799573561, "f1_macro": 0.9625978034218257, "pre_macro": 0.9626335874247595, "re_macro": 0.9627037880597958, "best_epoch": 8, "val_loss": 0.12776464627385375, "train_loss": 0.2662461287081877}
{"epoch": 9, "val_accuracy": 0.9651671974522293, "train_accuracy": 0.9798940565031983, "f1_macro": 0.9647255658329874, "pre_macro": 0.964803053151835, "re_macro": 0.9647610268219375, "best_epoch": 9, "val_loss": 0.12272382157878464, "train_loss": 0.25572390387307353}
{"epoch": 10, "val_accuracy": 0.9656648089171974, "train_accuracy": 0.9827758528784648, "f1_macro": 0.9652367148157909, "pre_macro": 0.9654010621936842, "re_macro": 0.9651783237810324, "best_epoch": 10, "val_loss": 0.11857228952750659, "train_loss": 0.24719441261118663}
{"epoch": 11, "val_accuracy": 0.9661624203821656, "train_accuracy": 0.984424973347548, "f1_macro": 0.965723500270915, "pre_macro": 0.9658690306953492, "re_macro": 0.9656754080862864, "best_epoch": 11, "val_loss": 0.11586378000907979, "train_loss": 0.24040704128393994}
{"epoch": 12, "val_accuracy": 0.9670581210191083, "train_accuracy": 0.9860074626865671, "f1_macro": 0.96666225717995, "pre_macro": 0.9668084182805881, "re_macro": 0.9666025089363606, "best_epoch": 12, "val_loss": 0.11404412396987722, "train_loss": 0.2350154189285693}
{"epoch": 13, "val_accuracy": 0.9674562101910829, "train_accuracy": 0.9872734541577826, "f1_macro": 0.9670795936411987, "pre_macro": 0.9672084445354358, "re_macro": 0.9670300804992875, "best_epoch": 13, "val_loss": 0.11253637994586188, "train_loss": 0.2306755612781053}
{"epoch": 14, "val_accuracy": 0.9681528662420382, "train_accuracy": 0.9880896855010661, "f1_macro": 0.9677774451036317, "pre_macro": 0.9678881132810175, "re_macro": 0.9677406639652381, "best_epoch": 14, "val_loss": 0.11121629617046447, "train_loss": 0.22719315830260706}
{"epoch": 15, "val_accuracy": 0.9688495222929936, "train_accuracy": 0.9887060234541578, "f1_macro": 0.9684636440247202, "pre_macro": 0.9685743072677315, "re_macro": 0.968419049369716, "best_epoch": 15, "val_loss": 0.1100870470922725, "train_loss": 0.22439906723908523}
{"training time": 153.13985872268677}
