{"epoch": 1, "val_accuracy": 0.8929140127388535, "train_accuracy": 0.8685413707386364, "f1_macro": 0.8916883135226324, "pre_macro": 0.9001607112496343, "re_macro": 0.8919408078963842, "best_epoch": 1, "val_loss": 0.3399945559798722, "train_loss": 0.7643471300093965}
{"epoch": 2, "val_accuracy": 0.9279458598726115, "train_accuracy": 0.9257590553977273, "f1_macro": 0.9269264147344887, "pre_macro": 0.9294429941574137, "re_macro": 0.9270083673452222, "best_epoch": 2, "val_loss": 0.2470485213076233, "train_loss": 0.5046967309052971}
{"epoch": 3, "val_accuracy": 0.9367038216560509, "train_accuracy": 0.9424050071022727, "f1_macro": 0.935859969905285, "pre_macro": 0.9370996669467395, "re_macro": 0.9360125973607765, "best_epoch": 3, "val_loss": 0.2093140842855736, "train_loss": 0.41496413497423584}
{"epoch": 4, "val_accuracy": 0.9459593949044586, "train_accuracy": 0.9525257457386364, "f1_macro": 0.9453127281052003, "pre_macro": 0.9460121672856234, "re_macro": 0.9452772770361599, "best_epoch": 4, "val_loss": 0.18433464255041568, "train_loss": 0.3670957719864832}
{"epoch": 5, "val_accuracy": 0.9491441082802548, "train_accuracy": 0.9594282670454546, "f1_macro": 0.9486040248395395, "pre_macro": 0.9494662487889869, "re_macro": 0.9485496655496867, "best_epoch": 5, "val_loss": 0.17354615464521822, "train_loss": 0.336508054159243}
{"epoch": 6, "val_accuracy": 0.95203025477707, "train_accuracy": 0.964111328125, "f1_macro": 0.9515314862760142, "pre_macro": 0.952174928153702, "re_macro": 0.9514704829216794, "best_epoch": 6, "val_loss": 0.16115082289643917, "train_loss": 0.315044213806025}
{"epoch": 7, "val_accuracy": 0.9538216560509554, "train_accuracy": 0.9686390269886364, "f1_macro": 0.9533781606887836, "pre_macro": 0.9540397787058861, "re_macro": 0.9531973762467647, "best_epoch": 7, "val_loss": 0.15244578441996484, "train_loss": 0.2983821099835702}
{"epoch": 8, "val_accuracy": 0.956906847133758, "train_accuracy": 0.9727006392045454, "f1_macro": 0.9563995091613627, "pre_macro": 0.9568149485851333, "re_macro": 0.9563170996852431, "best_epoch": 8, "val_loss": 0.1431175180099857, "train_loss": 0.2849685019728812}
{"epoch": 9, "val_accuracy": 0.9596934713375797, "train_accuracy": 0.9765403053977273, "f1_macro": 0.9592033759818019, "pre_macro": 0.9594686951563725, "re_macro": 0.959133109346808, "best_epoch": 9, "val_loss": 0.13563131037684287, "train_loss": 0.2738584242761135}
{"epoch": 10, "val_accuracy": 0.9609872611464968, "train_accuracy": 0.978759765625, "f1_macro": 0.9605312975628131, "pre_macro": 0.960784308938397, "re_macro": 0.960451520262799, "best_epoch": 10, "val_loss": 0.13136219046713346, "train_loss": 0.26505861327644775}
{"epoch": 11, "val_accuracy": 0.9613853503184714, "train_accuracy": 0.9815562855113636, "f1_macro": 0.9609293887513692, "pre_macro": 0.961145237169227, "re_macro": 0.9608833190669058, "best_epoch": 11, "val_loss": 0.12949609805408652, "train_loss": 0.2580685747618025}
{"epoch": 12, "val_accuracy": 0.9623805732484076, "train_accuracy": 0.9831321022727273, "f1_macro": 0.9619362424851412, "pre_macro": 0.962125016314005, "re_macro": 0.9619056609747597, "best_epoch": 12, "val_loss": 0.12790464686384057, "train_loss": 0.2526251878166063}
{"epoch": 13, "val_accuracy": 0.963077229299363, "train_accuracy": 0.984130859375, "f1_macro": 0.9626568515283849, "pre_macro": 0.9628662116387161, "re_macro": 0.9625994805417761, "best_epoch": 13, "val_loss": 0.1260956846070802, "train_loss": 0.2483054113320329}
{"epoch": 14, "val_accuracy": 0.9636743630573248, "train_accuracy": 0.9855513139204546, "f1_macro": 0.9632449980174534, "pre_macro": 0.9634714332921709, "re_macro": 0.9631602036410222, "best_epoch": 14, "val_loss": 0.12456604220406123, "train_loss": 0.24478164298290556}
{"epoch": 15, "val_accuracy": 0.9643710191082803, "train_accuracy": 0.9866610440340909, "f1_macro": 0.9639223572280565, "pre_macro": 0.9641772609204251, "re_macro": 0.963804697811835, "best_epoch": 15, "val_loss": 0.12342675277892097, "train_loss": 0.24197952396405692}
{"training time": 111.04806995391846}
