{"epoch": 1, "val_accuracy": 0.8762937898089171, "train_accuracy": 0.8046099292471054, "f1_macro": 0.8732017576355243, "pre_macro": 0.8830050082646071, "re_macro": 0.8756998996624127, "best_epoch": 1, "val_loss": 0.40261831853515023, "train_loss": 1.0012244781281086}
{"epoch": 2, "val_accuracy": 0.8880374203821656, "train_accuracy": 0.906781914893617, "f1_macro": 0.8863916682217556, "pre_macro": 0.8942618882688802, "re_macro": 0.8874397862097769, "best_epoch": 2, "val_loss": 0.35526811759800286, "train_loss": 0.6464564218166027}
{"epoch": 3, "val_accuracy": 0.9003781847133758, "train_accuracy": 0.9272384752618505, "f1_macro": 0.8991533297720196, "pre_macro": 0.9045409271571083, "re_macro": 0.8993764291867411, "best_epoch": 3, "val_loss": 0.32398107927885783, "train_loss": 0.5566496029813239}
{"epoch": 4, "val_accuracy": 0.9113256369426752, "train_accuracy": 0.941156914893617, "f1_macro": 0.9097773298669871, "pre_macro": 0.9131910996148818, "re_macro": 0.9098728467390877, "best_epoch": 4, "val_loss": 0.29310326866663183, "train_loss": 0.4963486209828803}
{"epoch": 5, "val_accuracy": 0.9215764331210191, "train_accuracy": 0.9504654255319149, "f1_macro": 0.9203018846139394, "pre_macro": 0.9215090242101225, "re_macro": 0.9203994257359506, "best_epoch": 5, "val_loss": 0.2646686939202296, "train_loss": 0.453955374245948}
{"epoch": 6, "val_accuracy": 0.9235668789808917, "train_accuracy": 0.9581117021276596, "f1_macro": 0.9223126603795683, "pre_macro": 0.9231823901397321, "re_macro": 0.9225237755501521, "best_epoch": 6, "val_loss": 0.25392209112074726, "train_loss": 0.42242856330059947}
{"epoch": 7, "val_accuracy": 0.9262539808917197, "train_accuracy": 0.9632978723404255, "f1_macro": 0.9251494376753244, "pre_macro": 0.9260379385516083, "re_macro": 0.9250898337232034, "best_epoch": 7, "val_loss": 0.2462718366247833, "train_loss": 0.399000635679732}
{"epoch": 8, "val_accuracy": 0.9281449044585988, "train_accuracy": 0.9683510638297872, "f1_macro": 0.9271259110143802, "pre_macro": 0.9281012888503299, "re_macro": 0.9269190986002765, "best_epoch": 8, "val_loss": 0.24028252452540738, "train_loss": 0.38120832836374324}
{"epoch": 9, "val_accuracy": 0.9309315286624203, "train_accuracy": 0.9720079787234043, "f1_macro": 0.929640780625163, "pre_macro": 0.9305736490615015, "re_macro": 0.9293545708590104, "best_epoch": 9, "val_loss": 0.23449798463398863, "train_loss": 0.36708701950438477}
{"epoch": 10, "val_accuracy": 0.9322253184713376, "train_accuracy": 0.9746675531914893, "f1_macro": 0.9309268591997641, "pre_macro": 0.9318180307753534, "re_macro": 0.9306636198401403, "best_epoch": 10, "val_loss": 0.23189703774917278, "train_loss": 0.355502369809658}
{"epoch": 11, "val_accuracy": 0.9324243630573248, "train_accuracy": 0.9764627659574469, "f1_macro": 0.9311420393069012, "pre_macro": 0.9320056185824086, "re_macro": 0.9308911936412789, "best_epoch": 11, "val_loss": 0.22907729403584437, "train_loss": 0.3463532584778806}
{"epoch": 12, "val_accuracy": 0.9331210191082803, "train_accuracy": 0.9788563829787233, "f1_macro": 0.9318312165709421, "pre_macro": 0.9327206984297798, "re_macro": 0.9315436086957932, "best_epoch": 12, "val_loss": 0.2264715753626197, "train_loss": 0.33906405758350455}
{"epoch": 13, "val_accuracy": 0.9340167197452229, "train_accuracy": 0.9798537234042554, "f1_macro": 0.9327555490828882, "pre_macro": 0.9334358842646931, "re_macro": 0.9325167913188501, "best_epoch": 13, "val_loss": 0.22393026351216871, "train_loss": 0.33336160994590597}
{"epoch": 14, "val_accuracy": 0.9343152866242038, "train_accuracy": 0.9809840425531915, "f1_macro": 0.933063381800261, "pre_macro": 0.9335989738828067, "re_macro": 0.932883476268007, "best_epoch": 14, "val_loss": 0.22136896074553775, "train_loss": 0.32883771264806705}
{"epoch": 15, "val_accuracy": 0.9351114649681529, "train_accuracy": 0.9823803191489362, "f1_macro": 0.933858486757908, "pre_macro": 0.9342180301200387, "re_macro": 0.9337624516846891, "best_epoch": 15, "val_loss": 0.21930269535725852, "train_loss": 0.3250646029381042}
{"training time": 47.78673791885376}
