{"epoch": 1, "val_accuracy": 0.3788813694267516, "train_accuracy": 0.234375, "f1_macro": 0.3305008331579895, "pre_macro": 0.5418747758267468, "re_macro": 0.37161302689563325, "best_epoch": 1, "val_loss": 1.8230350716098858, "train_loss": 2.5396053791046143}
{"epoch": 2, "val_accuracy": 0.5936504777070064, "train_accuracy": 0.59375, "f1_macro": 0.5752135991744347, "pre_macro": 0.6549103703709723, "re_macro": 0.5854203633349109, "best_epoch": 2, "val_loss": 1.3738456744297294, "train_loss": 1.8123599648475648}
{"epoch": 3, "val_accuracy": 0.6898885350318471, "train_accuracy": 0.7838541686534881, "f1_macro": 0.6858407105908844, "pre_macro": 0.7110714796973427, "re_macro": 0.68589313537664, "best_epoch": 3, "val_loss": 1.1031503388836126, "train_loss": 1.335775327682495}
{"epoch": 4, "val_accuracy": 0.7273089171974523, "train_accuracy": 0.8541666686534881, "f1_macro": 0.7197771760079674, "pre_macro": 0.7387877089864229, "re_macro": 0.721442072377201, "best_epoch": 4, "val_loss": 0.95920470243047, "train_loss": 1.1132141590118407}
{"epoch": 5, "val_accuracy": 0.755672770700637, "train_accuracy": 0.8838541686534882, "f1_macro": 0.7492158752542697, "pre_macro": 0.7581248507868023, "re_macro": 0.7507986740225393, "best_epoch": 5, "val_loss": 0.8703823651477789, "train_loss": 0.9534648299217224}
{"epoch": 6, "val_accuracy": 0.7686106687898089, "train_accuracy": 0.9005208373069763, "f1_macro": 0.7640541580890421, "pre_macro": 0.7715493364800006, "re_macro": 0.7643057304773838, "best_epoch": 6, "val_loss": 0.8170274881420622, "train_loss": 0.8576795160770416}
{"epoch": 7, "val_accuracy": 0.7757762738853503, "train_accuracy": 0.9317708373069763, "f1_macro": 0.770964007042408, "pre_macro": 0.7770485205917055, "re_macro": 0.7715286630730978, "best_epoch": 7, "val_loss": 0.7835097960226095, "train_loss": 0.7849911510944366}
{"epoch": 8, "val_accuracy": 0.78015525477707, "train_accuracy": 0.9380208373069763, "f1_macro": 0.7761312910219224, "pre_macro": 0.7827244295759916, "re_macro": 0.7760053508358478, "best_epoch": 8, "val_loss": 0.7614543443652475, "train_loss": 0.7368075311183929}
{"epoch": 9, "val_accuracy": 0.7861265923566879, "train_accuracy": 0.9520833373069764, "f1_macro": 0.7825573706147306, "pre_macro": 0.7884019005872078, "re_macro": 0.7825094321095454, "best_epoch": 9, "val_loss": 0.7475021911464679, "train_loss": 0.7045579969882965}
{"epoch": 10, "val_accuracy": 0.7867237261146497, "train_accuracy": 0.9567708373069763, "f1_macro": 0.7831619242514979, "pre_macro": 0.7894286271587212, "re_macro": 0.7831155569066974, "best_epoch": 10, "val_loss": 0.7378747616983523, "train_loss": 0.681417989730835}
{"epoch": 11, "val_accuracy": 0.7895103503184714, "train_accuracy": 0.9671875, "f1_macro": 0.7861586849825366, "pre_macro": 0.7921188456757522, "re_macro": 0.7859753953730171, "best_epoch": 11, "val_loss": 0.7302552044011985, "train_loss": 0.6648702561855316}
{"epoch": 12, "val_accuracy": 0.7905055732484076, "train_accuracy": 0.9703125, "f1_macro": 0.7871634031726937, "pre_macro": 0.7931713411328597, "re_macro": 0.786980673362736, "best_epoch": 12, "val_loss": 0.7247898353702703, "train_loss": 0.6525278270244599}
{"epoch": 13, "val_accuracy": 0.7919984076433121, "train_accuracy": 0.971875, "f1_macro": 0.7886511154043866, "pre_macro": 0.7944318362578968, "re_macro": 0.7884841591501088, "best_epoch": 13, "val_loss": 0.7203129862144495, "train_loss": 0.6428003907203674}
{"epoch": 14, "val_accuracy": 0.7931926751592356, "train_accuracy": 0.971875, "f1_macro": 0.7898824418168431, "pre_macro": 0.7956041102393155, "re_macro": 0.7897211294574807, "best_epoch": 14, "val_loss": 0.7168208294233699, "train_loss": 0.6354262053966522}
{"epoch": 15, "val_accuracy": 0.7936902866242038, "train_accuracy": 0.971875, "f1_macro": 0.7904013058569568, "pre_macro": 0.7961723902489901, "re_macro": 0.7902450417911131, "best_epoch": 15, "val_loss": 0.7141030576958018, "train_loss": 0.6296067714691163}
{"training time": 14.370423078536987}
