{"epoch": 100, "loss": 12.408896446228027}
{"epoch": 200, "loss": 9.372945785522461}
{"epoch": 300, "loss": 7.505259037017822}
{"epoch": 400, "loss": 6.165670871734619}
{"epoch": 500, "loss": 5.595740795135498}
{"epoch": 600, "loss": 5.328601360321045}
{"epoch": 700, "loss": 5.170734405517578}
{"epoch": 800, "loss": 5.07694673538208}
{"epoch": 900, "loss": 5.021196365356445}
{"epoch": 1000, "loss": 4.987481594085693}
{"training_time:": "7.3211s", "final_loss": 4.987481594085693}
