{"epoch": 100, "loss": 2.392500400543213}
{"epoch": 200, "loss": 1.501886248588562}
{"epoch": 300, "loss": 1.0770822763442993}
{"epoch": 400, "loss": 0.8428586721420288}
{"epoch": 500, "loss": 0.7176616191864014}
{"epoch": 600, "loss": 0.6442610621452332}
{"epoch": 700, "loss": 0.5946837663650513}
{"epoch": 800, "loss": 0.5617308616638184}
{"epoch": 900, "loss": 0.5373275876045227}
{"epoch": 1000, "loss": 0.5188508629798889}
{"training_time:": "2.9404s", "final_loss": 0.5188508629798889}
