{"epoch": 1, "val_accuracy": 0.8240445859872612, "train_accuracy": 0.7856889204545454, "f1_macro": 0.8216777218580663, "pre_macro": 0.8271234863784092, "re_macro": 0.8240999999999999, "best_epoch": 1, "val_loss": 0.5495358278417284, "train_loss": 5.759052720259536}
{"epoch": 2, "val_accuracy": 0.8201632165605095, "train_accuracy": 0.8525390625, "f1_macro": 0.817464315954315, "pre_macro": 0.8290708410401564, "re_macro": 0.8202000000000002, "best_epoch": 1, "val_loss": 0.5332770715853211, "train_loss": 3.852471072904088}
{"epoch": 3, "val_accuracy": 0.8484275477707006, "train_accuracy": 0.8649236505681818, "f1_macro": 0.8456747356212393, "pre_macro": 0.8506057688093085, "re_macro": 0.8480000000000001, "best_epoch": 3, "val_loss": 0.44167136965663567, "train_loss": 3.090234324336052}
{"epoch": 4, "val_accuracy": 0.845640923566879, "train_accuracy": 0.8770419034090909, "f1_macro": 0.8432295645809346, "pre_macro": 0.851922544640729, "re_macro": 0.8452, "best_epoch": 3, "val_loss": 0.4484685006415009, "train_loss": 2.6466764167628507}
{"epoch": 5, "val_accuracy": 0.8454418789808917, "train_accuracy": 0.8838778409090909, "f1_macro": 0.8424865932079882, "pre_macro": 0.8509509019644786, "re_macro": 0.845, "best_epoch": 3, "val_loss": 0.4419532112634865, "train_loss": 2.3601852430200037}
{"epoch": 6, "val_accuracy": 0.8609673566878981, "train_accuracy": 0.8921786221590909, "f1_macro": 0.8584765117459323, "pre_macro": 0.8615485343280295, "re_macro": 0.8603, "best_epoch": 6, "val_loss": 0.39623226481638135, "train_loss": 2.1602395662868563}
{"epoch": 7, "val_accuracy": 0.8645501592356688, "train_accuracy": 0.8952414772727273, "f1_macro": 0.8621640455969727, "pre_macro": 0.8652600660882712, "re_macro": 0.8642, "best_epoch": 7, "val_loss": 0.38708874981874114, "train_loss": 2.016373583200303}
{"epoch": 8, "val_accuracy": 0.8617635350318471, "train_accuracy": 0.9002574573863636, "f1_macro": 0.8586833019587156, "pre_macro": 0.8614462605635813, "re_macro": 0.8610999999999999, "best_epoch": 7, "val_loss": 0.38951307867363, "train_loss": 1.9084618489511989}
{"epoch": 9, "val_accuracy": 0.8597730891719745, "train_accuracy": 0.9046075994318182, "f1_macro": 0.857858486491564, "pre_macro": 0.8603569204923052, "re_macro": 0.8591000000000001, "best_epoch": 7, "val_loss": 0.3934413733281148, "train_loss": 1.8259707597846335}
{"epoch": 10, "val_accuracy": 0.857484076433121, "train_accuracy": 0.9088245738636364, "f1_macro": 0.8565071899102726, "pre_macro": 0.859525113711415, "re_macro": 0.8568, "best_epoch": 7, "val_loss": 0.3925651504545455, "train_loss": 1.761342947117307}
{"epoch": 11, "val_accuracy": 0.8622611464968153, "train_accuracy": 0.9132412997159091, "f1_macro": 0.8616055002131555, "pre_macro": 0.8640253494314518, "re_macro": 0.8615999999999999, "best_epoch": 7, "val_loss": 0.38417052420651077, "train_loss": 1.7097461135549978}
{"epoch": 12, "val_accuracy": 0.8654458598726115, "train_accuracy": 0.9163707386363636, "f1_macro": 0.8647163548489379, "pre_macro": 0.8661592748077496, "re_macro": 0.8648, "best_epoch": 12, "val_loss": 0.37130758621890075, "train_loss": 1.6691269752654163}
{"epoch": 13, "val_accuracy": 0.8673367834394905, "train_accuracy": 0.917724609375, "f1_macro": 0.8665060636961325, "pre_macro": 0.8676305692988115, "re_macro": 0.8667, "best_epoch": 13, "val_loss": 0.36400050257041955, "train_loss": 1.6372779665345496}
{"epoch": 14, "val_accuracy": 0.8684315286624203, "train_accuracy": 0.9193004261363636, "f1_macro": 0.8676609940705239, "pre_macro": 0.8689460726281564, "re_macro": 0.8678000000000001, "best_epoch": 14, "val_loss": 0.361304918766781, "train_loss": 1.6122839657420462}
{"epoch": 15, "val_accuracy": 0.8687300955414012, "train_accuracy": 0.921142578125, "f1_macro": 0.8679907834016725, "pre_macro": 0.8692206677911367, "re_macro": 0.8680999999999999, "best_epoch": 15, "val_loss": 0.3592162063926648, "train_loss": 1.5924058155241338}
{"epoch": 16, "val_accuracy": 0.8698248407643312, "train_accuracy": 0.9231400923295454, "f1_macro": 0.8691084494839105, "pre_macro": 0.8699209862486121, "re_macro": 0.8692, "best_epoch": 16, "val_loss": 0.356247987432085, "train_loss": 1.576306173239242}
{"epoch": 17, "val_accuracy": 0.8715167197452229, "train_accuracy": 0.9244051846590909, "f1_macro": 0.8707374727634363, "pre_macro": 0.871291530173304, "re_macro": 0.8709, "best_epoch": 17, "val_loss": 0.35358684367624815, "train_loss": 1.5632591782645746}
{"epoch": 18, "val_accuracy": 0.8735071656050956, "train_accuracy": 0.9253817471590909, "f1_macro": 0.8726709073198821, "pre_macro": 0.8731103873934811, "re_macro": 0.8728999999999999, "best_epoch": 18, "val_loss": 0.35174088664115616, "train_loss": 1.5527492311190476}
{"epoch": 19, "val_accuracy": 0.8746019108280255, "train_accuracy": 0.9261363636363636, "f1_macro": 0.8736597550179859, "pre_macro": 0.8741064936032368, "re_macro": 0.874, "best_epoch": 19, "val_loss": 0.35043971900157866, "train_loss": 1.5443088679828427}
{"epoch": 20, "val_accuracy": 0.8743033439490446, "train_accuracy": 0.9268022017045454, "f1_macro": 0.8732906750235141, "pre_macro": 0.8737174148868749, "re_macro": 0.8737, "best_epoch": 19, "val_loss": 0.34928182564723265, "train_loss": 1.5375513957644051}
{"epoch": 21, "val_accuracy": 0.8746019108280255, "train_accuracy": 0.9276234019886364, "f1_macro": 0.8735928417689879, "pre_macro": 0.873972433270036, "re_macro": 0.874, "best_epoch": 19, "val_loss": 0.34811889394453377, "train_loss": 1.5321563682095571}
{"epoch": 22, "val_accuracy": 0.87609474522293, "train_accuracy": 0.9281338778409091, "f1_macro": 0.875136078931303, "pre_macro": 0.8754577315264486, "re_macro": 0.8755, "best_epoch": 22, "val_loss": 0.34702370083256134, "train_loss": 1.5278486167504028}
{"epoch": 23, "val_accuracy": 0.8767914012738853, "train_accuracy": 0.9281116832386364, "f1_macro": 0.8758825816051706, "pre_macro": 0.8760702279849559, "re_macro": 0.8762000000000001, "best_epoch": 23, "val_loss": 0.3461032715287937, "train_loss": 1.5244013194672086}
{"epoch": 24, "val_accuracy": 0.8772890127388535, "train_accuracy": 0.9284446022727273, "f1_macro": 0.8764078880835416, "pre_macro": 0.8765024447650468, "re_macro": 0.8766999999999999, "best_epoch": 24, "val_loss": 0.34538213381911537, "train_loss": 1.521633323112672}
{"epoch": 25, "val_accuracy": 0.877687101910828, "train_accuracy": 0.9286887428977273, "f1_macro": 0.8767787860617622, "pre_macro": 0.8768331215670548, "re_macro": 0.8770999999999999, "best_epoch": 25, "val_loss": 0.34484303381982123, "train_loss": 1.5194045220586387}
{"training time": 183.5040020942688}
{"epoch": 1, "val_accuracy": 0.8347929936305732, "train_accuracy": 0.7896839488636364, "f1_macro": 0.8358554640886602, "pre_macro": 0.8376761387566278, "re_macro": 0.8346, "best_epoch": 1, "val_loss": 0.4894224038928937, "train_loss": 5.728117913007736}
{"epoch": 2, "val_accuracy": 0.8392714968152867, "train_accuracy": 0.8514071377840909, "f1_macro": 0.8400558733836615, "pre_macro": 0.8428586156422488, "re_macro": 0.8391, "best_epoch": 2, "val_loss": 0.4663038684684, "train_loss": 3.8302595598453824}
{"epoch": 3, "val_accuracy": 0.8496218152866242, "train_accuracy": 0.8645907315340909, "f1_macro": 0.8498857340085479, "pre_macro": 0.8514513584910626, "re_macro": 0.8494999999999999, "best_epoch": 3, "val_loss": 0.43984038805126385, "train_loss": 3.0713034262034027}
{"epoch": 4, "val_accuracy": 0.8507165605095541, "train_accuracy": 0.8750443892045454, "f1_macro": 0.849347595729566, "pre_macro": 0.8543358564568466, "re_macro": 0.8506, "best_epoch": 4, "val_loss": 0.4298163123761013, "train_loss": 2.638407998802987}
{"epoch": 5, "val_accuracy": 0.8549960191082803, "train_accuracy": 0.8831676136363636, "f1_macro": 0.8517665145593352, "pre_macro": 0.8580891080145205, "re_macro": 0.8546000000000001, "best_epoch": 5, "val_loss": 0.41371461094185047, "train_loss": 2.3497237104245206}
{"epoch": 6, "val_accuracy": 0.8512141719745223, "train_accuracy": 0.8916015625, "f1_macro": 0.8473542771580821, "pre_macro": 0.8578774552597167,