{"epoch": 1, "val_accuracy": 0.43610668789808915, "train_accuracy": 0.32552083730697634, "f1_macro": 0.41433123126887983, "pre_macro": 0.4826438065101142, "re_macro": 0.4349, "best_epoch": 1, "val_loss": 1.9190087728439622, "train_loss": 8.68866548538208}
{"epoch": 2, "val_accuracy": 0.5480692675159236, "train_accuracy": 0.5182291686534881, "f1_macro": 0.5349970921880709, "pre_macro": 0.5771201717039961, "re_macro": 0.5477, "best_epoch": 2, "val_loss": 1.7303169502574167, "train_loss": 8.30650749206543}
{"epoch": 3, "val_accuracy": 0.5932523885350318, "train_accuracy": 0.6838541686534881, "f1_macro": 0.5889629146142514, "pre_macro": 0.6177330836849436, "re_macro": 0.5924999999999999, "best_epoch": 3, "val_loss": 1.6212846131841088, "train_loss": 8.032805633544921}
{"epoch": 4, "val_accuracy": 0.6001194267515924, "train_accuracy": 0.7791666686534882, "f1_macro": 0.5946394701495672, "pre_macro": 0.6353096249726845, "re_macro": 0.6000000000000001, "best_epoch": 4, "val_loss": 1.534350351922831, "train_loss": 7.819591903686524}
{"epoch": 5, "val_accuracy": 0.636843152866242, "train_accuracy": 0.8458333373069763, "f1_macro": 0.6346945627843299, "pre_macro": 0.6546459953146343, "re_macro": 0.6363, "best_epoch": 5, "val_loss": 1.4414613383590795, "train_loss": 7.609817171096802}
{"epoch": 6, "val_accuracy": 0.6536624203821656, "train_accuracy": 0.9015625, "f1_macro": 0.6500992349316214, "pre_macro": 0.666404658095822, "re_macro": 0.6532, "best_epoch": 6, "val_loss": 1.3765696970520505, "train_loss": 7.40170636177063}
{"epoch": 7, "val_accuracy": 0.6629179936305732, "train_accuracy": 0.925, "f1_macro": 0.660230291413517, "pre_macro": 0.6759189264398106, "re_macro": 0.6625000000000001, "best_epoch": 7, "val_loss": 1.3379041282993973, "train_loss": 7.256880807876587}
{"epoch": 8, "val_accuracy": 0.6674960191082803, "train_accuracy": 0.95, "f1_macro": 0.6650675800074171, "pre_macro": 0.6795462136088647, "re_macro": 0.6671, "best_epoch": 8, "val_loss": 1.3110510809406353, "train_loss": 7.156910228729248}
{"epoch": 9, "val_accuracy": 0.6710788216560509, "train_accuracy": 0.96875, "f1_macro": 0.6685845437569764, "pre_macro": 0.6826124825450938, "re_macro": 0.6707, "best_epoch": 9, "val_loss": 1.2921707106244034, "train_loss": 7.078924703598022}
{"epoch": 10, "val_accuracy": 0.6717754777070064, "train_accuracy": 0.971875, "f1_macro": 0.6695627606618683, "pre_macro": 0.6829457899948537, "re_macro": 0.6714, "best_epoch": 10, "val_loss": 1.279172561730549, "train_loss": 7.0265601634979244}
{"epoch": 11, "val_accuracy": 0.6744625796178344, "train_accuracy": 0.98125, "f1_macro": 0.6721099333726678, "pre_macro": 0.6849261903827152, "re_macro": 0.6741, "best_epoch": 11, "val_loss": 1.268713936684238, "train_loss": 6.987010860443116}
{"epoch": 12, "val_accuracy": 0.6761544585987261, "train_accuracy": 0.9828125, "f1_macro": 0.6740742186636168, "pre_macro": 0.6866688316278109, "re_macro": 0.6758, "best_epoch": 12, "val_loss": 1.2611516030730716, "train_loss": 6.957185935974121}
{"epoch": 13, "val_accuracy": 0.6760549363057324, "train_accuracy": 0.9859375, "f1_macro": 0.6740285822277174, "pre_macro": 0.6864045931576459, "re_macro": 0.6757000000000001, "best_epoch": 12, "val_loss": 1.2551067558823117, "train_loss": 6.934161853790283}
{"epoch": 14, "val_accuracy": 0.6773487261146497, "train_accuracy": 0.9875, "f1_macro": 0.6753504506206491, "pre_macro": 0.6878303401425809, "re_macro": 0.677, "best_epoch": 14, "val_loss": 1.250274906492537, "train_loss": 6.916064786911011}
{"epoch": 15, "val_accuracy": 0.6773487261146497, "train_accuracy": 0.9890625, "f1_macro": 0.6753604365558938, "pre_macro": 0.6878359852058529, "re_macro": 0.6770000000000002, "best_epoch": 14, "val_loss": 1.246573839217994, "train_loss": 6.90178370475769}
{"epoch": 16, "val_accuracy": 0.6778463375796179, "train_accuracy": 0.990625, "f1_macro": 0.675821199451957, "pre_macro": 0.6883519899894244, "re_macro": 0.6775, "best_epoch": 16, "val_loss": 1.2435985993427836, "train_loss": 6.890453720092774}
{"epoch": 17, "val_accuracy": 0.6779458598726115, "train_accuracy": 0.990625, "f1_macro": 0.676011292671933, "pre_macro": 0.6883247043565263, "re_macro": 0.6776, "best_epoch": 17, "val_loss": 1.2411896552249884, "train_loss": 6.8814324855804445}
{"epoch": 18, "val_accuracy": 0.678343949044586, "train_accuracy": 0.990625, "f1_macro": 0.6763884215161213, "pre_macro": 0.6887019868427376, "re_macro": 0.6779999999999999, "best_epoch": 18, "val_loss": 1.2392676529610993, "train_loss": 6.874224996566772}
{"epoch": 19, "val_accuracy": 0.6787420382165605, "train_accuracy": 0.9921875, "f1_macro": 0.6768696411487767, "pre_macro": 0.6891293921945092, "re_macro": 0.6784000000000001, "best_epoch": 19, "val_loss": 1.2377325061020579, "train_loss": 6.868455076217652}
{"epoch": 20, "val_accuracy": 0.6790406050955414, "train_accuracy": 0.9921875, "f1_macro": 0.6772231993949902, "pre_macro": 0.6895050612604523, "re_macro": 0.6786999999999999, "best_epoch": 20, "val_loss": 1.2364995601070914, "train_loss": 6.8638299942016605}
{"epoch": 21, "val_accuracy": 0.6787420382165605, "train_accuracy": 0.9921875, "f1_macro": 0.6769095217779941, "pre_macro": 0.6891717165053173, "re_macro": 0.6783999999999999, "best_epoch": 20, "val_loss": 1.2355073925795828, "train_loss": 6.860118436813354}
{"epoch": 22, "val_accuracy": 0.6788415605095541, "train_accuracy": 0.9921875, "f1_macro": 0.6770247640848542, "pre_macro": 0.6893564671136361, "re_macro": 0.6785, "best_epoch": 20, "val_loss": 1.2347091231376501, "train_loss": 6.857137060165405}
{"epoch": 23, "val_accuracy": 0.6788415605095541, "train_accuracy": 0.9921875, "f1_macro": 0.6770171184800138, "pre_macro": 0.68932522521791, "re_macro": 0.6785, "best_epoch": 20, "val_loss": 1.2340669639550956, "train_loss": 6.854741191864013}
{"epoch": 24, "val_accuracy": 0.6788415605095541, "train_accuracy": 0.9921875, "f1_macro": 0.6770075129688566, "pre_macro": 0.6893017792652315, "re_macro": 0.6785, "best_epoch": 20, "val_loss": 1.2335503010233497, "train_loss": 6.85281457901001}
{"epoch": 25, "val_accuracy": 0.6789410828025477, "train_accuracy": 0.9921875, "f1_macro": 0.6771233184810954, "pre_macro": 0.689430314858865, "re_macro": 0.6786, "best_epoch": 20, "val_loss": 1.2331345628021628, "train_loss": 6.851265144348145}
{"training time": 26.787299156188965}
{"epoch": 1, "val_accuracy": 0.4651671974522293, "train_accuracy": 0.27864583432674406, "f1_macro": 0.4507941900760576, "pre_macro": 0.518011534273626, "re_macro": 0.46469999999999995, "best_epoch": 1, "val_loss": 1.8722767047821336, "train_loss": 8.716521644592286}
{"epoch": 2, "val_accuracy": 0.584593949044586, "train_accuracy": 0.6088541686534882, "f1_macro": 0.5826930960007847, "pre_macro": 0.6032940175060773, "re_macro": 0.5847, "best_epoch": 2, "val_loss": 1.6917494877128845, "train_loss": 8.258216094970702}
{"epoch": 3, "val_accuracy": 0.6305732484076433, "train_accuracy": 0.759375, "f1_macro": 0.6288366443937512, "pre_macro": 0.6375910243309413, "re_macro": 0.6303000000000001, "best_epoch": 3, "val_loss": 1.5689591343995113, "train_loss": 7.9682951927185055}
{"epoch": 4, "val_accuracy": 0.6458996815286624, "train_accuracy": 0.8328125, "f1_macro": 0.6460577298276963, "pre_macro": 0.6610624032680453, "re_macro": 0.646, "best_epoch": 4, "val_loss": 1.4611727378930255, "train_loss": 7.767827272415161}
{"epoch": 5, "val_accuracy": 0.6667993630573248, "train_accuracy": 0.884375, "f1_macro": 0.6670484790150543, "pre_macro": 0.6757772296778659, "re_macro": 0.6667, "best_epoch": 5, "val_loss": 1.3773981515009692, "train_loss": 7.536352491378784}
{"epoch": 6, "val_accuracy": 0.6858081210191083, "train_accuracy": 0.9171875, "f1_macro": 0.6851218766835979, "pre_macro": 0.6905025588473703, "re_macro": 0.6860999999999999, "best_epoch": 6, "val_loss": 1.3059243320659468, "train_loss": 7.35477647781372}
{"epoch": 7, "val_accuracy": 0.6911823248407644, "train_accuracy": 0.9421875, "f1_macro": 0.6930213207204454, "pre_macro": 0.700595067524943, "re_macro": 0.6912,