{"epoch": 1, "val_accuracy": 0.8313097133757962, "train_accuracy": 0.8004897388059702, "f1_macro": 0.8239927260198285, "pre_macro": 0.8321272956002413, "re_macro": 0.8314, "best_epoch": 1, "val_loss": 0.5245051395361591, "train_loss": 5.3474042563041895}
{"epoch": 2, "val_accuracy": 0.8384753184713376, "train_accuracy": 0.8530117270788913, "f1_macro": 0.838616937101936, "pre_macro": 0.8423258239037917, "re_macro": 0.8383, "best_epoch": 2, "val_loss": 0.4848551040242432, "train_loss": 3.377903594645356}
{"epoch": 3, "val_accuracy": 0.8511146496815286, "train_accuracy": 0.8651552505330491, "f1_macro": 0.850692276831578, "pre_macro": 0.8530490935345695, "re_macro": 0.8516000000000001, "best_epoch": 3, "val_loss": 0.4472592044028507, "train_loss": 2.6364901065826416}
{"epoch": 4, "val_accuracy": 0.8545979299363057, "train_accuracy": 0.8731843017057569, "f1_macro": 0.8526685323923235, "pre_macro": 0.8545592932106588, "re_macro": 0.8545, "best_epoch": 4, "val_loss": 0.4226026485680015, "train_loss": 2.2274013021861565}
{"epoch": 5, "val_accuracy": 0.8580812101910829, "train_accuracy": 0.8829124466950959, "f1_macro": 0.8549353706844887, "pre_macro": 0.8587272146255881, "re_macro": 0.8577, "best_epoch": 5, "val_loss": 0.4046483175579909, "train_loss": 1.9679965060402844}
{"epoch": 6, "val_accuracy": 0.8615644904458599, "train_accuracy": 0.8883262260127932, "f1_macro": 0.8579235886756749, "pre_macro": 0.8633713068290602, "re_macro": 0.8612, "best_epoch": 6, "val_loss": 0.39318851708986197, "train_loss": 1.797771204255029}
{"epoch": 7, "val_accuracy": 0.8550955414012739, "train_accuracy": 0.8912746535181236, "f1_macro": 0.8513610202879074, "pre_macro": 0.8608587070276391, "re_macro": 0.8547, "best_epoch": 6, "val_loss": 0.40383501047161735, "train_loss": 1.6790292974728256}
{"epoch": 8, "val_accuracy": 0.8562898089171974, "train_accuracy": 0.894639525586354, "f1_macro": 0.8542112317170902, "pre_macro": 0.8617596919803926, "re_macro": 0.8558999999999999, "best_epoch": 6, "val_loss": 0.3996473868751222, "train_loss": 1.5911651670551503}
{"epoch": 9, "val_accuracy": 0.8591759554140127, "train_accuracy": 0.8993037046908315, "f1_macro": 0.858421867911676, "pre_macro": 0.8622887024639823, "re_macro": 0.8587999999999999, "best_epoch": 6, "val_loss": 0.38701816330290145, "train_loss": 1.5225681843025598}
{"epoch": 10, "val_accuracy": 0.8648487261146497, "train_accuracy": 0.9026352611940298, "f1_macro": 0.8642292728766497, "pre_macro": 0.8663277082611408, "re_macro": 0.8644999999999999, "best_epoch": 10, "val_loss": 0.3695002929989699, "train_loss": 1.469614974852564}
{"epoch": 11, "val_accuracy": 0.8696257961783439, "train_accuracy": 0.9053504797441365, "f1_macro": 0.8688184045525473, "pre_macro": 0.8697186609321275, "re_macro": 0.8693, "best_epoch": 11, "val_loss": 0.35777734039695397, "train_loss": 1.4286527376947626}
{"epoch": 12, "val_accuracy": 0.8715167197452229, "train_accuracy": 0.9075659648187633, "f1_macro": 0.8710103249804652, "pre_macro": 0.871807491436819, "re_macro": 0.8714999999999999, "best_epoch": 12, "val_loss": 0.35370814439597403, "train_loss": 1.3961596979515385}
{"epoch": 13, "val_accuracy": 0.8721138535031847, "train_accuracy": 0.9098980543710021, "f1_macro": 0.8715958928760097, "pre_macro": 0.872538437260905, "re_macro": 0.8721, "best_epoch": 13, "val_loss": 0.35093783857716115, "train_loss": 1.3700888545782581}
{"epoch": 14, "val_accuracy": 0.8748009554140127, "train_accuracy": 0.912130197228145, "f1_macro": 0.8736421655825065, "pre_macro": 0.8743284390101225, "re_macro": 0.8744999999999999, "best_epoch": 14, "val_loss": 0.34473875924280495, "train_loss": 1.3494754683996824}
{"epoch": 15, "val_accuracy": 0.8770899681528662, "train_accuracy": 0.9134461620469083, "f1_macro": 0.8753100176547877, "pre_macro": 0.8762402743703852, "re_macro": 0.8768, "best_epoch": 15, "val_loss": 0.34063031007150174, "train_loss": 1.3330562291369001}
{"epoch": 16, "val_accuracy": 0.8773885350318471, "train_accuracy": 0.9151785714285714, "f1_macro": 0.8754116138307483, "pre_macro": 0.8766930318670548, "re_macro": 0.8771000000000001, "best_epoch": 16, "val_loss": 0.3397391084462974, "train_loss": 1.3198876959174426}
{"epoch": 17, "val_accuracy": 0.8777866242038217, "train_accuracy": 0.9157615938166311, "f1_macro": 0.8760529668848944, "pre_macro": 0.8771758476306344, "re_macro": 0.8775000000000001, "best_epoch": 17, "val_loss": 0.33858004297800126, "train_loss": 1.3093015737116718}
{"epoch": 18, "val_accuracy": 0.8777866242038217, "train_accuracy": 0.9169776119402985, "f1_macro": 0.8763487954094377, "pre_macro": 0.876996512757751, "re_macro": 0.8775000000000001, "best_epoch": 17, "val_loss": 0.33684541702650156, "train_loss": 1.3007857714380537}
{"epoch": 19, "val_accuracy": 0.8785828025477707, "train_accuracy": 0.9181103411513859, "f1_macro": 0.8773368970472161, "pre_macro": 0.8777357597000158, "re_macro": 0.8783, "best_epoch": 19, "val_loss": 0.3351196879224413, "train_loss": 1.2939422936327676}
{"epoch": 20, "val_accuracy": 0.8781847133757962, "train_accuracy": 0.9187933102345416, "f1_macro": 0.8771127652393236, "pre_macro": 0.8773242925540499, "re_macro": 0.8779, "best_epoch": 19, "val_loss": 0.3337603391735417, "train_loss": 1.2884570310619086}
{"epoch": 21, "val_accuracy": 0.8785828025477707, "train_accuracy": 0.9192930437100213, "f1_macro": 0.8776108606098598, "pre_macro": 0.8777437914236689, "re_macro": 0.8783, "best_epoch": 19, "val_loss": 0.33280928281082467, "train_loss": 1.2840675531165686}
{"epoch": 22, "val_accuracy": 0.8782842356687898, "train_accuracy": 0.9192264125799574, "f1_macro": 0.8773951020159416, "pre_macro": 0.8774705704861505, "re_macro": 0.8780000000000001, "best_epoch": 19, "val_loss": 0.3320833507237161, "train_loss": 1.2805564070561293}
{"epoch": 23, "val_accuracy": 0.8786823248407644, "train_accuracy": 0.9195595682302772, "f1_macro": 0.8777833823106386, "pre_macro": 0.8778209847536559, "re_macro": 0.8784000000000001, "best_epoch": 23, "val_loss": 0.3314572864087524, "train_loss": 1.2777485176444308}
{"epoch": 24, "val_accuracy": 0.8785828025477707, "train_accuracy": 0.919809434968017, "f1_macro": 0.8776356948187776, "pre_macro": 0.8776350881466977, "re_macro": 0.8783, "best_epoch": 23, "val_loss": 0.3309228542693861, "train_loss": 1.2755026849093976}
{"epoch": 25, "val_accuracy": 0.8781847133757962, "train_accuracy": 0.9200093283582089, "f1_macro": 0.8772299039546411, "pre_macro": 0.8771853915235456, "re_macro": 0.8779, "best_epoch": 23, "val_loss": 0.3304950991633591, "train_loss": 1.2737056127489248}
{"training time": 235.55231070518494}
{"epoch": 1, "val_accuracy": 0.8290207006369427, "train_accuracy": 0.8014558901918977, "f1_macro": 0.8234074852822456, "pre_macro": 0.8279651681423139, "re_macro": 0.8291000000000001, "best_epoch": 1, "val_loss": 0.5128972338643044, "train_loss": 5.347757146810926}
{"epoch": 2, "val_accuracy": 0.8333996815286624, "train_accuracy": 0.8526619136460555, "f1_macro": 0.8272639678315883, "pre_macro": 0.8367585157739192, "re_macro": 0.8332, "best_epoch": 2, "val_loss": 0.49752201111453354, "train_loss": 3.3757706900903663}
{"epoch": 3, "val_accuracy": 0.8439490445859873, "train_accuracy": 0.8643556769722814, "f1_macro": 0.8374354092933782, "pre_macro": 0.8425535940183282, "re_macro": 0.8432000000000001, "best_epoch": 3, "val_loss": 0.44914854607384674, "train_loss": 2.6502263469736715}
{"epoch": 4, "val_accuracy": 0.8390724522292994, "train_accuracy": 0.8720015991471215, "f1_macro": 0.8296523832141072, "pre_macro": 0.8453518998627951, "re_macro": 0.8385999999999999, "best_epoch": 3, "val_loss": 0.4649613303173879, "train_loss": 2.239454470463653}
{"epoch": 5, "val_accuracy": 0.8466361464968153, "train_accuracy": 0.8780816897654584, "f1_macro": 0.8417870900326891, "pre_macro": 0.8536206545613017, "re_macro": 0.8459, "best_epoch": 5, "val_loss": 0.4468690856437015, "train_loss": 1.98574246526527}
{"epoch": 6, "val_accuracy": 0.8559912420382165, "train_accuracy": 0.8851779051172708,