{"epoch": 1, "val_accuracy": 0.7906050955414012, "train_accuracy": 0.722628546268382, "f1_macro": 0.7834046852361343, "pre_macro": 0.7933458173669378, "re_macro": 0.7905, "best_epoch": 1, "val_loss": 0.6588484895457128, "train_loss": 6.95728275420818}
{"epoch": 2, "val_accuracy": 0.8142914012738853, "train_accuracy": 0.8294326241980208, "f1_macro": 0.8120665904971858, "pre_macro": 0.8179929381953928, "re_macro": 0.8146000000000001, "best_epoch": 2, "val_loss": 0.5289595907281159, "train_loss": 5.530437934145015}
{"epoch": 3, "val_accuracy": 0.8287221337579618, "train_accuracy": 0.8605939718002968, "f1_macro": 0.8257046221544107, "pre_macro": 0.8366377578343271, "re_macro": 0.8285, "best_epoch": 3, "val_loss": 0.4910484958606161, "train_loss": 4.850443748717613}
{"epoch": 4, "val_accuracy": 0.8318073248407644, "train_accuracy": 0.8840647164811479, "f1_macro": 0.8305526493965367, "pre_macro": 0.8397193078595212, "re_macro": 0.8321999999999999, "best_epoch": 4, "val_loss": 0.47723283243786757, "train_loss": 4.403973498242967}
{"epoch": 5, "val_accuracy": 0.8385748407643312, "train_accuracy": 0.9011524824385947, "f1_macro": 0.8365974400711604, "pre_macro": 0.8434606917323191, "re_macro": 0.8389999999999999, "best_epoch": 5, "val_loss": 0.45358532306494986, "train_loss": 4.083930531968462}
{"epoch": 6, "val_accuracy": 0.8388734076433121, "train_accuracy": 0.9170434398854033, "f1_macro": 0.8374795048176406, "pre_macro": 0.8430980236864267, "re_macro": 0.8390000000000001, "best_epoch": 6, "val_loss": 0.45403835718419144, "train_loss": 3.8494286506733997}
{"epoch": 7, "val_accuracy": 0.8368829617834395, "train_accuracy": 0.9274822696726372, "f1_macro": 0.8351425508897634, "pre_macro": 0.8431007770233077, "re_macro": 0.8372999999999999, "best_epoch": 6, "val_loss": 0.46400107747050606, "train_loss": 3.6702130074196675}
{"epoch": 8, "val_accuracy": 0.8386743630573248, "train_accuracy": 0.9394281914893617, "f1_macro": 0.8362907965502326, "pre_macro": 0.8451580128615339, "re_macro": 0.8388, "best_epoch": 6, "val_loss": 0.4551433303933235, "train_loss": 3.534031062430524}
{"epoch": 9, "val_accuracy": 0.8413614649681529, "train_accuracy": 0.9434840425531915, "f1_macro": 0.8394279119871527, "pre_macro": 0.8481993231289845, "re_macro": 0.8414999999999999, "best_epoch": 9, "val_loss": 0.4475068792605856, "train_loss": 3.429768807837304}
{"epoch": 10, "val_accuracy": 0.8495222929936306, "train_accuracy": 0.948936170212766, "f1_macro": 0.8480835842159523, "pre_macro": 0.8522710578763881, "re_macro": 0.85, "best_epoch": 10, "val_loss": 0.4296080998744175, "train_loss": 3.3465431264106265}
{"epoch": 11, "val_accuracy": 0.8534036624203821, "train_accuracy": 0.9549867021276596, "f1_macro": 0.8520899921263589, "pre_macro": 0.8543304650439628, "re_macro": 0.8539, "best_epoch": 11, "val_loss": 0.41867206022617925, "train_loss": 3.2774773131025596}
{"epoch": 12, "val_accuracy": 0.8535031847133758, "train_accuracy": 0.9600398936170212, "f1_macro": 0.8519347999072441, "pre_macro": 0.8540479648995616, "re_macro": 0.8537000000000001, "best_epoch": 12, "val_loss": 0.4162915940307508, "train_loss": 3.22155003344759}
{"epoch": 13, "val_accuracy": 0.8534036624203821, "train_accuracy": 0.9649601063829787, "f1_macro": 0.8517872305174272, "pre_macro": 0.8540485491523692, "re_macro": 0.8535999999999999, "best_epoch": 12, "val_loss": 0.41624907114703186, "train_loss": 3.1766428764830246}
{"epoch": 14, "val_accuracy": 0.8543988853503185, "train_accuracy": 0.9677526595744681, "f1_macro": 0.8531564075710175, "pre_macro": 0.8552285889747908, "re_macro": 0.8545999999999999, "best_epoch": 14, "val_loss": 0.41401795900551375, "train_loss": 3.1403204004815284}
{"epoch": 15, "val_accuracy": 0.8541998407643312, "train_accuracy": 0.9706781914893617, "f1_macro": 0.8532850068842175, "pre_macro": 0.8550987206617823, "re_macro": 0.8544, "best_epoch": 14, "val_loss": 0.41137044577841547, "train_loss": 3.1109354871384642}
{"epoch": 16, "val_accuracy": 0.8559912420382165, "train_accuracy": 0.972406914893617, "f1_macro": 0.8551903615078471, "pre_macro": 0.8568577575503831, "re_macro": 0.8562000000000001, "best_epoch": 16, "val_loss": 0.4090677277677378, "train_loss": 3.087345880143186}
{"epoch": 17, "val_accuracy": 0.8565883757961783, "train_accuracy": 0.9738696808510638, "f1_macro": 0.8557274573847776, "pre_macro": 0.8570246414446178, "re_macro": 0.8568, "best_epoch": 17, "val_loss": 0.40626198224201326, "train_loss": 3.068387493174127}
{"epoch": 18, "val_accuracy": 0.85828025477707, "train_accuracy": 0.9750664893617021, "f1_macro": 0.8574683822731943, "pre_macro": 0.8582484938861145, "re_macro": 0.8585, "best_epoch": 18, "val_loss": 0.4034394292504924, "train_loss": 3.0529836005352915}
{"epoch": 19, "val_accuracy": 0.8595740445859873, "train_accuracy": 0.9752659574468086, "f1_macro": 0.8588164210534304, "pre_macro": 0.859349665173962, "re_macro": 0.8597999999999999, "best_epoch": 19, "val_loss": 0.40143059497805916, "train_loss": 3.0404238173302183}
{"epoch": 20, "val_accuracy": 0.8603702229299363, "train_accuracy": 0.9763297872340425, "f1_macro": 0.8596105514634823, "pre_macro": 0.8599303805412728, "re_macro": 0.8606, "best_epoch": 20, "val_loss": 0.40027656168884534, "train_loss": 3.0302290743969857}
{"epoch": 21, "val_accuracy": 0.8606687898089171, "train_accuracy": 0.9771276595744681, "f1_macro": 0.860048943958738, "pre_macro": 0.860267561338329, "re_macro": 0.8609, "best_epoch": 21, "val_loss": 0.3995398323342299, "train_loss": 3.0219852782310324}
{"epoch": 22, "val_accuracy": 0.8611664012738853, "train_accuracy": 0.9774601063829788, "f1_macro": 0.8606559224770933, "pre_macro": 0.8607763081466269, "re_macro": 0.8613999999999999, "best_epoch": 22, "val_loss": 0.3989986066415811, "train_loss": 3.015320286852248}
{"epoch": 23, "val_accuracy": 0.8614649681528662, "train_accuracy": 0.9780585106382979, "f1_macro": 0.8611540021842987, "pre_macro": 0.8612525618499351, "re_macro": 0.8617000000000001, "best_epoch": 23, "val_loss": 0.3986449698164205, "train_loss": 3.00991483850682}
{"epoch": 24, "val_accuracy": 0.8617635350318471, "train_accuracy": 0.9780585106382979, "f1_macro": 0.8613212959318716, "pre_macro": 0.8614827015003724, "re_macro": 0.8616999999999999, "best_epoch": 24, "val_loss": 0.39847360821856054, "train_loss": 3.005513436743554}
{"epoch": 25, "val_accuracy": 0.8615644904458599, "train_accuracy": 0.9782579787234043, "f1_macro": 0.8612209683558991, "pre_macro": 0.8613876053539471, "re_macro": 0.8614999999999998, "best_epoch": 24, "val_loss": 0.3984296950185375, "train_loss": 3.001921872889742}
{"training time": 75.06652665138245}
{"epoch": 1, "val_accuracy": 0.7951831210191083, "train_accuracy": 0.7108377659574469, "f1_macro": 0.7892087430923926, "pre_macro": 0.7923172544940889, "re_macro": 0.7954000000000001, "best_epoch": 1, "val_loss": 0.6453397108870707, "train_loss": 6.981539032307077}
{"epoch": 2, "val_accuracy": 0.8207603503184714, "train_accuracy": 0.8328900710065315, "f1_macro": 0.8162081075603943, "pre_macro": 0.8233207409255442, "re_macro": 0.8211, "best_epoch": 2, "val_loss": 0.5358418926691554, "train_loss": 5.524192682225653}
{"epoch": 3, "val_accuracy": 0.8259355095541401, "train_accuracy": 0.86538120584285, "f1_macro": 0.8218748745460267, "pre_macro": 0.832173030021574, "re_macro": 0.8263, "best_epoch": 3, "val_loss": 0.49544018677845125, "train_loss": 4.839572257183968}
{"epoch": 4, "val_accuracy": 0.834593949044586, "train_accuracy": 0.8852615249917862, "f1_macro": 0.831581962033708, "pre_macro": 0.8399156148733951, "re_macro": 0.8347, "best_epoch": 4, "val_loss": 0.4769664678224333, "train_loss": 4.401896269777988}
{"epoch": 5, "val_accuracy": 0.8386743630573248, "train_accuracy": 0.9021719859001485, "f1_macro": 0.8371921909310261, "pre_macro": 0.8419634954112443, "re_macro": 0.8388, "best_epoch": 5, "val_loss": 0.448207976332136, "train_loss": 4.080058492498195}
{"epoch": 6, "val_accuracy": 0.8373805732484076, "train_accuracy": 0.9183067377577436,