{"epoch": 100, "loss": 12.249433517456055}
{"epoch": 200, "loss": 9.792221069335938}
{"epoch": 300, "loss": 7.240959644317627}
{"epoch": 400, "loss": 5.194084644317627}
{"epoch": 500, "loss": 3.662642478942871}
{"epoch": 600, "loss": 2.5735976696014404}
{"epoch": 700, "loss": 1.8264405727386475}
{"epoch": 800, "loss": 1.349632740020752}
{"epoch": 900, "loss": 1.0286740064620972}
{"epoch": 1000, "loss": 0.8148730397224426}
{"training_time:": "3.8294s", "final_loss": 0.8148730397224426}
