{"epoch": 1, "val_accuracy": 0.8279259554140127, "train_accuracy": 0.7662677305809995, "f1_macro": 0.82162285772937, "pre_macro": 0.8320444355355765, "re_macro": 0.8282999999999999, "best_epoch": 1, "val_loss": 0.5194115496365128, "train_loss": 6.862782352528674}
{"epoch": 2, "val_accuracy": 0.8343949044585988, "train_accuracy": 0.8525487590343395, "f1_macro": 0.8286999356081693, "pre_macro": 0.8416684312636834, "re_macro": 0.8348000000000001, "best_epoch": 2, "val_loss": 0.47427454457920826, "train_loss": 5.569538999111094}
{"epoch": 3, "val_accuracy": 0.8407643312101911, "train_accuracy": 0.8745567377577437, "f1_macro": 0.8350736992197352, "pre_macro": 0.8473641311140655, "re_macro": 0.8412000000000001, "best_epoch": 3, "val_loss": 0.45505873384369405, "train_loss": 4.862279356286881}
{"epoch": 4, "val_accuracy": 0.8400676751592356, "train_accuracy": 0.888031914893617, "f1_macro": 0.8337864181929069, "pre_macro": 0.8487119363768493, "re_macro": 0.8404999999999999, "best_epoch": 3, "val_loss": 0.45855682879496534, "train_loss": 4.399542928249278}
{"epoch": 5, "val_accuracy": 0.8384753184713376, "train_accuracy": 0.9015070922831272, "f1_macro": 0.8336883358143243, "pre_macro": 0.8458065992988066, "re_macro": 0.8389, "best_epoch": 3, "val_loss": 0.46332985428488177, "train_loss": 4.07356256627022}
{"epoch": 6, "val_accuracy": 0.8350915605095541, "train_accuracy": 0.9086436170212766, "f1_macro": 0.8315729154766585, "pre_macro": 0.8440958703841345, "re_macro": 0.8355, "best_epoch": 3, "val_loss": 0.46785250552900276, "train_loss": 3.8377060474233424}
{"epoch": 7, "val_accuracy": 0.8412619426751592, "train_accuracy": 0.9154033688788719, "f1_macro": 0.8385558688844286, "pre_macro": 0.846931317463288, "re_macro": 0.8417, "best_epoch": 7, "val_loss": 0.44865708945283467, "train_loss": 3.66127420080469}
{"epoch": 8, "val_accuracy": 0.8429538216560509, "train_accuracy": 0.9230053191489361, "f1_macro": 0.8403224455278314, "pre_macro": 0.8478235885186812, "re_macro": 0.8434000000000001, "best_epoch": 8, "val_loss": 0.44089012085252505, "train_loss": 3.5250989325503084}
{"epoch": 9, "val_accuracy": 0.8463375796178344, "train_accuracy": 0.9276374114320634, "f1_macro": 0.8442699917741061, "pre_macro": 0.8506611862438745, "re_macro": 0.8467999999999998, "best_epoch": 9, "val_loss": 0.43211706893838897, "train_loss": 3.4199328006582057}
{"epoch": 10, "val_accuracy": 0.8472332802547771, "train_accuracy": 0.9307624114320633, "f1_macro": 0.8453798075174783, "pre_macro": 0.8502169743390073, "re_macro": 0.8471, "best_epoch": 10, "val_loss": 0.4230583810312733, "train_loss": 3.33770232403532}
{"epoch": 11, "val_accuracy": 0.8498208598726115, "train_accuracy": 0.9342641845662543, "f1_macro": 0.8481634822670443, "pre_macro": 0.851502131807633, "re_macro": 0.8497, "best_epoch": 11, "val_loss": 0.4151503867024829, "train_loss": 3.2722852128617306}
{"epoch": 12, "val_accuracy": 0.8534036624203821, "train_accuracy": 0.9369902483960415, "f1_macro": 0.851898571887223, "pre_macro": 0.8541598891134413, "re_macro": 0.8533000000000002, "best_epoch": 12, "val_loss": 0.4088526792397165, "train_loss": 3.219753969476578}
{"epoch": 13, "val_accuracy": 0.8548964968152867, "train_accuracy": 0.9397163122258287, "f1_macro": 0.8535076272874329, "pre_macro": 0.8550092436707042, "re_macro": 0.8548000000000002, "best_epoch": 13, "val_loss": 0.4040604643760973, "train_loss": 3.1774308082905223}
{"epoch": 14, "val_accuracy": 0.8564888535031847, "train_accuracy": 0.9414450356300841, "f1_macro": 0.8555818317505597, "pre_macro": 0.8562072975792511, "re_macro": 0.8567, "best_epoch": 14, "val_loss": 0.40000634104203264, "train_loss": 3.1432354947353933}
{"epoch": 15, "val_accuracy": 0.8573845541401274, "train_accuracy": 0.9439716313747649, "f1_macro": 0.8566218192982407, "pre_macro": 0.8568734784816107, "re_macro": 0.8576, "best_epoch": 15, "val_loss": 0.39713736001852973, "train_loss": 3.1155394412101582}
{"epoch": 16, "val_accuracy": 0.8586783439490446, "train_accuracy": 0.9448359930768926, "f1_macro": 0.8578408033247087, "pre_macro": 0.8579720090126302, "re_macro": 0.8589, "best_epoch": 16, "val_loss": 0.39544865375111815, "train_loss": 3.0931055282024627}
{"epoch": 17, "val_accuracy": 0.8587778662420382, "train_accuracy": 0.9460992909492331, "f1_macro": 0.8578854042450864, "pre_macro": 0.8580026885764159, "re_macro": 0.859, "best_epoch": 17, "val_loss": 0.39455219600231023, "train_loss": 3.074926953620099}
{"epoch": 18, "val_accuracy": 0.8595740445859873, "train_accuracy": 0.9478945037151905, "f1_macro": 0.8586852409833527, "pre_macro": 0.858706863132276, "re_macro": 0.8598000000000001, "best_epoch": 18, "val_loss": 0.3938565781921338, "train_loss": 3.0602065055928334}
{"epoch": 19, "val_accuracy": 0.8609673566878981, "train_accuracy": 0.9483599292471053, "f1_macro": 0.8602463952359738, "pre_macro": 0.8601894486932669, "re_macro": 0.8612, "best_epoch": 19, "val_loss": 0.39310719139257055, "train_loss": 3.0482878593688314}
{"epoch": 20, "val_accuracy": 0.8609673566878981, "train_accuracy": 0.949224290949233, "f1_macro": 0.8604035799663758, "pre_macro": 0.8602620739449156, "re_macro": 0.8612, "best_epoch": 19, "val_loss": 0.3924692067181229, "train_loss": 3.0386306336585513}
{"epoch": 21, "val_accuracy": 0.8599721337579618, "train_accuracy": 0.9494237590343394, "f1_macro": 0.8596029685071066, "pre_macro": 0.8594438842529417, "re_macro": 0.8602000000000001, "best_epoch": 19, "val_loss": 0.39208011594927233, "train_loss": 3.030803631721659}
{"epoch": 22, "val_accuracy": 0.8594745222929936, "train_accuracy": 0.9494902483960416, "f1_macro": 0.8591580972227477, "pre_macro": 0.8589952887243697, "re_macro": 0.8596999999999999, "best_epoch": 19, "val_loss": 0.39189165422491207, "train_loss": 3.0244664527000267}
{"epoch": 23, "val_accuracy": 0.8595740445859873, "train_accuracy": 0.9499556739279564, "f1_macro": 0.8593243862549924, "pre_macro": 0.859176064028507, "re_macro": 0.8598000000000001, "best_epoch": 19, "val_loss": 0.3918054637255942, "train_loss": 3.01933976843002}
{"epoch": 24, "val_accuracy": 0.8603702229299363, "train_accuracy": 0.9503546100981692, "f1_macro": 0.860176858347639, "pre_macro": 0.8600537253960876, "re_macro": 0.8606, "best_epoch": 19, "val_loss": 0.39176013192553427, "train_loss": 3.0151960048269717}
{"epoch": 25, "val_accuracy": 0.8603702229299363, "train_accuracy": 0.9508865249917863, "f1_macro": 0.8602160558674903, "pre_macro": 0.860107995476252, "re_macro": 0.8606, "best_epoch": 19, "val_loss": 0.3917337513653336, "train_loss": 3.0118523709317473}
{"training time": 83.45845675468445}
