{"epoch": 1, "val_accuracy": 0.8293192675159236, "train_accuracy": 0.8140758167613636, "f1_macro": 0.8278845564926323, "pre_macro": 0.8366571704734216, "re_macro": 0.8291000000000001, "best_epoch": 1, "val_loss": 0.4710786726064743, "train_loss": 5.6967633373358035}
{"epoch": 2, "val_accuracy": 0.8400676751592356, "train_accuracy": 0.8621271306818182, "f1_macro": 0.8385088727570368, "pre_macro": 0.8445546961872921, "re_macro": 0.8393, "best_epoch": 2, "val_loss": 0.43175584429008945, "train_loss": 3.7205423926087944}
{"epoch": 3, "val_accuracy": 0.8491242038216561, "train_accuracy": 0.8732466264204546, "f1_macro": 0.8475794786767418, "pre_macro": 0.8527640641106192, "re_macro": 0.8484, "best_epoch": 3, "val_loss": 0.4123631741400737, "train_loss": 2.9015856940637934}
{"epoch": 4, "val_accuracy": 0.8534036624203821, "train_accuracy": 0.880615234375, "f1_macro": 0.8524634500161985, "pre_macro": 0.8562765249854115, "re_macro": 0.8527000000000001, "best_epoch": 4, "val_loss": 0.4027254066080045, "train_loss": 2.4506161107935687}
{"epoch": 5, "val_accuracy": 0.8531050955414012, "train_accuracy": 0.8855646306818182, "f1_macro": 0.8526537631907937, "pre_macro": 0.8569829147567679, "re_macro": 0.8523999999999999, "best_epoch": 4, "val_loss": 0.39941406772015203, "train_loss": 2.164473311298273}
{"epoch": 6, "val_accuracy": 0.8557921974522293, "train_accuracy": 0.8905362215909091, "f1_macro": 0.8557475406065812, "pre_macro": 0.8598282968709082, "re_macro": 0.8551, "best_epoch": 6, "val_loss": 0.3933787991286843, "train_loss": 1.967142347077077}
{"epoch": 7, "val_accuracy": 0.8581807324840764, "train_accuracy": 0.8946644176136364, "f1_macro": 0.8578093318994912, "pre_macro": 0.8613495317119853, "re_macro": 0.8575000000000002, "best_epoch": 7, "val_loss": 0.386008344543208, "train_loss": 1.823963725431399}
{"epoch": 8, "val_accuracy": 0.8585788216560509, "train_accuracy": 0.8981711647727273, "f1_macro": 0.8582753620975085, "pre_macro": 0.8618139391063165, "re_macro": 0.8579000000000001, "best_epoch": 8, "val_loss": 0.3787806968969904, "train_loss": 1.717758748172359}
{"epoch": 9, "val_accuracy": 0.8611664012738853, "train_accuracy": 0.9017666903409091, "f1_macro": 0.8609603771009586, "pre_macro": 0.8648147348189049, "re_macro": 0.8605, "best_epoch": 9, "val_loss": 0.36736134710205587, "train_loss": 1.636693161488934}
{"epoch": 10, "val_accuracy": 0.8668391719745223, "train_accuracy": 0.904541015625, "f1_macro": 0.8665648463022301, "pre_macro": 0.8699460500136558, "re_macro": 0.8662000000000001, "best_epoch": 10, "val_loss": 0.3576991192189751, "train_loss": 1.573879268697717}
{"epoch": 11, "val_accuracy": 0.8683320063694268, "train_accuracy": 0.9078258167613636, "f1_macro": 0.8679862093035411, "pre_macro": 0.8709560653080588, "re_macro": 0.8677000000000001, "best_epoch": 11, "val_loss": 0.3516631343751956, "train_loss": 1.5251317955553532}
{"epoch": 12, "val_accuracy": 0.8709195859872612, "train_accuracy": 0.9099786931818182, "f1_macro": 0.8704616925716657, "pre_macro": 0.8731946505120481, "re_macro": 0.8703, "best_epoch": 12, "val_loss": 0.347823716747533, "train_loss": 1.4871265005997636}
{"epoch": 13, "val_accuracy": 0.8732085987261147, "train_accuracy": 0.9120649857954546, "f1_macro": 0.8726912284620315, "pre_macro": 0.8746894435751734, "re_macro": 0.8725999999999999, "best_epoch": 13, "val_loss": 0.343666560995351, "train_loss": 1.457285874099894}
{"epoch": 14, "val_accuracy": 0.8747014331210191, "train_accuracy": 0.9133744673295454, "f1_macro": 0.8741505708623392, "pre_macro": 0.8755793609452998, "re_macro": 0.8741, "best_epoch": 14, "val_loss": 0.3400529067797266, "train_loss": 1.4336959973654964}
{"epoch": 15, "val_accuracy": 0.8756966560509554, "train_accuracy": 0.9152388139204546, "f1_macro": 0.8751581897349086, "pre_macro": 0.8763733413335603, "re_macro": 0.8751000000000001, "best_epoch": 15, "val_loss": 0.3381286647858893, "train_loss": 1.414947414601391}
{"epoch": 16, "val_accuracy": 0.8774880573248408, "train_accuracy": 0.9164595170454546, "f1_macro": 0.8769626593762314, "pre_macro": 0.878038711530564, "re_macro": 0.8769, "best_epoch": 16, "val_loss": 0.33702084165849505, "train_loss": 1.4000265264714307}
{"epoch": 17, "val_accuracy": 0.877687101910828, "train_accuracy": 0.9181463068181818, "f1_macro": 0.877149063350466, "pre_macro": 0.8782993040789, "re_macro": 0.8770999999999999, "best_epoch": 17, "val_loss": 0.3358737683979569, "train_loss": 1.3881478081033989}
{"epoch": 18, "val_accuracy": 0.8792794585987261, "train_accuracy": 0.9187677556818182, "f1_macro": 0.8786315313426719, "pre_macro": 0.8797201970130055, "re_macro": 0.8787, "best_epoch": 18, "val_loss": 0.33454985176302066, "train_loss": 1.3786781628362157}
{"epoch": 19, "val_accuracy": 0.8801751592356688, "train_accuracy": 0.9192338423295454, "f1_macro": 0.8794666022898234, "pre_macro": 0.8803378683826878, "re_macro": 0.8795999999999999, "best_epoch": 19, "val_loss": 0.3331022815909355, "train_loss": 1.3711215748705647}
{"epoch": 20, "val_accuracy": 0.8807722929936306, "train_accuracy": 0.9198109019886364, "f1_macro": 0.880037637210877, "pre_macro": 0.8806852261022342, "re_macro": 0.8802, "best_epoch": 20, "val_loss": 0.33173243397740043, "train_loss": 1.3650966308672319}
{"epoch": 21, "val_accuracy": 0.8808718152866242, "train_accuracy": 0.9201882102272727, "f1_macro": 0.8800942078134737, "pre_macro": 0.8805597832506471, "re_macro": 0.8802999999999999, "best_epoch": 21, "val_loss": 0.3306555680598423, "train_loss": 1.36029152081094}
{"epoch": 22, "val_accuracy": 0.8812699044585988, "train_accuracy": 0.9205655184659091, "f1_macro": 0.8804650299752904, "pre_macro": 0.8807819727723398, "re_macro": 0.8807, "best_epoch": 22, "val_loss": 0.3299139559648599, "train_loss": 1.3564551455730742}
{"epoch": 23, "val_accuracy": 0.8818670382165605, "train_accuracy": 0.9207430752840909, "f1_macro": 0.8810031312138804, "pre_macro": 0.8812093756374828, "re_macro": 0.8813000000000001, "best_epoch": 23, "val_loss": 0.32943227972574296, "train_loss": 1.3533862300894477}
{"epoch": 24, "val_accuracy": 0.8827627388535032, "train_accuracy": 0.9211869673295454, "f1_macro": 0.8818554147491614, "pre_macro": 0.882016077940597, "re_macro": 0.8821999999999999, "best_epoch": 24, "val_loss": 0.3291113241842598, "train_loss": 1.3509234504943544}
{"epoch": 25, "val_accuracy": 0.8819665605095541, "train_accuracy": 0.9216086647727273, "f1_macro": 0.8810443238126584, "pre_macro": 0.8811759420294974, "re_macro": 0.8814, "best_epoch": 24, "val_loss": 0.3288722533708925, "train_loss": 1.3489454629069024}
{"training time": 199.72936177253723}
