{"epoch": 1, "val_accuracy": 0.8432523885350318, "train_accuracy": 0.8209288379530917, "f1_macro": 0.8402059370595476, "pre_macro": 0.8459885491850383, "re_macro": 0.8431000000000001, "best_epoch": 1, "val_loss": 0.45100029875898057, "train_loss": 5.327955800333003}
{"epoch": 2, "val_accuracy": 0.8419585987261147, "train_accuracy": 0.8609241737739872, "f1_macro": 0.8401808697991511, "pre_macro": 0.8468703866740457, "re_macro": 0.8417999999999999, "best_epoch": 1, "val_loss": 0.44077785417532467, "train_loss": 3.2349286272581708}
{"epoch": 3, "val_accuracy": 0.8360867834394905, "train_accuracy": 0.8693030383795309, "f1_macro": 0.8341330173866996, "pre_macro": 0.8455918845436334, "re_macro": 0.8353000000000002, "best_epoch": 1, "val_loss": 0.4442226332464036, "train_loss": 2.454475528141583}
{"epoch": 4, "val_accuracy": 0.8422571656050956, "train_accuracy": 0.8753331556503199, "f1_macro": 0.8405588351227357, "pre_macro": 0.8517948708600258, "re_macro": 0.8415000000000001, "best_epoch": 1, "val_loss": 0.42779374582942126, "train_loss": 2.0406510147458707}
{"epoch": 5, "val_accuracy": 0.8487261146496815, "train_accuracy": 0.8800639658848614, "f1_macro": 0.8466645573434596, "pre_macro": 0.8560891469734895, "re_macro": 0.8480000000000001, "best_epoch": 5, "val_loss": 0.4081692313122901, "train_loss": 1.7828463867529114}
{"epoch": 6, "val_accuracy": 0.8585788216560509, "train_accuracy": 0.8851779051172708, "f1_macro": 0.8566933815727156, "pre_macro": 0.8628118305707819, "re_macro": 0.8578999999999999, "best_epoch": 6, "val_loss": 0.3883406949840533, "train_loss": 1.608223643511343}
{"epoch": 7, "val_accuracy": 0.8651472929936306, "train_accuracy": 0.8894089818763327, "f1_macro": 0.863465648116245, "pre_macro": 0.8664907533272915, "re_macro": 0.8644999999999999, "best_epoch": 7, "val_loss": 0.37484181767246527, "train_loss": 1.4845426570632057}
{"epoch": 8, "val_accuracy": 0.866640127388535, "train_accuracy": 0.8931403251599147, "f1_macro": 0.8648367361404204, "pre_macro": 0.8664284890936997, "re_macro": 0.866, "best_epoch": 8, "val_loss": 0.36765950870741704, "train_loss": 1.3943438340605958}
{"epoch": 9, "val_accuracy": 0.8696257961783439, "train_accuracy": 0.8963219616204691, "f1_macro": 0.8676222347918694, "pre_macro": 0.8684645448151092, "re_macro": 0.869, "best_epoch": 9, "val_loss": 0.36074706693743447, "train_loss": 1.327490953367148}
{"epoch": 10, "val_accuracy": 0.8729100318471338, "train_accuracy": 0.8995202558635395, "f1_macro": 0.8707147339513257, "pre_macro": 0.8716085441541115, "re_macro": 0.8722999999999999, "best_epoch": 10, "val_loss": 0.35458717077590857, "train_loss": 1.2771140361137228}
{"epoch": 11, "val_accuracy": 0.8741042993630573, "train_accuracy": 0.902335421108742, "f1_macro": 0.8719207031965833, "pre_macro": 0.8727495092312972, "re_macro": 0.8734999999999999, "best_epoch": 11, "val_loss": 0.3494710417784703, "train_loss": 1.23841481574817}
{"epoch": 12, "val_accuracy": 0.8762937898089171, "train_accuracy": 0.9048340884861408, "f1_macro": 0.873777023530207, "pre_macro": 0.8749118137838747, "re_macro": 0.8756999999999999, "best_epoch": 12, "val_loss": 0.34295974785734895, "train_loss": 1.20843363392836}
{"epoch": 13, "val_accuracy": 0.878781847133758, "train_accuracy": 0.9066831023454158, "f1_macro": 0.8759254807499517, "pre_macro": 0.8782028379491607, "re_macro": 0.8782, "best_epoch": 13, "val_loss": 0.33850343368805136, "train_loss": 1.1850977578142812}
{"epoch": 14, "val_accuracy": 0.8799761146496815, "train_accuracy": 0.9080490405117271, "f1_macro": 0.8769840595902494, "pre_macro": 0.8800438722061072, "re_macro": 0.8794000000000001, "best_epoch": 14, "val_loss": 0.3363387642107951, "train_loss": 1.1668138210453205}
{"epoch": 15, "val_accuracy": 0.8807722929936306, "train_accuracy": 0.9093650053304904, "f1_macro": 0.8779627246976078, "pre_macro": 0.8807328762665769, "re_macro": 0.8802, "best_epoch": 15, "val_loss": 0.33393799048510325, "train_loss": 1.15238154805037}
{"epoch": 16, "val_accuracy": 0.8800756369426752, "train_accuracy": 0.91028118336887, "f1_macro": 0.8776126366591839, "pre_macro": 0.8794772881509131, "re_macro": 0.8795, "best_epoch": 15, "val_loss": 0.33167992313956, "train_loss": 1.1408856366870246}
{"epoch": 17, "val_accuracy": 0.8811703821656051, "train_accuracy": 0.9111140724946695, "f1_macro": 0.8790256382939322, "pre_macro": 0.8803938035162101, "re_macro": 0.8806, "best_epoch": 17, "val_loss": 0.33004063628851227, "train_loss": 1.1316951325834432}
{"epoch": 18, "val_accuracy": 0.8825636942675159, "train_accuracy": 0.9119802771855011, "f1_macro": 0.8806949852243455, "pre_macro": 0.8815188326109122, "re_macro": 0.882, "best_epoch": 18, "val_loss": 0.3287221778445183, "train_loss": 1.1243566240964413}
{"epoch": 19, "val_accuracy": 0.8826632165605095, "train_accuracy": 0.9127798507462687, "f1_macro": 0.8810306776883063, "pre_macro": 0.8814799654385007, "re_macro": 0.8821, "best_epoch": 19, "val_loss": 0.32759877844790747, "train_loss": 1.1185048446218089}
{"epoch": 20, "val_accuracy": 0.8836584394904459, "train_accuracy": 0.9132629264392325, "f1_macro": 0.8821765301499795, "pre_macro": 0.882440816436824, "re_macro": 0.8831000000000001, "best_epoch": 20, "val_loss": 0.32662696780482675, "train_loss": 1.1138398553898086}
{"epoch": 21, "val_accuracy": 0.8828622611464968, "train_accuracy": 0.9132962420042644, "f1_macro": 0.881452117383005, "pre_macro": 0.8816527784116769, "re_macro": 0.8823000000000001, "best_epoch": 20, "val_loss": 0.3257221881371395, "train_loss": 1.1101215073803086}
{"epoch": 22, "val_accuracy": 0.8846536624203821, "train_accuracy": 0.9135127931769723, "f1_macro": 0.8833115157519218, "pre_macro": 0.8834454453598676, "re_macro": 0.8840999999999999, "best_epoch": 22, "val_loss": 0.32486618718334065, "train_loss": 1.1071585949295875}
{"epoch": 23, "val_accuracy": 0.8846536624203821, "train_accuracy": 0.914112473347548, "f1_macro": 0.8833128546221756, "pre_macro": 0.8833967447153063, "re_macro": 0.8840999999999999, "best_epoch": 22, "val_loss": 0.32409886394146903, "train_loss": 1.1047928682141213}
{"epoch": 24, "val_accuracy": 0.884952229299363, "train_accuracy": 0.9142290778251599, "f1_macro": 0.8836674000503519, "pre_macro": 0.8837280613443171, "re_macro": 0.8844000000000001, "best_epoch": 24, "val_loss": 0.323445960120031, "train_loss": 1.1028979742196576}
{"epoch": 25, "val_accuracy": 0.884952229299363, "train_accuracy": 0.9143623400852878, "f1_macro": 0.8836945232906694, "pre_macro": 0.8837038611929092, "re_macro": 0.8844, "best_epoch": 24, "val_loss": 0.3229035246334258, "train_loss": 1.1013765357323546}
{"training time": 264.1391386985779}
