{"epoch": 1, "val_accuracy": 0.6511743630573248, "train_accuracy": 0.4015625, "f1_macro": 0.641738331444117, "pre_macro": 0.6388728389539132, "re_macro": 0.6516, "best_epoch": 1, "val_loss": 1.1528937748283337, "train_loss": 8.620517015457153}
{"epoch": 2, "val_accuracy": 0.6996417197452229, "train_accuracy": 0.7609375, "f1_macro": 0.7009611234072051, "pre_macro": 0.714272491054021, "re_macro": 0.6990999999999999, "best_epoch": 2, "val_loss": 0.8994395569631248, "train_loss": 7.720169878005981}
{"epoch": 3, "val_accuracy": 0.724422770700637, "train_accuracy": 0.8348958373069764, "f1_macro": 0.7186179901716172, "pre_macro": 0.7171655676172034, "re_macro": 0.7243, "best_epoch": 3, "val_loss": 0.804104220715298, "train_loss": 7.375828647613526}
{"epoch": 4, "val_accuracy": 0.7367635350318471, "train_accuracy": 0.8942708373069763, "f1_macro": 0.7348143256698367, "pre_macro": 0.7351861388911304, "re_macro": 0.7363999999999999, "best_epoch": 4, "val_loss": 0.7642245000335062, "train_loss": 7.194123077392578}
{"epoch": 5, "val_accuracy": 0.7395501592356688, "train_accuracy": 0.9328125, "f1_macro": 0.7370727520493202, "pre_macro": 0.7366289280439885, "re_macro": 0.7392000000000001, "best_epoch": 5, "val_loss": 0.7419348871631987, "train_loss": 7.062059926986694}
{"epoch": 6, "val_accuracy": 0.7448248407643312, "train_accuracy": 0.95, "f1_macro": 0.7430261743292024, "pre_macro": 0.7432439671470881, "re_macro": 0.7445, "best_epoch": 6, "val_loss": 0.7256828797091345, "train_loss": 6.968329572677613}
{"epoch": 7, "val_accuracy": 0.7469148089171974, "train_accuracy": 0.9640625, "f1_macro": 0.7451035312409231, "pre_macro": 0.7448870216348082, "re_macro": 0.7466000000000002, "best_epoch": 7, "val_loss": 0.7171140626357619, "train_loss": 6.900105428695679}
{"epoch": 8, "val_accuracy": 0.7479100318471338, "train_accuracy": 0.975, "f1_macro": 0.7468105293543679, "pre_macro": 0.7474238851570805, "re_macro": 0.7476, "best_epoch": 8, "val_loss": 0.7128064414118506, "train_loss": 6.854117488861084}
{"epoch": 9, "val_accuracy": 0.7503980891719745, "train_accuracy": 0.98125, "f1_macro": 0.7491731605731801, "pre_macro": 0.7495022520487576, "re_macro": 0.7501, "best_epoch": 9, "val_loss": 0.7074375397460476, "train_loss": 6.821086645126343}
{"epoch": 10, "val_accuracy": 0.7503980891719745, "train_accuracy": 0.9859375, "f1_macro": 0.74933245001371, "pre_macro": 0.7499064323886028, "re_macro": 0.7501, "best_epoch": 9, "val_loss": 0.7054100256816597, "train_loss": 6.796246004104614}
{"epoch": 11, "val_accuracy": 0.7514928343949044, "train_accuracy": 0.9875, "f1_macro": 0.7505221972676633, "pre_macro": 0.7511609315670098, "re_macro": 0.7512000000000001, "best_epoch": 11, "val_loss": 0.7027344181659115, "train_loss": 6.777849864959717}
{"epoch": 12, "val_accuracy": 0.7521894904458599, "train_accuracy": 0.9890625, "f1_macro": 0.7511897232310492, "pre_macro": 0.7517586927568227, "re_macro": 0.7519, "best_epoch": 12, "val_loss": 0.700955479008377, "train_loss": 6.763521766662597}
{"epoch": 13, "val_accuracy": 0.7517914012738853, "train_accuracy": 0.9890625, "f1_macro": 0.7507997747855155, "pre_macro": 0.7514328690798721, "re_macro": 0.7515000000000001, "best_epoch": 12, "val_loss": 0.6997802232860759, "train_loss": 6.7523698806762695}
{"epoch": 14, "val_accuracy": 0.751890923566879, "train_accuracy": 0.990625, "f1_macro": 0.750893198349605, "pre_macro": 0.7514911676032994, "re_macro": 0.7516, "best_epoch": 12, "val_loss": 0.6986791123250488, "train_loss": 6.743628883361817}
{"epoch": 15, "val_accuracy": 0.7521894904458599, "train_accuracy": 0.990625, "f1_macro": 0.7512018944961179, "pre_macro": 0.7518303505808119, "re_macro": 0.7519, "best_epoch": 12, "val_loss": 0.697805858721399, "train_loss": 6.736690044403076}
{"epoch": 16, "val_accuracy": 0.7520899681528662, "train_accuracy": 0.990625, "f1_macro": 0.7511401971451577, "pre_macro": 0.7518239319291256, "re_macro": 0.7518, "best_epoch": 12, "val_loss": 0.6971524925368606, "train_loss": 6.731166696548462}
{"epoch": 17, "val_accuracy": 0.7523885350318471, "train_accuracy": 0.990625, "f1_macro": 0.7514606449120544, "pre_macro": 0.7521569503040748, "re_macro": 0.7521, "best_epoch": 17, "val_loss": 0.6966375391574422, "train_loss": 6.726758193969727}
{"epoch": 18, "val_accuracy": 0.7522890127388535, "train_accuracy": 0.990625, "f1_macro": 0.7513257927630725, "pre_macro": 0.7519673033958816, "re_macro": 0.752, "best_epoch": 17, "val_loss": 0.6962204531879183, "train_loss": 6.723230218887329}
{"epoch": 19, "val_accuracy": 0.7521894904458599, "train_accuracy": 0.990625, "f1_macro": 0.7512453352466455, "pre_macro": 0.7519136938216673, "re_macro": 0.7519, "best_epoch": 17, "val_loss": 0.6958834291643398, "train_loss": 6.720401000976563}
{"epoch": 20, "val_accuracy": 0.7520899681528662, "train_accuracy": 0.990625, "f1_macro": 0.7511376697291338, "pre_macro": 0.7518038847354116, "re_macro": 0.7518, "best_epoch": 17, "val_loss": 0.695612419942382, "train_loss": 6.718129444122314}
{"epoch": 21, "val_accuracy": 0.7520899681528662, "train_accuracy": 0.990625, "f1_macro": 0.7511226439691793, "pre_macro": 0.7517809161898859, "re_macro": 0.7518, "best_epoch": 17, "val_loss": 0.6953945657250228, "train_loss": 6.716303586959839}
{"epoch": 22, "val_accuracy": 0.7522890127388535, "train_accuracy": 0.9921875, "f1_macro": 0.7513160592561905, "pre_macro": 0.7519669810241789, "re_macro": 0.752, "best_epoch": 17, "val_loss": 0.6952191196429501, "train_loss": 6.714834499359131}
{"epoch": 23, "val_accuracy": 0.7523885350318471, "train_accuracy": 0.9921875, "f1_macro": 0.7514096098105026, "pre_macro": 0.7520505731258661, "re_macro": 0.7521000000000001, "best_epoch": 17, "val_loss": 0.695077670038126, "train_loss": 6.713652849197388}
{"epoch": 24, "val_accuracy": 0.7523885350318471, "train_accuracy": 0.9921875, "f1_macro": 0.7514272861031805, "pre_macro": 0.7520887339371883, "re_macro": 0.7521000000000001, "best_epoch": 17, "val_loss": 0.6949634531121345, "train_loss": 6.712701272964478}
{"epoch": 25, "val_accuracy": 0.7524880573248408, "train_accuracy": 0.9921875, "f1_macro": 0.7515367915067719, "pre_macro": 0.7522114761773074, "re_macro": 0.7522, "best_epoch": 25, "val_loss": 0.6948712325779496, "train_loss": 6.711935520172119}
{"training time": 26.976644277572632}
