{"epoch": 100, "loss": 0.20201928913593292}
{"epoch": 200, "loss": 0.047299277037382126}
{"epoch": 300, "loss": 0.022106099873781204}
{"epoch": 400, "loss": 0.01601177453994751}
{"epoch": 500, "loss": 0.013106189668178558}
{"epoch": 600, "loss": 0.011292574927210808}
{"epoch": 700, "loss": 0.010081630200147629}
{"epoch": 800, "loss": 0.00925490539520979}
{"epoch": 900, "loss": 0.008625831454992294}
{"epoch": 1000, "loss": 0.008055121637880802}
{"training_time:": "3.1514s", "final_loss": 0.008055121637880802}
