{"epoch": 1, "val_accuracy": 0.9099323248407644, "train_accuracy": 0.8435283688788718, "f1_macro": 0.9086721139660134, "pre_macro": 0.9127130773270773, "re_macro": 0.9084189156302506, "best_epoch": 1, "val_loss": 0.3072502700030614, "train_loss": 0.5851631380142049}
{"epoch": 2, "val_accuracy": 0.929140127388535, "train_accuracy": 0.9278147164811479, "f1_macro": 0.9278258506945433, "pre_macro": 0.9297108870350226, "re_macro": 0.9278275492297187, "best_epoch": 2, "val_loss": 0.23613579610101643, "train_loss": 0.3089659344325674}
{"epoch": 3, "val_accuracy": 0.9425756369426752, "train_accuracy": 0.950531914893617, "f1_macro": 0.9415275121611903, "pre_macro": 0.9418922725833611, "re_macro": 0.9415437192305219, "best_epoch": 3, "val_loss": 0.19055068040278497, "train_loss": 0.23611192801531325}
{"epoch": 4, "val_accuracy": 0.9428742038216561, "train_accuracy": 0.961968085106383, "f1_macro": 0.9418961362761046, "pre_macro": 0.9426145973994166, "re_macro": 0.9417782465015488, "best_epoch": 4, "val_loss": 0.19154964282124, "train_loss": 0.19577451408543486}
{"epoch": 5, "val_accuracy": 0.9410828025477707, "train_accuracy": 0.9706117021276596, "f1_macro": 0.9401614637960922, "pre_macro": 0.9415038929080968, "re_macro": 0.940083916608249, "best_epoch": 4, "val_loss": 0.1971242217981749, "train_loss": 0.16905003012494837}
{"epoch": 6, "val_accuracy": 0.9451632165605095, "train_accuracy": 0.9759973404255319, "f1_macro": 0.94426815236111, "pre_macro": 0.9451927642360666, "re_macro": 0.9442017347321819, "best_epoch": 6, "val_loss": 0.17686219250925692, "train_loss": 0.15194557943242662}
{"epoch": 7, "val_accuracy": 0.948546974522293, "train_accuracy": 0.9803191489361702, "f1_macro": 0.9477212312267749, "pre_macro": 0.9482301520001449, "re_macro": 0.9477468232928166, "best_epoch": 7, "val_loss": 0.16973360408405969, "train_loss": 0.13643536466233275}
{"epoch": 8, "val_accuracy": 0.9483479299363057, "train_accuracy": 0.9831117021276595, "f1_macro": 0.9475288940869884, "pre_macro": 0.9480135563325348, "re_macro": 0.9475529980415291, "best_epoch": 7, "val_loss": 0.16845798000447143, "train_loss": 0.12439194327973305}
{"epoch": 9, "val_accuracy": 0.9496417197452229, "train_accuracy": 0.9863031914893617, "f1_macro": 0.9488167099643476, "pre_macro": 0.9492521518797863, "re_macro": 0.9487979031255929, "best_epoch": 9, "val_loss": 0.16413911876778836, "train_loss": 0.11424599990565726}
{"epoch": 10, "val_accuracy": 0.9516321656050956, "train_accuracy": 0.9889627659574468, "f1_macro": 0.9508226451237011, "pre_macro": 0.9511926789341636, "re_macro": 0.9508013619749148, "best_epoch": 10, "val_loss": 0.15855221002352288, "train_loss": 0.1072553092494924}
{"epoch": 11, "val_accuracy": 0.9528264331210191, "train_accuracy": 0.9907579787234042, "f1_macro": 0.9520375531271625, "pre_macro": 0.9522981998780928, "re_macro": 0.9520099501190048, "best_epoch": 11, "val_loss": 0.15369097188846978, "train_loss": 0.10122474482718935}
{"epoch": 12, "val_accuracy": 0.9544187898089171, "train_accuracy": 0.9922207446808511, "f1_macro": 0.9536658587286853, "pre_macro": 0.9538366436961999, "re_macro": 0.9536270499474531, "best_epoch": 12, "val_loss": 0.15086166718848654, "train_loss": 0.09659946546592611}
{"epoch": 13, "val_accuracy": 0.9555135350318471, "train_accuracy": 0.9930851063829788, "f1_macro": 0.9548058120047849, "pre_macro": 0.9549274839458632, "re_macro": 0.9547993382717314, "best_epoch": 13, "val_loss": 0.14848666616391457, "train_loss": 0.09265831675618252}
{"epoch": 14, "val_accuracy": 0.9562101910828026, "train_accuracy": 0.9942154255319149, "f1_macro": 0.9555499142719954, "pre_macro": 0.9556696641983775, "re_macro": 0.9555254828422569, "best_epoch": 14, "val_loss": 0.14685428420146246, "train_loss": 0.08967423565844272}
{"epoch": 15, "val_accuracy": 0.9563097133757962, "train_accuracy": 0.9945478723404255, "f1_macro": 0.955641627115749, "pre_macro": 0.9557444296493378, "re_macro": 0.9556478165004563, "best_epoch": 15, "val_loss": 0.14630962372015996, "train_loss": 0.08726866484639492}
{"training time": 63.52530884742737}
