{"epoch": 1, "val_accuracy": 0.9344148089171974, "train_accuracy": 0.894287109375, "f1_macro": 0.933112774086396, "pre_macro": 0.9352285180765515, "re_macro": 0.93352199290808, "best_epoch": 1, "val_loss": 0.22056430275107075, "train_loss": 0.4196856891821054}
{"epoch": 2, "val_accuracy": 0.9527269108280255, "train_accuracy": 0.9503284801136364, "f1_macro": 0.9521223789669225, "pre_macro": 0.9527957337447809, "re_macro": 0.9521856967305755, "best_epoch": 2, "val_loss": 0.15746970002830124, "train_loss": 0.23320125518578358}
{"epoch": 3, "val_accuracy": 0.9547173566878981, "train_accuracy": 0.9636008522727273, "f1_macro": 0.9540487112669418, "pre_macro": 0.9547187185799274, "re_macro": 0.9542553019077469, "best_epoch": 3, "val_loss": 0.14560375607180984, "train_loss": 0.18599768706851386}
{"epoch": 4, "val_accuracy": 0.9611863057324841, "train_accuracy": 0.97265625, "f1_macro": 0.9607125604115987, "pre_macro": 0.9610631011215768, "re_macro": 0.9607535971918632, "best_epoch": 4, "val_loss": 0.125038696629452, "train_loss": 0.1579086127034812}
{"epoch": 5, "val_accuracy": 0.9633757961783439, "train_accuracy": 0.9778941761363636, "f1_macro": 0.9629608885818015, "pre_macro": 0.9635371590387043, "re_macro": 0.9627944932635495, "best_epoch": 5, "val_loss": 0.11667299090445658, "train_loss": 0.1386095247951082}
{"epoch": 6, "val_accuracy": 0.9672571656050956, "train_accuracy": 0.9819113991477273, "f1_macro": 0.9668972950264967, "pre_macro": 0.9671714063311269, "re_macro": 0.9668352334818933, "best_epoch": 6, "val_loss": 0.10404154672999244, "train_loss": 0.12465330174150453}
{"epoch": 7, "val_accuracy": 0.9691480891719745, "train_accuracy": 0.9856178977272727, "f1_macro": 0.9687844165070508, "pre_macro": 0.9688804025133206, "re_macro": 0.9688251417999341, "best_epoch": 7, "val_loss": 0.09872588838334195, "train_loss": 0.11294564154972746}
{"epoch": 8, "val_accuracy": 0.9695461783439491, "train_accuracy": 0.9882146661931818, "f1_macro": 0.9691451034100513, "pre_macro": 0.9692012713283724, "re_macro": 0.9692182651545134, "best_epoch": 8, "val_loss": 0.09404207652829184, "train_loss": 0.10411942760798741}
{"epoch": 9, "val_accuracy": 0.973328025477707, "train_accuracy": 0.9900790127840909, "f1_macro": 0.9729518341931589, "pre_macro": 0.973002530242854, "re_macro": 0.9729613634989983, "best_epoch": 9, "val_loss": 0.08844171606458777, "train_loss": 0.0968109676878984}
{"epoch": 10, "val_accuracy": 0.9739251592356688, "train_accuracy": 0.9914772727272727, "f1_macro": 0.9735646778911689, "pre_macro": 0.9735842051605044, "re_macro": 0.9735882019019371, "best_epoch": 10, "val_loss": 0.08514155017321033, "train_loss": 0.09081584113565358}
{"epoch": 11, "val_accuracy": 0.9736265923566879, "train_accuracy": 0.9925870028409091, "f1_macro": 0.9732235026883908, "pre_macro": 0.9731868565552733, "re_macro": 0.9733285022145719, "best_epoch": 10, "val_loss": 0.08444806158147414, "train_loss": 0.08636133897181769}
{"epoch": 12, "val_accuracy": 0.9747213375796179, "train_accuracy": 0.9937411221590909, "f1_macro": 0.9743504094066783, "pre_macro": 0.9742909503039577, "re_macro": 0.9744865995239745, "best_epoch": 12, "val_loss": 0.08366561010309383, "train_loss": 0.08256080993239513}
{"epoch": 13, "val_accuracy": 0.975218949044586, "train_accuracy": 0.9943181818181818, "f1_macro": 0.9748615215471788, "pre_macro": 0.9748404708292628, "re_macro": 0.9749555517110287, "best_epoch": 13, "val_loss": 0.08186536163271843, "train_loss": 0.07961586139969189}
{"epoch": 14, "val_accuracy": 0.9756170382165605, "train_accuracy": 0.9952281605113636, "f1_macro": 0.9752861589994074, "pre_macro": 0.9752985365999205, "re_macro": 0.9753411994593902, "best_epoch": 14, "val_loss": 0.08060288379987654, "train_loss": 0.07732640189880674}
{"epoch": 15, "val_accuracy": 0.9761146496815286, "train_accuracy": 0.9954279119318182, "f1_macro": 0.9757902326297113, "pre_macro": 0.9758440283376963, "re_macro": 0.9757976307914363, "best_epoch": 15, "val_loss": 0.07954682728311249, "train_loss": 0.07545005996838551}
{"training time": 155.96060514450073}
