{"epoch": 1, "val_accuracy": 0.9437699044585988, "train_accuracy": 0.9052838486140725, "f1_macro": 0.9429026031440786, "pre_macro": 0.9441521229805456, "re_macro": 0.9424839724917474, "best_epoch": 1, "val_loss": 0.18821159145160085, "train_loss": 0.3811667956538927}
{"epoch": 2, "val_accuracy": 0.9490445859872612, "train_accuracy": 0.9520755597014925, "f1_macro": 0.9482423396968086, "pre_macro": 0.9496519663195333, "re_macro": 0.9477455513117852, "best_epoch": 2, "val_loss": 0.1667934638139596, "train_loss": 0.2216874927536511}
{"epoch": 3, "val_accuracy": 0.9567078025477707, "train_accuracy": 0.9661180703624733, "f1_macro": 0.9559353053225992, "pre_macro": 0.9570474020093103, "re_macro": 0.9557578048021733, "best_epoch": 3, "val_loss": 0.14200804777484932, "train_loss": 0.18106632652694482}
{"epoch": 4, "val_accuracy": 0.9684514331210191, "train_accuracy": 0.972831156716418, "f1_macro": 0.9680230658858298, "pre_macro": 0.9682416602521158, "re_macro": 0.9680015974668246, "best_epoch": 4, "val_loss": 0.10385106750919668, "train_loss": 0.15483537690439966}
{"epoch": 5, "val_accuracy": 0.9704418789808917, "train_accuracy": 0.9779450959488273, "f1_macro": 0.9699893471695715, "pre_macro": 0.9700839813938085, "re_macro": 0.9700234748204016, "best_epoch": 5, "val_loss": 0.0964982858239851, "train_loss": 0.13640899246117708}
{"epoch": 6, "val_accuracy": 0.9716361464968153, "train_accuracy": 0.9820595682302772, "f1_macro": 0.9712646057952803, "pre_macro": 0.9714022873460223, "re_macro": 0.9712595992236149, "best_epoch": 6, "val_loss": 0.09376415158184483, "train_loss": 0.12235805780283296}
{"epoch": 7, "val_accuracy": 0.9708399681528662, "train_accuracy": 0.9851912313432836, "f1_macro": 0.9704228363704555, "pre_macro": 0.9706044750455884, "re_macro": 0.9704434844926656, "best_epoch": 6, "val_loss": 0.09138653905137967, "train_loss": 0.11108230679099367}
{"epoch": 8, "val_accuracy": 0.9716361464968153, "train_accuracy": 0.9879897388059702, "f1_macro": 0.9712180715365534, "pre_macro": 0.9713926673737114, "re_macro": 0.9712232156497528, "best_epoch": 6, "val_loss": 0.08952010604343451, "train_loss": 0.102375908236482}
{"epoch": 9, "val_accuracy": 0.9715366242038217, "train_accuracy": 0.9897554637526652, "f1_macro": 0.9710866140286496, "pre_macro": 0.9712268261847546, "re_macro": 0.9711523286780468, "best_epoch": 6, "val_loss": 0.08921303343310341, "train_loss": 0.09565474473035285}
{"epoch": 10, "val_accuracy": 0.9720342356687898, "train_accuracy": 0.9910714285714286, "f1_macro": 0.9715889781876557, "pre_macro": 0.9718176740464497, "re_macro": 0.9715492125705317, "best_epoch": 10, "val_loss": 0.09010662110146078, "train_loss": 0.09011991409016952}
{"epoch": 11, "val_accuracy": 0.9717356687898089, "train_accuracy": 0.992237473347548, "f1_macro": 0.9712844898321761, "pre_macro": 0.9715090110349249, "re_macro": 0.9712407948205859, "best_epoch": 10, "val_loss": 0.08921542464821099, "train_loss": 0.08561181227392606}
{"epoch": 12, "val_accuracy": 0.9718351910828026, "train_accuracy": 0.9932535980810234, "f1_macro": 0.971376272084145, "pre_macro": 0.9715759902534865, "re_macro": 0.9713512098876069, "best_epoch": 10, "val_loss": 0.08635947411564945, "train_loss": 0.08210332161470899}
{"epoch": 13, "val_accuracy": 0.9738256369426752, "train_accuracy": 0.994019856076759, "f1_macro": 0.9733824887730904, "pre_macro": 0.9735441374883365, "re_macro": 0.9733774348087252, "best_epoch": 13, "val_loss": 0.083996313900385, "train_loss": 0.07922457528314483}
{"epoch": 14, "val_accuracy": 0.974422770700637, "train_accuracy": 0.9945195895522388, "f1_macro": 0.9740074533637673, "pre_macro": 0.9741498108765109, "re_macro": 0.973999595288416, "best_epoch": 14, "val_loss": 0.0817105519983589, "train_loss": 0.07692016801361971}
{"epoch": 15, "val_accuracy": 0.9749203821656051, "train_accuracy": 0.9950692963752665, "f1_macro": 0.9745067477826023, "pre_macro": 0.9746209700671784, "re_macro": 0.9745054757936634, "best_epoch": 15, "val_loss": 0.07960175950574921, "train_loss": 0.07508830892553589}
{"training time": 229.4962441921234}
