{"epoch": 1, "val_accuracy": 0.46765525477707004, "train_accuracy": 0.23697916865348817, "f1_macro": 0.387426370118679, "pre_macro": 0.49277227144475316, "re_macro": 0.457958544813079, "best_epoch": 1, "val_loss": 1.857063467335549, "train_loss": 2.2411093711853027}
{"epoch": 2, "val_accuracy": 0.6409235668789809, "train_accuracy": 0.5859375, "f1_macro": 0.5799457560236367, "pre_macro": 0.5987653466092089, "re_macro": 0.6310217556664717, "best_epoch": 2, "val_loss": 1.3251338574537046, "train_loss": 1.55353901386261}
{"epoch": 3, "val_accuracy": 0.6990445859872612, "train_accuracy": 0.7302083373069763, "f1_macro": 0.6571090340042522, "pre_macro": 0.6434269559546957, "re_macro": 0.6929870185250845, "best_epoch": 3, "val_loss": 1.050955851746213, "train_loss": 1.1026540219783783}
{"epoch": 4, "val_accuracy": 0.7630374203821656, "train_accuracy": 0.8036458373069764, "f1_macro": 0.753869274725267, "pre_macro": 0.7719830221460872, "re_macro": 0.7587972254101049, "best_epoch": 4, "val_loss": 0.8792824002967519, "train_loss": 0.8338724732398987}
{"epoch": 5, "val_accuracy": 0.804140127388535, "train_accuracy": 0.8713541686534881, "f1_macro": 0.7995424044215796, "pre_macro": 0.8055352557604414, "re_macro": 0.7999572465670642, "best_epoch": 5, "val_loss": 0.7471887611659469, "train_loss": 0.6433171659708024}
{"epoch": 6, "val_accuracy": 0.8168789808917197, "train_accuracy": 0.9052083373069764, "f1_macro": 0.8130259861019946, "pre_macro": 0.8165027349607413, "re_macro": 0.8130782550344433, "best_epoch": 6, "val_loss": 0.6666218177148491, "train_loss": 0.5071448117494584}
{"epoch": 7, "val_accuracy": 0.8220541401273885, "train_accuracy": 0.9296875, "f1_macro": 0.8197556964695462, "pre_macro": 0.8235337175375591, "re_macro": 0.8192529319935732, "best_epoch": 7, "val_loss": 0.621535115750732, "train_loss": 0.4267184972763062}
{"epoch": 8, "val_accuracy": 0.8273288216560509, "train_accuracy": 0.9390625, "f1_macro": 0.8250529379653709, "pre_macro": 0.8289016664966103, "re_macro": 0.8245466647366543, "best_epoch": 8, "val_loss": 0.5919777519384007, "train_loss": 0.3770701766014099}
{"epoch": 9, "val_accuracy": 0.8303144904458599, "train_accuracy": 0.9421875, "f1_macro": 0.8280539504508848, "pre_macro": 0.8314018937101956, "re_macro": 0.8276785918605837, "best_epoch": 9, "val_loss": 0.573178123896289, "train_loss": 0.34381793439388275}
{"epoch": 10, "val_accuracy": 0.831906847133758, "train_accuracy": 0.95, "f1_macro": 0.8300570619688028, "pre_macro": 0.833421770670595, "re_macro": 0.8296448229737023, "best_epoch": 10, "val_loss": 0.5602221110254336, "train_loss": 0.32077899426221845}
{"epoch": 11, "val_accuracy": 0.8339968152866242, "train_accuracy": 0.9515625, "f1_macro": 0.8321568593642509, "pre_macro": 0.8353852360316514, "re_macro": 0.8317654674910215, "best_epoch": 11, "val_loss": 0.550850854937438, "train_loss": 0.304036982357502}
{"epoch": 12, "val_accuracy": 0.8344944267515924, "train_accuracy": 0.953125, "f1_macro": 0.8326799674384876, "pre_macro": 0.8359886723425365, "re_macro": 0.832321823931165, "best_epoch": 12, "val_loss": 0.5443320419093606, "train_loss": 0.29147155284881593}
{"epoch": 13, "val_accuracy": 0.8356886942675159, "train_accuracy": 0.9546875, "f1_macro": 0.8339347120507222, "pre_macro": 0.8371579384382837, "re_macro": 0.8335563512970234, "best_epoch": 13, "val_loss": 0.5393024503615251, "train_loss": 0.2819418579339981}
{"epoch": 14, "val_accuracy": 0.8365843949044586, "train_accuracy": 0.959375, "f1_macro": 0.8348847686390075, "pre_macro": 0.8380010102722182, "re_macro": 0.8344919489599342, "best_epoch": 14, "val_loss": 0.535425027084958, "train_loss": 0.27460215240716934}
{"epoch": 15, "val_accuracy": 0.8369824840764332, "train_accuracy": 0.959375, "f1_macro": 0.8352946412408343, "pre_macro": 0.8384464895080065, "re_macro": 0.8349066567723649, "best_epoch": 15, "val_loss": 0.5324931086343565, "train_loss": 0.2688592866063118}
{"training time": 19.596137285232544}
