{"epoch": 1, "val_accuracy": 0.8490246815286624, "train_accuracy": 0.6545877672256307, "f1_macro": 0.8484557576883367, "pre_macro": 0.8568664072720118, "re_macro": 0.8467585701901719, "best_epoch": 1, "val_loss": 0.5450845471802791, "train_loss": 1.2144573026515069}
{"epoch": 2, "val_accuracy": 0.8718152866242038, "train_accuracy": 0.8820763686870007, "f1_macro": 0.870534390740396, "pre_macro": 0.881718676531756, "re_macro": 0.869367600707853, "best_epoch": 2, "val_loss": 0.4126117996349456, "train_loss": 0.45865058518470603}
{"epoch": 3, "val_accuracy": 0.8885350318471338, "train_accuracy": 0.9193579034602388, "f1_macro": 0.8864507929419807, "pre_macro": 0.8929649139367196, "re_macro": 0.8855637446982814, "best_epoch": 3, "val_loss": 0.37162263781591587, "train_loss": 0.3394013630582931}
{"epoch": 4, "val_accuracy": 0.9008757961783439, "train_accuracy": 0.9353153502687495, "f1_macro": 0.8995873449038474, "pre_macro": 0.9018398436891173, "re_macro": 0.8995801575932605, "best_epoch": 4, "val_loss": 0.33082646926402287, "train_loss": 0.2847042587843347}
{"epoch": 5, "val_accuracy": 0.9052547770700637, "train_accuracy": 0.9529350311198133, "f1_macro": 0.9038639009772194, "pre_macro": 0.9057033071961899, "re_macro": 0.904067816930989, "best_epoch": 5, "val_loss": 0.31437478031203814, "train_loss": 0.2429207129047272}
{"epoch": 6, "val_accuracy": 0.9057523885350318, "train_accuracy": 0.9619585871696472, "f1_macro": 0.9043119487316134, "pre_macro": 0.9064953516232167, "re_macro": 0.9045994109738551, "best_epoch": 6, "val_loss": 0.3121893992588209, "train_loss": 0.21228941323909353}
{"epoch": 7, "val_accuracy": 0.9082404458598726, "train_accuracy": 0.9667078281970735, "f1_macro": 0.9073187078844478, "pre_macro": 0.9098185913790621, "re_macro": 0.9074277233808345, "best_epoch": 7, "val_loss": 0.30726628758274255, "train_loss": 0.19240809247848836}
{"epoch": 8, "val_accuracy": 0.9092356687898089, "train_accuracy": 0.9726918707502649, "f1_macro": 0.90809867783627, "pre_macro": 0.9100984495288292, "re_macro": 0.9082256743836842, "best_epoch": 8, "val_loss": 0.3019490156405766, "train_loss": 0.17393265838952773}
{"epoch": 9, "val_accuracy": 0.9149084394904459, "train_accuracy": 0.9793408069204776, "f1_macro": 0.9135098269357498, "pre_macro": 0.9146831277241103, "re_macro": 0.9135186492139701, "best_epoch": 9, "val_loss": 0.286470237294817, "train_loss": 0.15893935301202408}
{"epoch": 10, "val_accuracy": 0.9151074840764332, "train_accuracy": 0.9817154255319149, "f1_macro": 0.9140183491857439, "pre_macro": 0.9152239766153866, "re_macro": 0.9140781350798681, "best_epoch": 10, "val_loss": 0.2854624659024701, "train_loss": 0.14783044476458368}
{"epoch": 11, "val_accuracy": 0.9163017515923567, "train_accuracy": 0.9833776595744681, "f1_macro": 0.9151737070566485, "pre_macro": 0.9166609762160173, "re_macro": 0.9152104469070368, "best_epoch": 11, "val_loss": 0.28538767103058327, "train_loss": 0.14067317703936963}
{"epoch": 12, "val_accuracy": 0.9159036624203821, "train_accuracy": 0.9867021276595744, "f1_macro": 0.9147177229380092, "pre_macro": 0.9162840715715583, "re_macro": 0.914749979809921, "best_epoch": 11, "val_loss": 0.2830766147465273, "train_loss": 0.13636920886470916}
{"epoch": 13, "val_accuracy": 0.916202229299363, "train_accuracy": 0.988031914893617, "f1_macro": 0.9149255848552856, "pre_macro": 0.9164722919701763, "re_macro": 0.9150190903659363, "best_epoch": 11, "val_loss": 0.2810904403175613, "train_loss": 0.13319163959711156}
{"epoch": 14, "val_accuracy": 0.9167993630573248, "train_accuracy": 0.9876994680851063, "f1_macro": 0.9154152351292846, "pre_macro": 0.9167328714503444, "re_macro": 0.9155717104314688, "best_epoch": 14, "val_loss": 0.27851084500527495, "train_loss": 0.13013133707832783}
{"epoch": 15, "val_accuracy": 0.9169984076433121, "train_accuracy": 0.9883643617021277, "f1_macro": 0.915553724627617, "pre_macro": 0.9168179213896824, "re_macro": 0.9157076474858602, "best_epoch": 15, "val_loss": 0.276131426494355, "train_loss": 0.1268395149010293}
{"training time": 28.656677722930908}
