{"epoch": 1, "val_accuracy": 0.39142117834394907, "train_accuracy": 0.18229166865348817, "f1_macro": 0.33285062050687186, "pre_macro": 0.4791484753794529, "re_macro": 0.3787671819737123, "best_epoch": 1, "val_loss": 2.0658483391354796, "train_loss": 2.359310007095337}
{"epoch": 2, "val_accuracy": 0.5857882165605095, "train_accuracy": 0.6484375, "f1_macro": 0.5539403200227794, "pre_macro": 0.6013125734943265, "re_macro": 0.577179731548151, "best_epoch": 2, "val_loss": 1.8881292737972963, "train_loss": 1.9513126373291017}
{"epoch": 3, "val_accuracy": 0.6075835987261147, "train_accuracy": 0.759375, "f1_macro": 0.5862717984116912, "pre_macro": 0.6455679371274815, "re_macro": 0.5976370453266706, "best_epoch": 3, "val_loss": 1.8100750620957393, "train_loss": 1.7452105283737183}
{"epoch": 4, "val_accuracy": 0.6170382165605095, "train_accuracy": 0.7916666686534881, "f1_macro": 0.586973339131866, "pre_macro": 0.6966342996070751, "re_macro": 0.6080660830731729, "best_epoch": 4, "val_loss": 1.7000002777500518, "train_loss": 1.6174688935279846}
{"epoch": 5, "val_accuracy": 0.6430135350318471, "train_accuracy": 0.8463541686534881, "f1_macro": 0.6119061505684075, "pre_macro": 0.7144265281785392, "re_macro": 0.6335935002465816, "best_epoch": 5, "val_loss": 1.607733978587351, "train_loss": 1.4780719876289368}
{"epoch": 6, "val_accuracy": 0.6771496815286624, "train_accuracy": 0.8927083373069763, "f1_macro": 0.6471530751476843, "pre_macro": 0.7204970609859249, "re_macro": 0.6674720971861458, "best_epoch": 6, "val_loss": 1.5301956758377657, "train_loss": 1.3091838240623475}
{"epoch": 7, "val_accuracy": 0.6975517515923567, "train_accuracy": 0.9114583373069763, "f1_macro": 0.6750208958681945, "pre_macro": 0.7316845864423952, "re_macro": 0.688979364419636, "best_epoch": 7, "val_loss": 1.4657929786451303, "train_loss": 1.1807915806770324}
{"epoch": 8, "val_accuracy": 0.7146695859872612, "train_accuracy": 0.9453125, "f1_macro": 0.6901049865134741, "pre_macro": 0.7419198888790106, "re_macro": 0.7054741864682551, "best_epoch": 8, "val_loss": 1.4179687537964742, "train_loss": 1.077266699075699}
{"epoch": 9, "val_accuracy": 0.7125796178343949, "train_accuracy": 0.9546875, "f1_macro": 0.6895786728747777, "pre_macro": 0.7415635786407752, "re_macro": 0.7037051660926406, "best_epoch": 8, "val_loss": 1.393716189512022, "train_loss": 1.0031563878059386}
{"epoch": 10, "val_accuracy": 0.7236265923566879, "train_accuracy": 0.9578125, "f1_macro": 0.7029236358450848, "pre_macro": 0.7452946980720095, "re_macro": 0.7150338650448549, "best_epoch": 10, "val_loss": 1.3696619238063787, "train_loss": 0.9483472347259522}
{"epoch": 11, "val_accuracy": 0.7256170382165605, "train_accuracy": 0.9640625, "f1_macro": 0.7060956509639643, "pre_macro": 0.7491459142117447, "re_macro": 0.7171860673479961, "best_epoch": 11, "val_loss": 1.3568588555998105, "train_loss": 0.9113447546958924}
{"epoch": 12, "val_accuracy": 0.7289012738853503, "train_accuracy": 0.9671875, "f1_macro": 0.7101214745308033, "pre_macro": 0.7498274245177372, "re_macro": 0.7205690104832446, "best_epoch": 12, "val_loss": 1.3451474931589358, "train_loss": 0.8824394762516021}
{"epoch": 13, "val_accuracy": 0.7318869426751592, "train_accuracy": 0.96875, "f1_macro": 0.7138857784133142, "pre_macro": 0.7517626119770122, "re_macro": 0.7236912281209207, "best_epoch": 13, "val_loss": 1.336200128695008, "train_loss": 0.8613000631332397}
{"epoch": 14, "val_accuracy": 0.7322850318471338, "train_accuracy": 0.9703125, "f1_macro": 0.7144419986594095, "pre_macro": 0.7515590758154223, "re_macro": 0.7241284964977793, "best_epoch": 14, "val_loss": 1.3295883338922148, "train_loss": 0.8445523083209991}
{"epoch": 15, "val_accuracy": 0.7334792993630573, "train_accuracy": 0.971875, "f1_macro": 0.7159457730800483, "pre_macro": 0.7521678993382397, "re_macro": 0.7253773986641281, "best_epoch": 15, "val_loss": 1.3242236774438505, "train_loss": 0.8317012012004852}
{"training time": 16.133552312850952}
