{"epoch": 1, "val_accuracy": 0.9138136942675159, "train_accuracy": 0.8603293678977273, "f1_macro": 0.9128547136682323, "pre_macro": 0.9139521903230998, "re_macro": 0.9134765284497515, "best_epoch": 1, "val_loss": 0.31883347608671064, "train_loss": 0.7290415697815743}
{"epoch": 2, "val_accuracy": 0.9203821656050956, "train_accuracy": 0.93212890625, "f1_macro": 0.9196600061772126, "pre_macro": 0.9213901098590768, "re_macro": 0.9202170447842022, "best_epoch": 2, "val_loss": 0.2859896003820334, "train_loss": 0.39585649474015966}
{"epoch": 3, "val_accuracy": 0.9240644904458599, "train_accuracy": 0.9561212713068182, "f1_macro": 0.9225302239728933, "pre_macro": 0.9244144626058107, "re_macro": 0.9230131517960649, "best_epoch": 3, "val_loss": 0.26185541044754584, "train_loss": 0.3202057154002515}
{"epoch": 4, "val_accuracy": 0.9336186305732485, "train_accuracy": 0.9726118607954546, "f1_macro": 0.9323775308083647, "pre_macro": 0.933111104619511, "re_macro": 0.9325823277800721, "best_epoch": 4, "val_loss": 0.2257306107622423, "train_loss": 0.26562055479735136}
{"epoch": 5, "val_accuracy": 0.933718152866242, "train_accuracy": 0.9838645241477273, "f1_macro": 0.9329785378755726, "pre_macro": 0.9343254410438269, "re_macro": 0.9329815819439201, "best_epoch": 5, "val_loss": 0.2158945938394328, "train_loss": 0.22442401774142953}
{"epoch": 6, "val_accuracy": 0.9416799363057324, "train_accuracy": 0.9919877485795454, "f1_macro": 0.9407623916163187, "pre_macro": 0.9415143469429313, "re_macro": 0.9407604140993715, "best_epoch": 6, "val_loss": 0.19295488318701268, "train_loss": 0.1912574754308232}
{"epoch": 7, "val_accuracy": 0.9476512738853503, "train_accuracy": 0.9965598366477273, "f1_macro": 0.9466707813421813, "pre_macro": 0.9470316152789382, "re_macro": 0.9465789622623799, "best_epoch": 7, "val_loss": 0.17609424324065542, "train_loss": 0.16814348120665687}
{"epoch": 8, "val_accuracy": 0.9487460191082803, "train_accuracy": 0.998046875, "f1_macro": 0.9477612727407998, "pre_macro": 0.9480729826046648, "re_macro": 0.9476861238450145, "best_epoch": 8, "val_loss": 0.1698660171964461, "train_loss": 0.15255996269512584}
{"epoch": 9, "val_accuracy": 0.9492436305732485, "train_accuracy": 0.9989346590909091, "f1_macro": 0.9483131195162888, "pre_macro": 0.948761158469533, "re_macro": 0.9481385954465035, "best_epoch": 9, "val_loss": 0.16637718237367025, "train_loss": 0.140828670499931}
{"epoch": 10, "val_accuracy": 0.9509355095541401, "train_accuracy": 0.9993119673295454, "f1_macro": 0.95009328042416, "pre_macro": 0.9506031675814727, "re_macro": 0.9498403162258053, "best_epoch": 10, "val_loss": 0.16258677267499125, "train_loss": 0.1315786683593284}
{"epoch": 11, "val_accuracy": 0.95203025477707, "train_accuracy": 0.9995783025568182, "f1_macro": 0.9512008943117252, "pre_macro": 0.9517426765765554, "re_macro": 0.9509247185463353, "best_epoch": 11, "val_loss": 0.15946258476395517, "train_loss": 0.12443801410369236}
{"epoch": 12, "val_accuracy": 0.9529259554140127, "train_accuracy": 0.999755859375, "f1_macro": 0.952139363931841, "pre_macro": 0.9527087470532549, "re_macro": 0.9518413015039104, "best_epoch": 12, "val_loss": 0.1570720816932761, "train_loss": 0.1188691420988603}
{"epoch": 13, "val_accuracy": 0.9533240445859873, "train_accuracy": 0.9998446377840909, "f1_macro": 0.9525587548688825, "pre_macro": 0.9531596273710694, "re_macro": 0.9522435560232164, "best_epoch": 13, "val_loss": 0.15516502857445533, "train_loss": 0.11445443631700156}
{"epoch": 14, "val_accuracy": 0.9536226114649682, "train_accuracy": 0.9998446377840909, "f1_macro": 0.9528738747082158, "pre_macro": 0.9534283271562686, "re_macro": 0.9525866279016363, "best_epoch": 14, "val_loss": 0.15381572702247057, "train_loss": 0.11093893328639255}
{"epoch": 15, "val_accuracy": 0.9540207006369427, "train_accuracy": 0.9998668323863636, "f1_macro": 0.953331835859721, "pre_macro": 0.9538285317564432, "re_macro": 0.953071304689321, "best_epoch": 15, "val_loss": 0.15276581030872882, "train_loss": 0.10813032572200014}
{"training time": 105.36529564857483}
