{"epoch": 1, "val_accuracy": 0.89171974522293, "train_accuracy": 0.7914450356300841, "f1_macro": 0.8897545753497036, "pre_macro": 0.8919545700721961, "re_macro": 0.8898366565072751, "best_epoch": 1, "val_loss": 0.5239275334177503, "train_loss": 1.1224899066255447}
{"epoch": 2, "val_accuracy": 0.9030652866242038, "train_accuracy": 0.9153368795171697, "f1_macro": 0.9014901569436583, "pre_macro": 0.9029569696969615, "re_macro": 0.9015383242044688, "best_epoch": 2, "val_loss": 0.425999903470088, "train_loss": 0.47765765494488654}
{"epoch": 3, "val_accuracy": 0.9088375796178344, "train_accuracy": 0.9453679079705096, "f1_macro": 0.9069407126565675, "pre_macro": 0.9083090309162214, "re_macro": 0.9067874747236919, "best_epoch": 3, "val_loss": 0.36579710017343997, "train_loss": 0.363805080411282}
{"epoch": 4, "val_accuracy": 0.910828025477707, "train_accuracy": 0.964095744680851, "f1_macro": 0.9095677058160389, "pre_macro": 0.9110022249460961, "re_macro": 0.9099474095684503, "best_epoch": 4, "val_loss": 0.32786055656660135, "train_loss": 0.2923146218695539}
{"epoch": 5, "val_accuracy": 0.9141122611464968, "train_accuracy": 0.9795877659574468, "f1_macro": 0.9125330641430226, "pre_macro": 0.9142559890588954, "re_macro": 0.9126980261890475, "best_epoch": 5, "val_loss": 0.30403205031042646, "train_loss": 0.24491198620897658}
{"epoch": 6, "val_accuracy": 0.9109275477707006, "train_accuracy": 0.9882313829787234, "f1_macro": 0.9090705050425288, "pre_macro": 0.9104325204609708, "re_macro": 0.909680312061834, "best_epoch": 5, "val_loss": 0.3025282799224755, "train_loss": 0.21484770311954174}
{"epoch": 7, "val_accuracy": 0.918093152866242, "train_accuracy": 0.9927526595744681, "f1_macro": 0.9162412282786383, "pre_macro": 0.91697578588587, "re_macro": 0.9167773976169789, "best_epoch": 7, "val_loss": 0.27146853591985765, "train_loss": 0.1939114329662729}
{"epoch": 8, "val_accuracy": 0.9212778662420382, "train_accuracy": 0.9964095744680851, "f1_macro": 0.9195022849358813, "pre_macro": 0.9207744720750801, "re_macro": 0.9193844703698237, "best_epoch": 8, "val_loss": 0.261123928033812, "train_loss": 0.17660409078953113}
{"epoch": 9, "val_accuracy": 0.92078025477707, "train_accuracy": 0.9978058510638298, "f1_macro": 0.9188926861133953, "pre_macro": 0.9205823139071615, "re_macro": 0.9185668781068737, "best_epoch": 8, "val_loss": 0.2614768373477421, "train_loss": 0.163945084176165}
{"epoch": 10, "val_accuracy": 0.921875, "train_accuracy": 0.9986037234042553, "f1_macro": 0.920141164055666, "pre_macro": 0.9215248849762322, "re_macro": 0.9199311038708954, "best_epoch": 10, "val_loss": 0.2543223730294378, "train_loss": 0.1551372025241243}
{"epoch": 11, "val_accuracy": 0.9244625796178344, "train_accuracy": 0.9990691489361702, "f1_macro": 0.9228421845586222, "pre_macro": 0.9236497080568554, "re_macro": 0.9227602998208958, "best_epoch": 11, "val_loss": 0.24842753585214447, "train_loss": 0.14800561336760826}
{"epoch": 12, "val_accuracy": 0.9255573248407644, "train_accuracy": 0.9996010638297872, "f1_macro": 0.9240109194360464, "pre_macro": 0.9245498496663295, "re_macro": 0.9239785807662546, "best_epoch": 12, "val_loss": 0.244544749824437, "train_loss": 0.14266913193971553}
{"epoch": 13, "val_accuracy": 0.9273487261146497, "train_accuracy": 0.9997340425531915, "f1_macro": 0.9258541683029632, "pre_macro": 0.9262229913020658, "re_macro": 0.9258303095005562, "best_epoch": 13, "val_loss": 0.2421751775938994, "train_loss": 0.13874937492482206}
{"epoch": 14, "val_accuracy": 0.9285429936305732, "train_accuracy": 0.9997340425531915, "f1_macro": 0.9271080500437463, "pre_macro": 0.9273645560696349, "re_macro": 0.9271020275652244, "best_epoch": 14, "val_loss": 0.24048212664735735, "train_loss": 0.13577868199728904}
{"epoch": 15, "val_accuracy": 0.9290406050955414, "train_accuracy": 0.9997340425531915, "f1_macro": 0.9276209405347249, "pre_macro": 0.9278574554333223, "re_macro": 0.9276214173315962, "best_epoch": 15, "val_loss": 0.23922441316661752, "train_loss": 0.13343941857840153}
{"training time": 43.930034160614014}
