{"epoch": 1, "val_accuracy": 0.8871417197452229, "train_accuracy": 0.7720301420130629, "f1_macro": 0.8852991131230927, "pre_macro": 0.8879293882133164, "re_macro": 0.8857095549552078, "best_epoch": 1, "val_loss": 0.5336826376284763, "train_loss": 6.983155165327356}
{"epoch": 2, "val_accuracy": 0.9054538216560509, "train_accuracy": 0.9117464539852548, "f1_macro": 0.903193478441977, "pre_macro": 0.9082526703204138, "re_macro": 0.9029108333737712, "best_epoch": 2, "val_loss": 0.37882718130661425, "train_loss": 5.356711840122304}
{"epoch": 3, "val_accuracy": 0.9077428343949044, "train_accuracy": 0.9392952127659574, "f1_macro": 0.905703077951687, "pre_macro": 0.910770338021678, "re_macro": 0.9049631060997527, "best_epoch": 3, "val_loss": 0.3396951585153865, "train_loss": 4.683187399519251}
{"epoch": 4, "val_accuracy": 0.916202229299363, "train_accuracy": 0.9581781914893617, "f1_macro": 0.9145112089039824, "pre_macro": 0.9175283976341773, "re_macro": 0.914389150411354, "best_epoch": 4, "val_loss": 0.3165058107085668, "train_loss": 4.255119914196907}
{"epoch": 5, "val_accuracy": 0.9164012738853503, "train_accuracy": 0.968218085106383, "f1_macro": 0.9149875700861723, "pre_macro": 0.9174804916426611, "re_macro": 0.9148980492802371, "best_epoch": 5, "val_loss": 0.292813701472085, "train_loss": 3.959377578978843}
{"epoch": 6, "val_accuracy": 0.9281449044585988, "train_accuracy": 0.9751329787234042, "f1_macro": 0.9266602911507574, "pre_macro": 0.9275839528558445, "re_macro": 0.9265920673795034, "best_epoch": 6, "val_loss": 0.24936729027729504, "train_loss": 3.739097854938913}
{"epoch": 7, "val_accuracy": 0.9226711783439491, "train_accuracy": 0.98100620584285, "f1_macro": 0.9208533078629977, "pre_macro": 0.9231293231974892, "re_macro": 0.9212410553422439, "best_epoch": 6, "val_loss": 0.2611285780621752, "train_loss": 3.570462787912247}
{"epoch": 8, "val_accuracy": 0.9223726114649682, "train_accuracy": 0.9857047872340425, "f1_macro": 0.9206915248653826, "pre_macro": 0.9226437710777212, "re_macro": 0.9212679996645422, "best_epoch": 6, "val_loss": 0.25693343369776656, "train_loss": 3.438979901658728}
{"epoch": 9, "val_accuracy": 0.9261544585987261, "train_accuracy": 0.9892287234042553, "f1_macro": 0.9245418264979101, "pre_macro": 0.925859865239205, "re_macro": 0.9250621161824402, "best_epoch": 6, "val_loss": 0.23940850761096188, "train_loss": 3.3359958212426366}
{"epoch": 10, "val_accuracy": 0.9305334394904459, "train_accuracy": 0.9910904255319148, "f1_macro": 0.9289951949974602, "pre_macro": 0.9298792244576592, "re_macro": 0.9294634267482491, "best_epoch": 10, "val_loss": 0.2255830957382253, "train_loss": 3.2524292276260702}
{"epoch": 11, "val_accuracy": 0.9370023885350318, "train_accuracy": 0.9926196808510638, "f1_macro": 0.9355810155932405, "pre_macro": 0.9360217399618372, "re_macro": 0.9356914303390423, "best_epoch": 11, "val_loss": 0.20712824721648626, "train_loss": 3.1857863761009053}
{"epoch": 12, "val_accuracy": 0.9377985668789809, "train_accuracy": 0.9944148936170213, "f1_macro": 0.9361860614360029, "pre_macro": 0.9370098910290228, "re_macro": 0.9360618849206487, "best_epoch": 12, "val_loss": 0.20312277972105014, "train_loss": 3.1312446198564894}
{"epoch": 13, "val_accuracy": 0.9384952229299363, "train_accuracy": 0.995811170212766, "f1_macro": 0.936911335339213, "pre_macro": 0.937802799183751, "re_macro": 0.9367504471239443, "best_epoch": 13, "val_loss": 0.20139816736173669, "train_loss": 3.0873038981823213}
{"epoch": 14, "val_accuracy": 0.9391918789808917, "train_accuracy": 0.996875, "f1_macro": 0.9377912563343205, "pre_macro": 0.9384811021245107, "re_macro": 0.9376442987755838, "best_epoch": 14, "val_loss": 0.19813909395864815, "train_loss": 3.052256883458888}
{"epoch": 15, "val_accuracy": 0.9396894904458599, "train_accuracy": 0.9972074468085106, "f1_macro": 0.9383239695693352, "pre_macro": 0.9388005593853206, "re_macro": 0.9382390829249596, "best_epoch": 15, "val_loss": 0.19504517057590234, "train_loss": 3.023837039825764}
{"training time": 46.77021241188049}
{"epoch": 1, "val_accuracy": 0.8948049363057324, "train_accuracy": 0.781781914893617, "f1_macro": 0.8928097034768557, "pre_macro": 0.8958083927947362, "re_macro": 0.8922725968025036, "best_epoch": 1, "val_loss": 0.5041055293979159, "train_loss": 6.970806355172015}
{"epoch": 2, "val_accuracy": 0.8949044585987261, "train_accuracy": 0.9139627659574469, "f1_macro": 0.8923261131459622, "pre_macro": 0.8985112023005225, "re_macro": 0.8918991720391803, "best_epoch": 2, "val_loss": 0.41598163170229857, "train_loss": 5.350665563218137}
{"epoch": 3, "val_accuracy": 0.9029657643312102, "train_accuracy": 0.939627659574468, "f1_macro": 0.9002970226561258, "pre_macro": 0.9057575354127956, "re_macro": 0.8995013128454599, "best_epoch": 3, "val_loss": 0.37772570056900096, "train_loss": 4.693935300948772}
{"epoch": 4, "val_accuracy": 0.9193869426751592, "train_accuracy": 0.9553856382978724, "f1_macro": 0.9176748493791257, "pre_macro": 0.9191226591098223, "re_macro": 0.9176543640741717, "best_epoch": 4, "val_loss": 0.3151319035014529, "train_loss": 4.2697411800952665}
{"epoch": 5, "val_accuracy": 0.9126194267515924, "train_accuracy": 0.9652925531914893, "f1_macro": 0.9106931446600941, "pre_macro": 0.9137856852821956, "re_macro": 0.9110474275990944, "best_epoch": 4, "val_loss": 0.3127854639177869, "train_loss": 3.970476638509872}
{"epoch": 6, "val_accuracy": 0.9156050955414012, "train_accuracy": 0.9752659574468086, "f1_macro": 0.9136508159178767, "pre_macro": 0.9157486198730986, "re_macro": 0.9145631932985558, "best_epoch": 4, "val_loss": 0.2908344835303961, "train_loss": 3.7426023594876554}
{"epoch": 7, "val_accuracy": 0.9126194267515924, "train_accuracy": 0.9824468085106383, "f1_macro": 0.910477653536596, "pre_macro": 0.9132392923586783, "re_macro": 0.9117639900705441, "best_epoch": 4, "val_loss": 0.29060534238340746, "train_loss": 3.572623802753205}
{"epoch": 8, "val_accuracy": 0.9235668789808917, "train_accuracy": 0.9876329787234043, "f1_macro": 0.9218858388899831, "pre_macro": 0.9228843560613255, "re_macro": 0.9225685377679154, "best_epoch": 8, "val_loss": 0.25738783368164564, "train_loss": 3.4419816747624825}
{"epoch": 9, "val_accuracy": 0.9312300955414012, "train_accuracy": 0.9893617021276596, "f1_macro": 0.9297870283345635, "pre_macro": 0.9300902724856265, "re_macro": 0.9300849547523257, "best_epoch": 9, "val_loss": 0.2328963265487343, "train_loss": 3.338007534311173}
{"epoch": 10, "val_accuracy": 0.9342157643312102, "train_accuracy": 0.9920212765957447, "f1_macro": 0.9328256429251093, "pre_macro": 0.9330250800918961, "re_macro": 0.9331153030102539, "best_epoch": 10, "val_loss": 0.22016542796401462, "train_loss": 3.2538862644357884}
{"epoch": 11, "val_accuracy": 0.9387937898089171, "train_accuracy": 0.9946808510638298, "f1_macro": 0.9374258727275796, "pre_macro": 0.9375602229131387, "re_macro": 0.9374615093564106, "best_epoch": 11, "val_loss": 0.2052723379200621, "train_loss": 3.187456800582561}
{"epoch": 12, "val_accuracy": 0.9391918789808917, "train_accuracy": 0.995877659574468, "f1_macro": 0.9377778552620253, "pre_macro": 0.9383349528330189, "re_macro": 0.9375791897640628, "best_epoch": 12, "val_loss": 0.20263241268219842, "train_loss": 3.133842700593015}
{"epoch": 13, "val_accuracy": 0.9394904458598726, "train_accuracy": 0.9968085106382979, "f1_macro": 0.9380191931895976, "pre_macro": 0.9387509538430784, "re_macro": 0.9377894548885386, "best_epoch": 13, "val_loss": 0.20222706321603173, "train_loss": 3.0905243427195446}
{"epoch": 14, "val_accuracy": 0.9396894904458599, "train_accuracy": 0.9973404255319149, "f1_macro": 0.9382152790455436, "pre_macro": 0.9388428675994973, "re_macro": 0.93803494097247, "best_epoch": 14, "val_loss": 0.20038543560892152, "train_loss": 3.0555656067868497}
{"epoch": 15, "val_accuracy": 0.9395899681528662, "train_accuracy": 0.9977393617021276, "f1_macro": 0.9381328144248631, "pre_macro": 0.9386430325025039, "re_macro": 0.937987385438538, "best_epoch": 14,