{"epoch": 1, "val_accuracy": 0.9013734076433121, "train_accuracy": 0.8673707356076759, "f1_macro": 0.8994975944538524, "pre_macro": 0.9058728676724556, "re_macro": 0.8987667256465898, "best_epoch": 1, "val_loss": 0.3778833446988634, "train_loss": 5.26369420577214}
{"epoch": 2, "val_accuracy": 0.9058519108280255, "train_accuracy": 0.9208089019189766, "f1_macro": 0.9042022612110502, "pre_macro": 0.9088867964991865, "re_macro": 0.9039786507120919, "best_epoch": 2, "val_loss": 0.3397746435396231, "train_loss": 3.3180022892921466}
{"epoch": 3, "val_accuracy": 0.9171974522292994, "train_accuracy": 0.9276552505330491, "f1_macro": 0.9160211439050517, "pre_macro": 0.9194033001222293, "re_macro": 0.9156516716921331, "best_epoch": 3, "val_loss": 0.2949960615224899, "train_loss": 2.5916076158918044}
{"epoch": 4, "val_accuracy": 0.923765923566879, "train_accuracy": 0.9349846748400853, "f1_macro": 0.92248959953334, "pre_macro": 0.9242717149914483, "re_macro": 0.9223149145561651, "best_epoch": 4, "val_loss": 0.2681120128673353, "train_loss": 2.176841944392556}
{"epoch": 5, "val_accuracy": 0.9235668789808917, "train_accuracy": 0.9397488006396588, "f1_macro": 0.9219287695981351, "pre_macro": 0.9248359708588583, "re_macro": 0.9226256597875665, "best_epoch": 4, "val_loss": 0.2640706539913348, "train_loss": 1.903630841515466}
{"epoch": 6, "val_accuracy": 0.9335191082802548, "train_accuracy": 0.9461787046908315, "f1_macro": 0.9327482042209232, "pre_macro": 0.9336677714125665, "re_macro": 0.9330080802799172, "best_epoch": 6, "val_loss": 0.23645583073946702, "train_loss": 1.7073211015414582}
{"epoch": 7, "val_accuracy": 0.9333200636942676, "train_accuracy": 0.9518923240938166, "f1_macro": 0.9322789319676847, "pre_macro": 0.9332592507369759, "re_macro": 0.9325099737099061, "best_epoch": 6, "val_loss": 0.22727516619785196, "train_loss": 1.5596317629824314}
{"epoch": 8, "val_accuracy": 0.9359076433121019, "train_accuracy": 0.95707289445629, "f1_macro": 0.9348282630431708, "pre_macro": 0.9360223973295655, "re_macro": 0.9350990162244145, "best_epoch": 8, "val_loss": 0.22269876695172802, "train_loss": 1.4507746668512633}
{"epoch": 9, "val_accuracy": 0.9407842356687898, "train_accuracy": 0.960920842217484, "f1_macro": 0.940034436188115, "pre_macro": 0.9409816511360845, "re_macro": 0.9401594190255376, "best_epoch": 9, "val_loss": 0.206099246284527, "train_loss": 1.3674836459952886}
{"epoch": 10, "val_accuracy": 0.9411823248407644, "train_accuracy": 0.9637526652452025, "f1_macro": 0.9403314824578667, "pre_macro": 0.9417023549203198, "re_macro": 0.94054800861005, "best_epoch": 10, "val_loss": 0.20606231395226376, "train_loss": 1.3028642277219402}
{"epoch": 11, "val_accuracy": 0.9450636942675159, "train_accuracy": 0.9655350479744137, "f1_macro": 0.9440320808863714, "pre_macro": 0.9450301462401208, "re_macro": 0.9442647094322684, "best_epoch": 11, "val_loss": 0.18846256053964994, "train_loss": 1.2527667559794526}
{"epoch": 12, "val_accuracy": 0.9525278662420382, "train_accuracy": 0.9682169509594882, "f1_macro": 0.9518037880753484, "pre_macro": 0.9521340464128827, "re_macro": 0.9518997434784232, "best_epoch": 12, "val_loss": 0.16571287434121038, "train_loss": 1.2118699315514392}
{"epoch": 13, "val_accuracy": 0.955015923566879, "train_accuracy": 0.9709654850746269, "f1_macro": 0.9543522413646117, "pre_macro": 0.9546951121801184, "re_macro": 0.954299447156405, "best_epoch": 13, "val_loss": 0.15801554373732418, "train_loss": 1.1787700064655051}
{"epoch": 14, "val_accuracy": 0.9561106687898089, "train_accuracy": 0.972631263326226, "f1_macro": 0.9554934866349534, "pre_macro": 0.9557605568830319, "re_macro": 0.9554821316840207, "best_epoch": 14, "val_loss": 0.15255708171493687, "train_loss": 1.1524987094946253}
{"epoch": 15, "val_accuracy": 0.9582006369426752, "train_accuracy": 0.9740305170575693, "f1_macro": 0.9576024887033983, "pre_macro": 0.9577734220260021, "re_macro": 0.9576197620779698, "best_epoch": 15, "val_loss": 0.14873079944900267, "train_loss": 1.131461726577043}
{"training time": 143.3767111301422}
{"epoch": 1, "val_accuracy": 0.8877388535031847, "train_accuracy": 0.8721015458422174, "f1_macro": 0.8865038163247541, "pre_macro": 0.893746081778214, "re_macro": 0.8856035911252335, "best_epoch": 1, "val_loss": 0.4145467103381825, "train_loss": 5.254444902639653}
{"epoch": 2, "val_accuracy": 0.9027667197452229, "train_accuracy": 0.9204590884861408, "f1_macro": 0.9018902602964832, "pre_macro": 0.913576752171935, "re_macro": 0.9000341084970707, "best_epoch": 2, "val_loss": 0.3233088475835931, "train_loss": 3.2953702323218144}
{"epoch": 3, "val_accuracy": 0.8898288216560509, "train_accuracy": 0.927555303837953, "f1_macro": 0.8891498193039439, "pre_macro": 0.8993559197819592, "re_macro": 0.8883740082533131, "best_epoch": 2, "val_loss": 0.3901134010428076, "train_loss": 2.5768687338717204}
{"epoch": 4, "val_accuracy": 0.9281449044585988, "train_accuracy": 0.9365005330490405, "f1_macro": 0.9265892883793073, "pre_macro": 0.9301650575698849, "re_macro": 0.9261836475402457, "best_epoch": 4, "val_loss": 0.25446225153460245, "train_loss": 2.1579759553043063}
{"epoch": 5, "val_accuracy": 0.9336186305732485, "train_accuracy": 0.9416311300639659, "f1_macro": 0.9322355386830152, "pre_macro": 0.9333877338552627, "re_macro": 0.9329915775109043, "best_epoch": 5, "val_loss": 0.22886431261090337, "train_loss": 1.8880220373302126}
{"epoch": 6, "val_accuracy": 0.9374004777070064, "train_accuracy": 0.9469616204690832, "f1_macro": 0.9366175958032926, "pre_macro": 0.9375279414813452, "re_macro": 0.9366768121625342, "best_epoch": 6, "val_loss": 0.21723013499360175, "train_loss": 1.6960140037129936}
{"epoch": 7, "val_accuracy": 0.9438694267515924, "train_accuracy": 0.9520755597014925, "f1_macro": 0.9429044547868137, "pre_macro": 0.9436133016641236, "re_macro": 0.9430033869043616, "best_epoch": 7, "val_loss": 0.1931079174718185, "train_loss": 1.5528777706851837}
{"epoch": 8, "val_accuracy": 0.947452229299363, "train_accuracy": 0.9562899786780383, "f1_macro": 0.9464401361825878, "pre_macro": 0.9468102875955221, "re_macro": 0.9464858620495173, "best_epoch": 8, "val_loss": 0.18465990022679044, "train_loss": 1.4455491749208365}
{"epoch": 9, "val_accuracy": 0.9496417197452229, "train_accuracy": 0.9605876865671642, "f1_macro": 0.9485964569833282, "pre_macro": 0.9488425592745973, "re_macro": 0.9487237232150708, "best_epoch": 9, "val_loss": 0.1774999993159228, "train_loss": 1.3620384527421963}
{"epoch": 10, "val_accuracy": 0.9513335987261147, "train_accuracy": 0.962769856076759, "f1_macro": 0.9504131845895076, "pre_macro": 0.9506649918637342, "re_macro": 0.9505775433718601, "best_epoch": 10, "val_loss": 0.1688334132621812, "train_loss": 1.298232017295447}
{"epoch": 11, "val_accuracy": 0.9500398089171974, "train_accuracy": 0.964735474413646, "f1_macro": 0.949152004444616, "pre_macro": 0.9497620911021836, "re_macro": 0.94930070391372, "best_epoch": 10, "val_loss": 0.16961055574642056, "train_loss": 1.247454023056193}
{"epoch": 12, "val_accuracy": 0.9536226114649682, "train_accuracy": 0.9675672974413646, "f1_macro": 0.9527739751344073, "pre_macro": 0.9530950349679834, "re_macro": 0.9528300481071799, "best_epoch": 12, "val_loss": 0.15905777895289241, "train_loss": 1.2067126010272549}
{"epoch": 13, "val_accuracy": 0.9559116242038217, "train_accuracy": 0.9697328091684435, "f1_macro": 0.9550871612428533, "pre_macro": 0.9551718349103421, "re_macro": 0.9551109957937538, "best_epoch": 13, "val_loss": 0.14961161546907417, "train_loss": 1.1739412905819127}
{"epoch": 14, "val_accuracy": 0.9572054140127388, "train_accuracy": 0.9718816631130064, "f1_macro": 0.9564195760873029, "pre_macro": 0.9564310622991521, "re_macro": 0.9565045312914128, "best_epoch": 14, "val_loss": 0.1454312190306699, "train_loss": 1.1475672485477635}
{"epoch": 15, "val_accuracy": 0.9582006369426752, "train_accuracy": 0.9737306769722814, "f1_macro": 0.9574167076515927, "pre_macro": 0.957397761909405, "re_macro": 0.9575583053968838, "best_epoch": 15,