{"epoch": 1, "val_accuracy": 0.3564888535031847, "train_accuracy": 0.171875, "f1_macro": 0.3020059913638868, "pre_macro": 0.37034138944585104, "re_macro": 0.3439413422366145, "best_epoch": 1, "val_loss": 2.071825529359708, "train_loss": 8.830885982513427}
{"epoch": 2, "val_accuracy": 0.5154259554140127, "train_accuracy": 0.5505208373069763, "f1_macro": 0.47344866504383487, "pre_macro": 0.5714849189278246, "re_macro": 0.5044729363505286, "best_epoch": 2, "val_loss": 1.9060492128323598, "train_loss": 8.408764934539795}
{"epoch": 3, "val_accuracy": 0.5321457006369427, "train_accuracy": 0.6916666686534881, "f1_macro": 0.48776480428253954, "pre_macro": 0.6391944509905041, "re_macro": 0.5189845175656649, "best_epoch": 3, "val_loss": 1.8047326021133714, "train_loss": 8.152259969711304}
{"epoch": 4, "val_accuracy": 0.6020103503184714, "train_accuracy": 0.7442708373069763, "f1_macro": 0.5471849034708265, "pre_macro": 0.6792418953154941, "re_macro": 0.589769911818251, "best_epoch": 4, "val_loss": 1.7031740785404375, "train_loss": 7.995963048934937}
{"epoch": 5, "val_accuracy": 0.6380374203821656, "train_accuracy": 0.8104166686534882, "f1_macro": 0.6067583232983368, "pre_macro": 0.6849913685010507, "re_macro": 0.6269676944419592, "best_epoch": 5, "val_loss": 1.63075594841295, "train_loss": 7.809793519973755}
{"epoch": 6, "val_accuracy": 0.6393312101910829, "train_accuracy": 0.8541666686534881, "f1_macro": 0.6005755490217921, "pre_macro": 0.7138114457320468, "re_macro": 0.6279138628072161, "best_epoch": 6, "val_loss": 1.5370227986839926, "train_loss": 7.680711889266968}
{"epoch": 7, "val_accuracy": 0.698546974522293, "train_accuracy": 0.9005208373069763, "f1_macro": 0.6713641520849578, "pre_macro": 0.7235276603172768, "re_macro": 0.688015610874996, "best_epoch": 7, "val_loss": 1.46149829238843, "train_loss": 7.513264083862305}
{"epoch": 8, "val_accuracy": 0.7041202229299363, "train_accuracy": 0.9208333373069764, "f1_macro": 0.6800836028739392, "pre_macro": 0.7313163994486167, "re_macro": 0.694558114415639, "best_epoch": 8, "val_loss": 1.4160008529189285, "train_loss": 7.377663087844849}
{"epoch": 9, "val_accuracy": 0.709593949044586, "train_accuracy": 0.9411458373069763, "f1_macro": 0.6834149010219674, "pre_macro": 0.7364956836249908, "re_macro": 0.6992461586477964, "best_epoch": 9, "val_loss": 1.3895847569605349, "train_loss": 7.286383247375488}
{"epoch": 10, "val_accuracy": 0.7182523885350318, "train_accuracy": 0.95, "f1_macro": 0.6936821232837787, "pre_macro": 0.7379002015089012, "re_macro": 0.7082222361116359, "best_epoch": 10, "val_loss": 1.3686571857731813, "train_loss": 7.2272532939910885}
{"epoch": 11, "val_accuracy": 0.7215366242038217, "train_accuracy": 0.95625, "f1_macro": 0.6977115471034209, "pre_macro": 0.7402139592341267, "re_macro": 0.7115878258228954, "best_epoch": 11, "val_loss": 1.354439022434745, "train_loss": 7.179116582870483}
{"epoch": 12, "val_accuracy": 0.7250199044585988, "train_accuracy": 0.959375, "f1_macro": 0.7022244744555753, "pre_macro": 0.7422244315789308, "re_macro": 0.7152359176577728, "best_epoch": 12, "val_loss": 1.342222537964013, "train_loss": 7.144809150695801}
{"epoch": 13, "val_accuracy": 0.7268113057324841, "train_accuracy": 0.965625, "f1_macro": 0.7043659950421277, "pre_macro": 0.7426390978771644, "re_macro": 0.7171262341269674, "best_epoch": 13, "val_loss": 1.333830353560721, "train_loss": 7.117779111862182}
{"epoch": 14, "val_accuracy": 0.7290007961783439, "train_accuracy": 0.9671875, "f1_macro": 0.7071397970301136, "pre_macro": 0.7438193874840946, "re_macro": 0.7193906570404625, "best_epoch": 14, "val_loss": 1.3270497398012002, "train_loss": 7.096743488311768}
{"epoch": 15, "val_accuracy": 0.7301950636942676, "train_accuracy": 0.9703125, "f1_macro": 0.7086369691037143, "pre_macro": 0.744687235451402, "re_macro": 0.7206374071129339, "best_epoch": 15, "val_loss": 1.3213817818908935, "train_loss": 7.080198287963867}
{"training time": 16.23396611213684}
{"epoch": 1, "val_accuracy": 0.32513933121019106, "train_accuracy": 0.17604166865348816, "f1_macro": 0.2612273243789548, "pre_macro": 0.3627102477144112, "re_macro": 0.3130239026271299, "best_epoch": 1, "val_loss": 2.1195973788097406, "train_loss": 8.888346481323243}
{"epoch": 2, "val_accuracy": 0.460390127388535, "train_accuracy": 0.5296875, "f1_macro": 0.41757051314987, "pre_macro": 0.528599414113499, "re_macro": 0.4494196432591072, "best_epoch": 2, "val_loss": 1.9734807971176829, "train_loss": 8.461806106567384}
{"epoch": 3, "val_accuracy": 0.544187898089172, "train_accuracy": 0.70625, "f1_macro": 0.5253997946903584, "pre_macro": 0.6010526654268153, "re_macro": 0.5353726356044928, "best_epoch": 3, "val_loss": 1.8557027388530172, "train_loss": 8.226764583587647}
{"epoch": 4, "val_accuracy": 0.5878781847133758, "train_accuracy": 0.7546875, "f1_macro": 0.5709952473462823, "pre_macro": 0.6346283148693569, "re_macro": 0.579400433677933, "best_epoch": 4, "val_loss": 1.7698778088685054, "train_loss": 8.061014652252197}
{"epoch": 5, "val_accuracy": 0.6312699044585988, "train_accuracy": 0.8046875, "f1_macro": 0.5956470532737838, "pre_macro": 0.6803214784589754, "re_macro": 0.6208366159792712, "best_epoch": 5, "val_loss": 1.671316226576544, "train_loss": 7.909372997283936}
{"epoch": 6, "val_accuracy": 0.680234872611465, "train_accuracy": 0.8760416686534882, "f1_macro": 0.6659463516501035, "pre_macro": 0.7033867091791802, "re_macro": 0.6729072691877754, "best_epoch": 6, "val_loss": 1.6029270803852447, "train_loss": 7.756184911727905}
{"epoch": 7, "val_accuracy": 0.6883957006369427, "train_accuracy": 0.8979166686534882, "f1_macro": 0.669584889549448, "pre_macro": 0.7122816154472561, "re_macro": 0.6800228704771688, "best_epoch": 7, "val_loss": 1.5282327574529466, "train_loss": 7.616366004943847}
{"epoch": 8, "val_accuracy": 0.6876990445859873, "train_accuracy": 0.9291666686534882, "f1_macro": 0.6696428876491032, "pre_macro": 0.7122022539575097, "re_macro": 0.6793777192584123, "best_epoch": 7, "val_loss": 1.4982225014145967, "train_loss": 7.473340654373169}
{"epoch": 9, "val_accuracy": 0.7060111464968153, "train_accuracy": 0.9260416686534881, "f1_macro": 0.692065469843176, "pre_macro": 0.7263533693384937, "re_macro": 0.6982793972356593, "best_epoch": 9, "val_loss": 1.4625889966442327, "train_loss": 7.389229679107666}
{"epoch": 10, "val_accuracy": 0.7116839171974523, "train_accuracy": 0.9432291686534882, "f1_macro": 0.6979389579695439, "pre_macro": 0.728331271035321, "re_macro": 0.7041360088164768, "best_epoch": 10, "val_loss": 1.4443149862775377, "train_loss": 7.322812414169311}
{"epoch": 11, "val_accuracy": 0.7126791401273885, "train_accuracy": 0.9473958373069763, "f1_macro": 0.6994306600651334, "pre_macro": 0.7289185293983493, "re_macro": 0.7053101349633312, "best_epoch": 11, "val_loss": 1.4293851525920211, "train_loss": 7.276865148544312}
{"epoch": 12, "val_accuracy": 0.7151671974522293, "train_accuracy": 0.95625, "f1_macro": 0.7018554686136326, "pre_macro": 0.7311534526844119, "re_macro": 0.7077387056521012, "best_epoch": 12, "val_loss": 1.4180007808527368, "train_loss": 7.240816926956176}
{"epoch": 13, "val_accuracy": 0.71765525477707, "train_accuracy": 0.9578125, "f1_macro": 0.7048538868272657, "pre_macro": 0.7329941667134293, "re_macro": 0.710382409934635, "best_epoch": 13, "val_loss": 1.4087528187757845, "train_loss": 7.212804698944092}
{"epoch": 14, "val_accuracy": 0.7196457006369427, "train_accuracy": 0.9609375, "f1_macro": 0.7070955458763313, "pre_macro": 0.7337268794118169, "re_macro": 0.7124485870678414, "best_epoch": 14, "val_loss": 1.4017905999141134, "train_loss": 7.190930128097534}
{"epoch": 15, "val_accuracy": 0.7209394904458599, "train_accuracy": 0.9640625, "f1_macro": 0.7084332414670768, "pre_macro": 0.7346660048073762, "re_macro": 0.7137897964909241, "best_epoch": 15, "val_loss": 1.396159141686312, "train_loss": 7.173730945587158}
{"training time": 15.05564260482788}
