{"epoch": 1, "val_accuracy": 0.9040605095541401, "train_accuracy": 0.8600408380681818, "f1_macro": 0.9029594656098239, "pre_macro": 0.9080186074581125, "re_macro": 0.9030426054303236, "best_epoch": 1, "val_loss": 0.36302775372365476, "train_loss": 5.642011151395061}
{"epoch": 2, "val_accuracy": 0.9130175159235668, "train_accuracy": 0.9217862215909091, "f1_macro": 0.911764203349286, "pre_macro": 0.9170350512323975, "re_macro": 0.9124925464803356, "best_epoch": 2, "val_loss": 0.30750053029531127, "train_loss": 3.760062296959487}
{"epoch": 3, "val_accuracy": 0.9211783439490446, "train_accuracy": 0.9349920099431818, "f1_macro": 0.9197894264328079, "pre_macro": 0.9230622836979773, "re_macro": 0.9203630337688675, "best_epoch": 3, "val_loss": 0.27325604234341605, "train_loss": 3.013124294579029}
{"epoch": 4, "val_accuracy": 0.9317277070063694, "train_accuracy": 0.9426491477272727, "f1_macro": 0.9304905955047446, "pre_macro": 0.9316080179041052, "re_macro": 0.9306891506895715, "best_epoch": 4, "val_loss": 0.2534982730770946, "train_loss": 2.5753353292291816}
{"epoch": 5, "val_accuracy": 0.9322253184713376, "train_accuracy": 0.9491965553977273, "f1_macro": 0.9309653783391619, "pre_macro": 0.9321487921652801, "re_macro": 0.9314977969413439, "best_epoch": 5, "val_loss": 0.24979892339865872, "train_loss": 2.2767770923674107}
{"epoch": 6, "val_accuracy": 0.9054538216560509, "train_accuracy": 0.9531693892045454, "f1_macro": 0.9045905354832959, "pre_macro": 0.9127999882794485, "re_macro": 0.9042811087819412, "best_epoch": 5, "val_loss": 0.32098034880818077, "train_loss": 2.0684930441731755}
{"epoch": 7, "val_accuracy": 0.9170979299363057, "train_accuracy": 0.9571866122159091, "f1_macro": 0.9164397867257703, "pre_macro": 0.9217344050751446, "re_macro": 0.9160999512714618, "best_epoch": 5, "val_loss": 0.2758304779150873, "train_loss": 1.9074134682728485}
{"epoch": 8, "val_accuracy": 0.930234872611465, "train_accuracy": 0.9625577059659091, "f1_macro": 0.9295926287901567, "pre_macro": 0.9324031378661196, "re_macro": 0.9293012115963185, "best_epoch": 5, "val_loss": 0.2372488147893529, "train_loss": 1.7810494793070988}
{"epoch": 9, "val_accuracy": 0.9365047770700637, "train_accuracy": 0.9656649502840909, "f1_macro": 0.9353638469966883, "pre_macro": 0.9368514857072467, "re_macro": 0.9352622431444505, "best_epoch": 9, "val_loss": 0.21493760157661262, "train_loss": 1.6848027487708763}
{"epoch": 10, "val_accuracy": 0.9365047770700637, "train_accuracy": 0.9694602272727273, "f1_macro": 0.9353126790264301, "pre_macro": 0.9366872137818142, "re_macro": 0.9353210001268373, "best_epoch": 9, "val_loss": 0.21292616360506433, "train_loss": 1.6080165224319154}
{"epoch": 11, "val_accuracy": 0.9454617834394905, "train_accuracy": 0.9729447798295454, "f1_macro": 0.9445073399370637, "pre_macro": 0.9451299019878231, "re_macro": 0.9444427994803238, "best_epoch": 11, "val_loss": 0.18741597419094508, "train_loss": 1.5471194251017137}
{"epoch": 12, "val_accuracy": 0.9479498407643312, "train_accuracy": 0.9752308238636364, "f1_macro": 0.9470086571408644, "pre_macro": 0.9474768765710765, "re_macro": 0.9469773662999099, "best_epoch": 12, "val_loss": 0.17610034267685026, "train_loss": 1.4983000445433639}
{"epoch": 13, "val_accuracy": 0.9477507961783439, "train_accuracy": 0.9765181107954546, "f1_macro": 0.9468082741538633, "pre_macro": 0.9473815389744262, "re_macro": 0.946750506942298, "best_epoch": 12, "val_loss": 0.1733470641693492, "train_loss": 1.4593815505504608}
{"epoch": 14, "val_accuracy": 0.9492436305732485, "train_accuracy": 0.9783602627840909, "f1_macro": 0.9483690099708231, "pre_macro": 0.9488526062170072, "re_macro": 0.9483755666536107, "best_epoch": 14, "val_loss": 0.1679870668846141, "train_loss": 1.4284868782216853}
{"epoch": 15, "val_accuracy": 0.9528264331210191, "train_accuracy": 0.97998046875, "f1_macro": 0.9519610722602365, "pre_macro": 0.9522139502730568, "re_macro": 0.9519597598735012, "best_epoch": 15, "val_loss": 0.15676715378026673, "train_loss": 1.4035501535981894}
{"training time": 113.37639713287354}
{"epoch": 1, "val_accuracy": 0.8966958598726115, "train_accuracy": 0.8623712713068182, "f1_macro": 0.8958630523652801, "pre_macro": 0.9027283015639854, "re_macro": 0.8961637206425431, "best_epoch": 1, "val_loss": 0.3675497617501362, "train_loss": 5.62839858030731}
{"epoch": 2, "val_accuracy": 0.8926154458598726, "train_accuracy": 0.9235174005681818, "f1_macro": 0.8908941662518192, "pre_macro": 0.8992350685045748, "re_macro": 0.8916486655695561, "best_epoch": 1, "val_loss": 0.36102704741772573, "train_loss": 3.758109614253044}
{"epoch": 3, "val_accuracy": 0.8991839171974523, "train_accuracy": 0.9354580965909091, "f1_macro": 0.8977435191920297, "pre_macro": 0.9050128959374888, "re_macro": 0.8989711893049039, "best_epoch": 3, "val_loss": 0.3464910277420548, "train_loss": 3.022074520926584}
{"epoch": 4, "val_accuracy": 0.9240644904458599, "train_accuracy": 0.9440252130681818, "f1_macro": 0.9234086548099698, "pre_macro": 0.9265899511956285, "re_macro": 0.923412343055392, "best_epoch": 4, "val_loss": 0.26048573552613047, "train_loss": 2.5794362679801206}
{"epoch": 5, "val_accuracy": 0.9325238853503185, "train_accuracy": 0.9499289772727273, "f1_macro": 0.9315598115114738, "pre_macro": 0.9333738848306827, "re_macro": 0.9317075585846964, "best_epoch": 5, "val_loss": 0.23942859761511823, "train_loss": 2.2754578333009374}
{"epoch": 6, "val_accuracy": 0.924562101910828, "train_accuracy": 0.9565873579545454, "f1_macro": 0.9235243780048263, "pre_macro": 0.9272090614066189, "re_macro": 0.9235911417562612, "best_epoch": 5, "val_loss": 0.2530447708644495, "train_loss": 2.05390983261168}
{"epoch": 7, "val_accuracy": 0.930234872611465, "train_accuracy": 0.9626020951704546, "f1_macro": 0.9291663754064589, "pre_macro": 0.9316206187205804, "re_macro": 0.92941832937179, "best_epoch": 5, "val_loss": 0.2366232352248233, "train_loss": 1.8880232713100584}
{"epoch": 8, "val_accuracy": 0.9241640127388535, "train_accuracy": 0.9665083451704546, "f1_macro": 0.9232707761340165, "pre_macro": 0.9262733441321785, "re_macro": 0.9234388965748568, "best_epoch": 5, "val_loss": 0.25740326077315456, "train_loss": 1.763364227996631}
{"epoch": 9, "val_accuracy": 0.9375, "train_accuracy": 0.9706587357954546, "f1_macro": 0.936557248067938, "pre_macro": 0.9382346539912971, "re_macro": 0.936546610272134, "best_epoch": 9, "val_loss": 0.20787471854335562, "train_loss": 1.6685823815112764}
{"epoch": 10, "val_accuracy": 0.9476512738853503, "train_accuracy": 0.9737437855113636, "f1_macro": 0.9469990001721763, "pre_macro": 0.9481116000776882, "re_macro": 0.9467634196886289, "best_epoch": 10, "val_loss": 0.17673020020934047, "train_loss": 1.5921367505057291}
{"epoch": 11, "val_accuracy": 0.9510350318471338, "train_accuracy": 0.9757634943181818, "f1_macro": 0.950370315919459, "pre_macro": 0.951139587308037, "re_macro": 0.9502611398252968, "best_epoch": 11, "val_loss": 0.16519059111500622, "train_loss": 1.5302981615743854}
{"epoch": 12, "val_accuracy": 0.9545183121019108, "train_accuracy": 0.9782270951704546, "f1_macro": 0.9538430095600772, "pre_macro": 0.9542640937668487, "re_macro": 0.9538238878337643, "best_epoch": 12, "val_loss": 0.1545474477331777, "train_loss": 1.4812202047217975}
{"epoch": 13, "val_accuracy": 0.9571058917197452, "train_accuracy": 0.9801580255681818, "f1_macro": 0.956452466600191, "pre_macro": 0.9567187327956448, "re_macro": 0.9565008820803762, "best_epoch": 13, "val_loss": 0.14725448477681086, "train_loss": 1.4422441048716956}
{"epoch": 14, "val_accuracy": 0.9580015923566879, "train_accuracy": 0.9811567826704546, "f1_macro": 0.957350177298839, "pre_macro": 0.957519705927478, "re_macro": 0.9574099428421409, "best_epoch": 14, "val_loss": 0.14215684014485236, "train_loss": 1.4112164515324614}
{"epoch": 15, "val_accuracy": 0.9592953821656051, "train_accuracy": 0.9823330965909091, "f1_macro": 0.9586869581783656, "pre_macro": 0.9588696729802859, "re_macro": 0.9586671680085743, "best_epoch": 15,