{"epoch": 100, "loss": 2.1044483184814453}
{"epoch": 200, "loss": 0.6925957798957825}
{"epoch": 300, "loss": 0.6679915189743042}
{"epoch": 400, "loss": 0.6626526713371277}
{"epoch": 500, "loss": 0.658625066280365}
{"epoch": 600, "loss": 0.6556404829025269}
{"epoch": 700, "loss": 0.6532737016677856}
{"epoch": 800, "loss": 0.6509755849838257}
{"epoch": 900, "loss": 0.6483069062232971}
{"epoch": 1000, "loss": 0.6448385715484619}
{"training_time:": "1.8554s", "final_loss": 0.6448385715484619}
