{"epoch": 1, "val_accuracy": 0.8236464968152867, "train_accuracy": 0.7945207001557991, "f1_macro": 0.8244985355553531, "pre_macro": 0.8318343048829794, "re_macro": 0.8237, "best_epoch": 1, "val_loss": 0.49045825763872475, "train_loss": 6.216502052380332}
{"epoch": 2, "val_accuracy": 0.8392714968152867, "train_accuracy": 0.8542999289691575, "f1_macro": 0.8403165108315738, "pre_macro": 0.8477848418731311, "re_macro": 0.8388, "best_epoch": 2, "val_loss": 0.44593273406955086, "train_loss": 4.478723611913002}
{"epoch": 3, "val_accuracy": 0.8471337579617835, "train_accuracy": 0.8710465530342639, "f1_macro": 0.8479181627145451, "pre_macro": 0.855427669213182, "re_macro": 0.8467, "best_epoch": 3, "val_loss": 0.4187110218272847, "train_loss": 3.6559599238926412}
{"epoch": 4, "val_accuracy": 0.8522093949044586, "train_accuracy": 0.8800195451738484, "f1_macro": 0.8532055940008213, "pre_macro": 0.8587991315424042, "re_macro": 0.8520999999999999, "best_epoch": 4, "val_loss": 0.40484435590589124, "train_loss": 3.1741202757048455}
{"epoch": 5, "val_accuracy": 0.8511146496815286, "train_accuracy": 0.8892479566877076, "f1_macro": 0.8520424699388951, "pre_macro": 0.8586541742107512, "re_macro": 0.8507, "best_epoch": 4, "val_loss": 0.3986405354396553, "train_loss": 2.8571252370439866}
{"epoch": 6, "val_accuracy": 0.8535031847133758, "train_accuracy": 0.8947006042069717, "f1_macro": 0.8546518931270086, "pre_macro": 0.8635349457751931, "re_macro": 0.8527999999999999, "best_epoch": 6, "val_loss": 0.39701961854081247, "train_loss": 2.6340807689024186}
{"epoch": 7, "val_accuracy": 0.8522093949044586, "train_accuracy": 0.8994425195874944, "f1_macro": 0.8539704915934958, "pre_macro": 0.8654785776335523, "re_macro": 0.8515, "best_epoch": 6, "val_loss": 0.4005084593489671, "train_loss": 2.4699342449082495}
{"epoch": 8, "val_accuracy": 0.8534036624203821, "train_accuracy": 0.9038290690257351, "f1_macro": 0.8548527037603083, "pre_macro": 0.8650127776876724, "re_macro": 0.8526999999999999, "best_epoch": 6, "val_loss": 0.39426378511888965, "train_loss": 2.3457993942537287}
{"epoch": 9, "val_accuracy": 0.8587778662420382, "train_accuracy": 0.9075715174552983, "f1_macro": 0.8595675065146198, "pre_macro": 0.8676792973769116, "re_macro": 0.8581, "best_epoch": 9, "val_loss": 0.3880872393774379, "train_loss": 2.2489488419693417}
{"epoch": 10, "val_accuracy": 0.8603702229299363, "train_accuracy": 0.9110030206535925, "f1_macro": 0.8610708423545346, "pre_macro": 0.8688475825019134, "re_macro": 0.8596999999999999, "best_epoch": 10, "val_loss": 0.38562040557717064, "train_loss": 2.1724633862977343}
{"epoch": 11, "val_accuracy": 0.8633558917197452, "train_accuracy": 0.9150564144415133, "f1_macro": 0.8640516135932591, "pre_macro": 0.8707779255097492, "re_macro": 0.8626999999999999, "best_epoch": 11, "val_loss": 0.3796121707767438, "train_loss": 2.1117793075057234}
{"epoch": 12, "val_accuracy": 0.8680334394904459, "train_accuracy": 0.9185989694808846, "f1_macro": 0.8684956821055156, "pre_macro": 0.8730683827713573, "re_macro": 0.8674, "best_epoch": 12, "val_loss": 0.36945018233956806, "train_loss": 2.0635018877383233}
{"epoch": 13, "val_accuracy": 0.8706210191082803, "train_accuracy": 0.9212197939724301, "f1_macro": 0.8704811030601833, "pre_macro": 0.8726873702192786, "re_macro": 0.8699999999999999, "best_epoch": 13, "val_loss": 0.36063625525896714, "train_loss": 2.0250857194095278}
{"epoch": 14, "val_accuracy": 0.8735071656050956, "train_accuracy": 0.9229855189191253, "f1_macro": 0.8727845868730435, "pre_macro": 0.8739029191446575, "re_macro": 0.8728999999999999, "best_epoch": 14, "val_loss": 0.3560026124309582, "train_loss": 1.994329302804048}
{"epoch": 15, "val_accuracy": 0.8743033439490446, "train_accuracy": 0.9249178216909804, "f1_macro": 0.8731956241609884, "pre_macro": 0.8739976259084855, "re_macro": 0.8736999999999998, "best_epoch": 15, "val_loss": 0.35397923799457065, "train_loss": 1.9695863873719661}
{"epoch": 16, "val_accuracy": 0.8753980891719745, "train_accuracy": 0.9263170754223236, "f1_macro": 0.8741857431008974, "pre_macro": 0.8749066342545762, "re_macro": 0.8748000000000001, "best_epoch": 16, "val_loss": 0.35264113507453043, "train_loss": 1.949664959521182}
{"epoch": 17, "val_accuracy": 0.8761942675159236, "train_accuracy": 0.927449804633411, "f1_macro": 0.8749534330480669, "pre_macro": 0.8755218867592511, "re_macro": 0.8756, "best_epoch": 17, "val_loss": 0.35154115513062023, "train_loss": 1.9336650241920943}
{"epoch": 18, "val_accuracy": 0.8759952229299363, "train_accuracy": 0.9281827470641146, "f1_macro": 0.8747220333842936, "pre_macro": 0.8751884662544841, "re_macro": 0.8754, "best_epoch": 17, "val_loss": 0.35058477900590107, "train_loss": 1.9208484758446212}
{"epoch": 19, "val_accuracy": 0.8772890127388535, "train_accuracy": 0.9285159027144345, "f1_macro": 0.8760404273689654, "pre_macro": 0.8764753784800089, "re_macro": 0.8766999999999999, "best_epoch": 19, "val_loss": 0.3496973561063694, "train_loss": 1.9105975724486655}
{"epoch": 20, "val_accuracy": 0.876890923566879, "train_accuracy": 0.9290156361899142, "f1_macro": 0.8756994576572567, "pre_macro": 0.8760921612539395, "re_macro": 0.8763, "best_epoch": 19, "val_loss": 0.3489083973275628, "train_loss": 1.902405057634626}
{"epoch": 21, "val_accuracy": 0.8774880573248408, "train_accuracy": 0.9297152630555858, "f1_macro": 0.8763514399474559, "pre_macro": 0.8767319962267714, "re_macro": 0.8769, "best_epoch": 21, "val_loss": 0.34821953434663216, "train_loss": 1.895855259539476}
{"epoch": 22, "val_accuracy": 0.877687101910828, "train_accuracy": 0.9299484720108098, "f1_macro": 0.8766075443359679, "pre_macro": 0.8768978263243911, "re_macro": 0.8770999999999999, "best_epoch": 22, "val_loss": 0.3475967826926784, "train_loss": 1.8906130099347405}
{"epoch": 23, "val_accuracy": 0.878781847133758, "train_accuracy": 0.9303815743562255, "f1_macro": 0.8777895620097131, "pre_macro": 0.8780470269276854, "re_macro": 0.8782, "best_epoch": 23, "val_loss": 0.34703436114226177, "train_loss": 1.8864108532476527}
{"epoch": 24, "val_accuracy": 0.8782842356687898, "train_accuracy": 0.9307147300065454, "f1_macro": 0.8772400235870089, "pre_macro": 0.8773754093461754, "re_macro": 0.8776999999999999, "best_epoch": 23, "val_loss": 0.34655566086435013, "train_loss": 1.8830381359881176}
{"epoch": 25, "val_accuracy": 0.8788813694267515, "train_accuracy": 0.9310589908028463, "f1_macro": 0.8777704775379516, "pre_macro": 0.8778097715588393, "re_macro": 0.8783, "best_epoch": 25, "val_loss": 0.34617803022739996, "train_loss": 1.8803272160894073}
{"training time": 139.31474041938782}
