{"epoch": 1, "val_accuracy": 0.7183519108280255, "train_accuracy": 0.6493636027295538, "f1_macro": 0.7245639125147716, "pre_macro": 0.763170630014406, "re_macro": 0.7182000000000001, "best_epoch": 1, "val_loss": 0.7255831816393858, "train_loss": 7.786384054955016}
{"epoch": 2, "val_accuracy": 0.7525875796178344, "train_accuracy": 0.8154920225447797, "f1_macro": 0.758161513501167, "pre_macro": 0.8001604998233013, "re_macro": 0.7523, "best_epoch": 2, "val_loss": 0.6541559718976355, "train_loss": 7.021346985025609}
{"epoch": 3, "val_accuracy": 0.7627388535031847, "train_accuracy": 0.8535809275951791, "f1_macro": 0.7692686140161569, "pre_macro": 0.8125622988389001, "re_macro": 0.7625000000000001, "best_epoch": 3, "val_loss": 0.6285467610997, "train_loss": 6.701039283833605}
{"epoch": 4, "val_accuracy": 0.7907046178343949, "train_accuracy": 0.88188639853863, "f1_macro": 0.7937734831067332, "pre_macro": 0.8134235359272548, "re_macro": 0.7903, "best_epoch": 4, "val_loss": 0.5689177422007178, "train_loss": 6.480042406853209}
{"epoch": 5, "val_accuracy": 0.8053343949044586, "train_accuracy": 0.9089095757362691, "f1_macro": 0.8075625541499176, "pre_macro": 0.8141748470819399, "re_macro": 0.805, "best_epoch": 5, "val_loss": 0.5428618249619842, "train_loss": 6.299585727935142}
{"epoch": 6, "val_accuracy": 0.7994625796178344, "train_accuracy": 0.9247245446164557, "f1_macro": 0.8040215631737357, "pre_macro": 0.81785743855181, "re_macro": 0.7994, "best_epoch": 5, "val_loss": 0.548938861698102, "train_loss": 6.1619908860389225}
{"epoch": 7, "val_accuracy": 0.8029458598726115, "train_accuracy": 0.9405870069848731, "f1_macro": 0.8066679795346072, "pre_macro": 0.8173945360258887, "re_macro": 0.8026, "best_epoch": 5, "val_loss": 0.5393966288323615, "train_loss": 6.054752735381431}
{"epoch": 8, "val_accuracy": 0.8074243630573248, "train_accuracy": 0.9452887545240686, "f1_macro": 0.8100277356916294, "pre_macro": 0.8174962468171145, "re_macro": 0.8070999999999999, "best_epoch": 8, "val_loss": 0.5326638313805222, "train_loss": 5.9764501186127355}
{"epoch": 9, "val_accuracy": 0.8128980891719745, "train_accuracy": 0.9523176297228387, "f1_macro": 0.8140210177590472, "pre_macro": 0.818155242706219, "re_macro": 0.8126, "best_epoch": 9, "val_loss": 0.5239307271067504, "train_loss": 5.912747758500119}
{"epoch": 10, "val_accuracy": 0.8134952229299363, "train_accuracy": 0.9600588920268607, "f1_macro": 0.8144320146867763, "pre_macro": 0.8181045798401095, "re_macro": 0.8131999999999999, "best_epoch": 10, "val_loss": 0.5208230400161379, "train_loss": 5.858777320131343}
{"epoch": 11, "val_accuracy": 0.8144904458598726, "train_accuracy": 0.963383360111967, "f1_macro": 0.8154979421601076, "pre_macro": 0.8200738607953296, "re_macro": 0.8141999999999999, "best_epoch": 11, "val_loss": 0.5212170407650577, "train_loss": 5.816914122155372}
{"epoch": 12, "val_accuracy": 0.8130971337579618, "train_accuracy": 0.9670402750055841, "f1_macro": 0.814055773923517, "pre_macro": 0.8188221840808516, "re_macro": 0.8128, "best_epoch": 11, "val_loss": 0.5214155844062757, "train_loss": 5.784790860845687}
{"epoch": 13, "val_accuracy": 0.8137937898089171, "train_accuracy": 0.96875, "f1_macro": 0.8146440049624125, "pre_macro": 0.8189224096159121, "re_macro": 0.8135, "best_epoch": 11, "val_loss": 0.5197403970038056, "train_loss": 5.759297208583101}
{"epoch": 14, "val_accuracy": 0.8153861464968153, "train_accuracy": 0.9720744680851063, "f1_macro": 0.8160007206306181, "pre_macro": 0.8189346346628039, "re_macro": 0.8150999999999999, "best_epoch": 14, "val_loss": 0.515537715166997, "train_loss": 5.738951814935563}
{"epoch": 15, "val_accuracy": 0.8178742038216561, "train_accuracy": 0.9737367021276596, "f1_macro": 0.8177665474571721, "pre_macro": 0.8193234330400025, "re_macro": 0.8173, "best_epoch": 15, "val_loss": 0.5112811792048679, "train_loss": 5.722271401831445}
{"epoch": 16, "val_accuracy": 0.8186703821656051, "train_accuracy": 0.9750664893617021, "f1_macro": 0.8183738074631453, "pre_macro": 0.8194496255802084, "re_macro": 0.8181, "best_epoch": 16, "val_loss": 0.5090540848719846, "train_loss": 5.708025303292782}
{"epoch": 17, "val_accuracy": 0.8184713375796179, "train_accuracy": 0.977061170212766, "f1_macro": 0.818051258128855, "pre_macro": 0.8189301343293252, "re_macro": 0.8178999999999998, "best_epoch": 16, "val_loss": 0.5081596558640717, "train_loss": 5.6961619397427175}
{"epoch": 18, "val_accuracy": 0.8177746815286624, "train_accuracy": 0.9780585106382979, "f1_macro": 0.8173969932977115, "pre_macro": 0.8182429682422658, "re_macro": 0.8172, "best_epoch": 16, "val_loss": 0.5077419036133274, "train_loss": 5.686652386442144}
{"epoch": 19, "val_accuracy": 0.8176751592356688, "train_accuracy": 0.9790558510638298, "f1_macro": 0.817338203686788, "pre_macro": 0.8181915394537509, "re_macro": 0.8170999999999999, "best_epoch": 16, "val_loss": 0.5075275528772621, "train_loss": 5.679133445658582}
{"epoch": 20, "val_accuracy": 0.8176751592356688, "train_accuracy": 0.9793882978723404, "f1_macro": 0.8173464164616007, "pre_macro": 0.8181867000256942, "re_macro": 0.8170999999999999, "best_epoch": 16, "val_loss": 0.5074117567129196, "train_loss": 5.673178713372413}
{"epoch": 21, "val_accuracy": 0.8176751592356688, "train_accuracy": 0.9803856382978723, "f1_macro": 0.817377906370584, "pre_macro": 0.8182554826101647, "re_macro": 0.8170999999999999, "best_epoch": 16, "val_loss": 0.5073480748446884, "train_loss": 5.668441001405108}
{"epoch": 22, "val_accuracy": 0.8171775477707006, "train_accuracy": 0.9803856382978723, "f1_macro": 0.8169242599416856, "pre_macro": 0.8178272088846124, "re_macro": 0.8166, "best_epoch": 16, "val_loss": 0.5073130011178886, "train_loss": 5.6646582725200245}
{"epoch": 23, "val_accuracy": 0.817078025477707, "train_accuracy": 0.9803856382978723, "f1_macro": 0.8168282479156043, "pre_macro": 0.8177396554233457, "re_macro": 0.8164999999999999, "best_epoch": 16, "val_loss": 0.5072939426276335, "train_loss": 5.661630843548065}
{"epoch": 24, "val_accuracy": 0.817078025477707, "train_accuracy": 0.9820478723404256, "f1_macro": 0.8168253353546474, "pre_macro": 0.8177319380942663, "re_macro": 0.8164999999999999, "best_epoch": 16, "val_loss": 0.5072839989024363, "train_loss": 5.659203367030367}
{"epoch": 25, "val_accuracy": 0.8168789808917197, "train_accuracy": 0.9820478723404256, "f1_macro": 0.8166660185441812, "pre_macro": 0.8176154742815234, "re_macro": 0.8163, "best_epoch": 16, "val_loss": 0.5072791993997658, "train_loss": 5.657254817637991}
{"training time": 33.951337575912476}
