{"epoch": 1, "val_accuracy": 0.8149880573248408, "train_accuracy": 0.7645833335024246, "f1_macro": 0.8099314009901096, "pre_macro": 0.8176897866618816, "re_macro": 0.8150000000000001, "best_epoch": 1, "val_loss": 0.5392190986757825, "train_loss": 6.866906107232926}
{"epoch": 2, "val_accuracy": 0.8350915605095541, "train_accuracy": 0.8484485816448293, "f1_macro": 0.8298791197391864, "pre_macro": 0.8379431730958291, "re_macro": 0.8352, "best_epoch": 2, "val_loss": 0.48934434610567273, "train_loss": 5.5926307069494365}
{"epoch": 3, "val_accuracy": 0.830812101910828, "train_accuracy": 0.8692375888215734, "f1_macro": 0.8244863107551887, "pre_macro": 0.8375415205365485, "re_macro": 0.8311999999999999, "best_epoch": 2, "val_loss": 0.4868370944717128, "train_loss": 4.894895308068458}
{"epoch": 4, "val_accuracy": 0.8315087579617835, "train_accuracy": 0.8827127659574469, "f1_macro": 0.82757424305328, "pre_macro": 0.8381024099527451, "re_macro": 0.8315999999999999, "best_epoch": 2, "val_loss": 0.48703380223292453, "train_loss": 4.439619583779193}
{"epoch": 5, "val_accuracy": 0.8282245222929936, "train_accuracy": 0.8955895390916377, "f1_macro": 0.82409912114797, "pre_macro": 0.8366564177994167, "re_macro": 0.8282999999999999, "best_epoch": 2, "val_loss": 0.49345361370189933, "train_loss": 4.115752205950148}
{"epoch": 6, "val_accuracy": 0.834593949044586, "train_accuracy": 0.9052304965384463, "f1_macro": 0.8307571390635198, "pre_macro": 0.8422954648857068, "re_macro": 0.8347, "best_epoch": 2, "val_loss": 0.4749275918599147, "train_loss": 3.879047951799758}
{"epoch": 7, "val_accuracy": 0.839968152866242, "train_accuracy": 0.9133200356300841, "f1_macro": 0.8370318091007029, "pre_macro": 0.8451556422845456, "re_macro": 0.8401, "best_epoch": 7, "val_loss": 0.45274348481065907, "train_loss": 3.701560171614302}
{"epoch": 8, "val_accuracy": 0.8436504777070064, "train_accuracy": 0.9202349292471054, "f1_macro": 0.8412450671139107, "pre_macro": 0.8479670858755208, "re_macro": 0.8435, "best_epoch": 8, "val_loss": 0.4361370344450519, "train_loss": 3.566285557442523}
{"epoch": 9, "val_accuracy": 0.8457404458598726, "train_accuracy": 0.9252437944107867, "f1_macro": 0.8432728378036509, "pre_macro": 0.8497226860052172, "re_macro": 0.8455999999999999, "best_epoch": 9, "val_loss": 0.4312921489120289, "train_loss": 3.4606541775642556}
{"epoch": 10, "val_accuracy": 0.8487261146496815, "train_accuracy": 0.9294769505237012, "f1_macro": 0.8460642254233024, "pre_macro": 0.8512592114240741, "re_macro": 0.8483, "best_epoch": 10, "val_loss": 0.4233538670714494, "train_loss": 3.3777106001022013}
{"epoch": 11, "val_accuracy": 0.8512141719745223, "train_accuracy": 0.9326684398854033, "f1_macro": 0.8487062229484682, "pre_macro": 0.8520843378344306, "re_macro": 0.8508000000000001, "best_epoch": 11, "val_loss": 0.41517813446795104, "train_loss": 3.311909834882046}
{"epoch": 12, "val_accuracy": 0.8526074840764332, "train_accuracy": 0.9359264186088075, "f1_macro": 0.8501995824747901, "pre_macro": 0.8526350353552704, "re_macro": 0.8522000000000001, "best_epoch": 12, "val_loss": 0.41178271582551823, "train_loss": 3.259069516810965}
{"epoch": 13, "val_accuracy": 0.8527070063694268, "train_accuracy": 0.9377881207364671, "f1_macro": 0.8505626493411456, "pre_macro": 0.8524331376252254, "re_macro": 0.8523, "best_epoch": 13, "val_loss": 0.40909646366052566, "train_loss": 3.216842026406146}
{"epoch": 14, "val_accuracy": 0.8549960191082803, "train_accuracy": 0.9397163122258287, "f1_macro": 0.8532950381148515, "pre_macro": 0.8544909727760273, "re_macro": 0.8545999999999999, "best_epoch": 14, "val_loss": 0.4057370599857561, "train_loss": 3.1827857616099906}
{"epoch": 15, "val_accuracy": 0.8568869426751592, "train_accuracy": 0.941378546268382, "f1_macro": 0.8552456560312705, "pre_macro": 0.8560693808448452, "re_macro": 0.8562, "best_epoch": 15, "val_loss": 0.40281349686300677, "train_loss": 3.1551652989488965}
{"epoch": 16, "val_accuracy": 0.8583797770700637, "train_accuracy": 0.9430407803109352, "f1_macro": 0.8567327357247774, "pre_macro": 0.8572701548485308, "re_macro": 0.8576999999999998, "best_epoch": 16, "val_loss": 0.4003331170530076, "train_loss": 3.132738765757135}
{"epoch": 17, "val_accuracy": 0.8599721337579618, "train_accuracy": 0.9441046100981692, "f1_macro": 0.8581367476598709, "pre_macro": 0.8584620388860911, "re_macro": 0.8593, "best_epoch": 17, "val_loss": 0.39827894120459345, "train_loss": 3.1145846316154966}
{"epoch": 18, "val_accuracy": 0.8608678343949044, "train_accuracy": 0.9445700356300841, "f1_macro": 0.8592040303781772, "pre_macro": 0.8593268274155227, "re_macro": 0.8604999999999998, "best_epoch": 18, "val_loss": 0.39685793002699593, "train_loss": 3.0998645782470704}
{"epoch": 19, "val_accuracy": 0.8615644904458599, "train_accuracy": 0.9458333335024245, "f1_macro": 0.8599546677935411, "pre_macro": 0.8599525374929149, "re_macro": 0.8612, "best_epoch": 19, "val_loss": 0.395769972805005, "train_loss": 3.087910341709218}
{"epoch": 20, "val_accuracy": 0.861265923566879, "train_accuracy": 0.947096631374765, "f1_macro": 0.8597491773033523, "pre_macro": 0.859641986488095, "re_macro": 0.8609, "best_epoch": 19, "val_loss": 0.3948449569333131, "train_loss": 3.078206218557155}
{"epoch": 21, "val_accuracy": 0.8618630573248408, "train_accuracy": 0.9478280143534884, "f1_macro": 0.8604413157583457, "pre_macro": 0.8602674573487862, "re_macro": 0.8615, "best_epoch": 21, "val_loss": 0.3941460368549748, "train_loss": 3.070339409848477}
{"epoch": 22, "val_accuracy": 0.8615644904458599, "train_accuracy": 0.9484929079705097, "f1_macro": 0.860313565363826, "pre_macro": 0.8600323770221434, "re_macro": 0.8612, "best_epoch": 21, "val_loss": 0.39369171250397994, "train_loss": 3.063974583402593}
{"epoch": 23, "val_accuracy": 0.8614649681528662, "train_accuracy": 0.948692376055616, "f1_macro": 0.8603412348733098, "pre_macro": 0.8600572095272211, "re_macro": 0.8610999999999999, "best_epoch": 21, "val_loss": 0.3934228830276781, "train_loss": 3.0588330299296276}
{"epoch": 24, "val_accuracy": 0.8617635350318471, "train_accuracy": 0.9494237590343394, "f1_macro": 0.8607813628500478, "pre_macro": 0.8605323992685214, "re_macro": 0.8614, "best_epoch": 21, "val_loss": 0.39327739416414004, "train_loss": 3.054683403258628}
{"epoch": 25, "val_accuracy": 0.8616640127388535, "train_accuracy": 0.9491578015875309, "f1_macro": 0.8607642756329978, "pre_macro": 0.8605599501413919, "re_macro": 0.8613000000000002, "best_epoch": 21, "val_loss": 0.3932110024675442, "train_loss": 3.051337731138189}
{"training time": 81.02337551116943}
