{"epoch": 1, "val_accuracy": 0.8333996815286624, "train_accuracy": 0.8175139925373134, "f1_macro": 0.8276448124777703, "pre_macro": 0.8456868752414634, "re_macro": 0.8332, "best_epoch": 1, "val_loss": 0.4711541881796661, "train_loss": 5.353863539472063}
{"epoch": 2, "val_accuracy": 0.8446457006369427, "train_accuracy": 0.8588252931769723, "f1_macro": 0.8407252809917635, "pre_macro": 0.84939703962563, "re_macro": 0.8444999999999998, "best_epoch": 2, "val_loss": 0.4335926898345826, "train_loss": 3.268832057015474}
{"epoch": 3, "val_accuracy": 0.847531847133758, "train_accuracy": 0.8665878198294243, "f1_macro": 0.8441766488039748, "pre_macro": 0.8500026061483623, "re_macro": 0.8471, "best_epoch": 3, "val_loss": 0.41581503724216656, "train_loss": 2.49154565913845}
{"epoch": 4, "val_accuracy": 0.8538017515923567, "train_accuracy": 0.8720182569296375, "f1_macro": 0.851399904273889, "pre_macro": 0.8568976309775025, "re_macro": 0.8534, "best_epoch": 4, "val_loss": 0.4038319798411837, "train_loss": 2.0774351155071624}
{"epoch": 5, "val_accuracy": 0.8550955414012739, "train_accuracy": 0.8765491737739872, "f1_macro": 0.8523249718373975, "pre_macro": 0.8593601670121223, "re_macro": 0.8547, "best_epoch": 5, "val_loss": 0.3982060682621731, "train_loss": 1.818679787456862}
{"epoch": 6, "val_accuracy": 0.8585788216560509, "train_accuracy": 0.8812966417910447, "f1_macro": 0.8551645044942215, "pre_macro": 0.8625758936111317, "re_macro": 0.8582000000000001, "best_epoch": 6, "val_loss": 0.3910005116348813, "train_loss": 1.6419705693909863}
{"epoch": 7, "val_accuracy": 0.8645501592356688, "train_accuracy": 0.8852112206823027, "f1_macro": 0.8609858505708277, "pre_macro": 0.8678339837338063, "re_macro": 0.8642, "best_epoch": 7, "val_loss": 0.38090764033566615, "train_loss": 1.5163138257160877}
{"epoch": 8, "val_accuracy": 0.8665406050955414, "train_accuracy": 0.8879597547974414, "f1_macro": 0.8633573310207149, "pre_macro": 0.8669091290559358, "re_macro": 0.8662000000000001, "best_epoch": 8, "val_loss": 0.370721770984352, "train_loss": 1.4247918996983753}
{"epoch": 9, "val_accuracy": 0.869327229299363, "train_accuracy": 0.8919076492537313, "f1_macro": 0.8665990366347437, "pre_macro": 0.8679255898286584, "re_macro": 0.869, "best_epoch": 9, "val_loss": 0.36608023210695595, "train_loss": 1.356621461128121}
{"epoch": 10, "val_accuracy": 0.8702229299363057, "train_accuracy": 0.8952725213219617, "f1_macro": 0.8677343478095662, "pre_macro": 0.8690844183815708, "re_macro": 0.8699, "best_epoch": 10, "val_loss": 0.3626455856356651, "train_loss": 1.3048353373114743}
{"epoch": 11, "val_accuracy": 0.8699243630573248, "train_accuracy": 0.8984041844349681, "f1_macro": 0.8675839513318298, "pre_macro": 0.8696877214931776, "re_macro": 0.8695999999999999, "best_epoch": 10, "val_loss": 0.35866010815474636, "train_loss": 1.2650783119171158}
{"epoch": 12, "val_accuracy": 0.8747014331210191, "train_accuracy": 0.9012526652452025, "f1_macro": 0.8724370215169545, "pre_macro": 0.8747829352476973, "re_macro": 0.8744, "best_epoch": 12, "val_loss": 0.35220932732721805, "train_loss": 1.2342976184287813}
{"epoch": 13, "val_accuracy": 0.8783837579617835, "train_accuracy": 0.9035347814498934, "f1_macro": 0.8759972752635395, "pre_macro": 0.8785108296003992, "re_macro": 0.8781000000000001, "best_epoch": 13, "val_loss": 0.34287612320511207, "train_loss": 1.2103835890796393}
{"epoch": 14, "val_accuracy": 0.8796775477707006, "train_accuracy": 0.9051672441364605, "f1_macro": 0.8770993786355664, "pre_macro": 0.8804560021674709, "re_macro": 0.8793999999999998, "best_epoch": 14, "val_loss": 0.3367882996417914, "train_loss": 1.1916334024116175}
{"epoch": 15, "val_accuracy": 0.8804737261146497, "train_accuracy": 0.9064332356076759, "f1_macro": 0.8778896255149485, "pre_macro": 0.881186019743231, "re_macro": 0.8802, "best_epoch": 15, "val_loss": 0.33320052475686285, "train_loss": 1.1767634308414419}
{"epoch": 16, "val_accuracy": 0.881468949044586, "train_accuracy": 0.9072827825159915, "f1_macro": 0.8793974039509138, "pre_macro": 0.8817264695800379, "re_macro": 0.8812, "best_epoch": 16, "val_loss": 0.33019480460388645, "train_loss": 1.1649151963592848}
{"epoch": 17, "val_accuracy": 0.8827627388535032, "train_accuracy": 0.908198960554371, "f1_macro": 0.8811683198781199, "pre_macro": 0.8823431987243225, "re_macro": 0.8825, "best_epoch": 17, "val_loss": 0.3282987445023409, "train_loss": 1.1554449423671023}
{"epoch": 18, "val_accuracy": 0.8820660828025477, "train_accuracy": 0.9089485607675906, "f1_macro": 0.8807098835366161, "pre_macro": 0.8814659126385056, "re_macro": 0.8817999999999999, "best_epoch": 17, "val_loss": 0.3272152599065926, "train_loss": 1.1478804197392738}
{"epoch": 19, "val_accuracy": 0.8825636942675159, "train_accuracy": 0.9097647921108742, "f1_macro": 0.8813248789222301, "pre_macro": 0.8818614346029578, "re_macro": 0.8822999999999999, "best_epoch": 17, "val_loss": 0.32648816590855834, "train_loss": 1.1418536649838185}
{"epoch": 20, "val_accuracy": 0.8826632165605095, "train_accuracy": 0.9106309968017058, "f1_macro": 0.8815895135737042, "pre_macro": 0.8819276883183316, "re_macro": 0.8824, "best_epoch": 17, "val_loss": 0.3259482101839819, "train_loss": 1.1370579838625658}
{"epoch": 21, "val_accuracy": 0.8823646496815286, "train_accuracy": 0.9111640458422174, "f1_macro": 0.8813381602062383, "pre_macro": 0.881604251316834, "re_macro": 0.8821, "best_epoch": 17, "val_loss": 0.3254287147028431, "train_loss": 1.133240352561479}
{"epoch": 22, "val_accuracy": 0.8820660828025477, "train_accuracy": 0.9116471215351812, "f1_macro": 0.881032600907201, "pre_macro": 0.8812423044781468, "re_macro": 0.8817999999999999, "best_epoch": 17, "val_loss": 0.32483680688651506, "train_loss": 1.1301964211311422}
{"epoch": 23, "val_accuracy": 0.8830613057324841, "train_accuracy": 0.9120302505330491, "f1_macro": 0.882043454174146, "pre_macro": 0.8822073949841481, "re_macro": 0.8827999999999999, "best_epoch": 23, "val_loss": 0.3242052479344568, "train_loss": 1.1277637996399072}
{"epoch": 24, "val_accuracy": 0.8837579617834395, "train_accuracy": 0.9120302505330491, "f1_macro": 0.8827611708310246, "pre_macro": 0.8829044238007769, "re_macro": 0.8835000000000001, "best_epoch": 24, "val_loss": 0.32360795984981927, "train_loss": 1.1258153272971416}
{"epoch": 25, "val_accuracy": 0.8840565286624203, "train_accuracy": 0.9123134328358209, "f1_macro": 0.8830722523335449, "pre_macro": 0.88322264904213, "re_macro": 0.8837999999999999, "best_epoch": 25, "val_loss": 0.3230889204201425, "train_loss": 1.124251348695267}
{"training time": 272.7607913017273}
