{"epoch": 1, "val_accuracy": 0.8361863057324841, "train_accuracy": 0.8097256747159091, "f1_macro": 0.835377452425902, "pre_macro": 0.8421096520216274, "re_macro": 0.8363000000000002, "best_epoch": 1, "val_loss": 0.4625300299969448, "train_loss": 5.714996688067913}
{"epoch": 2, "val_accuracy": 0.8471337579617835, "train_accuracy": 0.8579323508522727, "f1_macro": 0.8455011442424869, "pre_macro": 0.8535346270224151, "re_macro": 0.8470000000000001, "best_epoch": 2, "val_loss": 0.42779314271204033, "train_loss": 3.741258716380054}
{"epoch": 3, "val_accuracy": 0.8498208598726115, "train_accuracy": 0.8690518465909091, "f1_macro": 0.8482206145327922, "pre_macro": 0.8544733489301002, "re_macro": 0.8497, "best_epoch": 3, "val_loss": 0.40791471558771314, "train_loss": 2.9284893704408947}
{"epoch": 4, "val_accuracy": 0.8516122611464968, "train_accuracy": 0.8771528764204546, "f1_macro": 0.8505807888985094, "pre_macro": 0.8564716899655327, "re_macro": 0.8512000000000001, "best_epoch": 4, "val_loss": 0.40491837291580857, "train_loss": 2.478860454803163}
{"epoch": 5, "val_accuracy": 0.8498208598726115, "train_accuracy": 0.8834339488636364, "f1_macro": 0.8492259669260507, "pre_macro": 0.8565156637074727, "re_macro": 0.8493999999999999, "best_epoch": 4, "val_loss": 0.411133827202639, "train_loss": 2.191867499527606}
{"epoch": 6, "val_accuracy": 0.8508160828025477, "train_accuracy": 0.888671875, "f1_macro": 0.8508037599580046, "pre_macro": 0.8575686840712761, "re_macro": 0.8503999999999999, "best_epoch": 4, "val_loss": 0.405179280384331, "train_loss": 1.9929065306416966}
{"epoch": 7, "val_accuracy": 0.8544984076433121, "train_accuracy": 0.892578125, "f1_macro": 0.8546590704603716, "pre_macro": 0.8599756251414676, "re_macro": 0.8541000000000001, "best_epoch": 7, "val_loss": 0.39335714574832065, "train_loss": 1.848692942241376}
{"epoch": 8, "val_accuracy": 0.8564888535031847, "train_accuracy": 0.8959295099431818, "f1_macro": 0.8563010971217121, "pre_macro": 0.8611057313257808, "re_macro": 0.8558, "best_epoch": 8, "val_loss": 0.3872632391418621, "train_loss": 1.7414061328904196}
{"epoch": 9, "val_accuracy": 0.8565883757961783, "train_accuracy": 0.8995694247159091, "f1_macro": 0.856490911689279, "pre_macro": 0.86205351977675, "re_macro": 0.8558999999999999, "best_epoch": 9, "val_loss": 0.38355003586810105, "train_loss": 1.6589915188537403}
{"epoch": 10, "val_accuracy": 0.8602707006369427, "train_accuracy": 0.9021661931818182, "f1_macro": 0.8601601448581009, "pre_macro": 0.8646313698586248, "re_macro": 0.8595999999999998, "best_epoch": 10, "val_loss": 0.3718534626398876, "train_loss": 1.5953164617107674}
{"epoch": 11, "val_accuracy": 0.8676353503184714, "train_accuracy": 0.9052734375, "f1_macro": 0.8672491911635569, "pre_macro": 0.8698909588137903, "re_macro": 0.867, "best_epoch": 11, "val_loss": 0.3568757708854736, "train_loss": 1.545938930389556}
{"epoch": 12, "val_accuracy": 0.8702229299363057, "train_accuracy": 0.9073375355113636, "f1_macro": 0.8696186027997055, "pre_macro": 0.8718500901580633, "re_macro": 0.8695999999999998, "best_epoch": 12, "val_loss": 0.34965584004760547, "train_loss": 1.507399240678007}
{"epoch": 13, "val_accuracy": 0.8715167197452229, "train_accuracy": 0.909912109375, "f1_macro": 0.8707579579175538, "pre_macro": 0.8728537132411323, "re_macro": 0.8709, "best_epoch": 13, "val_loss": 0.34701194433839455, "train_loss": 1.477104859595949}
{"epoch": 14, "val_accuracy": 0.8722133757961783, "train_accuracy": 0.9120649857954546, "f1_macro": 0.8714193428763426, "pre_macro": 0.8731900992024977, "re_macro": 0.8715999999999999, "best_epoch": 14, "val_loss": 0.34356140065345037, "train_loss": 1.4531471248377452}
{"epoch": 15, "val_accuracy": 0.8746019108280255, "train_accuracy": 0.9131303267045454, "f1_macro": 0.8738626065459171, "pre_macro": 0.8750998563494724, "re_macro": 0.874, "best_epoch": 15, "val_loss": 0.34038136007299846, "train_loss": 1.4341270539232276}
{"epoch": 16, "val_accuracy": 0.8764928343949044, "train_accuracy": 0.9143954190340909, "f1_macro": 0.8757237559847928, "pre_macro": 0.8768534227425215, "re_macro": 0.8759, "best_epoch": 16, "val_loss": 0.33887028162646443, "train_loss": 1.4189865834672342}
{"epoch": 17, "val_accuracy": 0.877687101910828, "train_accuracy": 0.9156161221590909, "f1_macro": 0.8769010581739058, "pre_macro": 0.8779801789748346, "re_macro": 0.8770999999999999, "best_epoch": 17, "val_loss": 0.3380818157249196, "train_loss": 1.4069342767311768}
{"epoch": 18, "val_accuracy": 0.8782842356687898, "train_accuracy": 0.9168368252840909, "f1_macro": 0.8774014964600791, "pre_macro": 0.8783962070300099, "re_macro": 0.8776999999999999, "best_epoch": 18, "val_loss": 0.33715634636438574, "train_loss": 1.397341905839064}
{"epoch": 19, "val_accuracy": 0.8780851910828026, "train_accuracy": 0.9175026633522727, "f1_macro": 0.8771333654786755, "pre_macro": 0.8778943264853964, "re_macro": 0.8775000000000001, "best_epoch": 18, "val_loss": 0.33597751493286937, "train_loss": 1.3896926594051449}
{"epoch": 20, "val_accuracy": 0.8790804140127388, "train_accuracy": 0.9179021661931818, "f1_macro": 0.8781488360441632, "pre_macro": 0.8786793512797765, "re_macro": 0.8785000000000001, "best_epoch": 20, "val_loss": 0.3346692450866578, "train_loss": 1.3835835936055942}
{"epoch": 21, "val_accuracy": 0.8796775477707006, "train_accuracy": 0.9183682528409091, "f1_macro": 0.8787502926795814, "pre_macro": 0.8790547997132881, "re_macro": 0.8790999999999999, "best_epoch": 21, "val_loss": 0.33349782498968633, "train_loss": 1.3786981303922154}
{"epoch": 22, "val_accuracy": 0.879578025477707, "train_accuracy": 0.9181906960227273, "f1_macro": 0.8786621034709479, "pre_macro": 0.8788658848423465, "re_macro": 0.8789999999999999, "best_epoch": 21, "val_loss": 0.33263689260573903, "train_loss": 1.3747853340411729}
{"epoch": 23, "val_accuracy": 0.8801751592356688, "train_accuracy": 0.9183904474431818, "f1_macro": 0.8792265654078637, "pre_macro": 0.8793796767592692, "re_macro": 0.8795999999999999, "best_epoch": 23, "val_loss": 0.3320730700139787, "train_loss": 1.371647022664547}
{"epoch": 24, "val_accuracy": 0.8808718152866242, "train_accuracy": 0.9186123934659091, "f1_macro": 0.8798910610827312, "pre_macro": 0.8799992582815944, "re_macro": 0.8802999999999999, "best_epoch": 24, "val_loss": 0.33171304116013706, "train_loss": 1.3691257460212165}
{"epoch": 25, "val_accuracy": 0.8810708598726115, "train_accuracy": 0.9189453125, "f1_macro": 0.8800842819112962, "pre_macro": 0.8802174347883567, "re_macro": 0.8805, "best_epoch": 25, "val_loss": 0.33146490227834435, "train_loss": 1.3670977354049683}
{"training time": 199.05858325958252}
