{"epoch": 100, "loss": 11.80933666229248}
{"epoch": 200, "loss": 7.92095947265625}
{"epoch": 300, "loss": 4.931878089904785}
{"epoch": 400, "loss": 3.319524049758911}
{"epoch": 500, "loss": 2.382657766342163}
{"epoch": 600, "loss": 1.752313256263733}
{"epoch": 700, "loss": 1.3136932849884033}
{"epoch": 800, "loss": 1.013700008392334}
{"epoch": 900, "loss": 0.8036056160926819}
{"epoch": 1000, "loss": 0.6510432958602905}
{"training_time:": "2.4620s", "final_loss": 0.6510432958602905}
