{"epoch": 1, "val_accuracy": 0.7021297770700637, "train_accuracy": 0.4942534198152258, "f1_macro": 0.6855987830782696, "pre_macro": 0.7428016700335724, "re_macro": 0.6953062197207218, "best_epoch": 1, "val_loss": 1.5459419504092757, "train_loss": 1.9987971478320183}
{"epoch": 2, "val_accuracy": 0.8121019108280255, "train_accuracy": 0.8029540282614688, "f1_macro": 0.8072068465134729, "pre_macro": 0.8246331491493086, "re_macro": 0.808789545695614, "best_epoch": 2, "val_loss": 1.1208586301773218, "train_loss": 1.3323317893007969}
{"epoch": 3, "val_accuracy": 0.825437898089172, "train_accuracy": 0.8903875388997666, "f1_macro": 0.8242716820532422, "pre_macro": 0.8340130660800507, "re_macro": 0.8225515730325306, "best_epoch": 3, "val_loss": 0.9501401326458925, "train_loss": 0.9601180781709387}
{"epoch": 4, "val_accuracy": 0.848328025477707, "train_accuracy": 0.9246770523964091, "f1_macro": 0.845796291656252, "pre_macro": 0.849866472877838, "re_macro": 0.8459039832883943, "best_epoch": 4, "val_loss": 0.8132224424629454, "train_loss": 0.7487475960812671}
{"epoch": 5, "val_accuracy": 0.8638535031847133, "train_accuracy": 0.9450037999356047, "f1_macro": 0.8619017112297949, "pre_macro": 0.864745949382321, "re_macro": 0.8620992815813662, "best_epoch": 5, "val_loss": 0.7235191823190944, "train_loss": 0.6024362007354168}
{"epoch": 6, "val_accuracy": 0.869327229299363, "train_accuracy": 0.963953268020711, "f1_macro": 0.866539788144301, "pre_macro": 0.8696486974264076, "re_macro": 0.8674224231650068, "best_epoch": 6, "val_loss": 0.6575462791570432, "train_loss": 0.4976290597560558}
{"epoch": 7, "val_accuracy": 0.8696257961783439, "train_accuracy": 0.9753039517301194, "f1_macro": 0.8675371388503372, "pre_macro": 0.871290233335138, "re_macro": 0.8680826372725221, "best_epoch": 7, "val_loss": 0.6157702612838928, "train_loss": 0.42503614121295036}
{"epoch": 8, "val_accuracy": 0.8683320063694268, "train_accuracy": 0.9809555474748003, "f1_macro": 0.8655887311499469, "pre_macro": 0.8698851135538922, "re_macro": 0.8662950389977018, "best_epoch": 7, "val_loss": 0.5986094545027253, "train_loss": 0.36768291732098196}
{"epoch": 9, "val_accuracy": 0.8709195859872612, "train_accuracy": 0.9852773559854385, "f1_macro": 0.8686845058037223, "pre_macro": 0.872073650115975, "re_macro": 0.8692416064715612, "best_epoch": 9, "val_loss": 0.5795900680267128, "train_loss": 0.33967047929763794}
{"epoch": 10, "val_accuracy": 0.8737062101910829, "train_accuracy": 0.9869395900279918, "f1_macro": 0.8718265289466022, "pre_macro": 0.8744546693985462, "re_macro": 0.8721859937708463, "best_epoch": 10, "val_loss": 0.55741855369252, "train_loss": 0.32276678212145543}
{"epoch": 11, "val_accuracy": 0.8782842356687898, "train_accuracy": 0.9905965049216088, "f1_macro": 0.8765832539492528, "pre_macro": 0.8789965324231653, "re_macro": 0.8767482995784173, "best_epoch": 11, "val_loss": 0.5424594019248987, "train_loss": 0.301410234037866}
{"epoch": 12, "val_accuracy": 0.8798765923566879, "train_accuracy": 0.992258738964162, "f1_macro": 0.8782425490324997, "pre_macro": 0.8803359554925125, "re_macro": 0.8783567696738099, "best_epoch": 12, "val_loss": 0.5344476917177249, "train_loss": 0.2821245897323527}
{"epoch": 13, "val_accuracy": 0.8798765923566879, "train_accuracy": 0.9929236325811832, "f1_macro": 0.87794119262762, "pre_macro": 0.8798799196815297, "re_macro": 0.8781167105622121, "best_epoch": 12, "val_loss": 0.5292874258604778, "train_loss": 0.2699776745222984}
{"epoch": 14, "val_accuracy": 0.8799761146496815, "train_accuracy": 0.9939209730067151, "f1_macro": 0.8780345984593134, "pre_macro": 0.879926374706646, "re_macro": 0.8782569823599651, "best_epoch": 14, "val_loss": 0.525423190965774, "train_loss": 0.2632577124428242}
{"epoch": 15, "val_accuracy": 0.8798765923566879, "train_accuracy": 0.9945858666237365, "f1_macro": 0.8779272234685476, "pre_macro": 0.8798632949137566, "re_macro": 0.8781795085672641, "best_epoch": 14, "val_loss": 0.5218363948118915, "train_loss": 0.2587932199239731}
{"training time": 20.02058243751526}
{"epoch": 1, "val_accuracy": 0.7371616242038217, "train_accuracy": 0.5884783445520604, "f1_macro": 0.72152533716617, "pre_macro": 0.765781014338976, "re_macro": 0.7319959557408453, "best_epoch": 1, "val_loss": 1.5020125838601666, "train_loss": 1.900747834367955}
{"epoch": 2, "val_accuracy": 0.8233479299363057, "train_accuracy": 0.8471694537933837, "f1_macro": 0.8195408269628668, "pre_macro": 0.8324083992764575, "re_macro": 0.8205424182215229, "best_epoch": 2, "val_loss": 1.1197630322662888, "train_loss": 1.2343706615427708}
{"epoch": 3, "val_accuracy": 0.8495222929936306, "train_accuracy": 0.9096694537933837, "f1_macro": 0.8479612228853994, "pre_macro": 0.8525155494046057, "re_macro": 0.8469400115979955, "best_epoch": 3, "val_loss": 0.8865143812386094, "train_loss": 0.8788357947735076}
{"epoch": 4, "val_accuracy": 0.8664410828025477, "train_accuracy": 0.9389247729423198, "f1_macro": 0.8639367447954818, "pre_macro": 0.8672361820475217, "re_macro": 0.8639792836659824, "best_epoch": 4, "val_loss": 0.7510731299971319, "train_loss": 0.6834070162570223}
{"epoch": 5, "val_accuracy": 0.8747014331210191, "train_accuracy": 0.9599639063185834, "f1_macro": 0.8719105173066275, "pre_macro": 0.874559590613261, "re_macro": 0.8720145067983204, "best_epoch": 5, "val_loss": 0.6713286190275933, "train_loss": 0.5493752962731301}
{"epoch": 6, "val_accuracy": 0.8738057324840764, "train_accuracy": 0.9713620835162223, "f1_macro": 0.8712279017671968, "pre_macro": 0.873677665377865, "re_macro": 0.8712987130869433, "best_epoch": 5, "val_loss": 0.6375635691509125, "train_loss": 0.45188496531324185}
{"epoch": 7, "val_accuracy": 0.8755971337579618, "train_accuracy": 0.9792933134322471, "f1_macro": 0.8737537219260381, "pre_macro": 0.8764659535560577, "re_macro": 0.8737353971837403, "best_epoch": 7, "val_loss": 0.592826245886505, "train_loss": 0.3819971870868764}
{"epoch": 8, "val_accuracy": 0.8756966560509554, "train_accuracy": 0.9843275090481373, "f1_macro": 0.8736415051760902, "pre_macro": 0.8769727571851146, "re_macro": 0.8737728615102055, "best_epoch": 8, "val_loss": 0.5703310533693642, "train_loss": 0.3373111663980687}
{"epoch": 9, "val_accuracy": 0.8784832802547771, "train_accuracy": 0.9882693772620343, "f1_macro": 0.8756750618337383, "pre_macro": 0.8785523849781145, "re_macro": 0.8760254931780466, "best_epoch": 9, "val_loss": 0.5524684788694807, "train_loss": 0.3100531151954164}
{"epoch": 10, "val_accuracy": 0.8809713375796179, "train_accuracy": 0.9906439984098394, "f1_macro": 0.8781521075494565, "pre_macro": 0.8807145955253984, "re_macro": 0.8784915966160872, "best_epoch": 10, "val_loss": 0.5389368076612995, "train_loss": 0.2903228497251551}
{"epoch": 11, "val_accuracy": 0.882265127388535, "train_accuracy": 0.9929711260694138, "f1_macro": 0.8796231264069488, "pre_macro": 0.881708600788935, "re_macro": 0.8797742125583081, "best_epoch": 11, "val_loss": 0.527486206524691, "train_loss": 0.2748093234097704}
{"epoch": 12, "val_accuracy": 0.8823646496815286, "train_accuracy": 0.9946808510638298, "f1_macro": 0.8802617540049049, "pre_macro": 0.8819537707965571, "re_macro": 0.8803431435078602, "best_epoch": 12, "val_loss": 0.5201937238312071, "train_loss": 0.2601250793705595}
{"epoch": 13, "val_accuracy": 0.8825636942675159, "train_accuracy": 0.9956781914893617, "f1_macro": 0.8805395188608971, "pre_macro": 0.8822147231481907, "re_macro": 0.8806431699285989, "best_epoch": 13, "val_loss": 0.5163465382377054, "train_loss": 0.25001207850080853}
{"epoch": 14, "val_accuracy": 0.8816679936305732, "train_accuracy": 0.996343085106383, "f1_macro": 0.8796481553301604, "pre_macro": 0.8814880916659495, "re_macro": 0.8797776312015764, "best_epoch": 13, "val_loss": 0.5136044180127466, "train_loss": 0.24388156767855299}
{"epoch": 15, "val_accuracy": 0.8803742038216561, "train_accuracy": 0.9966755319148937, "f1_macro": 0.8782737152342222, "pre_macro": 0.8802761195333172, "re_macro": 0.8784890679814147, "best_epoch": 13,