{"epoch": 1, "val_accuracy": 0.30901671974522293, "train_accuracy": 0.19010416716337203, "f1_macro": 0.23131740504100243, "pre_macro": 0.324779341577846, "re_macro": 0.2971051268657531, "best_epoch": 1, "val_loss": 2.139383727577841, "train_loss": 2.3547421216964723}
{"epoch": 2, "val_accuracy": 0.4632762738853503, "train_accuracy": 0.46354166865348817, "f1_macro": 0.42938521205393004, "pre_macro": 0.50697878232104, "re_macro": 0.4570116493220353, "best_epoch": 2, "val_loss": 1.9661182544793292, "train_loss": 2.050517225265503}
{"epoch": 3, "val_accuracy": 0.5116441082802548, "train_accuracy": 0.6953125, "f1_macro": 0.47178274782828006, "pre_macro": 0.5804111935966517, "re_macro": 0.5024267352818568, "best_epoch": 3, "val_loss": 1.8776701164853042, "train_loss": 1.8430229902267456}
{"epoch": 4, "val_accuracy": 0.570859872611465, "train_accuracy": 0.7, "f1_macro": 0.5391697330326304, "pre_macro": 0.6539396147699394, "re_macro": 0.5588892907586728, "best_epoch": 4, "val_loss": 1.776586657117127, "train_loss": 1.7528410315513612}
{"epoch": 5, "val_accuracy": 0.6331608280254777, "train_accuracy": 0.8270833373069764, "f1_macro": 0.612346723570865, "pre_macro": 0.6744351292026354, "re_macro": 0.6239486829937585, "best_epoch": 5, "val_loss": 1.6928928285647349, "train_loss": 1.6147550821304322}
{"epoch": 6, "val_accuracy": 0.6552547770700637, "train_accuracy": 0.8645833373069763, "f1_macro": 0.6303233500385398, "pre_macro": 0.6909257559769153, "re_macro": 0.6461664233580336, "best_epoch": 6, "val_loss": 1.6211825685136636, "train_loss": 1.4842426776885986}
{"epoch": 7, "val_accuracy": 0.6687898089171974, "train_accuracy": 0.8989583373069763, "f1_macro": 0.6390620809879852, "pre_macro": 0.714150971093672, "re_macro": 0.6587490843459476, "best_epoch": 7, "val_loss": 1.5608095758280176, "train_loss": 1.3647762656211853}
{"epoch": 8, "val_accuracy": 0.6858081210191083, "train_accuracy": 0.9208333373069764, "f1_macro": 0.6658983652687998, "pre_macro": 0.7053278495858561, "re_macro": 0.6776872617078629, "best_epoch": 8, "val_loss": 1.5106874841034033, "train_loss": 1.2502876043319702}
{"epoch": 9, "val_accuracy": 0.695859872611465, "train_accuracy": 0.9348958373069763, "f1_macro": 0.673168680771721, "pre_macro": 0.721349237147051, "re_macro": 0.6870619959616207, "best_epoch": 9, "val_loss": 1.4825167200367921, "train_loss": 1.1739822506904602}
{"epoch": 10, "val_accuracy": 0.7015326433121019, "train_accuracy": 0.9458333373069763, "f1_macro": 0.681747613220671, "pre_macro": 0.7248523696102203, "re_macro": 0.6930339291510712, "best_epoch": 10, "val_loss": 1.461144031233089, "train_loss": 1.1140078902244568}
{"epoch": 11, "val_accuracy": 0.7063097133757962, "train_accuracy": 0.9536458373069763, "f1_macro": 0.6872793762818035, "pre_macro": 0.726807841959819, "re_macro": 0.6982304838501557, "best_epoch": 11, "val_loss": 1.4460102433611632, "train_loss": 1.074506515264511}
{"epoch": 12, "val_accuracy": 0.7097929936305732, "train_accuracy": 0.9583333373069763, "f1_macro": 0.691608247396408, "pre_macro": 0.7306176073621647, "re_macro": 0.7017441617753157, "best_epoch": 12, "val_loss": 1.4350990634055654, "train_loss": 1.042798602581024}
{"epoch": 13, "val_accuracy": 0.7116839171974523, "train_accuracy": 0.9630208373069763, "f1_macro": 0.6936035433754661, "pre_macro": 0.730290156086011, "re_macro": 0.7037260780272441, "best_epoch": 13, "val_loss": 1.4258653456997719, "train_loss": 1.019665426015854}
{"epoch": 14, "val_accuracy": 0.7132762738853503, "train_accuracy": 0.9630208373069763, "f1_macro": 0.6955808140996653, "pre_macro": 0.7319264360202739, "re_macro": 0.7053743637784277, "best_epoch": 14, "val_loss": 1.4190007858215623, "train_loss": 1.001427662372589}
{"epoch": 15, "val_accuracy": 0.714968152866242, "train_accuracy": 0.9677083373069764, "f1_macro": 0.6973562611201214, "pre_macro": 0.7325645329863336, "re_macro": 0.7070901688570694, "best_epoch": 15, "val_loss": 1.413360675429083, "train_loss": 0.9872367858886719}
{"training time": 16.282904386520386}
{"epoch": 1, "val_accuracy": 0.3013535031847134, "train_accuracy": 0.1609375, "f1_macro": 0.24759040639107877, "pre_macro": 0.3260743922865729, "re_macro": 0.2868307868459346, "best_epoch": 1, "val_loss": 2.1226349727363343, "train_loss": 2.3813456296920776}
{"epoch": 2, "val_accuracy": 0.43740047770700635, "train_accuracy": 0.4828125, "f1_macro": 0.3850238229657279, "pre_macro": 0.5567763271909552, "re_macro": 0.42353219610132875, "best_epoch": 2, "val_loss": 1.9752087722158735, "train_loss": 2.074734115600586}
{"epoch": 3, "val_accuracy": 0.49691480891719747, "train_accuracy": 0.6703125, "f1_macro": 0.4628126967085728, "pre_macro": 0.609362558944606, "re_macro": 0.48419377072877356, "best_epoch": 3, "val_loss": 1.9066949885362272, "train_loss": 1.8947989821434021}
{"epoch": 4, "val_accuracy": 0.5869824840764332, "train_accuracy": 0.7151041686534881, "f1_macro": 0.5475033221295178, "pre_macro": 0.6714109224006506, "re_macro": 0.5770605600843164, "best_epoch": 4, "val_loss": 1.7909101164265044, "train_loss": 1.782608413696289}
{"epoch": 5, "val_accuracy": 0.6197253184713376, "train_accuracy": 0.7890625, "f1_macro": 0.5813595189941093, "pre_macro": 0.6748875624230306, "re_macro": 0.6089584128718808, "best_epoch": 5, "val_loss": 1.7229871036140783, "train_loss": 1.624485981464386}
{"epoch": 6, "val_accuracy": 0.6432125796178344, "train_accuracy": 0.8401041686534881, "f1_macro": 0.6015778152975038, "pre_macro": 0.6902607588546459, "re_macro": 0.6323088147361959, "best_epoch": 6, "val_loss": 1.6391075135795934, "train_loss": 1.5085970401763915}
{"epoch": 7, "val_accuracy": 0.6599323248407644, "train_accuracy": 0.8708333373069763, "f1_macro": 0.6282501517028607, "pre_macro": 0.6992330810903693, "re_macro": 0.6505009988795539, "best_epoch": 7, "val_loss": 1.5777246268691532, "train_loss": 1.372390079498291}
{"epoch": 8, "val_accuracy": 0.6734673566878981, "train_accuracy": 0.8927083373069763, "f1_macro": 0.6360048582182491, "pre_macro": 0.7112791190102166, "re_macro": 0.6628072049009809, "best_epoch": 8, "val_loss": 1.534171284384029, "train_loss": 1.2671991825103759}
{"epoch": 9, "val_accuracy": 0.6763535031847133, "train_accuracy": 0.9005208373069763, "f1_macro": 0.6413126210796039, "pre_macro": 0.7115195249814021, "re_macro": 0.6660929240544134, "best_epoch": 9, "val_loss": 1.508325752938629, "train_loss": 1.191237986087799}
{"epoch": 10, "val_accuracy": 0.6798367834394905, "train_accuracy": 0.9145833373069763, "f1_macro": 0.6462315009307125, "pre_macro": 0.7098722921856349, "re_macro": 0.6696483792979724, "best_epoch": 10, "val_loss": 1.489810970178835, "train_loss": 1.1380902528762817}
{"epoch": 11, "val_accuracy": 0.683718152866242, "train_accuracy": 0.9223958373069763, "f1_macro": 0.6511335789420187, "pre_macro": 0.7195587316511367, "re_macro": 0.673668801809282, "best_epoch": 11, "val_loss": 1.475953318510845, "train_loss": 1.0994623303413391}
{"epoch": 12, "val_accuracy": 0.685609076433121, "train_accuracy": 0.9255208373069763, "f1_macro": 0.6538833498691886, "pre_macro": 0.715345907380997, "re_macro": 0.6756426694787043, "best_epoch": 12, "val_loss": 1.4640210008924934, "train_loss": 1.0698562264442444}
{"epoch": 13, "val_accuracy": 0.6881966560509554, "train_accuracy": 0.9302083373069763, "f1_macro": 0.6577967256663673, "pre_macro": 0.7193795554451883, "re_macro": 0.6784110637192399, "best_epoch": 13, "val_loss": 1.4557691865665898, "train_loss": 1.0472930312156676}
{"epoch": 14, "val_accuracy": 0.6903861464968153, "train_accuracy": 0.9359375, "f1_macro": 0.6604934064051784, "pre_macro": 0.7205113694694582, "re_macro": 0.6806066146812589, "best_epoch": 14, "val_loss": 1.4489929015469398, "train_loss": 1.0297053277492523}
{"epoch": 15, "val_accuracy": 0.6923765923566879, "train_accuracy": 0.9421875, "f1_macro": 0.6630115771999621, "pre_macro": 0.7217900304077027, "re_macro": 0.6826928555221883, "best_epoch": 15, "val_loss": 1.4435544796050734,