{"epoch": 1, "val_accuracy": 0.8553941082802548, "train_accuracy": 0.8428844105113636, "f1_macro": 0.85484829770062, "pre_macro": 0.8637546995034364, "re_macro": 0.8542806888276967, "best_epoch": 1, "val_loss": 0.6163035528675006, "train_loss": 0.842915949750353}
{"epoch": 2, "val_accuracy": 0.8829617834394905, "train_accuracy": 0.8924893465909091, "f1_macro": 0.8811366381937253, "pre_macro": 0.8841051129854893, "re_macro": 0.881458199923238, "best_epoch": 2, "val_loss": 0.5344376732968981, "train_loss": 0.6546987948769872}
{"epoch": 3, "val_accuracy": 0.8979896496815286, "train_accuracy": 0.907958984375, "f1_macro": 0.8960707242238664, "pre_macro": 0.8986160933570118, "re_macro": 0.8968240671430955, "best_epoch": 3, "val_loss": 0.4017759400188543, "train_loss": 0.6137075336988677}
{"epoch": 4, "val_accuracy": 0.8976910828025477, "train_accuracy": 0.9181241122159091, "f1_macro": 0.8957471157088609, "pre_macro": 0.8988437894209642, "re_macro": 0.8962607702457153, "best_epoch": 3, "val_loss": 0.39700140457624084, "train_loss": 0.556732826993208}
{"epoch": 5, "val_accuracy": 0.9036624203821656, "train_accuracy": 0.9299538352272727, "f1_macro": 0.9020078602234836, "pre_macro": 0.9028889051303297, "re_macro": 0.9024789015675158, "best_epoch": 5, "val_loss": 0.3774755633655627, "train_loss": 0.49458623182197864}
{"epoch": 6, "val_accuracy": 0.9128184713375797, "train_accuracy": 0.9398082386363636, "f1_macro": 0.9112977833456082, "pre_macro": 0.912105444811308, "re_macro": 0.9113275791698555, "best_epoch": 6, "val_loss": 0.33495994548129426, "train_loss": 0.4528666727498851}
{"epoch": 7, "val_accuracy": 0.919187898089172, "train_accuracy": 0.9486638849431818, "f1_macro": 0.9176592430971515, "pre_macro": 0.9182015933365724, "re_macro": 0.9178919543267001, "best_epoch": 7, "val_loss": 0.30410220891616907, "train_loss": 0.4117694104682993}
{"epoch": 8, "val_accuracy": 0.929140127388535, "train_accuracy": 0.9555220170454546, "f1_macro": 0.9277525292892859, "pre_macro": 0.9278843863815623, "re_macro": 0.9280362848757022, "best_epoch": 8, "val_loss": 0.2654801797192947, "train_loss": 0.3780800309243866}
{"epoch": 9, "val_accuracy": 0.930234872611465, "train_accuracy": 0.9626686789772727, "f1_macro": 0.9288678074189883, "pre_macro": 0.9291548404148298, "re_macro": 0.9290542458564598, "best_epoch": 9, "val_loss": 0.25080119285756236, "train_loss": 0.3465229958211156}
{"epoch": 10, "val_accuracy": 0.9325238853503185, "train_accuracy": 0.9684614701704546, "f1_macro": 0.9312334543039485, "pre_macro": 0.9317129092389431, "re_macro": 0.9313530167373297, "best_epoch": 10, "val_loss": 0.23916792639406623, "train_loss": 0.31932414238425816}
{"epoch": 11, "val_accuracy": 0.9349124203821656, "train_accuracy": 0.9735218394886364, "f1_macro": 0.9337490138418563, "pre_macro": 0.9343870055201708, "re_macro": 0.9338110981326413, "best_epoch": 11, "val_loss": 0.23561651406774095, "train_loss": 0.2969633357980373}
{"epoch": 12, "val_accuracy": 0.9347133757961783, "train_accuracy": 0.9779607599431818, "f1_macro": 0.9335604392954305, "pre_macro": 0.934367214670589, "re_macro": 0.9337179250408552, "best_epoch": 11, "val_loss": 0.23307922673500647, "train_loss": 0.2795670768881047}
{"epoch": 13, "val_accuracy": 0.9391918789808917, "train_accuracy": 0.9813565340909091, "f1_macro": 0.9381502819820312, "pre_macro": 0.9387035271560101, "re_macro": 0.9381782661044518, "best_epoch": 13, "val_loss": 0.21899784911590017, "train_loss": 0.2650442521976815}
{"epoch": 14, "val_accuracy": 0.9424761146496815, "train_accuracy": 0.9839976917613636, "f1_macro": 0.9414448103615449, "pre_macro": 0.9420063430055432, "re_macro": 0.9412958475818073, "best_epoch": 14, "val_loss": 0.20851934882723222, "train_loss": 0.2535224337638779}
{"epoch": 15, "val_accuracy": 0.9427746815286624, "train_accuracy": 0.9860174005681818, "f1_macro": 0.9417655232142668, "pre_macro": 0.9423255546494314, "re_macro": 0.9415936230674733, "best_epoch": 15, "val_loss": 0.2031928262180963, "train_loss": 0.24431582339192656}
{"training time": 103.20831751823425}
{"epoch": 1, "val_accuracy": 0.883359872611465, "train_accuracy": 0.8436834161931818, "f1_macro": 0.8810142262373516, "pre_macro": 0.8841569352384564, "re_macro": 0.8819655283217962, "best_epoch": 1, "val_loss": 0.5061322681273625, "train_loss": 0.8522276532920924}
{"epoch": 2, "val_accuracy": 0.8873407643312102, "train_accuracy": 0.8958629261363636, "f1_macro": 0.8854793620617084, "pre_macro": 0.8892370063802199, "re_macro": 0.8861997742760144, "best_epoch": 2, "val_loss": 0.47633665173676365, "train_loss": 0.6512220392680981}
{"epoch": 3, "val_accuracy": 0.8859474522292994, "train_accuracy": 0.9121537642045454, "f1_macro": 0.8844498119124798, "pre_macro": 0.8885055581801795, "re_macro": 0.8850891836860167, "best_epoch": 2, "val_loss": 0.4743424846678023, "train_loss": 0.6016691827469252}
{"epoch": 4, "val_accuracy": 0.9011743630573248, "train_accuracy": 0.9195445667613636, "f1_macro": 0.8989695069060974, "pre_macro": 0.9012115408144276, "re_macro": 0.8999786665057913, "best_epoch": 4, "val_loss": 0.4070538495471523, "train_loss": 0.5666267286816781}
{"epoch": 5, "val_accuracy": 0.9175955414012739, "train_accuracy": 0.9325062144886364, "f1_macro": 0.9158323860858083, "pre_macro": 0.9167344259156327, "re_macro": 0.9160786456102059, "best_epoch": 5, "val_loss": 0.32681860940851226, "train_loss": 0.49934723003852094}
{"epoch": 6, "val_accuracy": 0.915406050955414, "train_accuracy": 0.9406960227272727, "f1_macro": 0.9137760160785268, "pre_macro": 0.9145244794990349, "re_macro": 0.9136410036778354, "best_epoch": 5, "val_loss": 0.3435942690083935, "train_loss": 0.4609984254295176}
{"epoch": 7, "val_accuracy": 0.9086385350318471, "train_accuracy": 0.9480424360795454, "f1_macro": 0.9070447828517612, "pre_macro": 0.9083076573532882, "re_macro": 0.9071435641349931, "best_epoch": 5, "val_loss": 0.3563929365319052, "train_loss": 0.4285159748132256}
{"epoch": 8, "val_accuracy": 0.9192874203821656, "train_accuracy": 0.9551669034090909, "f1_macro": 0.9182626226603837, "pre_macro": 0.919185421215745, "re_macro": 0.9184920318688435, "best_epoch": 8, "val_loss": 0.31158262166153095, "train_loss": 0.39189543105153873}
{"epoch": 9, "val_accuracy": 0.9292396496815286, "train_accuracy": 0.9613591974431818, "f1_macro": 0.9278582184851747, "pre_macro": 0.9283359813413867, "re_macro": 0.9279367380758279, "best_epoch": 9, "val_loss": 0.26320943419056336, "train_loss": 0.36391208168457856}
{"epoch": 10, "val_accuracy": 0.9340167197452229, "train_accuracy": 0.9671741832386364, "f1_macro": 0.9327564351979885, "pre_macro": 0.9331668729718843, "re_macro": 0.9326448505078109, "best_epoch": 10, "val_loss": 0.24574367144400147, "train_loss": 0.3368091138545424}
{"epoch": 11, "val_accuracy": 0.9338176751592356, "train_accuracy": 0.9719016335227273, "f1_macro": 0.9324667125234847, "pre_macro": 0.9328557702474756, "re_macro": 0.9325269655415076, "best_epoch": 10, "val_loss": 0.2332170711367563, "train_loss": 0.3137274364390495}
{"epoch": 12, "val_accuracy": 0.9374004777070064, "train_accuracy": 0.9761186079545454, "f1_macro": 0.9361100492725234, "pre_macro": 0.9364098548073455, "re_macro": 0.9361367737043915, "best_epoch": 12, "val_loss": 0.22547509286339115, "train_loss": 0.2947488759263334}
{"epoch": 13, "val_accuracy": 0.9390923566878981, "train_accuracy": 0.9790482954545454, "f1_macro": 0.9377719558065996, "pre_macro": 0.9381935303085175, "re_macro": 0.9376538477807058, "best_epoch": 13, "val_loss": 0.21756365743412334, "train_loss": 0.2792662402022291}
{"epoch": 14, "val_accuracy": 0.9388933121019108, "train_accuracy": 0.9817560369318182, "f1_macro": 0.9375780737418339, "pre_macro": 0.9381231800515979, "re_macro": 0.9373966330067001, "best_epoch": 13, "val_loss": 0.2131424856010326, "train_loss": 0.2671464123466814}
{"epoch": 15, "val_accuracy": 0.9400875796178344, "train_accuracy": 0.9834428267045454, "f1_macro": 0.938822453962078, "pre_macro": 0.939199812818338, "re_macro": 0.9387124102712452,