{"epoch": 1, "val_accuracy": 0.7027269108280255, "train_accuracy": 0.5139152737374001, "f1_macro": 0.6665636418056242, "pre_macro": 0.749580674525033, "re_macro": 0.6934416524137232, "best_epoch": 1, "val_loss": 1.4885745800224839, "train_loss": 1.948217587268099}
{"epoch": 2, "val_accuracy": 0.8217555732484076, "train_accuracy": 0.8185790282614688, "f1_macro": 0.8172840372937475, "pre_macro": 0.8321098188081001, "re_macro": 0.8184082874828492, "best_epoch": 2, "val_loss": 1.1121939910445244, "train_loss": 1.2840036280611729}
{"epoch": 3, "val_accuracy": 0.8419585987261147, "train_accuracy": 0.9051101829143281, "f1_macro": 0.8401888038621387, "pre_macro": 0.8446232205114084, "re_macro": 0.8403696752685033, "best_epoch": 3, "val_loss": 0.9625395175757682, "train_loss": 0.9373783621382206}
{"epoch": 4, "val_accuracy": 0.850218949044586, "train_accuracy": 0.9317534198152259, "f1_macro": 0.8470145058525314, "pre_macro": 0.8572556673121324, "re_macro": 0.8466794429919748, "best_epoch": 4, "val_loss": 0.8048047928293799, "train_loss": 0.7431191294751269}
{"epoch": 5, "val_accuracy": 0.86046974522293, "train_accuracy": 0.9497055474748003, "f1_macro": 0.85814302782299, "pre_macro": 0.8662543831132666, "re_macro": 0.8573387541590097, "best_epoch": 5, "val_loss": 0.7264743695972832, "train_loss": 0.6008479690298121}
{"epoch": 6, "val_accuracy": 0.8680334394904459, "train_accuracy": 0.9673252283258641, "f1_macro": 0.8660075523234259, "pre_macro": 0.8690939036769603, "re_macro": 0.8654720370402738, "best_epoch": 6, "val_loss": 0.6454844626651448, "train_loss": 0.4877445272942807}
{"epoch": 7, "val_accuracy": 0.8733081210191083, "train_accuracy": 0.9759688453471407, "f1_macro": 0.8713909217947758, "pre_macro": 0.8734969040346943, "re_macro": 0.8713155872676479, "best_epoch": 7, "val_loss": 0.6129227975371537, "train_loss": 0.4114022603694429}
{"epoch": 8, "val_accuracy": 0.8786823248407644, "train_accuracy": 0.9856098027939492, "f1_macro": 0.8768132184559955, "pre_macro": 0.8781713156775399, "re_macro": 0.8768221499936635, "best_epoch": 8, "val_loss": 0.5833744051729798, "train_loss": 0.36171278484324193}
{"epoch": 9, "val_accuracy": 0.8796775477707006, "train_accuracy": 0.9889817643672862, "f1_macro": 0.8777777180260335, "pre_macro": 0.8788280149831597, "re_macro": 0.8777564581651511, "best_epoch": 9, "val_loss": 0.567846547456304, "train_loss": 0.3306845160240823}
{"epoch": 10, "val_accuracy": 0.8784832802547771, "train_accuracy": 0.9899791047928181, "f1_macro": 0.8765784237885963, "pre_macro": 0.8781144679677817, "re_macro": 0.8766677168725735, "best_epoch": 9, "val_loss": 0.554418202798078, "train_loss": 0.3121734401012989}
{"epoch": 11, "val_accuracy": 0.8794785031847133, "train_accuracy": 0.99097644521835, "f1_macro": 0.8775841103762463, "pre_macro": 0.8796245790102086, "re_macro": 0.8778861057433944, "best_epoch": 9, "val_loss": 0.5424411565445031, "train_loss": 0.2934587731006298}
{"epoch": 12, "val_accuracy": 0.8819665605095541, "train_accuracy": 0.9940159574468085, "f1_macro": 0.8801720587160741, "pre_macro": 0.8820993968965135, "re_macro": 0.8804902898235308, "best_epoch": 12, "val_loss": 0.5314648718021477, "train_loss": 0.27728574358402414}
{"epoch": 13, "val_accuracy": 0.8827627388535032, "train_accuracy": 0.9956781914893617, "f1_macro": 0.8809985356461663, "pre_macro": 0.8830333097393759, "re_macro": 0.8813222056223996, "best_epoch": 13, "val_loss": 0.5260688424300236, "train_loss": 0.2657388835511309}
{"epoch": 14, "val_accuracy": 0.8828622611464968, "train_accuracy": 0.9966755319148937, "f1_macro": 0.8810783848092452, "pre_macro": 0.8831012461141429, "re_macro": 0.8813963618368597, "best_epoch": 14, "val_loss": 0.5223718576940002, "train_loss": 0.2582384639597954}
{"epoch": 15, "val_accuracy": 0.8824641719745223, "train_accuracy": 0.9970079787234043, "f1_macro": 0.8806599095892311, "pre_macro": 0.8829391319341268, "re_macro": 0.880929127761976, "best_epoch": 14, "val_loss": 0.5198394713128448, "train_loss": 0.25331833134306236}
{"training time": 20.34562659263611}
