{"epoch": 1, "val_accuracy": 0.8810708598726115, "train_accuracy": 0.7682845744680851, "f1_macro": 0.8786581068477926, "pre_macro": 0.8830159571201575, "re_macro": 0.8783861645369132, "best_epoch": 1, "val_loss": 0.590258896730508, "train_loss": 1.1792145726528573}
{"epoch": 2, "val_accuracy": 0.8956011146496815, "train_accuracy": 0.9129210994598713, "f1_macro": 0.8923095254507093, "pre_macro": 0.8981561298624865, "re_macro": 0.8923293020192054, "best_epoch": 2, "val_loss": 0.4323993218932182, "train_loss": 0.49450403109509894}
{"epoch": 3, "val_accuracy": 0.9056528662420382, "train_accuracy": 0.9414893617021277, "f1_macro": 0.9034213904637104, "pre_macro": 0.9051420327779534, "re_macro": 0.9035513231050032, "best_epoch": 3, "val_loss": 0.38795771483023456, "train_loss": 0.36412114044453237}
{"epoch": 4, "val_accuracy": 0.8857484076433121, "train_accuracy": 0.964561170212766, "f1_macro": 0.8837332468321355, "pre_macro": 0.8913436490171461, "re_macro": 0.883742493811304, "best_epoch": 3, "val_loss": 0.36621313311966364, "train_loss": 0.29900250168556863}
{"epoch": 5, "val_accuracy": 0.890625, "train_accuracy": 0.9773271276595744, "f1_macro": 0.8888473687573313, "pre_macro": 0.8937880344739548, "re_macro": 0.889905431957587, "best_epoch": 3, "val_loss": 0.35991606977619944, "train_loss": 0.25107958602144365}
{"epoch": 6, "val_accuracy": 0.9036624203821656, "train_accuracy": 0.9882313829787234, "f1_macro": 0.9019871762953094, "pre_macro": 0.9044576986679754, "re_macro": 0.9027441867718793, "best_epoch": 3, "val_loss": 0.3203859097164148, "train_loss": 0.21523274227659753}
{"epoch": 7, "val_accuracy": 0.9208797770700637, "train_accuracy": 0.9938829787234043, "f1_macro": 0.9193434410348755, "pre_macro": 0.920323302519121, "re_macro": 0.9194647178723008, "best_epoch": 7, "val_loss": 0.26971900071592847, "train_loss": 0.18982601007248492}
{"epoch": 8, "val_accuracy": 0.9239649681528662, "train_accuracy": 0.9972074468085106, "f1_macro": 0.9223470127013822, "pre_macro": 0.923523780247544, "re_macro": 0.9222351896452021, "best_epoch": 8, "val_loss": 0.2613793823891764, "train_loss": 0.17177567139584968}
{"epoch": 9, "val_accuracy": 0.9228702229299363, "train_accuracy": 0.9983377659574468, "f1_macro": 0.9211804809600714, "pre_macro": 0.9225381421315454, "re_macro": 0.9210127660465272, "best_epoch": 8, "val_loss": 0.25900956205311854, "train_loss": 0.15948523238618323}
{"epoch": 10, "val_accuracy": 0.9221735668789809, "train_accuracy": 0.9991356382978723, "f1_macro": 0.9206001359193481, "pre_macro": 0.9220059004322698, "re_macro": 0.9204135868756829, "best_epoch": 8, "val_loss": 0.258347473362354, "train_loss": 0.15139121552731127}
{"epoch": 11, "val_accuracy": 0.9215764331210191, "train_accuracy": 0.9995345744680851, "f1_macro": 0.920053390216941, "pre_macro": 0.9213581321830222, "re_macro": 0.9198660074803946, "best_epoch": 8, "val_loss": 0.2562604341062771, "train_loss": 0.14531084299087524}
{"epoch": 12, "val_accuracy": 0.9242635350318471, "train_accuracy": 0.9996010638297872, "f1_macro": 0.9229255615916415, "pre_macro": 0.9239122892783058, "re_macro": 0.92275157167623, "best_epoch": 12, "val_loss": 0.25139560096060776, "train_loss": 0.14072000695035813}
{"epoch": 13, "val_accuracy": 0.9259554140127388, "train_accuracy": 0.9996675531914894, "f1_macro": 0.9246723274844904, "pre_macro": 0.9255219694216479, "re_macro": 0.9245014692819788, "best_epoch": 13, "val_loss": 0.24719910220403202, "train_loss": 0.13707224152823713}
{"epoch": 14, "val_accuracy": 0.927547770700637, "train_accuracy": 0.9998005319148936, "f1_macro": 0.9263548740742005, "pre_macro": 0.9270272164315954, "re_macro": 0.9261902139339551, "best_epoch": 14, "val_loss": 0.24443914969659344, "train_loss": 0.1341129737331512}
{"epoch": 15, "val_accuracy": 0.9279458598726115, "train_accuracy": 0.9999335106382978, "f1_macro": 0.9267836334206588, "pre_macro": 0.9273588020141916, "re_macro": 0.9266380478753804, "best_epoch": 15, "val_loss": 0.24263099446346995, "train_loss": 0.1317242052326811}
{"training time": 42.7913179397583}
{"epoch": 1, "val_accuracy": 0.8861464968152867, "train_accuracy": 0.7774822696726373, "f1_macro": 0.8841846886883198, "pre_macro": 0.8880779612640188, "re_macro": 0.8836604464574727, "best_epoch": 1, "val_loss": 0.6079856155404619, "train_loss": 1.1381213439271805}
{"epoch": 2, "val_accuracy": 0.9067476114649682, "train_accuracy": 0.9142952127659575, "f1_macro": 0.90467813616789, "pre_macro": 0.90733318199541, "re_macro": 0.905107910847752, "best_epoch": 2, "val_loss": 0.39845158847843765, "train_loss": 0.4955986942382569}
{"epoch": 3, "val_accuracy": 0.9092356687898089, "train_accuracy": 0.9434840425531915, "f1_macro": 0.9074943920906551, "pre_macro": 0.9092220397965793, "re_macro": 0.9079358009253984, "best_epoch": 3, "val_loss": 0.36629837362249945, "train_loss": 0.3745349812380811}
{"epoch": 4, "val_accuracy": 0.9077428343949044, "train_accuracy": 0.9607712765957447, "f1_macro": 0.9059755677014556, "pre_macro": 0.9082465194146045, "re_macro": 0.9065948965992897, "best_epoch": 3, "val_loss": 0.3412770009629286, "train_loss": 0.3121850898925294}
{"epoch": 5, "val_accuracy": 0.9109275477707006, "train_accuracy": 0.9738696808510638, "f1_macro": 0.9094175730531686, "pre_macro": 0.9109428422587416, "re_macro": 0.9101743764980608, "best_epoch": 5, "val_loss": 0.3056649136220574, "train_loss": 0.26922952412290774}
{"epoch": 6, "val_accuracy": 0.9216759554140127, "train_accuracy": 0.9840425531914894, "f1_macro": 0.9199882881425847, "pre_macro": 0.9207596106974, "re_macro": 0.9205431551347747, "best_epoch": 6, "val_loss": 0.2693056963075688, "train_loss": 0.2319219393933073}
{"epoch": 7, "val_accuracy": 0.9247611464968153, "train_accuracy": 0.9925531914893617, "f1_macro": 0.9229671310357113, "pre_macro": 0.9234167102071517, "re_macro": 0.9229600682514713, "best_epoch": 7, "val_loss": 0.2543127802170955, "train_loss": 0.2007714218915777}
{"epoch": 8, "val_accuracy": 0.9228702229299363, "train_accuracy": 0.9966090425531915, "f1_macro": 0.9208743860788507, "pre_macro": 0.9224968942069836, "re_macro": 0.9206950915854459, "best_epoch": 7, "val_loss": 0.26006891411153754, "train_loss": 0.17945131551712118}
{"epoch": 9, "val_accuracy": 0.9240644904458599, "train_accuracy": 0.9987367021276595, "f1_macro": 0.9220901851162292, "pre_macro": 0.9235424870145655, "re_macro": 0.9219242693604451, "best_epoch": 7, "val_loss": 0.25435982966071863, "train_loss": 0.16546269046499373}
{"epoch": 10, "val_accuracy": 0.925656847133758, "train_accuracy": 0.9992021276595745, "f1_macro": 0.9238928624751193, "pre_macro": 0.924753163776099, "re_macro": 0.9237586466738676, "best_epoch": 10, "val_loss": 0.24640803828028737, "train_loss": 0.15673568622863038}
{"epoch": 11, "val_accuracy": 0.9271496815286624, "train_accuracy": 0.9994015957446809, "f1_macro": 0.9255017541585973, "pre_macro": 0.9260692623894455, "re_macro": 0.9254008211828129, "best_epoch": 11, "val_loss": 0.2421924955786983, "train_loss": 0.15063035963697635}
{"epoch": 12, "val_accuracy": 0.9277468152866242, "train_accuracy": 0.9996675531914894, "f1_macro": 0.9261677745819876, "pre_macro": 0.9265453944012009, "re_macro": 0.9261216657371527, "best_epoch": 12, "val_loss": 0.23943887790368432, "train_loss": 0.14601519519978381}
{"epoch": 13, "val_accuracy": 0.9287420382165605, "train_accuracy": 0.9997340425531915, "f1_macro": 0.9272130903424733, "pre_macro": 0.9274934356085731, "re_macro": 0.9271807401623351, "best_epoch": 13, "val_loss": 0.23745974038792833, "train_loss": 0.14236867916076743}
{"epoch": 14, "val_accuracy": 0.9285429936305732, "train_accuracy": 0.9998005319148936, "f1_macro": 0.9270218890872979, "pre_macro": 0.9272352022036122, "re_macro": 0.9270037773250923, "best_epoch": 13, "val_loss": 0.23564765582774666, "train_loss": 0.13942395255286644}
{"epoch": 15, "val_accuracy": 0.9294386942675159, "train_accuracy": 0.9998005319148936, "f1_macro": 0.9279266356930819, "pre_macro": 0.9281025005240229, "re_macro": 0.9279226980996356,