{"epoch": 1, "val_accuracy": 0.9107285031847133, "train_accuracy": 0.8588423295454546, "f1_macro": 0.9092487053847578, "pre_macro": 0.9113242962357273, "re_macro": 0.9101314249506304, "best_epoch": 1, "val_loss": 0.32822903350090527, "train_loss": 0.7233759404837408}
{"epoch": 2, "val_accuracy": 0.9253582802547771, "train_accuracy": 0.9314408735795454, "f1_macro": 0.9240171150364593, "pre_macro": 0.9250995316347952, "re_macro": 0.9241788995167195, "best_epoch": 2, "val_loss": 0.2744722797232828, "train_loss": 0.4044306836598976}
{"epoch": 3, "val_accuracy": 0.9278463375796179, "train_accuracy": 0.9575639204545454, "f1_macro": 0.9269170589691098, "pre_macro": 0.9283819118347806, "re_macro": 0.927071290389938, "best_epoch": 3, "val_loss": 0.2434515286545465, "train_loss": 0.3163042161613703}
{"epoch": 4, "val_accuracy": 0.9343152866242038, "train_accuracy": 0.9752086292613636, "f1_macro": 0.9334881374049413, "pre_macro": 0.934227555937141, "re_macro": 0.9336072012147133, "best_epoch": 4, "val_loss": 0.21484109094947768, "train_loss": 0.2589839701964097}
{"epoch": 5, "val_accuracy": 0.9372014331210191, "train_accuracy": 0.9859286221590909, "f1_macro": 0.9361408563016361, "pre_macro": 0.9369450674625084, "re_macro": 0.9363312813140142, "best_epoch": 5, "val_loss": 0.21099397713899803, "train_loss": 0.21690351257778026}
{"epoch": 6, "val_accuracy": 0.9421775477707006, "train_accuracy": 0.9931196732954546, "f1_macro": 0.9412760493210774, "pre_macro": 0.9416832000482886, "re_macro": 0.941371797674034, "best_epoch": 6, "val_loss": 0.19219422196838887, "train_loss": 0.18640836360017685}
{"epoch": 7, "val_accuracy": 0.9438694267515924, "train_accuracy": 0.9963156960227273, "f1_macro": 0.9428659050211458, "pre_macro": 0.9432947562498469, "re_macro": 0.9428350533451422, "best_epoch": 7, "val_loss": 0.18200443406844405, "train_loss": 0.1646880913441154}
{"epoch": 8, "val_accuracy": 0.9480493630573248, "train_accuracy": 0.9983797940340909, "f1_macro": 0.9472045526868674, "pre_macro": 0.9476346281419528, "re_macro": 0.9471050420511888, "best_epoch": 8, "val_loss": 0.1734086362123015, "train_loss": 0.1484548166309568}
{"epoch": 9, "val_accuracy": 0.9498407643312102, "train_accuracy": 0.9991787997159091, "f1_macro": 0.9490412380458363, "pre_macro": 0.9494372669597425, "re_macro": 0.9489341634548522, "best_epoch": 9, "val_loss": 0.16682063380647807, "train_loss": 0.1362983098422939}
{"epoch": 10, "val_accuracy": 0.9517316878980892, "train_accuracy": 0.9996226917613636, "f1_macro": 0.9509410631216172, "pre_macro": 0.9513389936024781, "re_macro": 0.9507858188640872, "best_epoch": 10, "val_loss": 0.16308458247607585, "train_loss": 0.12729811000595379}
{"epoch": 11, "val_accuracy": 0.9525278662420382, "train_accuracy": 0.9997336647727273, "f1_macro": 0.9517566500160293, "pre_macro": 0.9521447840819721, "re_macro": 0.9515804896093762, "best_epoch": 11, "val_loss": 0.1601800574078729, "train_loss": 0.12047297339251434}
{"epoch": 12, "val_accuracy": 0.9533240445859873, "train_accuracy": 0.9998002485795454, "f1_macro": 0.9525090264546042, "pre_macro": 0.9528272014873279, "re_macro": 0.9523730440662348, "best_epoch": 12, "val_loss": 0.15779590832401708, "train_loss": 0.11516243548513475}
{"epoch": 13, "val_accuracy": 0.95421974522293, "train_accuracy": 0.9998002485795454, "f1_macro": 0.9534222829681497, "pre_macro": 0.9536101195685948, "re_macro": 0.9533629697504684, "best_epoch": 13, "val_loss": 0.15584082377386416, "train_loss": 0.11096121965568852}
{"epoch": 14, "val_accuracy": 0.9545183121019108, "train_accuracy": 0.9998446377840909, "f1_macro": 0.9537089384409496, "pre_macro": 0.9538487064854724, "re_macro": 0.9536993373667253, "best_epoch": 14, "val_loss": 0.15429164194294318, "train_loss": 0.10760497746311805}
{"epoch": 15, "val_accuracy": 0.9543192675159236, "train_accuracy": 0.9999112215909091, "f1_macro": 0.9535230707118805, "pre_macro": 0.9536379901310552, "re_macro": 0.9535355786743521, "best_epoch": 14, "val_loss": 0.15292256704685842, "train_loss": 0.10491291642062027}
{"training time": 105.19066858291626}
{"epoch": 1, "val_accuracy": 0.9104299363057324, "train_accuracy": 0.8610174005681818, "f1_macro": 0.9091362074570611, "pre_macro": 0.910962103985957, "re_macro": 0.909804876632926, "best_epoch": 1, "val_loss": 0.34091076667711234, "train_loss": 0.7196707123975185}
{"epoch": 2, "val_accuracy": 0.9149084394904459, "train_accuracy": 0.9304865056818182, "f1_macro": 0.9138676161908279, "pre_macro": 0.916675329883547, "re_macro": 0.9142054640026916, "best_epoch": 2, "val_loss": 0.3012649234692762, "train_loss": 0.40868908348916605}
{"epoch": 3, "val_accuracy": 0.9240644904458599, "train_accuracy": 0.9552112926136364, "f1_macro": 0.9228450467187296, "pre_macro": 0.9249398747602502, "re_macro": 0.9224844892691408, "best_epoch": 3, "val_loss": 0.26084803906121073, "train_loss": 0.3271132546731017}
{"epoch": 4, "val_accuracy": 0.9383957006369427, "train_accuracy": 0.9716131036931818, "f1_macro": 0.9373455608594249, "pre_macro": 0.9379341884737364, "re_macro": 0.9374185409139659, "best_epoch": 4, "val_loss": 0.21195386920219203, "train_loss": 0.2687361100053584}
{"epoch": 5, "val_accuracy": 0.9398885350318471, "train_accuracy": 0.9832430752840909, "f1_macro": 0.9387784195448651, "pre_macro": 0.9396962002382695, "re_macro": 0.9389000910925727, "best_epoch": 5, "val_loss": 0.20385473768470014, "train_loss": 0.22747163491492922}
{"epoch": 6, "val_accuracy": 0.9423765923566879, "train_accuracy": 0.9913219105113636, "f1_macro": 0.941660242693348, "pre_macro": 0.9421550633899773, "re_macro": 0.9418276495508001, "best_epoch": 6, "val_loss": 0.19287883546677934, "train_loss": 0.19522393001666802}
{"epoch": 7, "val_accuracy": 0.9469546178343949, "train_accuracy": 0.99560546875, "f1_macro": 0.9463587284159292, "pre_macro": 0.9465989186465056, "re_macro": 0.9465048256523791, "best_epoch": 7, "val_loss": 0.18243960464954567, "train_loss": 0.17205341593150728}
{"epoch": 8, "val_accuracy": 0.9495421974522293, "train_accuracy": 0.9979137073863636, "f1_macro": 0.9486696047190977, "pre_macro": 0.9488510910311124, "re_macro": 0.9487734397014158, "best_epoch": 8, "val_loss": 0.1737560000994308, "train_loss": 0.1554699095114219}
{"epoch": 9, "val_accuracy": 0.9508359872611465, "train_accuracy": 0.9989124644886364, "f1_macro": 0.9499565888534975, "pre_macro": 0.9501021707198115, "re_macro": 0.9499820175093859, "best_epoch": 9, "val_loss": 0.16722431648700575, "train_loss": 0.14262768663254313}
{"epoch": 10, "val_accuracy": 0.9516321656050956, "train_accuracy": 0.99951171875, "f1_macro": 0.9507688745957982, "pre_macro": 0.9510042828567065, "re_macro": 0.9506817098144366, "best_epoch": 10, "val_loss": 0.1633317443026099, "train_loss": 0.13290661056949335}
{"epoch": 11, "val_accuracy": 0.9521297770700637, "train_accuracy": 0.9997336647727273, "f1_macro": 0.951302347849896, "pre_macro": 0.9515843568727762, "re_macro": 0.9511795591027568, "best_epoch": 11, "val_loss": 0.1606765976694715, "train_loss": 0.1256071286995641}
{"epoch": 12, "val_accuracy": 0.9537221337579618, "train_accuracy": 0.999755859375, "f1_macro": 0.9529146510957729, "pre_macro": 0.9531949175352059, "re_macro": 0.9527937477948134, "best_epoch": 12, "val_loss": 0.1582834191033083, "train_loss": 0.11990313052030449}
{"epoch": 13, "val_accuracy": 0.9535230891719745, "train_accuracy": 0.9998224431818182, "f1_macro": 0.9527430442312476, "pre_macro": 0.9530123317589799, "re_macro": 0.9526239445242146, "best_epoch": 12, "val_loss": 0.1560346926547658, "train_loss": 0.11537955728867515}
{"epoch": 14, "val_accuracy": 0.9547173566878981, "train_accuracy": 0.9998890269886364, "f1_macro": 0.9539622152941567, "pre_macro": 0.9542150659536386, "re_macro": 0.9538541596710861, "best_epoch": 14, "val_loss": 0.15416673411449097, "train_loss": 0.11177658494985239}
{"epoch": 15, "val_accuracy": 0.9551154458598726, "train_accuracy": 0.9998890269886364, "f1_macro": 0.9543552529256141, "pre_macro": 0.9545853045901735, "re_macro": 0.954254629993103,