{"epoch": 1, "val_accuracy": 0.7474124203821656, "train_accuracy": 0.476206307715558, "f1_macro": 0.735575004509142, "pre_macro": 0.7730046955167946, "re_macro": 0.7413686703608675, "best_epoch": 1, "val_loss": 1.5131979785907042, "train_loss": 1.994980700472568}
{"epoch": 2, "val_accuracy": 0.8210589171974523, "train_accuracy": 0.8321143629703116, "f1_macro": 0.8169001274124362, "pre_macro": 0.833933197272812, "re_macro": 0.8164078535163444, "best_epoch": 2, "val_loss": 1.1186033642975388, "train_loss": 1.3003873140253919}
{"epoch": 3, "val_accuracy": 0.8477308917197452, "train_accuracy": 0.8987462013325793, "f1_macro": 0.8467121669643806, "pre_macro": 0.8542527099959365, "re_macro": 0.8448045771943461, "best_epoch": 3, "val_loss": 0.897556424900225, "train_loss": 0.9359643129592247}
{"epoch": 4, "val_accuracy": 0.8590764331210191, "train_accuracy": 0.928333967290026, "f1_macro": 0.8569244810559246, "pre_macro": 0.862871321200028, "re_macro": 0.8560769113306964, "best_epoch": 4, "val_loss": 0.7749390725497227, "train_loss": 0.7239431130125168}
{"epoch": 5, "val_accuracy": 0.8755971337579618, "train_accuracy": 0.9473309275951791, "f1_macro": 0.8736441036431977, "pre_macro": 0.8758701448706366, "re_macro": 0.8733047877635416, "best_epoch": 5, "val_loss": 0.6508596761591116, "train_loss": 0.5665256983422219}
{"epoch": 6, "val_accuracy": 0.8783837579617835, "train_accuracy": 0.9682750765313494, "f1_macro": 0.8762376296145951, "pre_macro": 0.8777590706803338, "re_macro": 0.8762176873029939, "best_epoch": 6, "val_loss": 0.6085262362174927, "train_loss": 0.4526294228878427}
{"epoch": 7, "val_accuracy": 0.8799761146496815, "train_accuracy": 0.9772511403611366, "f1_macro": 0.8783057485867578, "pre_macro": 0.8800588233249824, "re_macro": 0.8781042698900468, "best_epoch": 7, "val_loss": 0.5709342703128316, "train_loss": 0.38569041198872506}
{"epoch": 8, "val_accuracy": 0.8789808917197452, "train_accuracy": 0.9826177815173535, "f1_macro": 0.8769934453694136, "pre_macro": 0.878928135700679, "re_macro": 0.8772714572363306, "best_epoch": 7, "val_loss": 0.5579034618701145, "train_loss": 0.3448538919712635}
{"epoch": 9, "val_accuracy": 0.8803742038216561, "train_accuracy": 0.9846599558566479, "f1_macro": 0.8784907627532743, "pre_macro": 0.8800603730182139, "re_macro": 0.878678447545072, "best_epoch": 9, "val_loss": 0.5355769929232871, "train_loss": 0.3184862070261164}
{"epoch": 10, "val_accuracy": 0.8847531847133758, "train_accuracy": 0.9883168707502649, "f1_macro": 0.8826834892871785, "pre_macro": 0.883776495409022, "re_macro": 0.8827601652041818, "best_epoch": 10, "val_loss": 0.5157683508790982, "train_loss": 0.2949918736802771}
{"epoch": 11, "val_accuracy": 0.8846536624203821, "train_accuracy": 0.9899791047928181, "f1_macro": 0.882871247827706, "pre_macro": 0.8838481637024124, "re_macro": 0.8828778408395523, "best_epoch": 10, "val_loss": 0.5043400186262313, "train_loss": 0.2729382426180738}
{"epoch": 12, "val_accuracy": 0.8847531847133758, "train_accuracy": 0.9929711260694138, "f1_macro": 0.8830080284329623, "pre_macro": 0.8841789920158515, "re_macro": 0.8830208598128104, "best_epoch": 10, "val_loss": 0.4986581007006821, "train_loss": 0.25752358487311827}
{"epoch": 13, "val_accuracy": 0.8848527070063694, "train_accuracy": 0.9943009133034564, "f1_macro": 0.8827846181497888, "pre_macro": 0.8841744113745935, "re_macro": 0.8828228694257179, "best_epoch": 13, "val_loss": 0.4953810791870591, "train_loss": 0.24784887027233204}
{"epoch": 14, "val_accuracy": 0.8837579617834395, "train_accuracy": 0.9943009133034564, "f1_macro": 0.8816467614420802, "pre_macro": 0.8832934945814062, "re_macro": 0.8817374730716102, "best_epoch": 13, "val_loss": 0.4927146498374878, "train_loss": 0.2413990411986696}
{"epoch": 15, "val_accuracy": 0.8824641719745223, "train_accuracy": 0.9952982537289883, "f1_macro": 0.8802628028946892, "pre_macro": 0.8822167915123946, "re_macro": 0.8804125016645126, "best_epoch": 13, "val_loss": 0.490525817320605, "train_loss": 0.2368513875185175}
{"training time": 18.86770796775818}
{"epoch": 1, "val_accuracy": 0.724422770700637, "train_accuracy": 0.5055566113045875, "f1_macro": 0.7074480053540414, "pre_macro": 0.7478173071997987, "re_macro": 0.7181400141510696, "best_epoch": 1, "val_loss": 1.5456851819518265, "train_loss": 1.9748442502731973}
{"epoch": 2, "val_accuracy": 0.7843351910828026, "train_accuracy": 0.8077507602407578, "f1_macro": 0.7737992496680272, "pre_macro": 0.7893691458095601, "re_macro": 0.778836387622148, "best_epoch": 2, "val_loss": 1.1892273779128009, "train_loss": 1.3685845948280173}
{"epoch": 3, "val_accuracy": 0.8267316878980892, "train_accuracy": 0.879084347410405, "f1_macro": 0.8220998865621715, "pre_macro": 0.8353231043349254, "re_macro": 0.8226645138405845, "best_epoch": 3, "val_loss": 0.9551763515563527, "train_loss": 1.0066812634468079}
{"epoch": 4, "val_accuracy": 0.8581807324840764, "train_accuracy": 0.9183605630347069, "f1_macro": 0.8562986315338522, "pre_macro": 0.8599941950944274, "re_macro": 0.8561487609314928, "best_epoch": 4, "val_loss": 0.813331669493086, "train_loss": 0.7841176948648818}
{"epoch": 5, "val_accuracy": 0.8581807324840764, "train_accuracy": 0.945383738964162, "f1_macro": 0.8560920186651588, "pre_macro": 0.8593830488835339, "re_macro": 0.8556286225835297, "best_epoch": 4, "val_loss": 0.7282198261303506, "train_loss": 0.6238628575142394}
{"epoch": 6, "val_accuracy": 0.8661425159235668, "train_accuracy": 0.9579692254675195, "f1_macro": 0.8647888853603278, "pre_macro": 0.8670211177926801, "re_macro": 0.8647595184698676, "best_epoch": 6, "val_loss": 0.6700127324101272, "train_loss": 0.5190327731852836}
{"epoch": 7, "val_accuracy": 0.8669386942675159, "train_accuracy": 0.9725968850419876, "f1_macro": 0.8650013174560518, "pre_macro": 0.8676394784856306, "re_macro": 0.8650035035083057, "best_epoch": 7, "val_loss": 0.6260088913759608, "train_loss": 0.4404920155697681}
{"epoch": 8, "val_accuracy": 0.8668391719745223, "train_accuracy": 0.9792933134322471, "f1_macro": 0.8647154736683019, "pre_macro": 0.8680122393620572, "re_macro": 0.8648429734144754, "best_epoch": 7, "val_loss": 0.6031350797149027, "train_loss": 0.38630663968147116}
{"epoch": 9, "val_accuracy": 0.8681329617834395, "train_accuracy": 0.9846124623684173, "f1_macro": 0.865997704509412, "pre_macro": 0.868756469901145, "re_macro": 0.8660892012501836, "best_epoch": 9, "val_loss": 0.5848244533037684, "train_loss": 0.35447454515923843}
{"epoch": 10, "val_accuracy": 0.872312898089172, "train_accuracy": 0.9876044836450131, "f1_macro": 0.8699869208533493, "pre_macro": 0.8721213268739956, "re_macro": 0.8699908070384055, "best_epoch": 10, "val_loss": 0.5697429723041073, "train_loss": 0.33252670726877576}
{"epoch": 11, "val_accuracy": 0.8732085987261147, "train_accuracy": 0.9882693772620343, "f1_macro": 0.8709795338868942, "pre_macro": 0.8726937634626435, "re_macro": 0.870782875210973, "best_epoch": 11, "val_loss": 0.5559365971452871, "train_loss": 0.314216581430841}
{"epoch": 12, "val_accuracy": 0.8734076433121019, "train_accuracy": 0.9903115516013288, "f1_macro": 0.8715405395312276, "pre_macro": 0.8730095006598388, "re_macro": 0.8713723195349875, "best_epoch": 12, "val_loss": 0.5456834783789458, "train_loss": 0.29756729495018086}
{"epoch": 13, "val_accuracy": 0.8750995222929936, "train_accuracy": 0.9923062324523926, "f1_macro": 0.8732642134314862, "pre_macro": 0.8747268820937665, "re_macro": 0.8732098470721874, "best_epoch": 13, "val_loss": 0.5405136562266927, "train_loss": 0.2852804587876543}
{"epoch": 14, "val_accuracy": 0.8741042993630573, "train_accuracy": 0.9936835106382979, "f1_macro": 0.8722987914696013, "pre_macro": 0.8738632067964687, "re_macro": 0.8722895437101025, "best_epoch": 13, "val_loss": 0.5371225997331036, "train_loss": 0.2770985631232566}
{"epoch": 15, "val_accuracy": 0.8743033439490446, "train_accuracy": 0.9936835106382979, "f1_macro": 0.8725123998660868, "pre_macro": 0.8743054438039121, "re_macro": 0.872521253070837, "best_epoch": 13,