{"epoch": 1, "val_accuracy": 0.9250597133757962, "train_accuracy": 0.8713352878464818, "f1_macro": 0.9239269883717951, "pre_macro": 0.9248552877415659, "re_macro": 0.9238484670670626, "best_epoch": 1, "val_loss": 0.27927709399325074, "train_loss": 0.6784788436536342}
{"epoch": 2, "val_accuracy": 0.9311305732484076, "train_accuracy": 0.9357675906183369, "f1_macro": 0.9301489586330879, "pre_macro": 0.9312631330104922, "re_macro": 0.9302208946162149, "best_epoch": 2, "val_loss": 0.25099304536725303, "train_loss": 0.3911438347624817}
{"epoch": 3, "val_accuracy": 0.9331210191082803, "train_accuracy": 0.9572228144989339, "f1_macro": 0.9323322492795713, "pre_macro": 0.9338080575836045, "re_macro": 0.9323304699596399, "best_epoch": 3, "val_loss": 0.2342944061917484, "train_loss": 0.3134833206372983}
{"epoch": 4, "val_accuracy": 0.945859872611465, "train_accuracy": 0.9715651652452025, "f1_macro": 0.9453186890885428, "pre_macro": 0.9456411561677879, "re_macro": 0.9452378072839096, "best_epoch": 4, "val_loss": 0.1872413684465703, "train_loss": 0.26047879382809086}
{"epoch": 5, "val_accuracy": 0.9515326433121019, "train_accuracy": 0.9833755330490405, "f1_macro": 0.9510380898803452, "pre_macro": 0.951097641973355, "re_macro": 0.9511788443978068, "best_epoch": 5, "val_loss": 0.16857822437230854, "train_loss": 0.2193745167048247}
{"epoch": 6, "val_accuracy": 0.9528264331210191, "train_accuracy": 0.9908881929637526, "f1_macro": 0.9520367798573275, "pre_macro": 0.9520958255436269, "re_macro": 0.9522268212422883, "best_epoch": 6, "val_loss": 0.1606305629714944, "train_loss": 0.18766519956306607}
{"epoch": 7, "val_accuracy": 0.9549164012738853, "train_accuracy": 0.9954524253731343, "f1_macro": 0.9541549319742509, "pre_macro": 0.9541737291951481, "re_macro": 0.9542676844273904, "best_epoch": 7, "val_loss": 0.15728226706243245, "train_loss": 0.16532390050764786}
{"epoch": 8, "val_accuracy": 0.9556130573248408, "train_accuracy": 0.9978344882729211, "f1_macro": 0.9548209467159999, "pre_macro": 0.9548431963814149, "re_macro": 0.9549397738261506, "best_epoch": 8, "val_loss": 0.15585217002933477, "train_loss": 0.1496519723823711}
{"epoch": 9, "val_accuracy": 0.9553144904458599, "train_accuracy": 0.9986507196162047, "f1_macro": 0.9545062178265507, "pre_macro": 0.954538857885767, "re_macro": 0.9546090310263862, "best_epoch": 8, "val_loss": 0.15404632773285934, "train_loss": 0.13779373043603987}
{"epoch": 10, "val_accuracy": 0.9557125796178344, "train_accuracy": 0.9991337953091685, "f1_macro": 0.9549063802605406, "pre_macro": 0.9550169212211175, "re_macro": 0.9549389346847438, "best_epoch": 10, "val_loss": 0.15149826766733246, "train_loss": 0.1287930110957958}
{"epoch": 11, "val_accuracy": 0.9561106687898089, "train_accuracy": 0.9995502398720683, "f1_macro": 0.955319009972863, "pre_macro": 0.9554354943453323, "re_macro": 0.9553344628961119, "best_epoch": 11, "val_loss": 0.1490759301224759, "train_loss": 0.12190477122693683}
{"epoch": 12, "val_accuracy": 0.9571058917197452, "train_accuracy": 0.9997334754797441, "f1_macro": 0.9563314223158594, "pre_macro": 0.9564653471215253, "re_macro": 0.9563482753345426, "best_epoch": 12, "val_loss": 0.14704886315224372, "train_loss": 0.11656114029318793}
{"epoch": 13, "val_accuracy": 0.9572054140127388, "train_accuracy": 0.9997667910447762, "f1_macro": 0.9564049746064253, "pre_macro": 0.956606336014409, "re_macro": 0.9563552833352565, "best_epoch": 13, "val_loss": 0.14546987952539922, "train_loss": 0.11235625771031196}
{"epoch": 14, "val_accuracy": 0.9576035031847133, "train_accuracy": 0.9998167643923241, "f1_macro": 0.9568032369032222, "pre_macro": 0.956971286665245, "re_macro": 0.956768401165521, "best_epoch": 14, "val_loss": 0.14420658161798433, "train_loss": 0.10904668148424325}
{"epoch": 15, "val_accuracy": 0.9590963375796179, "train_accuracy": 0.9998500799573561, "f1_macro": 0.9583440176254067, "pre_macro": 0.9585147305820808, "re_macro": 0.9582859657246235, "best_epoch": 15, "val_loss": 0.14326924640109917, "train_loss": 0.1064458668374939}
{"training time": 137.42953753471375}
{"epoch": 1, "val_accuracy": 0.9170979299363057, "train_accuracy": 0.8727178837953091, "f1_macro": 0.9155593108854989, "pre_macro": 0.9178372173649769, "re_macro": 0.9151164931084678, "best_epoch": 1, "val_loss": 0.30768791244477983, "train_loss": 0.6641967777949153}
{"epoch": 2, "val_accuracy": 0.9284434713375797, "train_accuracy": 0.9347514658848614, "f1_macro": 0.9271895361937968, "pre_macro": 0.9285406951053344, "re_macro": 0.9269190795332538, "best_epoch": 2, "val_loss": 0.2513757043393554, "train_loss": 0.39168117832400395}
{"epoch": 3, "val_accuracy": 0.9339171974522293, "train_accuracy": 0.957106210021322, "f1_macro": 0.9330087613099632, "pre_macro": 0.9343122977599275, "re_macro": 0.9329221782703602, "best_epoch": 3, "val_loss": 0.23190521702739844, "train_loss": 0.30906252574119997}
{"epoch": 4, "val_accuracy": 0.9428742038216561, "train_accuracy": 0.9722647921108742, "f1_macro": 0.9418505717640204, "pre_macro": 0.9424009357576457, "re_macro": 0.9418193749204505, "best_epoch": 4, "val_loss": 0.19586587977850703, "train_loss": 0.25442531771624266}
{"epoch": 5, "val_accuracy": 0.9465565286624203, "train_accuracy": 0.9846581823027718, "f1_macro": 0.9456888163796657, "pre_macro": 0.946005104094891, "re_macro": 0.945801725201677, "best_epoch": 5, "val_loss": 0.17740082451895733, "train_loss": 0.21101098277294306}
{"epoch": 6, "val_accuracy": 0.9482484076433121, "train_accuracy": 0.992304104477612, "f1_macro": 0.9474164818047915, "pre_macro": 0.9476942264048173, "re_macro": 0.9475420435564708, "best_epoch": 6, "val_loss": 0.16943293214318858, "train_loss": 0.1811712927846258}
{"epoch": 7, "val_accuracy": 0.9511345541401274, "train_accuracy": 0.9957689232409381, "f1_macro": 0.950412756230093, "pre_macro": 0.9507427249197671, "re_macro": 0.9504069800127383, "best_epoch": 7, "val_loss": 0.163218744855469, "train_loss": 0.16023392104772108}
{"epoch": 8, "val_accuracy": 0.9521297770700637, "train_accuracy": 0.9978011727078892, "f1_macro": 0.9514204002745199, "pre_macro": 0.9517363208808269, "re_macro": 0.9514618059856847, "best_epoch": 8, "val_loss": 0.15894376678143146, "train_loss": 0.1448020081101323}
{"epoch": 9, "val_accuracy": 0.9527269108280255, "train_accuracy": 0.9987173507462687, "f1_macro": 0.9520161805234892, "pre_macro": 0.9522112178958176, "re_macro": 0.9521618568557052, "best_epoch": 9, "val_loss": 0.15592710604701357, "train_loss": 0.13300863668513196}
{"epoch": 10, "val_accuracy": 0.9544187898089171, "train_accuracy": 0.9992004264392325, "f1_macro": 0.9537297787664125, "pre_macro": 0.953910940592824, "re_macro": 0.9538269408248332, "best_epoch": 10, "val_loss": 0.15142600799489553, "train_loss": 0.12405643060104425}
{"epoch": 11, "val_accuracy": 0.955812101910828, "train_accuracy": 0.9994836087420043, "f1_macro": 0.9551510518050375, "pre_macro": 0.9553648385077078, "re_macro": 0.9551454342909658, "best_epoch": 11, "val_loss": 0.14638606806517027, "train_loss": 0.11727094387353611}
{"epoch": 12, "val_accuracy": 0.9571058917197452, "train_accuracy": 0.9996168710021321, "f1_macro": 0.9564855219191823, "pre_macro": 0.9566961088837914, "re_macro": 0.9564420764832702, "best_epoch": 12, "val_loss": 0.14274755148750962, "train_loss": 0.11194125037870682}
{"epoch": 13, "val_accuracy": 0.9588972929936306, "train_accuracy": 0.9997334754797441, "f1_macro": 0.9582885607755978, "pre_macro": 0.9584787507067285, "re_macro": 0.958222828387686, "best_epoch": 13, "val_loss": 0.14016031014887248, "train_loss": 0.10772784573754776}
{"epoch": 14, "val_accuracy": 0.9588972929936306, "train_accuracy": 0.9998167643923241, "f1_macro": 0.9582959954384437, "pre_macro": 0.9584980918068846, "re_macro": 0.9582215838871452, "best_epoch": 13, "val_loss": 0.13827283142555719, "train_loss": 0.10443669748204604}
{"epoch": 15, "val_accuracy": 0.9592953821656051, "train_accuracy": 0.999883395522388, "f1_macro": 0.9586949984731996, "pre_macro": 0.9588959083731249,