{"epoch": 1, "val_accuracy": 0.42296974522292996, "train_accuracy": 0.20625, "f1_macro": 0.36316769643163355, "pre_macro": 0.4272960750288507, "re_macro": 0.4142305723174468, "best_epoch": 1, "val_loss": 2.0598377961262018, "train_loss": 2.3671425104141237}
{"epoch": 2, "val_accuracy": 0.5221934713375797, "train_accuracy": 0.5807291686534881, "f1_macro": 0.46407096825960387, "pre_macro": 0.5754598809710287, "re_macro": 0.5132933329697112, "best_epoch": 2, "val_loss": 1.9163977264598677, "train_loss": 1.9530785083770752}
{"epoch": 3, "val_accuracy": 0.5889729299363057, "train_accuracy": 0.7515625, "f1_macro": 0.553313273828436, "pre_macro": 0.6384635406893908, "re_macro": 0.5788673342953387, "best_epoch": 3, "val_loss": 1.843411425116715, "train_loss": 1.7674877882003783}
{"epoch": 4, "val_accuracy": 0.6261942675159236, "train_accuracy": 0.7708333373069763, "f1_macro": 0.6081408411370797, "pre_macro": 0.6687415969777556, "re_macro": 0.6193347019862783, "best_epoch": 4, "val_loss": 1.7432624359799038, "train_loss": 1.6691148281097412}
{"epoch": 5, "val_accuracy": 0.5943471337579618, "train_accuracy": 0.8380208373069763, "f1_macro": 0.5628005382058742, "pre_macro": 0.6990490807103316, "re_macro": 0.5838546727820013, "best_epoch": 4, "val_loss": 1.6719685724586437, "train_loss": 1.5163042783737182}
{"epoch": 6, "val_accuracy": 0.6695859872611465, "train_accuracy": 0.8614583373069763, "f1_macro": 0.6508081108291269, "pre_macro": 0.7248207027749166, "re_macro": 0.6618877619355409, "best_epoch": 6, "val_loss": 1.5469552726502631, "train_loss": 1.394244384765625}
{"epoch": 7, "val_accuracy": 0.6929737261146497, "train_accuracy": 0.9130208373069764, "f1_macro": 0.676756186548611, "pre_macro": 0.7264787931010542, "re_macro": 0.6856002150827007, "best_epoch": 7, "val_loss": 1.4793453246924528, "train_loss": 1.2279478788375855}
{"epoch": 8, "val_accuracy": 0.6970541401273885, "train_accuracy": 0.9255208373069763, "f1_macro": 0.681105911673366, "pre_macro": 0.7374655990080514, "re_macro": 0.6893227792060811, "best_epoch": 8, "val_loss": 1.4424662362238405, "train_loss": 1.120231020450592}
{"epoch": 9, "val_accuracy": 0.7072054140127388, "train_accuracy": 0.9458333373069763, "f1_macro": 0.6926650495613353, "pre_macro": 0.735637970755519, "re_macro": 0.7001002131271292, "best_epoch": 9, "val_loss": 1.4118672130973475, "train_loss": 1.049756520986557}
{"epoch": 10, "val_accuracy": 0.7100915605095541, "train_accuracy": 0.9609375, "f1_macro": 0.6954451904662622, "pre_macro": 0.741001253513693, "re_macro": 0.7028207831542201, "best_epoch": 10, "val_loss": 1.3926635859118905, "train_loss": 0.9940571844577789}
{"epoch": 11, "val_accuracy": 0.7171576433121019, "train_accuracy": 0.9625, "f1_macro": 0.7034972672896818, "pre_macro": 0.7428378884598464, "re_macro": 0.710460116973723, "best_epoch": 11, "val_loss": 1.3771883917462295, "train_loss": 0.9562320590019227}
{"epoch": 12, "val_accuracy": 0.7181528662420382, "train_accuracy": 0.9671875, "f1_macro": 0.7044571565381037, "pre_macro": 0.7439263372353583, "re_macro": 0.7112881039859785, "best_epoch": 12, "val_loss": 1.3665065370547544, "train_loss": 0.9254751622676849}
{"epoch": 13, "val_accuracy": 0.7204418789808917, "train_accuracy": 0.96875, "f1_macro": 0.7071761230721849, "pre_macro": 0.7450124194865013, "re_macro": 0.7138322901133128, "best_epoch": 13, "val_loss": 1.3572880963610996, "train_loss": 0.9042652189731598}
{"epoch": 14, "val_accuracy": 0.7220342356687898, "train_accuracy": 0.96875, "f1_macro": 0.7089571036843829, "pre_macro": 0.7454703561812145, "re_macro": 0.7154868204577767, "best_epoch": 14, "val_loss": 1.3505344117523, "train_loss": 0.8869907140731812}
{"epoch": 15, "val_accuracy": 0.7227308917197452, "train_accuracy": 0.9703125, "f1_macro": 0.7099006701838272, "pre_macro": 0.7455866734629412, "re_macro": 0.716259088817227, "best_epoch": 15, "val_loss": 1.3449004387399952, "train_loss": 0.8735400140285492}
{"training time": 15.921085357666016}
{"epoch": 1, "val_accuracy": 0.413515127388535, "train_accuracy": 0.24895833432674408, "f1_macro": 0.36478854314643533, "pre_macro": 0.45284452243293183, "re_macro": 0.40152247895411397, "best_epoch": 1, "val_loss": 2.060847337838191, "train_loss": 2.3013226270675657}
{"epoch": 2, "val_accuracy": 0.5425955414012739, "train_accuracy": 0.6244791686534882, "f1_macro": 0.5010600105413701, "pre_macro": 0.6204948913270223, "re_macro": 0.5305549614467756, "best_epoch": 2, "val_loss": 1.8304586076432732, "train_loss": 1.91173357963562}
{"epoch": 3, "val_accuracy": 0.5765326433121019, "train_accuracy": 0.7536458373069763, "f1_macro": 0.5311932200930713, "pre_macro": 0.6284162291071301, "re_macro": 0.5644499015411811, "best_epoch": 3, "val_loss": 1.7533019895006896, "train_loss": 1.668081271648407}
{"epoch": 4, "val_accuracy": 0.6229100318471338, "train_accuracy": 0.7895833373069763, "f1_macro": 0.5764546028850087, "pre_macro": 0.68105075283108, "re_macro": 0.6120788692697707, "best_epoch": 4, "val_loss": 1.6404147163318221, "train_loss": 1.5273883819580079}
{"epoch": 5, "val_accuracy": 0.6798367834394905, "train_accuracy": 0.8489583373069763, "f1_macro": 0.653220096884832, "pre_macro": 0.7106794510547628, "re_macro": 0.6696845275635047, "best_epoch": 5, "val_loss": 1.4899284657399365, "train_loss": 1.3789888501167298}
{"epoch": 6, "val_accuracy": 0.7021297770700637, "train_accuracy": 0.8895833373069764, "f1_macro": 0.6772052535737805, "pre_macro": 0.7232289109854849, "re_macro": 0.6926845641460839, "best_epoch": 6, "val_loss": 1.408178026509133, "train_loss": 1.196109116077423}
{"epoch": 7, "val_accuracy": 0.7138734076433121, "train_accuracy": 0.9177083373069763, "f1_macro": 0.6904952960461708, "pre_macro": 0.7424509711825609, "re_macro": 0.7043815198164867, "best_epoch": 7, "val_loss": 1.3699534706249359, "train_loss": 1.0790054202079773}
{"epoch": 8, "val_accuracy": 0.7272093949044586, "train_accuracy": 0.9333333373069763, "f1_macro": 0.7040394313509422, "pre_macro": 0.7456283271248104, "re_macro": 0.7181909222294992, "best_epoch": 8, "val_loss": 1.3178173474445465, "train_loss": 0.9812498927116394}
{"epoch": 9, "val_accuracy": 0.7290007961783439, "train_accuracy": 0.9473958373069763, "f1_macro": 0.7085785776098694, "pre_macro": 0.7484203903120656, "re_macro": 0.7203555311104118, "best_epoch": 9, "val_loss": 1.2900678583770802, "train_loss": 0.9032295048236847}
{"epoch": 10, "val_accuracy": 0.737062101910828, "train_accuracy": 0.9552083373069763, "f1_macro": 0.7177943297868331, "pre_macro": 0.7520054180052831, "re_macro": 0.728700891208981, "best_epoch": 10, "val_loss": 1.2712387928537503, "train_loss": 0.8466653823852539}
{"epoch": 11, "val_accuracy": 0.740047770700637, "train_accuracy": 0.9645833373069763, "f1_macro": 0.7211401191407629, "pre_macro": 0.7537634424458719, "re_macro": 0.7318082874052895, "best_epoch": 11, "val_loss": 1.2582238969529511, "train_loss": 0.8143105447292328}
{"epoch": 12, "val_accuracy": 0.7447253184713376, "train_accuracy": 0.9677083373069764, "f1_macro": 0.7268497713643978, "pre_macro": 0.7568128907740662, "re_macro": 0.736723614541113, "best_epoch": 12, "val_loss": 1.2474151644737097, "train_loss": 0.7860620141029357}
{"epoch": 13, "val_accuracy": 0.7464171974522293, "train_accuracy": 0.9734375, "f1_macro": 0.7288817596491057, "pre_macro": 0.758185769415548, "re_macro": 0.7384709450203661, "best_epoch": 13, "val_loss": 1.2391251872299582, "train_loss": 0.7663945555686951}
{"epoch": 14, "val_accuracy": 0.7476114649681529, "train_accuracy": 0.9765625, "f1_macro": 0.7305325221102319, "pre_macro": 0.7588689476758141, "re_macro": 0.739769557916807, "best_epoch": 14, "val_loss": 1.2332191004115305, "train_loss": 0.750377643108368}
{"epoch": 15, "val_accuracy": 0.7485071656050956, "train_accuracy": 0.9796875, "f1_macro": 0.7318345350433161, "pre_macro": 0.7598917637588549, "re_macro": 0.7407456092937925, "best_epoch": 15, "val_loss": 1.228143547370935, "train_loss": 0.738188636302948}
{"training time": 15.178816318511963}
