{"epoch": 100, "loss": 0.18460209667682648}
{"epoch": 200, "loss": 0.18139611184597015}
{"epoch": 300, "loss": 0.18013204634189606}
{"epoch": 400, "loss": 0.17928460240364075}
{"epoch": 500, "loss": 0.1786022186279297}
{"epoch": 600, "loss": 0.17801135778427124}
{"epoch": 700, "loss": 0.17749935388565063}
{"epoch": 800, "loss": 0.17706510424613953}
{"epoch": 900, "loss": 0.17670279741287231}
{"epoch": 1000, "loss": 0.17640180885791779}
{"training_time:": "0.5330s", "final_loss": 0.17640180885791779}
