{"epoch": 1, "val_accuracy": 0.7871218152866242, "train_accuracy": 0.714849290949233, "f1_macro": 0.781966025293256, "pre_macro": 0.7862266408034456, "re_macro": 0.7872999999999999, "best_epoch": 1, "val_loss": 0.7033120099526302, "train_loss": 1.1642346985796665}
{"epoch": 2, "val_accuracy": 0.807921974522293, "train_accuracy": 0.8238253547790203, "f1_macro": 0.8040691600866985, "pre_macro": 0.8082113493575569, "re_macro": 0.8082, "best_epoch": 2, "val_loss": 0.5851484250490833, "train_loss": 0.678758718865983}
{"epoch": 3, "val_accuracy": 0.8175756369426752, "train_accuracy": 0.8612810284533399, "f1_macro": 0.8134621262051326, "pre_macro": 0.8218598370778494, "re_macro": 0.8176, "best_epoch": 3, "val_loss": 0.5287762208349386, "train_loss": 0.5648727351046623}
{"epoch": 4, "val_accuracy": 0.8305135350318471, "train_accuracy": 0.8892287234042553, "f1_macro": 0.8275769810564167, "pre_macro": 0.8321033189689588, "re_macro": 0.8309, "best_epoch": 4, "val_loss": 0.4895193314856025, "train_loss": 0.489710940071877}
{"epoch": 5, "val_accuracy": 0.8340963375796179, "train_accuracy": 0.9114804965384463, "f1_macro": 0.8311975195834836, "pre_macro": 0.8334322653499596, "re_macro": 0.8342, "best_epoch": 5, "val_loss": 0.475438072897826, "train_loss": 0.42883585349042364}
{"epoch": 6, "val_accuracy": 0.8336982484076433, "train_accuracy": 0.9315824468085107, "f1_macro": 0.8315623216524228, "pre_macro": 0.8330603277907846, "re_macro": 0.8334999999999999, "best_epoch": 5, "val_loss": 0.47002668242165996, "train_loss": 0.37943078139995007}
{"epoch": 7, "val_accuracy": 0.8351910828025477, "train_accuracy": 0.9471409574468085, "f1_macro": 0.8319431281621916, "pre_macro": 0.8337234036282082, "re_macro": 0.835, "best_epoch": 7, "val_loss": 0.47198348107990945, "train_loss": 0.33844517894247744}
{"epoch": 8, "val_accuracy": 0.8355891719745223, "train_accuracy": 0.9576462765957446, "f1_macro": 0.8335495196071214, "pre_macro": 0.835912510182441, "re_macro": 0.8353999999999999, "best_epoch": 8, "val_loss": 0.4689867329445614, "train_loss": 0.3092222235938336}
{"epoch": 9, "val_accuracy": 0.8385748407643312, "train_accuracy": 0.9692154255319149, "f1_macro": 0.8371304462967555, "pre_macro": 0.8386399138463447, "re_macro": 0.8381000000000001, "best_epoch": 9, "val_loss": 0.4619723334433926, "train_loss": 0.2817284701352424}
{"epoch": 10, "val_accuracy": 0.8378781847133758, "train_accuracy": 0.9772606382978724, "f1_macro": 0.836701891594166, "pre_macro": 0.8388181392588973, "re_macro": 0.8373999999999999, "best_epoch": 9, "val_loss": 0.46496189940886895, "train_loss": 0.2614449027370899}
{"epoch": 11, "val_accuracy": 0.838077229299363, "train_accuracy": 0.9827127659574468, "f1_macro": 0.8373263775529948, "pre_macro": 0.8393107628780054, "re_macro": 0.8375999999999999, "best_epoch": 9, "val_loss": 0.46609391082244317, "train_loss": 0.24577789978778108}
{"epoch": 12, "val_accuracy": 0.8396695859872612, "train_accuracy": 0.9856382978723405, "f1_macro": 0.8387311497736549, "pre_macro": 0.8398690403014524, "re_macro": 0.8392, "best_epoch": 12, "val_loss": 0.46152895508678093, "train_loss": 0.23438540766847896}
{"epoch": 13, "val_accuracy": 0.8412619426751592, "train_accuracy": 0.9883643617021277, "f1_macro": 0.8403127503317943, "pre_macro": 0.840575317049997, "re_macro": 0.8411, "best_epoch": 13, "val_loss": 0.45793919113411263, "train_loss": 0.22528726363435705}
{"epoch": 14, "val_accuracy": 0.841859076433121, "train_accuracy": 0.9897606382978723, "f1_macro": 0.8408546469281856, "pre_macro": 0.8409438368367541, "re_macro": 0.8417, "best_epoch": 14, "val_loss": 0.45730307660285074, "train_loss": 0.21766454970583002}
{"epoch": 15, "val_accuracy": 0.8424562101910829, "train_accuracy": 0.9907579787234042, "f1_macro": 0.8414856427822917, "pre_macro": 0.8415167034366775, "re_macro": 0.8423, "best_epoch": 15, "val_loss": 0.45764509849487595, "train_loss": 0.2113848552424857}
{"epoch": 16, "val_accuracy": 0.8425557324840764, "train_accuracy": 0.9923537234042553, "f1_macro": 0.8416659199938528, "pre_macro": 0.8416834464607472, "re_macro": 0.8423999999999999, "best_epoch": 16, "val_loss": 0.4579093387931775, "train_loss": 0.20632853672859516}
{"epoch": 17, "val_accuracy": 0.8429538216560509, "train_accuracy": 0.9936835106382979, "f1_macro": 0.8421244992187807, "pre_macro": 0.8421388857127348, "re_macro": 0.8428000000000001, "best_epoch": 17, "val_loss": 0.4579731258237438, "train_loss": 0.20224865440358508}
{"epoch": 18, "val_accuracy": 0.8442476114649682, "train_accuracy": 0.9943484042553191, "f1_macro": 0.843677696707223, "pre_macro": 0.8437354710919724, "re_macro": 0.8441000000000001, "best_epoch": 18, "val_loss": 0.458015827521397, "train_loss": 0.19895561553062277}
{"epoch": 19, "val_accuracy": 0.8432523885350318, "train_accuracy": 0.9946808510638298, "f1_macro": 0.84286860091983, "pre_macro": 0.8429985251253218, "re_macro": 0.8431000000000001, "best_epoch": 18, "val_loss": 0.4580622378048623, "train_loss": 0.19629274949114373}
{"epoch": 20, "val_accuracy": 0.8439490445859873, "train_accuracy": 0.9950797872340426, "f1_macro": 0.8433677605758275, "pre_macro": 0.8435566422410666, "re_macro": 0.8435, "best_epoch": 18, "val_loss": 0.4580740411380294, "train_loss": 0.19412578857959584}
{"epoch": 21, "val_accuracy": 0.8446457006369427, "train_accuracy": 0.995279255319149, "f1_macro": 0.844100529202847, "pre_macro": 0.8443252812329908, "re_macro": 0.8442000000000001, "best_epoch": 21, "val_loss": 0.45804995355332734, "train_loss": 0.19234831770683858}
{"epoch": 22, "val_accuracy": 0.8445461783439491, "train_accuracy": 0.995345744680851, "f1_macro": 0.8440316207810517, "pre_macro": 0.8442686676811956, "re_macro": 0.8441000000000001, "best_epoch": 21, "val_loss": 0.4580156133053409, "train_loss": 0.1908733992500508}
{"epoch": 23, "val_accuracy": 0.8444466560509554, "train_accuracy": 0.9956117021276596, "f1_macro": 0.84392345495071, "pre_macro": 0.8441669140840441, "re_macro": 0.844, "best_epoch": 21, "val_loss": 0.4579975123807883, "train_loss": 0.18963190653222672}
{"epoch": 24, "val_accuracy": 0.84375, "train_accuracy": 0.9957446808510638, "f1_macro": 0.8435603793545452, "pre_macro": 0.843849266759257, "re_macro": 0.8436, "best_epoch": 21, "val_loss": 0.45800971662162976, "train_loss": 0.18857424779141202}
{"epoch": 25, "val_accuracy": 0.8440485668789809, "train_accuracy": 0.9960106382978723, "f1_macro": 0.8438656413076485, "pre_macro": 0.8441733315815684, "re_macro": 0.8439, "best_epoch": 21, "val_loss": 0.458051122013171, "train_loss": 0.18766814565404932}
{"training time": 73.94018411636353}
{"epoch": 1, "val_accuracy": 0.7732882165605095, "train_accuracy": 0.7039450356300841, "f1_macro": 0.7639924352856884, "pre_macro": 0.7672299395492674, "re_macro": 0.7734, "best_epoch": 1, "val_loss": 0.7249853533164711, "train_loss": 1.180996332016397}
{"epoch": 2, "val_accuracy": 0.8027468152866242, "train_accuracy": 0.8174867021276596, "f1_macro": 0.7982678126254737, "pre_macro": 0.8000625852610795, "re_macro": 0.8032999999999999, "best_epoch": 2, "val_loss": 0.6040255178691475, "train_loss": 0.7014676050936922}
{"epoch": 3, "val_accuracy": 0.8209593949044586, "train_accuracy": 0.8540115249917862, "f1_macro": 0.8183675298417604, "pre_macro": 0.8186267487485728, "re_macro": 0.821, "best_epoch": 3, "val_loss": 0.5181405667666417, "train_loss": 0.583208787568072}
{"epoch": 4, "val_accuracy": 0.82921974522293, "train_accuracy": 0.8814494680851064, "f1_macro": 0.827536263041776, "pre_macro": 0.8297667024575874, "re_macro": 0.8292999999999999, "best_epoch": 4, "val_loss": 0.4994040718124171, "train_loss": 0.5038596259786727}
{"epoch": 5, "val_accuracy": 0.835390127388535, "train_accuracy": 0.9046099292471054, "f1_macro": 0.8334867944779761, "pre_macro": 0.8347097307999849, "re_macro": 0.8352, "best_epoch": 5, "val_loss": 0.47707412539014393, "train_loss": 0.44520939309546287}
{"epoch": 6, "val_accuracy": 0.8340963375796179, "train_accuracy": 0.9234707446808511, "f1_macro": 0.8336422033093536,