{"epoch": 1, "val_accuracy": 0.8141918789808917, "train_accuracy": 0.7782315340909091, "f1_macro": 0.8122017782524553, "pre_macro": 0.8158824071137681, "re_macro": 0.8142000000000001, "best_epoch": 1, "val_loss": 0.5646179849934426, "train_loss": 0.8768397661095316}
{"epoch": 2, "val_accuracy": 0.8323049363057324, "train_accuracy": 0.8465909090909091, "f1_macro": 0.8316625636405843, "pre_macro": 0.8351625189871619, "re_macro": 0.8324, "best_epoch": 2, "val_loss": 0.49138310361819665, "train_loss": 0.6357173176736317}
{"epoch": 3, "val_accuracy": 0.8393710191082803, "train_accuracy": 0.8688299005681818, "f1_macro": 0.8374394282419904, "pre_macro": 0.8421258188317461, "re_macro": 0.8389, "best_epoch": 3, "val_loss": 0.4550249882184776, "train_loss": 0.5539834131910042}
{"epoch": 4, "val_accuracy": 0.8403662420382165, "train_accuracy": 0.8866965553977273, "f1_macro": 0.8400543605874713, "pre_macro": 0.8440359895905305, "re_macro": 0.8402000000000001, "best_epoch": 4, "val_loss": 0.45198790605660455, "train_loss": 0.4876009953970259}
{"epoch": 5, "val_accuracy": 0.8509156050955414, "train_accuracy": 0.9030095880681818, "f1_macro": 0.8505921851434268, "pre_macro": 0.8527635557625072, "re_macro": 0.8504999999999999, "best_epoch": 5, "val_loss": 0.4251269343172669, "train_loss": 0.4361594118050892}
{"epoch": 6, "val_accuracy": 0.8533041401273885, "train_accuracy": 0.9181463068181818, "f1_macro": 0.8529850128128003, "pre_macro": 0.8543392139141617, "re_macro": 0.8532, "best_epoch": 6, "val_loss": 0.4161366043007298, "train_loss": 0.39013005992059}
{"epoch": 7, "val_accuracy": 0.8568869426751592, "train_accuracy": 0.9341486150568182, "f1_macro": 0.8561129952300639, "pre_macro": 0.8570509790260109, "re_macro": 0.8564999999999999, "best_epoch": 7, "val_loss": 0.4108794211961661, "train_loss": 0.3498926164836369}
{"epoch": 8, "val_accuracy": 0.8561902866242038, "train_accuracy": 0.9479758522727273, "f1_macro": 0.8553903916769521, "pre_macro": 0.8561221462532392, "re_macro": 0.8561, "best_epoch": 7, "val_loss": 0.405970949086414, "train_loss": 0.318991735111922}
{"epoch": 9, "val_accuracy": 0.8586783439490446, "train_accuracy": 0.9570090553977273, "f1_macro": 0.8574167116491663, "pre_macro": 0.8588509460530451, "re_macro": 0.8585999999999998, "best_epoch": 9, "val_loss": 0.4055166678254012, "train_loss": 0.29465397707694635}
{"epoch": 10, "val_accuracy": 0.8575835987261147, "train_accuracy": 0.9663973721590909, "f1_macro": 0.8561278297631754, "pre_macro": 0.8576267488323241, "re_macro": 0.8572, "best_epoch": 9, "val_loss": 0.41147586817194703, "train_loss": 0.27300011713735084}
{"epoch": 11, "val_accuracy": 0.8579816878980892, "train_accuracy": 0.9738547585227273, "f1_macro": 0.8570096527210602, "pre_macro": 0.858972306691609, "re_macro": 0.8576, "best_epoch": 9, "val_loss": 0.4118852918125262, "train_loss": 0.2549366492947394}
{"epoch": 12, "val_accuracy": 0.8581807324840764, "train_accuracy": 0.9786044034090909, "f1_macro": 0.8578484895526737, "pre_macro": 0.8596740735242964, "re_macro": 0.8581, "best_epoch": 9, "val_loss": 0.410053906641948, "train_loss": 0.24041989634067498}
{"epoch": 13, "val_accuracy": 0.8597730891719745, "train_accuracy": 0.9827547940340909, "f1_macro": 0.8594540441309404, "pre_macro": 0.8608324833851994, "re_macro": 0.8596999999999999, "best_epoch": 13, "val_loss": 0.4084767270240055, "train_loss": 0.22885137315924195}
{"epoch": 14, "val_accuracy": 0.8607683121019108, "train_accuracy": 0.9855291193181818, "f1_macro": 0.8603943243076893, "pre_macro": 0.8614110279915888, "re_macro": 0.8606999999999999, "best_epoch": 14, "val_loss": 0.4075810842832942, "train_loss": 0.2197198978921568}
{"epoch": 15, "val_accuracy": 0.8617635350318471, "train_accuracy": 0.9875932173295454, "f1_macro": 0.8613841614334692, "pre_macro": 0.8621290808823959, "re_macro": 0.8616999999999999, "best_epoch": 15, "val_loss": 0.40689925365387253, "train_loss": 0.21255746940997514}
{"epoch": 16, "val_accuracy": 0.8621616242038217, "train_accuracy": 0.989501953125, "f1_macro": 0.8618077899292071, "pre_macro": 0.8623071297532403, "re_macro": 0.8620999999999999, "best_epoch": 16, "val_loss": 0.4060919848596974, "train_loss": 0.20683413695290007}
{"epoch": 17, "val_accuracy": 0.8632563694267515, "train_accuracy": 0.9906338778409091, "f1_macro": 0.8629923401140888, "pre_macro": 0.8633306906739305, "re_macro": 0.8632, "best_epoch": 17, "val_loss": 0.40525576310932254, "train_loss": 0.2022725612517785}
{"epoch": 18, "val_accuracy": 0.8623606687898089, "train_accuracy": 0.991455078125, "f1_macro": 0.8620505930224154, "pre_macro": 0.8622307610867885, "re_macro": 0.8623, "best_epoch": 17, "val_loss": 0.4044410208607935, "train_loss": 0.19864564274691723}
{"epoch": 19, "val_accuracy": 0.8642515923566879, "train_accuracy": 0.9918101917613636, "f1_macro": 0.8639632011792224, "pre_macro": 0.8641201956025155, "re_macro": 0.8642, "best_epoch": 19, "val_loss": 0.403814120087654, "train_loss": 0.19574599793519487}
{"epoch": 20, "val_accuracy": 0.8648487261146497, "train_accuracy": 0.9924760298295454, "f1_macro": 0.8645106153335336, "pre_macro": 0.864628758859442, "re_macro": 0.8648, "best_epoch": 20, "val_loss": 0.4034843846301364, "train_loss": 0.19340668758377433}
{"epoch": 21, "val_accuracy": 0.8649482484076433, "train_accuracy": 0.9929421164772727, "f1_macro": 0.8645284875985745, "pre_macro": 0.8646115580247355, "re_macro": 0.8649000000000001, "best_epoch": 21, "val_loss": 0.40340685293932627, "train_loss": 0.19150357727300038}
{"epoch": 22, "val_accuracy": 0.8654458598726115, "train_accuracy": 0.9932528409090909, "f1_macro": 0.8650034797041822, "pre_macro": 0.8650559942957805, "re_macro": 0.8654, "best_epoch": 22, "val_loss": 0.40347610043871934, "train_loss": 0.18994597838768226}
{"epoch": 23, "val_accuracy": 0.8648487261146497, "train_accuracy": 0.9936301491477273, "f1_macro": 0.8644179348954992, "pre_macro": 0.8644857186190089, "re_macro": 0.8648, "best_epoch": 22, "val_loss": 0.4036057265890632, "train_loss": 0.18866741422309793}
{"epoch": 24, "val_accuracy": 0.865047770700637, "train_accuracy": 0.9937189275568182, "f1_macro": 0.8646062809171644, "pre_macro": 0.8646538425862389, "re_macro": 0.8649999999999999, "best_epoch": 22, "val_loss": 0.4037480901001365, "train_loss": 0.18761615952561525}
{"epoch": 25, "val_accuracy": 0.8649482484076433, "train_accuracy": 0.9939852627840909, "f1_macro": 0.8644821243309668, "pre_macro": 0.8645196009026945, "re_macro": 0.8648999999999999, "best_epoch": 22, "val_loss": 0.40388487118064975, "train_loss": 0.18674891433593901}
{"training time": 175.128493309021}
{"epoch": 1, "val_accuracy": 0.8102109872611465, "train_accuracy": 0.7729936079545454, "f1_macro": 0.807714814663399, "pre_macro": 0.812399535054632, "re_macro": 0.8105, "best_epoch": 1, "val_loss": 0.575155577652014, "train_loss": 0.8891404043375091}
{"epoch": 2, "val_accuracy": 0.8302149681528662, "train_accuracy": 0.8457697088068182, "f1_macro": 0.8291528214711807, "pre_macro": 0.8311890479482441, "re_macro": 0.8302999999999999, "best_epoch": 2, "val_loss": 0.48071099276755264, "train_loss": 0.6377701363949613}
{"epoch": 3, "val_accuracy": 0.8390724522292994, "train_accuracy": 0.8704279119318182, "f1_macro": 0.838630026401251, "pre_macro": 0.8412477742684323, "re_macro": 0.8382999999999999, "best_epoch": 3, "val_loss": 0.44772623318016147, "train_loss": 0.547816382043741}
{"epoch": 4, "val_accuracy": 0.8500199044585988, "train_accuracy": 0.8877840909090909, "f1_macro": 0.8489677037649696, "pre_macro": 0.8510820275222857, "re_macro": 0.8498999999999999, "best_epoch": 4, "val_loss": 0.4282914815814632, "train_loss": 0.4844232552515512}
{"epoch": 5, "val_accuracy": 0.8511146496815286, "train_accuracy": 0.904296875, "f1_macro": 0.8497854738731085, "pre_macro": 0.8518797401822564, "re_macro": 0.8507, "best_epoch": 5, "val_loss": 0.4211899074399547, "train_loss": 0.4303204788064415}
{"epoch": 6, "val_accuracy": 0.8508160828025477, "train_accuracy": 0.9201882102272727,