{"epoch": 1, "val_accuracy": 0.8290207006369427, "train_accuracy": 0.7941764392324094, "f1_macro": 0.8266380110522847, "pre_macro": 0.8287103877561304, "re_macro": 0.8294, "best_epoch": 1, "val_loss": 0.5063492617789348, "train_loss": 0.8158024840517593}
{"epoch": 2, "val_accuracy": 0.8433519108280255, "train_accuracy": 0.8557102878464818, "f1_macro": 0.8420152391030694, "pre_macro": 0.843035509052441, "re_macro": 0.8432000000000001, "best_epoch": 2, "val_loss": 0.44946046515255217, "train_loss": 0.6065841212010841}
{"epoch": 3, "val_accuracy": 0.8472332802547771, "train_accuracy": 0.8753164978678039, "f1_macro": 0.8459432787542467, "pre_macro": 0.8465546881164085, "re_macro": 0.8471, "best_epoch": 3, "val_loss": 0.4357264770823679, "train_loss": 0.528727073405089}
{"epoch": 4, "val_accuracy": 0.8542993630573248, "train_accuracy": 0.8899087153518124, "f1_macro": 0.8528900452929967, "pre_macro": 0.8530926026813963, "re_macro": 0.8539, "best_epoch": 4, "val_loss": 0.41322597092503954, "train_loss": 0.4694337920466466}
{"epoch": 5, "val_accuracy": 0.8556926751592356, "train_accuracy": 0.9036347281449894, "f1_macro": 0.8539689419446047, "pre_macro": 0.8543409900262668, "re_macro": 0.8553000000000001, "best_epoch": 5, "val_loss": 0.40311738269723907, "train_loss": 0.4239265653116108}
{"epoch": 6, "val_accuracy": 0.8591759554140127, "train_accuracy": 0.9174273720682303, "f1_macro": 0.8570995485967419, "pre_macro": 0.858059692150641, "re_macro": 0.8584999999999999, "best_epoch": 6, "val_loss": 0.4006058450337428, "train_loss": 0.3818619060300307}
{"epoch": 7, "val_accuracy": 0.8595740445859873, "train_accuracy": 0.9317197494669509, "f1_macro": 0.857792718006168, "pre_macro": 0.8584286936828047, "re_macro": 0.8592000000000001, "best_epoch": 7, "val_loss": 0.3951448592220902, "train_loss": 0.3471116869847403}
{"epoch": 8, "val_accuracy": 0.8610668789808917, "train_accuracy": 0.9445795575692963, "f1_macro": 0.8596837949444918, "pre_macro": 0.8601874968869512, "re_macro": 0.8606999999999999, "best_epoch": 8, "val_loss": 0.39293725807575663, "train_loss": 0.3170313968587278}
{"epoch": 9, "val_accuracy": 0.8632563694267515, "train_accuracy": 0.9554237739872068, "f1_macro": 0.862207701060967, "pre_macro": 0.8628254649668126, "re_macro": 0.8629, "best_epoch": 9, "val_loss": 0.39567421718387846, "train_loss": 0.291477060807285}
{"epoch": 10, "val_accuracy": 0.863156847133758, "train_accuracy": 0.9657349413646056, "f1_macro": 0.8624748342524736, "pre_macro": 0.8629957236857914, "re_macro": 0.8628, "best_epoch": 9, "val_loss": 0.3993796935411775, "train_loss": 0.26853596128380375}
{"epoch": 11, "val_accuracy": 0.8642515923566879, "train_accuracy": 0.9730310501066098, "f1_macro": 0.8637107127862056, "pre_macro": 0.8641239843700186, "re_macro": 0.8639000000000001, "best_epoch": 11, "val_loss": 0.402608514686299, "train_loss": 0.25011221092265806}
{"epoch": 12, "val_accuracy": 0.8645501592356688, "train_accuracy": 0.9785947494669509, "f1_macro": 0.8640583541004279, "pre_macro": 0.8645318453831224, "re_macro": 0.8642, "best_epoch": 12, "val_loss": 0.40412123700615704, "train_loss": 0.23596557043889946}
{"epoch": 13, "val_accuracy": 0.8656449044585988, "train_accuracy": 0.9825093283582089, "f1_macro": 0.8648925360022129, "pre_macro": 0.8653714292174495, "re_macro": 0.8652999999999998, "best_epoch": 13, "val_loss": 0.4059710439033569, "train_loss": 0.2245763226835204}
{"epoch": 14, "val_accuracy": 0.8645501592356688, "train_accuracy": 0.9857076226012793, "f1_macro": 0.8639301656919315, "pre_macro": 0.8643613343634075, "re_macro": 0.8642, "best_epoch": 13, "val_loss": 0.4063524525541409, "train_loss": 0.21538805492968957}
{"epoch": 15, "val_accuracy": 0.8645501592356688, "train_accuracy": 0.9879564232409381, "f1_macro": 0.8639873036880312, "pre_macro": 0.8642839812082448, "re_macro": 0.8642, "best_epoch": 13, "val_loss": 0.40552557582498355, "train_loss": 0.2081404066861057}
{"epoch": 16, "val_accuracy": 0.8661425159235668, "train_accuracy": 0.9895389125799574, "f1_macro": 0.8656265850629831, "pre_macro": 0.8658513276239906, "re_macro": 0.8657999999999999, "best_epoch": 16, "val_loss": 0.40422722398285654, "train_loss": 0.20243818522579887}
{"epoch": 17, "val_accuracy": 0.8671377388535032, "train_accuracy": 0.9906549840085288, "f1_macro": 0.8666148586639535, "pre_macro": 0.8667886042951565, "re_macro": 0.8667999999999999, "best_epoch": 17, "val_loss": 0.4030783592136043, "train_loss": 0.19794760560239555}
{"epoch": 18, "val_accuracy": 0.8680334394904459, "train_accuracy": 0.9915045309168443, "f1_macro": 0.8673846952817547, "pre_macro": 0.8674449560840964, "re_macro": 0.8676999999999999, "best_epoch": 18, "val_loss": 0.40229218533843947, "train_loss": 0.19441229951724823}
{"epoch": 19, "val_accuracy": 0.8694267515923567, "train_accuracy": 0.9920875533049041, "f1_macro": 0.8687183045042545, "pre_macro": 0.8687696356315072, "re_macro": 0.8691000000000001, "best_epoch": 19, "val_loss": 0.4018916246143116, "train_loss": 0.1916140958920979}
{"epoch": 20, "val_accuracy": 0.8696257961783439, "train_accuracy": 0.9926372601279317, "f1_macro": 0.8687732806778866, "pre_macro": 0.8688558479726833, "re_macro": 0.8693, "best_epoch": 20, "val_loss": 0.40182901007734284, "train_loss": 0.1893849362220083}
{"epoch": 21, "val_accuracy": 0.8699243630573248, "train_accuracy": 0.9930870202558635, "f1_macro": 0.8690216670920791, "pre_macro": 0.8691257931805098, "re_macro": 0.8695999999999999, "best_epoch": 21, "val_loss": 0.40198294647559996, "train_loss": 0.18760100366083035}
{"epoch": 22, "val_accuracy": 0.8697253184713376, "train_accuracy": 0.9934534914712153, "f1_macro": 0.8687912333033292, "pre_macro": 0.8689382589360806, "re_macro": 0.8694000000000001, "best_epoch": 21, "val_loss": 0.402223942386117, "train_loss": 0.18616910104050058}
{"epoch": 23, "val_accuracy": 0.8689291401273885, "train_accuracy": 0.9935700959488273, "f1_macro": 0.8679179056010943, "pre_macro": 0.8680679192390368, "re_macro": 0.8686, "best_epoch": 21, "val_loss": 0.4024633411199424, "train_loss": 0.185017348225437}
{"epoch": 24, "val_accuracy": 0.8689291401273885, "train_accuracy": 0.9937366737739872, "f1_macro": 0.867894782411249, "pre_macro": 0.8680453158463524, "re_macro": 0.8686, "best_epoch": 21, "val_loss": 0.40265918589511496, "train_loss": 0.18408809695988576}
{"epoch": 25, "val_accuracy": 0.8684315286624203, "train_accuracy": 0.9938532782515992, "f1_macro": 0.8673864100671583, "pre_macro": 0.8675435508035951, "re_macro": 0.8680999999999999, "best_epoch": 21, "val_loss": 0.4028008365232474, "train_loss": 0.18333360519426972}
{"training time": 225.069721698761}
{"epoch": 1, "val_accuracy": 0.8210589171974523, "train_accuracy": 0.7890625, "f1_macro": 0.8181209830754069, "pre_macro": 0.8193052295525378, "re_macro": 0.8208, "best_epoch": 1, "val_loss": 0.534634902978399, "train_loss": 0.8286105284113874}
{"epoch": 2, "val_accuracy": 0.8405652866242038, "train_accuracy": 0.8515291844349681, "f1_macro": 0.8377338256173852, "pre_macro": 0.8380233737188325, "re_macro": 0.8404, "best_epoch": 2, "val_loss": 0.4544551484524065, "train_loss": 0.6175269058137052}
{"epoch": 3, "val_accuracy": 0.850218949044586, "train_accuracy": 0.873034381663113, "f1_macro": 0.8480976682203168, "pre_macro": 0.849026436070018, "re_macro": 0.8497999999999999, "best_epoch": 3, "val_loss": 0.43028033567462, "train_loss": 0.5319914310725767}
{"epoch": 4, "val_accuracy": 0.8542993630573248, "train_accuracy": 0.8889259061833689, "f1_macro": 0.8517994821616286, "pre_macro": 0.8522414245692401, "re_macro": 0.8539000000000001, "best_epoch": 4, "val_loss": 0.41367025587968764, "train_loss": 0.4692649414290243}
{"epoch": 5, "val_accuracy": 0.8581807324840764, "train_accuracy": 0.9028351545842217, "f1_macro": 0.8554737465162374, "pre_macro": 0.8557383477104192, "re_macro": 0.8577999999999999, "best_epoch": 5, "val_loss": 0.401864320799044, "train_loss": 0.42292773005550605}
{"epoch": 6, "val_accuracy": 0.8594745222929936,