{"epoch": 1, "val_accuracy": 0.6731687898089171, "train_accuracy": 0.5284479488717749, "f1_macro": 0.6643556096014079, "pre_macro": 0.6687674822095677, "re_macro": 0.6731, "best_epoch": 1, "val_loss": 1.354657216436544, "train_loss": 1.8209307320574497}
{"epoch": 2, "val_accuracy": 0.7285031847133758, "train_accuracy": 0.7594034963465751, "f1_macro": 0.7195501305554708, "pre_macro": 0.7176365922660435, "re_macro": 0.7281000000000001, "best_epoch": 2, "val_loss": 1.0297373882524528, "train_loss": 1.1623184059528595}
{"epoch": 3, "val_accuracy": 0.7581608280254777, "train_accuracy": 0.8184365516013288, "f1_macro": 0.7530908167774448, "pre_macro": 0.7519452955750011, "re_macro": 0.7575999999999999, "best_epoch": 3, "val_loss": 0.8711207133189888, "train_loss": 0.880018634999052}
{"epoch": 4, "val_accuracy": 0.7614450636942676, "train_accuracy": 0.8596124623684173, "f1_macro": 0.7547028324774476, "pre_macro": 0.7539258122291019, "re_macro": 0.7609, "best_epoch": 4, "val_loss": 0.7944552776919809, "train_loss": 0.7242637885377762}
{"epoch": 5, "val_accuracy": 0.7688097133757962, "train_accuracy": 0.8842135261982045, "f1_macro": 0.7646204765469997, "pre_macro": 0.764502881518927, "re_macro": 0.7689, "best_epoch": 5, "val_loss": 0.7474768009914714, "train_loss": 0.6269358745280732}
{"epoch": 6, "val_accuracy": 0.775577229299363, "train_accuracy": 0.91299392187849, "f1_macro": 0.7713941125034239, "pre_macro": 0.7715139821099604, "re_macro": 0.7754000000000001, "best_epoch": 6, "val_loss": 0.7007519874223478, "train_loss": 0.5446237401759371}
{"epoch": 7, "val_accuracy": 0.7827428343949044, "train_accuracy": 0.9326557758006644, "f1_macro": 0.7802306355846972, "pre_macro": 0.7797074786135132, "re_macro": 0.7826000000000001, "best_epoch": 7, "val_loss": 0.6765683576179917, "train_loss": 0.4821386521166943}
{"epoch": 8, "val_accuracy": 0.7824442675159236, "train_accuracy": 0.9506553956802856, "f1_macro": 0.779854662704895, "pre_macro": 0.7788718033433943, "re_macro": 0.7823000000000001, "best_epoch": 7, "val_loss": 0.662251195140705, "train_loss": 0.42844803219145916}
{"epoch": 9, "val_accuracy": 0.7842356687898089, "train_accuracy": 0.9589665658930515, "f1_macro": 0.7820066377656081, "pre_macro": 0.7812778869671174, "re_macro": 0.7837999999999999, "best_epoch": 9, "val_loss": 0.6482355693343339, "train_loss": 0.39251832125034736}
{"epoch": 10, "val_accuracy": 0.7873208598726115, "train_accuracy": 0.9673252283258641, "f1_macro": 0.7853003359630565, "pre_macro": 0.7855635696547493, "re_macro": 0.7868999999999999, "best_epoch": 10, "val_loss": 0.637811943414105, "train_loss": 0.36255538146546545}
{"epoch": 11, "val_accuracy": 0.7880175159235668, "train_accuracy": 0.9723594239417542, "f1_macro": 0.7862523293370078, "pre_macro": 0.7866229786677451, "re_macro": 0.7876, "best_epoch": 11, "val_loss": 0.6307929898523221, "train_loss": 0.33879852104694286}
{"epoch": 12, "val_accuracy": 0.7876194267515924, "train_accuracy": 0.9766812324523926, "f1_macro": 0.7863313872969172, "pre_macro": 0.7867491704872384, "re_macro": 0.7872, "best_epoch": 11, "val_loss": 0.6263000004610438, "train_loss": 0.32248941190699315}
{"epoch": 13, "val_accuracy": 0.7892117834394905, "train_accuracy": 0.9796732537289883, "f1_macro": 0.7881201472112275, "pre_macro": 0.7885607140762534, "re_macro": 0.7888, "best_epoch": 13, "val_loss": 0.6236904901304062, "train_loss": 0.3123589627286221}
{"epoch": 14, "val_accuracy": 0.7893113057324841, "train_accuracy": 0.9810030409630309, "f1_macro": 0.7880867720732524, "pre_macro": 0.7884464660562084, "re_macro": 0.7888999999999999, "best_epoch": 14, "val_loss": 0.6198699500910037, "train_loss": 0.30420443415641785}
{"epoch": 15, "val_accuracy": 0.7908041401273885, "train_accuracy": 0.9823328281970735, "f1_macro": 0.789975326825568, "pre_macro": 0.7903413340964495, "re_macro": 0.7907, "best_epoch": 15, "val_loss": 0.6173371330947633, "train_loss": 0.2970561727564386}
{"epoch": 16, "val_accuracy": 0.7909036624203821, "train_accuracy": 0.9839950622396266, "f1_macro": 0.7899513323678032, "pre_macro": 0.7901370314508387, "re_macro": 0.7908000000000002, "best_epoch": 16, "val_loss": 0.6155629959076073, "train_loss": 0.29018890857696533}
{"epoch": 17, "val_accuracy": 0.7903065286624203, "train_accuracy": 0.9846599558566479, "f1_macro": 0.78945278559115, "pre_macro": 0.7895307369256993, "re_macro": 0.7901999999999999, "best_epoch": 16, "val_loss": 0.6139752699691019, "train_loss": 0.2836590247585418}
{"epoch": 18, "val_accuracy": 0.7911027070063694, "train_accuracy": 0.9863221898992011, "f1_macro": 0.7903909244148202, "pre_macro": 0.7904668281537071, "re_macro": 0.791, "best_epoch": 18, "val_loss": 0.6127643275792432, "train_loss": 0.2778443199522952}
{"epoch": 19, "val_accuracy": 0.7909036624203821, "train_accuracy": 0.9866546367077117, "f1_macro": 0.7903934431298512, "pre_macro": 0.7906235503288533, "re_macro": 0.7908, "best_epoch": 18, "val_loss": 0.6120024334852863, "train_loss": 0.27321000397205353}
{"epoch": 20, "val_accuracy": 0.7907046178343949, "train_accuracy": 0.9869870835162223, "f1_macro": 0.7903403127469655, "pre_macro": 0.7906907228659017, "re_macro": 0.7906, "best_epoch": 18, "val_loss": 0.6115134398269045, "train_loss": 0.26972177466179464}
{"epoch": 21, "val_accuracy": 0.7914012738853503, "train_accuracy": 0.9869870835162223, "f1_macro": 0.791153216852145, "pre_macro": 0.7916072385660369, "re_macro": 0.7913, "best_epoch": 21, "val_loss": 0.6111674162612599, "train_loss": 0.2670874446630478}
{"epoch": 22, "val_accuracy": 0.7911027070063694, "train_accuracy": 0.9879844239417542, "f1_macro": 0.790888359177153, "pre_macro": 0.7913682786771713, "re_macro": 0.791, "best_epoch": 21, "val_loss": 0.6109092078011507, "train_loss": 0.2650629700498378}
{"epoch": 23, "val_accuracy": 0.7909036624203821, "train_accuracy": 0.9879844239417542, "f1_macro": 0.790760092089984, "pre_macro": 0.7912997047818378, "re_macro": 0.7908000000000001, "best_epoch": 21, "val_loss": 0.6107107611598482, "train_loss": 0.26348560224188133}
{"epoch": 24, "val_accuracy": 0.7908041401273885, "train_accuracy": 0.9893142111757969, "f1_macro": 0.7906914206639516, "pre_macro": 0.7912699422482825, "re_macro": 0.7907, "best_epoch": 21, "val_loss": 0.6105553536278427, "train_loss": 0.262244332978066}
{"epoch": 25, "val_accuracy": 0.7908041401273885, "train_accuracy": 0.9893142111757969, "f1_macro": 0.7907201209446366, "pre_macro": 0.7913317568516953, "re_macro": 0.7907, "best_epoch": 21, "val_loss": 0.6104322567487218, "train_loss": 0.26126041786467774}
{"training time": 30.122920751571655}
{"epoch": 1, "val_accuracy": 0.6720740445859873, "train_accuracy": 0.5410809275951791, "f1_macro": 0.6701017724737361, "pre_macro": 0.6770578392524106, "re_macro": 0.6719999999999999, "best_epoch": 1, "val_loss": 1.3892393203297997, "train_loss": 1.8361584658318377}
{"epoch": 2, "val_accuracy": 0.7314888535031847, "train_accuracy": 0.7563639828499328, "f1_macro": 0.7200464099163048, "pre_macro": 0.7243633202910422, "re_macro": 0.7314, "best_epoch": 2, "val_loss": 1.0438168652498039, "train_loss": 1.2045572083047096}
{"epoch": 3, "val_accuracy": 0.7421377388535032, "train_accuracy": 0.8163468850419876, "f1_macro": 0.7343094885493691, "pre_macro": 0.7348077995878952, "re_macro": 0.7417999999999999, "best_epoch": 3, "val_loss": 0.9168966480880786, "train_loss": 0.9079805308199943}
{"epoch": 4, "val_accuracy": 0.755672770700637, "train_accuracy": 0.8575227970772601, "f1_macro": 0.7491362071885324, "pre_macro": 0.7492510626289657, "re_macro": 0.7554000000000001, "best_epoch": 4, "val_loss": 0.8283669944781407, "train_loss": 0.7454851599449807}
{"epoch": 5, "val_accuracy": 0.7670183121019108, "train_accuracy": 0.89034004667972, "f1_macro": 0.7619985504495597, "pre_macro": 0.7626020440768226, "re_macro": 0.7668, "best_epoch": 5, "val_loss": 0.7537385756802407, "train_loss": 0.6460100983051543}
{"epoch": 6, "val_accuracy": 0.7751791401273885, "train_accuracy": 0.9163183899635964, "f1_macro": 0.7709578401988684,