{"epoch": 100, "loss": 0.10953043401241302}
{"epoch": 200, "loss": 0.044030699878931046}
{"epoch": 300, "loss": 0.026195533573627472}
{"epoch": 400, "loss": 0.019631024450063705}
{"epoch": 500, "loss": 0.015575610101222992}
{"epoch": 600, "loss": 0.013349108397960663}
{"epoch": 700, "loss": 0.01230611652135849}
{"epoch": 800, "loss": 0.0117882639169693}
{"epoch": 900, "loss": 0.011444469913840294}
{"epoch": 1000, "loss": 0.011173751205205917}
{"training_time:": "2.7011s", "final_loss": 0.011173751205205917}
