{"epoch": 1, "val_accuracy": 0.8165804140127388, "train_accuracy": 0.8184468283582089, "f1_macro": 0.8127354725901735, "pre_macro": 0.8297948492386358, "re_macro": 0.8163, "best_epoch": 1, "val_loss": 0.5145185707481044, "train_loss": 0.574672076430148}
{"epoch": 2, "val_accuracy": 0.8392714968152867, "train_accuracy": 0.8549440298507462, "f1_macro": 0.8356978056160497, "pre_macro": 0.8412927760966266, "re_macro": 0.8391, "best_epoch": 2, "val_loss": 0.45561621153050924, "train_loss": 0.4724637855058794}
{"epoch": 3, "val_accuracy": 0.846437101910828, "train_accuracy": 0.8649886727078892, "f1_macro": 0.8432173277843917, "pre_macro": 0.8507815415258417, "re_macro": 0.8462999999999999, "best_epoch": 3, "val_loss": 0.4112586206311633, "train_loss": 0.446663781730478}
{"epoch": 4, "val_accuracy": 0.8550955414012739, "train_accuracy": 0.8735507729211087, "f1_macro": 0.8536093041943527, "pre_macro": 0.8588349000949668, "re_macro": 0.8553000000000001, "best_epoch": 4, "val_loss": 0.39821256118215576, "train_loss": 0.4228466512011821}
{"epoch": 5, "val_accuracy": 0.8613654458598726, "train_accuracy": 0.8811134061833689, "f1_macro": 0.8600943860915538, "pre_macro": 0.8648086034355073, "re_macro": 0.8615999999999999, "best_epoch": 5, "val_loss": 0.3883713709700639, "train_loss": 0.40091783739229253}
{"epoch": 6, "val_accuracy": 0.8559912420382165, "train_accuracy": 0.8869436300639659, "f1_macro": 0.8546738470267826, "pre_macro": 0.8597704183030151, "re_macro": 0.8559000000000001, "best_epoch": 5, "val_loss": 0.3957948161728063, "train_loss": 0.3814478403787369}
{"epoch": 7, "val_accuracy": 0.8556926751592356, "train_accuracy": 0.8934734808102346, "f1_macro": 0.8545202236093268, "pre_macro": 0.8581347987758596, "re_macro": 0.8556000000000001, "best_epoch": 5, "val_loss": 0.3985339212379638, "train_loss": 0.36482289792505157}
{"epoch": 8, "val_accuracy": 0.863953025477707, "train_accuracy": 0.8989705490405118, "f1_macro": 0.8628959586781809, "pre_macro": 0.8646323853496058, "re_macro": 0.8639000000000001, "best_epoch": 8, "val_loss": 0.3801438677462803, "train_loss": 0.3494893038260149}
{"epoch": 9, "val_accuracy": 0.8648487261146497, "train_accuracy": 0.9031349946695096, "f1_macro": 0.8639720829995067, "pre_macro": 0.8657787372836501, "re_macro": 0.8648, "best_epoch": 9, "val_loss": 0.37263728497893944, "train_loss": 0.33708101110671884}
{"epoch": 10, "val_accuracy": 0.870421974522293, "train_accuracy": 0.9074993336886994, "f1_macro": 0.8693467122360252, "pre_macro": 0.8705552678864331, "re_macro": 0.8704000000000001, "best_epoch": 10, "val_loss": 0.3605654342159344, "train_loss": 0.325940798213487}
{"epoch": 11, "val_accuracy": 0.8742038216560509, "train_accuracy": 0.9106309968017058, "f1_macro": 0.8719456387838941, "pre_macro": 0.8741545721122155, "re_macro": 0.8739000000000001, "best_epoch": 11, "val_loss": 0.3506661692432537, "train_loss": 0.31675074800753644}
{"epoch": 12, "val_accuracy": 0.8753980891719745, "train_accuracy": 0.9139292377398721, "f1_macro": 0.8727912715425523, "pre_macro": 0.8767099811934014, "re_macro": 0.8751, "best_epoch": 12, "val_loss": 0.34725226765605294, "train_loss": 0.30862817393818387}
{"epoch": 13, "val_accuracy": 0.8759952229299363, "train_accuracy": 0.9166944296375267, "f1_macro": 0.8734526258634642, "pre_macro": 0.8770165357214614, "re_macro": 0.8756999999999999, "best_epoch": 13, "val_loss": 0.34417035928957024, "train_loss": 0.30177165142127443}
{"epoch": 14, "val_accuracy": 0.8770899681528662, "train_accuracy": 0.9194929371002132, "f1_macro": 0.8750929613127301, "pre_macro": 0.8772744834797278, "re_macro": 0.8767999999999999, "best_epoch": 14, "val_loss": 0.3416811114853355, "train_loss": 0.29586414223922086}
{"epoch": 15, "val_accuracy": 0.8773885350318471, "train_accuracy": 0.9216084754797441, "f1_macro": 0.875608136061494, "pre_macro": 0.8768713788646268, "re_macro": 0.8767999999999999, "best_epoch": 15, "val_loss": 0.33916511163590063, "train_loss": 0.29099873848942553}
{"epoch": 16, "val_accuracy": 0.8786823248407644, "train_accuracy": 0.9230577025586354, "f1_macro": 0.87724021750586, "pre_macro": 0.8778484100402894, "re_macro": 0.8781000000000001, "best_epoch": 16, "val_loss": 0.33692205274940296, "train_loss": 0.2869637802815132}
{"epoch": 17, "val_accuracy": 0.8796775477707006, "train_accuracy": 0.9247234808102346, "f1_macro": 0.8783394499008166, "pre_macro": 0.8787180665131566, "re_macro": 0.8791, "best_epoch": 17, "val_loss": 0.3350374884191592, "train_loss": 0.28357105816541706}
{"epoch": 18, "val_accuracy": 0.8791799363057324, "train_accuracy": 0.925772921108742, "f1_macro": 0.8778574826032826, "pre_macro": 0.8781468654564046, "re_macro": 0.8785999999999999, "best_epoch": 17, "val_loss": 0.3335923952092031, "train_loss": 0.2807817201275053}
{"epoch": 19, "val_accuracy": 0.8797770700636943, "train_accuracy": 0.9270389125799574, "f1_macro": 0.8786255177426275, "pre_macro": 0.8788803917925947, "re_macro": 0.8792, "best_epoch": 19, "val_loss": 0.3323279466883392, "train_loss": 0.278495433329265}
{"epoch": 20, "val_accuracy": 0.8809713375796179, "train_accuracy": 0.927755197228145, "f1_macro": 0.8798466792927695, "pre_macro": 0.8800270925204788, "re_macro": 0.8804000000000001, "best_epoch": 20, "val_loss": 0.3310896486613401, "train_loss": 0.2766186563667458}
{"epoch": 21, "val_accuracy": 0.8813694267515924, "train_accuracy": 0.9284881396588486, "f1_macro": 0.8801637827671964, "pre_macro": 0.8803782621567663, "re_macro": 0.8808, "best_epoch": 21, "val_loss": 0.3300089142789507, "train_loss": 0.27506492576047553}
{"epoch": 22, "val_accuracy": 0.8809713375796179, "train_accuracy": 0.9288046375266524, "f1_macro": 0.8797505525424947, "pre_macro": 0.8799971036868106, "re_macro": 0.8803999999999998, "best_epoch": 21, "val_loss": 0.3291246508526954, "train_loss": 0.27382221692470093}
{"epoch": 23, "val_accuracy": 0.8813694267515924, "train_accuracy": 0.9293043710021321, "f1_macro": 0.8801666213803987, "pre_macro": 0.8804221846111213, "re_macro": 0.8808, "best_epoch": 21, "val_loss": 0.3284071840013668, "train_loss": 0.2728082948465591}
{"epoch": 24, "val_accuracy": 0.8817675159235668, "train_accuracy": 0.929637526652452, "f1_macro": 0.8805837628755745, "pre_macro": 0.8808214189042877, "re_macro": 0.8812, "best_epoch": 24, "val_loss": 0.3278077165032648, "train_loss": 0.2719658293417776}
{"epoch": 25, "val_accuracy": 0.8820660828025477, "train_accuracy": 0.9298374200426439, "f1_macro": 0.8808999509018403, "pre_macro": 0.8811128134861287, "re_macro": 0.8815, "best_epoch": 25, "val_loss": 0.3272980542699243, "train_loss": 0.27126160229065777}
{"training time": 262.854611158371}
