{"epoch": 1, "val_accuracy": 0.8256369426751592, "train_accuracy": 0.8123224431818182, "f1_macro": 0.8211322328714955, "pre_macro": 0.8326074285318199, "re_macro": 0.8253999999999999, "best_epoch": 1, "val_loss": 0.4747402011209233, "train_loss": 0.5884019871750339}
{"epoch": 2, "val_accuracy": 0.8434514331210191, "train_accuracy": 0.8536487926136364, "f1_macro": 0.8409274419691956, "pre_macro": 0.8468092837113069, "re_macro": 0.843, "best_epoch": 2, "val_loss": 0.43195219167098875, "train_loss": 0.4759382342454046}
{"epoch": 3, "val_accuracy": 0.8468351910828026, "train_accuracy": 0.8642356178977273, "f1_macro": 0.8445003486911261, "pre_macro": 0.8500089062965376, "re_macro": 0.8464, "best_epoch": 3, "val_loss": 0.419305051682861, "train_loss": 0.4500222798563879}
{"epoch": 4, "val_accuracy": 0.8482285031847133, "train_accuracy": 0.8721368963068182, "f1_macro": 0.8465400665795674, "pre_macro": 0.8494666069366229, "re_macro": 0.8478, "best_epoch": 4, "val_loss": 0.4052098702852893, "train_loss": 0.4256846459836445}
{"epoch": 5, "val_accuracy": 0.8504179936305732, "train_accuracy": 0.8792391690340909, "f1_macro": 0.8486929421989613, "pre_macro": 0.8540383391942343, "re_macro": 0.85, "best_epoch": 5, "val_loss": 0.4075957485444986, "train_loss": 0.40411714650690556}
{"epoch": 6, "val_accuracy": 0.851015127388535, "train_accuracy": 0.8865633877840909, "f1_macro": 0.8496311796514358, "pre_macro": 0.854948049199691, "re_macro": 0.8503000000000001, "best_epoch": 6, "val_loss": 0.40823898526134006, "train_loss": 0.3844420748381791}
{"epoch": 7, "val_accuracy": 0.851015127388535, "train_accuracy": 0.8929332386363636, "f1_macro": 0.8497985930605404, "pre_macro": 0.8547047960581026, "re_macro": 0.8503000000000001, "best_epoch": 6, "val_loss": 0.4059051350233661, "train_loss": 0.3668168913149698}
{"epoch": 8, "val_accuracy": 0.8519108280254777, "train_accuracy": 0.8987260298295454, "f1_macro": 0.8518131885454713, "pre_macro": 0.85711106827017, "re_macro": 0.8512000000000001, "best_epoch": 8, "val_loss": 0.39946065216687077, "train_loss": 0.35171177299608564}
{"epoch": 9, "val_accuracy": 0.8609673566878981, "train_accuracy": 0.9040305397727273, "f1_macro": 0.86090390137793, "pre_macro": 0.864556715963958, "re_macro": 0.8603, "best_epoch": 9, "val_loss": 0.3755880491748737, "train_loss": 0.33832381826571445}
{"epoch": 10, "val_accuracy": 0.867734872611465, "train_accuracy": 0.9081365411931818, "f1_macro": 0.8672494739382579, "pre_macro": 0.8693419490465313, "re_macro": 0.8671000000000001, "best_epoch": 10, "val_loss": 0.3591639964254039, "train_loss": 0.3267906405116347}
{"epoch": 11, "val_accuracy": 0.8724124203821656, "train_accuracy": 0.9115323153409091, "f1_macro": 0.8711554148039955, "pre_macro": 0.8723578288862189, "re_macro": 0.8718, "best_epoch": 11, "val_loss": 0.3537318321170321, "train_loss": 0.31663469070653344}
{"epoch": 12, "val_accuracy": 0.8748009554140127, "train_accuracy": 0.9155051491477273, "f1_macro": 0.8732041509700987, "pre_macro": 0.8745428976452349, "re_macro": 0.8741999999999999, "best_epoch": 12, "val_loss": 0.35016897880727316, "train_loss": 0.307960313893008}
{"epoch": 13, "val_accuracy": 0.8759952229299363, "train_accuracy": 0.9192782315340909, "f1_macro": 0.8745810924109045, "pre_macro": 0.8753629237544542, "re_macro": 0.8754, "best_epoch": 13, "val_loss": 0.34806877507525646, "train_loss": 0.3005334742324935}
{"epoch": 14, "val_accuracy": 0.8761942675159236, "train_accuracy": 0.9211869673295454, "f1_macro": 0.8748337773751261, "pre_macro": 0.8754289262576711, "re_macro": 0.8756, "best_epoch": 14, "val_loss": 0.34718149606209653, "train_loss": 0.29437468596734107}
{"epoch": 15, "val_accuracy": 0.8769904458598726, "train_accuracy": 0.9239169034090909, "f1_macro": 0.875928748689803, "pre_macro": 0.8767231085723302, "re_macro": 0.8766999999999999, "best_epoch": 15, "val_loss": 0.34721761723612526, "train_loss": 0.2888790806120431}
{"epoch": 16, "val_accuracy": 0.8769904458598726, "train_accuracy": 0.9256036931818182, "f1_macro": 0.8758632149621353, "pre_macro": 0.8769090405466026, "re_macro": 0.8766999999999999, "best_epoch": 15, "val_loss": 0.34713808964392184, "train_loss": 0.2843776032095775}
{"epoch": 17, "val_accuracy": 0.876890923566879, "train_accuracy": 0.9273792613636364, "f1_macro": 0.8756680963575271, "pre_macro": 0.876786180318519, "re_macro": 0.8765999999999998, "best_epoch": 15, "val_loss": 0.3466079607131375, "train_loss": 0.2806021711069413}
{"epoch": 18, "val_accuracy": 0.8777866242038217, "train_accuracy": 0.9284446022727273, "f1_macro": 0.8766571534314312, "pre_macro": 0.8776000215928492, "re_macro": 0.8775000000000001, "best_epoch": 18, "val_loss": 0.3455213693676481, "train_loss": 0.2775897807653316}
{"epoch": 19, "val_accuracy": 0.8781847133757962, "train_accuracy": 0.9292879971590909, "f1_macro": 0.877183288454862, "pre_macro": 0.877746152828669, "re_macro": 0.8779, "best_epoch": 19, "val_loss": 0.3441032532863556, "train_loss": 0.2752086221642623}
{"epoch": 20, "val_accuracy": 0.8798765923566879, "train_accuracy": 0.9302645596590909, "f1_macro": 0.8789669421436349, "pre_macro": 0.8792988596678543, "re_macro": 0.8796000000000002, "best_epoch": 20, "val_loss": 0.3428626758087972, "train_loss": 0.2732557752592997}
{"epoch": 21, "val_accuracy": 0.8799761146496815, "train_accuracy": 0.9310191761363636, "f1_macro": 0.8791291205441235, "pre_macro": 0.8793272455952936, "re_macro": 0.8797, "best_epoch": 21, "val_loss": 0.3420227429099903, "train_loss": 0.2716778762299906}
{"epoch": 22, "val_accuracy": 0.8808718152866242, "train_accuracy": 0.9315074573863636, "f1_macro": 0.8800170010199924, "pre_macro": 0.8801073530301522, "re_macro": 0.8805999999999999, "best_epoch": 22, "val_loss": 0.3415486945468149, "train_loss": 0.2704296467868103}
{"epoch": 23, "val_accuracy": 0.8808718152866242, "train_accuracy": 0.9319513494318182, "f1_macro": 0.8797108479305139, "pre_macro": 0.8797432390887453, "re_macro": 0.8803000000000001, "best_epoch": 22, "val_loss": 0.34130194156792515, "train_loss": 0.26942629204131663}
{"epoch": 24, "val_accuracy": 0.8809713375796179, "train_accuracy": 0.9323508522727273, "f1_macro": 0.8797849429347557, "pre_macro": 0.8798055455936146, "re_macro": 0.8804000000000001, "best_epoch": 24, "val_loss": 0.34116360991244105, "train_loss": 0.2686046560887586}
{"epoch": 25, "val_accuracy": 0.8811703821656051, "train_accuracy": 0.9326393821022727, "f1_macro": 0.8800027985329979, "pre_macro": 0.8800106154604371, "re_macro": 0.8805999999999999, "best_epoch": 25, "val_loss": 0.341058641292487, "train_loss": 0.267919757488099}
{"training time": 194.45030236244202}
