{"epoch": 1, "val_accuracy": 0.7319864649681529, "train_accuracy": 0.6630889063185834, "f1_macro": 0.7375797492907765, "pre_macro": 0.7762245289063932, "re_macro": 0.7316, "best_epoch": 1, "val_loss": 0.690504164073118, "train_loss": 1.0307438551111425}
{"epoch": 2, "val_accuracy": 0.7601512738853503, "train_accuracy": 0.804046353127094, "f1_macro": 0.7646126755082545, "pre_macro": 0.7987502260075121, "re_macro": 0.7598999999999999, "best_epoch": 2, "val_loss": 0.6154119499549744, "train_loss": 0.6041469269610465}
{"epoch": 3, "val_accuracy": 0.7789609872611465, "train_accuracy": 0.8412329034602388, "f1_macro": 0.7855605549386174, "pre_macro": 0.8120576105147286, "re_macro": 0.7785, "best_epoch": 3, "val_loss": 0.5722384262996115, "train_loss": 0.5138322349558485}
{"epoch": 4, "val_accuracy": 0.7927945859872612, "train_accuracy": 0.8622245446164557, "f1_macro": 0.7955323408697549, "pre_macro": 0.8222806454600446, "re_macro": 0.7924, "best_epoch": 4, "val_loss": 0.5574668685721743, "train_loss": 0.46612956549258944}
{"epoch": 5, "val_accuracy": 0.7944864649681529, "train_accuracy": 0.8785619304535237, "f1_macro": 0.7974111859803678, "pre_macro": 0.8291340188051667, "re_macro": 0.7941, "best_epoch": 5, "val_loss": 0.5575451063122719, "train_loss": 0.4253971735213665}
{"epoch": 6, "val_accuracy": 0.8074243630573248, "train_accuracy": 0.8944718850419876, "f1_macro": 0.8106530011583949, "pre_macro": 0.8265520829357349, "re_macro": 0.8070999999999999, "best_epoch": 6, "val_loss": 0.5239147152870324, "train_loss": 0.39355335527278007}
{"epoch": 7, "val_accuracy": 0.8132961783439491, "train_accuracy": 0.9065349558566479, "f1_macro": 0.8159634722780256, "pre_macro": 0.8284100175947733, "re_macro": 0.8130000000000001, "best_epoch": 7, "val_loss": 0.5141888761975962, "train_loss": 0.3690868280035384}
{"epoch": 8, "val_accuracy": 0.8177746815286624, "train_accuracy": 0.9152260650979712, "f1_macro": 0.8197312131427236, "pre_macro": 0.8303875442029772, "re_macro": 0.8175000000000001, "best_epoch": 8, "val_loss": 0.5057582406291536, "train_loss": 0.34868286137885235}
{"epoch": 9, "val_accuracy": 0.8217555732484076, "train_accuracy": 0.9199278126371667, "f1_macro": 0.8230949378365622, "pre_macro": 0.8305294105282359, "re_macro": 0.8215, "best_epoch": 9, "val_loss": 0.5017290143830002, "train_loss": 0.3354721982428368}
{"epoch": 10, "val_accuracy": 0.8236464968152867, "train_accuracy": 0.925246961573337, "f1_macro": 0.8240634185256871, "pre_macro": 0.828873818952385, "re_macro": 0.8234000000000001, "best_epoch": 10, "val_loss": 0.49553861179549225, "train_loss": 0.3242045862877623}
{"epoch": 11, "val_accuracy": 0.8242436305732485, "train_accuracy": 0.929901216892486, "f1_macro": 0.8242408558570095, "pre_macro": 0.8281560745639996, "re_macro": 0.8240000000000001, "best_epoch": 11, "val_loss": 0.49383145741596346, "train_loss": 0.3131209589699481}
{"epoch": 12, "val_accuracy": 0.8240445859872612, "train_accuracy": 0.9332256849775923, "f1_macro": 0.823974275839144, "pre_macro": 0.828014967142467, "re_macro": 0.8238, "best_epoch": 11, "val_loss": 0.49435723985836005, "train_loss": 0.30512748056269706}
{"epoch": 13, "val_accuracy": 0.8249402866242038, "train_accuracy": 0.9359327516657241, "f1_macro": 0.8248254522699072, "pre_macro": 0.829172266498091, "re_macro": 0.8247, "best_epoch": 13, "val_loss": 0.49425302607238675, "train_loss": 0.2994872914983871}
{"epoch": 14, "val_accuracy": 0.8247412420382165, "train_accuracy": 0.9385448339137625, "f1_macro": 0.8248178016501301, "pre_macro": 0.8285215674263396, "re_macro": 0.8245000000000001, "best_epoch": 13, "val_loss": 0.4914909745477567, "train_loss": 0.29558323165203665}
{"epoch": 15, "val_accuracy": 0.8268312101910829, "train_accuracy": 0.9398746211478051, "f1_macro": 0.8270237778237697, "pre_macro": 0.8298296753455885, "re_macro": 0.8266, "best_epoch": 15, "val_loss": 0.4875927172648679, "train_loss": 0.2920807869510448}
{"epoch": 16, "val_accuracy": 0.8280254777070064, "train_accuracy": 0.9395896665593411, "f1_macro": 0.8280031148884403, "pre_macro": 0.8295980609491599, "re_macro": 0.8278000000000001, "best_epoch": 16, "val_loss": 0.4840693758551482, "train_loss": 0.2888203589840138}
{"epoch": 17, "val_accuracy": 0.8275278662420382, "train_accuracy": 0.9419167942189156, "f1_macro": 0.8273561353804884, "pre_macro": 0.828421727503921, "re_macro": 0.8273000000000001, "best_epoch": 16, "val_loss": 0.48163869825138406, "train_loss": 0.28573921227708776}
{"epoch": 18, "val_accuracy": 0.8271297770700637, "train_accuracy": 0.9439114750699794, "f1_macro": 0.8268699200874357, "pre_macro": 0.8275974193267202, "re_macro": 0.8269, "best_epoch": 16, "val_loss": 0.48039536548268263, "train_loss": 0.28282755137758053}
{"epoch": 19, "val_accuracy": 0.8268312101910829, "train_accuracy": 0.9449088154955113, "f1_macro": 0.8264735654482896, "pre_macro": 0.8270626562642702, "re_macro": 0.8266, "best_epoch": 16, "val_loss": 0.4798291859922895, "train_loss": 0.28033315913474305}
{"epoch": 20, "val_accuracy": 0.8271297770700637, "train_accuracy": 0.945241262304022, "f1_macro": 0.8267839157818635, "pre_macro": 0.8273050738849346, "re_macro": 0.8269, "best_epoch": 16, "val_loss": 0.47952954452128926, "train_loss": 0.27837265362130836}
{"epoch": 21, "val_accuracy": 0.8275278662420382, "train_accuracy": 0.9462386027295538, "f1_macro": 0.8272248087556309, "pre_macro": 0.8277311030080259, "re_macro": 0.8272999999999999, "best_epoch": 16, "val_loss": 0.479339853118939, "train_loss": 0.27686875487895724}
{"epoch": 22, "val_accuracy": 0.8274283439490446, "train_accuracy": 0.9469034963465751, "f1_macro": 0.8271489225861839, "pre_macro": 0.8276692288848139, "re_macro": 0.8272, "best_epoch": 16, "val_loss": 0.47921048256622, "train_loss": 0.2757020022006745}
{"epoch": 23, "val_accuracy": 0.8273288216560509, "train_accuracy": 0.9472359431550857, "f1_macro": 0.8270878180562352, "pre_macro": 0.8276072490519308, "re_macro": 0.8271, "best_epoch": 16, "val_loss": 0.4791188275168656, "train_loss": 0.27478618254052833}
{"epoch": 24, "val_accuracy": 0.8274283439490446, "train_accuracy": 0.9472359431550857, "f1_macro": 0.8271969594344792, "pre_macro": 0.8277186993776322, "re_macro": 0.8272, "best_epoch": 16, "val_loss": 0.47905212583815215, "train_loss": 0.27406198135081755}
{"epoch": 25, "val_accuracy": 0.8274283439490446, "train_accuracy": 0.9472359431550857, "f1_macro": 0.8272049000404709, "pre_macro": 0.8277262484620916, "re_macro": 0.8272, "best_epoch": 16, "val_loss": 0.4790025650505807, "train_loss": 0.27348626959831157}
{"training time": 38.45915150642395}
