{"epoch": 1, "val_accuracy": 0.8205613057324841, "train_accuracy": 0.767752659574468, "f1_macro": 0.8156695586933653, "pre_macro": 0.82422910431256, "re_macro": 0.8206000000000001, "best_epoch": 1, "val_loss": 0.49595072333979756, "train_loss": 0.7088150484764829}
{"epoch": 2, "val_accuracy": 0.832703025477707, "train_accuracy": 0.8442597518575953, "f1_macro": 0.8289679294342353, "pre_macro": 0.8360213470843773, "re_macro": 0.8328, "best_epoch": 2, "val_loss": 0.4763143531456115, "train_loss": 0.5010660141706467}
{"epoch": 3, "val_accuracy": 0.82921974522293, "train_accuracy": 0.8625664893617021, "f1_macro": 0.827029854549259, "pre_macro": 0.8342067925144626, "re_macro": 0.8295999999999999, "best_epoch": 2, "val_loss": 0.47883614347239206, "train_loss": 0.4507826919885392}
{"epoch": 4, "val_accuracy": 0.8386743630573248, "train_accuracy": 0.8774822696726373, "f1_macro": 0.8355272610515388, "pre_macro": 0.8436907088813133, "re_macro": 0.8391, "best_epoch": 4, "val_loss": 0.4645499928741698, "train_loss": 0.4152627646923065}
{"epoch": 5, "val_accuracy": 0.8352906050955414, "train_accuracy": 0.8877437944107868, "f1_macro": 0.832564939444735, "pre_macro": 0.8430170080443361, "re_macro": 0.8357000000000001, "best_epoch": 4, "val_loss": 0.4660297651199778, "train_loss": 0.3902158834198688}
{"epoch": 6, "val_accuracy": 0.8351910828025477, "train_accuracy": 0.8950132978723404, "f1_macro": 0.832704316712894, "pre_macro": 0.8420164393786747, "re_macro": 0.8356, "best_epoch": 4, "val_loss": 0.4604853971558771, "train_loss": 0.3693215605426342}
{"epoch": 7, "val_accuracy": 0.8362858280254777, "train_accuracy": 0.9017952127659574, "f1_macro": 0.8339931285258372, "pre_macro": 0.8426946726572722, "re_macro": 0.8367000000000001, "best_epoch": 4, "val_loss": 0.45398384028938926, "train_loss": 0.3520589238151591}
{"epoch": 8, "val_accuracy": 0.8407643312101911, "train_accuracy": 0.9067597518575953, "f1_macro": 0.8383067123070381, "pre_macro": 0.8474797395937056, "re_macro": 0.8412000000000001, "best_epoch": 8, "val_loss": 0.4432466842566326, "train_loss": 0.3373998980572883}
{"epoch": 9, "val_accuracy": 0.8424562101910829, "train_accuracy": 0.9118794327086591, "f1_macro": 0.8401221117137447, "pre_macro": 0.8494576524493226, "re_macro": 0.8428999999999999, "best_epoch": 9, "val_loss": 0.4370304280595415, "train_loss": 0.32509000700839025}
{"epoch": 10, "val_accuracy": 0.8458399681528662, "train_accuracy": 0.9162455675449778, "f1_macro": 0.8441532274173837, "pre_macro": 0.8506782936306093, "re_macro": 0.8462999999999999, "best_epoch": 10, "val_loss": 0.42861781435407653, "train_loss": 0.31572430159183257}
{"epoch": 11, "val_accuracy": 0.849422770700637, "train_accuracy": 0.9198359930768926, "f1_macro": 0.847816233455946, "pre_macro": 0.8519973654505009, "re_macro": 0.8496, "best_epoch": 11, "val_loss": 0.4188963157735812, "train_loss": 0.3080760064911335}
{"epoch": 12, "val_accuracy": 0.8513136942675159, "train_accuracy": 0.9224955675449777, "f1_macro": 0.8500359310180393, "pre_macro": 0.8521136178016103, "re_macro": 0.8515, "best_epoch": 12, "val_loss": 0.41102349843568864, "train_loss": 0.30079945978966166}
{"epoch": 13, "val_accuracy": 0.8534036624203821, "train_accuracy": 0.9258865249917863, "f1_macro": 0.8522655421649674, "pre_macro": 0.8532950491212823, "re_macro": 0.8533, "best_epoch": 13, "val_loss": 0.405009175941443, "train_loss": 0.29427088365909904}
{"epoch": 14, "val_accuracy": 0.8557921974522293, "train_accuracy": 0.9290115249917862, "f1_macro": 0.8547553447546982, "pre_macro": 0.855379237815774, "re_macro": 0.8557, "best_epoch": 14, "val_loss": 0.4020916921128133, "train_loss": 0.2892911800044648}
{"epoch": 15, "val_accuracy": 0.8560907643312102, "train_accuracy": 0.9304742909492331, "f1_macro": 0.8547763358441802, "pre_macro": 0.8552032609224826, "re_macro": 0.8560000000000001, "best_epoch": 15, "val_loss": 0.3995701709560528, "train_loss": 0.28467764987590466}
{"epoch": 16, "val_accuracy": 0.8560907643312102, "train_accuracy": 0.9317375888215734, "f1_macro": 0.8542818814209715, "pre_macro": 0.8546963752055186, "re_macro": 0.8560000000000001, "best_epoch": 15, "val_loss": 0.39828729895269793, "train_loss": 0.2807083266846677}
{"epoch": 17, "val_accuracy": 0.8561902866242038, "train_accuracy": 0.9331338654173181, "f1_macro": 0.8544367467981825, "pre_macro": 0.8548701425921212, "re_macro": 0.8561, "best_epoch": 17, "val_loss": 0.3970383205421411, "train_loss": 0.27753043662994464}
{"epoch": 18, "val_accuracy": 0.856687898089172, "train_accuracy": 0.9332668441407224, "f1_macro": 0.854982665450286, "pre_macro": 0.8552942769861476, "re_macro": 0.8566, "best_epoch": 18, "val_loss": 0.39603497638444235, "train_loss": 0.27489254988254386}
{"epoch": 19, "val_accuracy": 0.857484076433121, "train_accuracy": 0.9343971632896586, "f1_macro": 0.855975045187469, "pre_macro": 0.8560401061707557, "re_macro": 0.8573999999999999, "best_epoch": 19, "val_loss": 0.3951482371350003, "train_loss": 0.2727582764118276}
{"epoch": 20, "val_accuracy": 0.857484076433121, "train_accuracy": 0.9351950356300841, "f1_macro": 0.8561484043768208, "pre_macro": 0.8560366987992813, "re_macro": 0.8573999999999999, "best_epoch": 19, "val_loss": 0.39442556042959737, "train_loss": 0.27103999536088175}
{"epoch": 21, "val_accuracy": 0.8583797770700637, "train_accuracy": 0.9361258866939138, "f1_macro": 0.8572093748243994, "pre_macro": 0.8570164217605125, "re_macro": 0.8583000000000001, "best_epoch": 21, "val_loss": 0.3940417046190067, "train_loss": 0.2695584248989186}
{"epoch": 22, "val_accuracy": 0.8590764331210191, "train_accuracy": 0.936724290949233, "f1_macro": 0.8580741809223029, "pre_macro": 0.8578186145194978, "re_macro": 0.859, "best_epoch": 22, "val_loss": 0.3937984717309855, "train_loss": 0.26827551690821955}
{"epoch": 23, "val_accuracy": 0.859375, "train_accuracy": 0.9379875888215735, "f1_macro": 0.8584575225214778, "pre_macro": 0.8581833705228117, "re_macro": 0.8593, "best_epoch": 23, "val_loss": 0.39359842221828023, "train_loss": 0.26717068197879384}
{"epoch": 24, "val_accuracy": 0.8591759554140127, "train_accuracy": 0.9383865249917862, "f1_macro": 0.8583284540798681, "pre_macro": 0.8580581330263687, "re_macro": 0.8591, "best_epoch": 23, "val_loss": 0.3934345687650571, "train_loss": 0.2662198712851139}
{"epoch": 25, "val_accuracy": 0.8595740445859873, "train_accuracy": 0.9389849292471054, "f1_macro": 0.8587770849140817, "pre_macro": 0.8585192206850036, "re_macro": 0.8595, "best_epoch": 25, "val_loss": 0.39331684057499955, "train_loss": 0.2654092343563729}
{"training time": 85.03144550323486}
