{"epoch": 1, "val_accuracy": 0.6248009554140127, "train_accuracy": 0.42447916865348817, "f1_macro": 0.5966663929461544, "pre_macro": 0.639284950161494, "re_macro": 0.6244999999999999, "best_epoch": 1, "val_loss": 1.139915617028619, "train_loss": 1.756816840171814}
{"epoch": 2, "val_accuracy": 0.7242237261146497, "train_accuracy": 0.7046875, "f1_macro": 0.7007039281490994, "pre_macro": 0.7383316082726631, "re_macro": 0.7238, "best_epoch": 2, "val_loss": 0.8439061922632205, "train_loss": 0.9685551881790161}
{"epoch": 3, "val_accuracy": 0.7291998407643312, "train_accuracy": 0.7932291686534881, "f1_macro": 0.7295422481868366, "pre_macro": 0.7440382649365127, "re_macro": 0.7282, "best_epoch": 3, "val_loss": 0.7580512585533652, "train_loss": 0.7036158800125122}
{"epoch": 4, "val_accuracy": 0.7531847133757962, "train_accuracy": 0.8432291686534882, "f1_macro": 0.7500007241194642, "pre_macro": 0.7497432296523553, "re_macro": 0.7523, "best_epoch": 4, "val_loss": 0.698973776998034, "train_loss": 0.5871940284967423}
{"epoch": 5, "val_accuracy": 0.7626393312101911, "train_accuracy": 0.8927083373069763, "f1_macro": 0.7601099240100415, "pre_macro": 0.7592801908241849, "re_macro": 0.7621, "best_epoch": 5, "val_loss": 0.6812118734144101, "train_loss": 0.5028871387243271}
{"epoch": 6, "val_accuracy": 0.7640326433121019, "train_accuracy": 0.9140625, "f1_macro": 0.7635928728351733, "pre_macro": 0.76498062582676, "re_macro": 0.7635, "best_epoch": 6, "val_loss": 0.6702408762114822, "train_loss": 0.45708500742912295}
{"epoch": 7, "val_accuracy": 0.7678144904458599, "train_accuracy": 0.925, "f1_macro": 0.7654527355654753, "pre_macro": 0.7651008420663825, "re_macro": 0.7673, "best_epoch": 7, "val_loss": 0.6602415937906617, "train_loss": 0.42198153436183927}
{"epoch": 8, "val_accuracy": 0.7674164012738853, "train_accuracy": 0.9375, "f1_macro": 0.7668415810519004, "pre_macro": 0.7678024579767002, "re_macro": 0.7669, "best_epoch": 7, "val_loss": 0.6561463084190514, "train_loss": 0.39685113579034803}
{"epoch": 9, "val_accuracy": 0.7721934713375797, "train_accuracy": 0.9421875, "f1_macro": 0.7705713331673294, "pre_macro": 0.7706091837160943, "re_macro": 0.7716999999999999, "best_epoch": 9, "val_loss": 0.6504767195434328, "train_loss": 0.3788953393697739}
{"epoch": 10, "val_accuracy": 0.7725915605095541, "train_accuracy": 0.94375, "f1_macro": 0.7714199818260445, "pre_macro": 0.7717432344624319, "re_macro": 0.7720999999999999, "best_epoch": 10, "val_loss": 0.6471639395139779, "train_loss": 0.36480285227298737}
{"epoch": 11, "val_accuracy": 0.7738853503184714, "train_accuracy": 0.946875, "f1_macro": 0.7725980983400398, "pre_macro": 0.7728065812087455, "re_macro": 0.7734, "best_epoch": 11, "val_loss": 0.6442716191908356, "train_loss": 0.35426209717988966}
{"epoch": 12, "val_accuracy": 0.7740843949044586, "train_accuracy": 0.946875, "f1_macro": 0.7729292615322487, "pre_macro": 0.7732017874269399, "re_macro": 0.7736, "best_epoch": 12, "val_loss": 0.6423530301470666, "train_loss": 0.3459469020366669}
{"epoch": 13, "val_accuracy": 0.7746815286624203, "train_accuracy": 0.9484375, "f1_macro": 0.7736470154782538, "pre_macro": 0.7740170799806452, "re_macro": 0.7742, "best_epoch": 13, "val_loss": 0.6409255216835411, "train_loss": 0.3395889446139336}
{"epoch": 14, "val_accuracy": 0.7753781847133758, "train_accuracy": 0.9515625, "f1_macro": 0.7744343305636473, "pre_macro": 0.77489612740665, "re_macro": 0.7749, "best_epoch": 14, "val_loss": 0.6397438744071183, "train_loss": 0.33451909869909285}
{"epoch": 15, "val_accuracy": 0.7748805732484076, "train_accuracy": 0.9515625, "f1_macro": 0.7739492544356525, "pre_macro": 0.7744210613090992, "re_macro": 0.7744000000000001, "best_epoch": 14, "val_loss": 0.6388211367995875, "train_loss": 0.3304874151945114}
{"epoch": 16, "val_accuracy": 0.7751791401273885, "train_accuracy": 0.9546875, "f1_macro": 0.7742925694154548, "pre_macro": 0.7747814438877245, "re_macro": 0.7747, "best_epoch": 14, "val_loss": 0.6381001664195091, "train_loss": 0.3272846445441246}
{"epoch": 17, "val_accuracy": 0.7752786624203821, "train_accuracy": 0.95625, "f1_macro": 0.774410332149478, "pre_macro": 0.774917260478861, "re_macro": 0.7748, "best_epoch": 14, "val_loss": 0.6375228168478437, "train_loss": 0.324715718626976}
{"epoch": 18, "val_accuracy": 0.7752786624203821, "train_accuracy": 0.95625, "f1_macro": 0.7744110664358609, "pre_macro": 0.7749296827181682, "re_macro": 0.7748, "best_epoch": 14, "val_loss": 0.6370575200220582, "train_loss": 0.32264823615550997}
{"epoch": 19, "val_accuracy": 0.7754777070063694, "train_accuracy": 0.95625, "f1_macro": 0.7746482232311691, "pre_macro": 0.7752083388774041, "re_macro": 0.775, "best_epoch": 19, "val_loss": 0.6366833909681648, "train_loss": 0.3209837794303894}
{"epoch": 20, "val_accuracy": 0.775577229299363, "train_accuracy": 0.9578125, "f1_macro": 0.7747199547611436, "pre_macro": 0.7752541634312633, "re_macro": 0.7751, "best_epoch": 20, "val_loss": 0.6363827519735713, "train_loss": 0.31964255273342135}
{"epoch": 21, "val_accuracy": 0.7756767515923567, "train_accuracy": 0.9578125, "f1_macro": 0.7748371445343587, "pre_macro": 0.7753759146880772, "re_macro": 0.7752000000000001, "best_epoch": 21, "val_loss": 0.636140834374033, "train_loss": 0.31856039762496946}
{"epoch": 22, "val_accuracy": 0.7756767515923567, "train_accuracy": 0.9578125, "f1_macro": 0.7748497231611811, "pre_macro": 0.7754052114700123, "re_macro": 0.7752000000000001, "best_epoch": 21, "val_loss": 0.6359458611269665, "train_loss": 0.31768651902675626}
{"epoch": 23, "val_accuracy": 0.7760748407643312, "train_accuracy": 0.9578125, "f1_macro": 0.775220781867211, "pre_macro": 0.7757809516579339, "re_macro": 0.7756000000000001, "best_epoch": 23, "val_loss": 0.6357885842110701, "train_loss": 0.31698049157857894}
{"epoch": 24, "val_accuracy": 0.7760748407643312, "train_accuracy": 0.9578125, "f1_macro": 0.775220781867211, "pre_macro": 0.7757809516579339, "re_macro": 0.7756000000000001, "best_epoch": 23, "val_loss": 0.6356616354292366, "train_loss": 0.31640996485948564}
{"epoch": 25, "val_accuracy": 0.7760748407643312, "train_accuracy": 0.9578125, "f1_macro": 0.775220781867211, "pre_macro": 0.7757809516579339, "re_macro": 0.7756000000000001, "best_epoch": 23, "val_loss": 0.6355591465713112, "train_loss": 0.31594890654087066}
{"training time": 31.137221574783325}
