{"epoch": 100, "loss": 1.9458314180374146}
{"epoch": 200, "loss": 1.722663402557373}
{"epoch": 300, "loss": 1.5478585958480835}
{"epoch": 400, "loss": 1.39266836643219}
{"epoch": 500, "loss": 1.353042721748352}
{"epoch": 600, "loss": 1.3434727191925049}
{"epoch": 700, "loss": 1.3373242616653442}
{"epoch": 800, "loss": 1.3318246603012085}
{"epoch": 900, "loss": 1.3265467882156372}
{"epoch": 1000, "loss": 1.3214458227157593}
{"training_time:": "1.4548s", "final_loss": 1.3214458227157593}
