{"epoch": 1, "val_accuracy": 0.8330015923566879, "train_accuracy": 0.64907864814109, "f1_macro": 0.8306298691938524, "pre_macro": 0.8381455412023391, "re_macro": 0.830210073034106, "best_epoch": 1, "val_loss": 0.6152295279464904, "train_loss": 1.2331604830762173}
{"epoch": 2, "val_accuracy": 0.8499203821656051, "train_accuracy": 0.858805092091256, "f1_macro": 0.8486414524886129, "pre_macro": 0.8610279025481823, "re_macro": 0.847335555750558, "best_epoch": 2, "val_loss": 0.5072797396380431, "train_loss": 0.546376092002747}
{"epoch": 3, "val_accuracy": 0.8640525477707006, "train_accuracy": 0.88174392187849, "f1_macro": 0.8624133502922644, "pre_macro": 0.8714271463223712, "re_macro": 0.8614341891867789, "best_epoch": 3, "val_loss": 0.4515141633096015, "train_loss": 0.4517515415840961}
{"epoch": 4, "val_accuracy": 0.8796775477707006, "train_accuracy": 0.8957066878359369, "f1_macro": 0.8780006400927303, "pre_macro": 0.8824723670794056, "re_macro": 0.8778205293692171, "best_epoch": 4, "val_loss": 0.41595031999668497, "train_loss": 0.4109916461909071}
{"epoch": 5, "val_accuracy": 0.8828622611464968, "train_accuracy": 0.9053476452827454, "f1_macro": 0.8810716800807148, "pre_macro": 0.8847597740990022, "re_macro": 0.8810525415631929, "best_epoch": 5, "val_loss": 0.40383161208147456, "train_loss": 0.38717293961251037}
{"epoch": 6, "val_accuracy": 0.8847531847133758, "train_accuracy": 0.9093844992049197, "f1_macro": 0.8833921453727939, "pre_macro": 0.8875975362167446, "re_macro": 0.8838164381299027, "best_epoch": 6, "val_loss": 0.3980970700645143, "train_loss": 0.37218174211522365}
{"epoch": 7, "val_accuracy": 0.8829617834394905, "train_accuracy": 0.9163658821836431, "f1_macro": 0.8817423744392772, "pre_macro": 0.8868401058695422, "re_macro": 0.8824287378041717, "best_epoch": 6, "val_loss": 0.39613322790261285, "train_loss": 0.3586216882822361}
{"epoch": 8, "val_accuracy": 0.888734076433121, "train_accuracy": 0.9196903502687495, "f1_macro": 0.8878292650147444, "pre_macro": 0.8911721362662355, "re_macro": 0.8881965429709648, "best_epoch": 8, "val_loss": 0.3834510289227507, "train_loss": 0.3462761878333193}
{"epoch": 9, "val_accuracy": 0.88953025477707, "train_accuracy": 0.9233472651623665, "f1_macro": 0.8883553193675843, "pre_macro": 0.8914524799982942, "re_macro": 0.8886496877666294, "best_epoch": 9, "val_loss": 0.37836457715387556, "train_loss": 0.33701181411743164}
{"epoch": 10, "val_accuracy": 0.8893312101910829, "train_accuracy": 0.925674392821941, "f1_macro": 0.8878335139764586, "pre_macro": 0.8909869885391022, "re_macro": 0.8880663378032505, "best_epoch": 9, "val_loss": 0.37636418282321304, "train_loss": 0.3317693658965699}
{"epoch": 11, "val_accuracy": 0.8890326433121019, "train_accuracy": 0.9270041800559835, "f1_macro": 0.8871628684688776, "pre_macro": 0.8901547722087061, "re_macro": 0.887440582053587, "best_epoch": 9, "val_loss": 0.37430178675397185, "train_loss": 0.32831253333294647}
{"epoch": 12, "val_accuracy": 0.8902269108280255, "train_accuracy": 0.9289988609070473, "f1_macro": 0.8885905702266458, "pre_macro": 0.8909175386401301, "re_macro": 0.8890332145401503, "best_epoch": 12, "val_loss": 0.3702344616317445, "train_loss": 0.32537354655722356}
{"epoch": 13, "val_accuracy": 0.8921178343949044, "train_accuracy": 0.9296637545240686, "f1_macro": 0.8905161410900335, "pre_macro": 0.8919608897134088, "re_macro": 0.8909953804415298, "best_epoch": 13, "val_loss": 0.3652913910188493, "train_loss": 0.3221848261483172}
{"epoch": 14, "val_accuracy": 0.8922173566878981, "train_accuracy": 0.9299962013325793, "f1_macro": 0.8906974447149709, "pre_macro": 0.8916108268648386, "re_macro": 0.8911315977397567, "best_epoch": 14, "val_loss": 0.36159398091162087, "train_loss": 0.31872753513620256}
{"epoch": 15, "val_accuracy": 0.8940087579617835, "train_accuracy": 0.9306610949496006, "f1_macro": 0.8919326536476395, "pre_macro": 0.8924970421990638, "re_macro": 0.8923650166548207, "best_epoch": 15, "val_loss": 0.35937410816075693, "train_loss": 0.31565244495868683}
{"training time": 19.45452380180359}
