{"epoch": 1, "val_accuracy": 0.8949044585987261, "train_accuracy": 0.8686745383522727, "f1_macro": 0.8926712316711823, "pre_macro": 0.9001153566493778, "re_macro": 0.8937035640716985, "best_epoch": 1, "val_loss": 0.34236979365918285, "train_loss": 0.4975909953090278}
{"epoch": 2, "val_accuracy": 0.9280453821656051, "train_accuracy": 0.9232288707386364, "f1_macro": 0.9267611507448017, "pre_macro": 0.928684017011852, "re_macro": 0.9269133587284515, "best_epoch": 2, "val_loss": 0.23330964735904886, "train_loss": 0.3293808072974736}
{"epoch": 3, "val_accuracy": 0.944765127388535, "train_accuracy": 0.9411177201704546, "f1_macro": 0.9439077187620264, "pre_macro": 0.9446257366894345, "re_macro": 0.9438217422966172, "best_epoch": 3, "val_loss": 0.18448975889285088, "train_loss": 0.2796885731460696}
{"epoch": 4, "val_accuracy": 0.9519307324840764, "train_accuracy": 0.9513494318181818, "f1_macro": 0.9513467363010694, "pre_macro": 0.951920630538831, "re_macro": 0.9511414263951716, "best_epoch": 4, "val_loss": 0.1639562355573912, "train_loss": 0.25058542837558145}
{"epoch": 5, "val_accuracy": 0.9555135350318471, "train_accuracy": 0.9577414772727273, "f1_macro": 0.9551725918989676, "pre_macro": 0.9557387427765811, "re_macro": 0.9550084801340194, "best_epoch": 5, "val_loss": 0.15322085543517855, "train_loss": 0.23200441717000847}
{"epoch": 6, "val_accuracy": 0.9579020700636943, "train_accuracy": 0.9610040838068182, "f1_macro": 0.9575834634974603, "pre_macro": 0.9581094135368403, "re_macro": 0.9573854595167403, "best_epoch": 6, "val_loss": 0.14515227991435084, "train_loss": 0.2190885556099767}
{"epoch": 7, "val_accuracy": 0.9600915605095541, "train_accuracy": 0.9635786576704546, "f1_macro": 0.9597634644867498, "pre_macro": 0.9601364784133931, "re_macro": 0.9595923143679898, "best_epoch": 7, "val_loss": 0.1380703553563328, "train_loss": 0.2094344119541347}
{"epoch": 8, "val_accuracy": 0.962281050955414, "train_accuracy": 0.9654873934659091, "f1_macro": 0.9619250511449089, "pre_macro": 0.9622281531337441, "re_macro": 0.9617563280456631, "best_epoch": 8, "val_loss": 0.13224984802139603, "train_loss": 0.20186017744708806}
{"epoch": 9, "val_accuracy": 0.9632762738853503, "train_accuracy": 0.9676624644886364, "f1_macro": 0.9628919624372374, "pre_macro": 0.963158670472794, "re_macro": 0.962742120226706, "best_epoch": 9, "val_loss": 0.1277669830081664, "train_loss": 0.19581095638303933}
{"epoch": 10, "val_accuracy": 0.9647691082802548, "train_accuracy": 0.9691716974431818, "f1_macro": 0.9643649641547798, "pre_macro": 0.9645561284077436, "re_macro": 0.9642788907587032, "best_epoch": 10, "val_loss": 0.12478163398084509, "train_loss": 0.19099946493621578}
{"epoch": 11, "val_accuracy": 0.9658638535031847, "train_accuracy": 0.9708584872159091, "f1_macro": 0.9654348920573069, "pre_macro": 0.9655808858713659, "re_macro": 0.9653966410099768, "best_epoch": 11, "val_loss": 0.12275323721692916, "train_loss": 0.1871990276267752}
{"epoch": 12, "val_accuracy": 0.9659633757961783, "train_accuracy": 0.9719460227272727, "f1_macro": 0.9655580257401226, "pre_macro": 0.9656533250786937, "re_macro": 0.9655466289143055, "best_epoch": 12, "val_loss": 0.12118473672456327, "train_loss": 0.18419694755522703}
{"epoch": 13, "val_accuracy": 0.9663614649681529, "train_accuracy": 0.9726340553977273, "f1_macro": 0.965971698765129, "pre_macro": 0.9660417383528594, "re_macro": 0.9659789663596982, "best_epoch": 13, "val_loss": 0.11985617472380874, "train_loss": 0.18182539373678577}
{"epoch": 14, "val_accuracy": 0.9667595541401274, "train_accuracy": 0.9734330610795454, "f1_macro": 0.966371588482924, "pre_macro": 0.9664387974471286, "re_macro": 0.9663790883541499, "best_epoch": 14, "val_loss": 0.11871070704707627, "train_loss": 0.17995675699785352}
{"epoch": 15, "val_accuracy": 0.9667595541401274, "train_accuracy": 0.9739657315340909, "f1_macro": 0.9663619465440434, "pre_macro": 0.9664373961775057, "re_macro": 0.9663496672838889, "best_epoch": 14, "val_loss": 0.11777003287563136, "train_loss": 0.17848482106769967}
{"training time": 94.96943688392639}
