{"epoch": 1, "val_accuracy": 0.8665406050955414, "train_accuracy": 0.8192154255319148, "f1_macro": 0.8631029827070289, "pre_macro": 0.8762345068356622, "re_macro": 0.8647942031903852, "best_epoch": 1, "val_loss": 0.43314477018300135, "train_loss": 0.6605828105135166}
{"epoch": 2, "val_accuracy": 0.8937101910828026, "train_accuracy": 0.8966976952045522, "f1_macro": 0.8926290998564635, "pre_macro": 0.8986180299787472, "re_macro": 0.8935360510228592, "best_epoch": 2, "val_loss": 0.3517381920461442, "train_loss": 0.4050613469265877}
{"epoch": 3, "val_accuracy": 0.9090366242038217, "train_accuracy": 0.9103945037151905, "f1_macro": 0.9078454676060417, "pre_macro": 0.909550235985194, "re_macro": 0.9084093697215743, "best_epoch": 3, "val_loss": 0.30222797194483936, "train_loss": 0.36343259335832395}
{"epoch": 4, "val_accuracy": 0.9161027070063694, "train_accuracy": 0.9211436170212766, "f1_macro": 0.9144988270150745, "pre_macro": 0.9157276974827105, "re_macro": 0.9149740502580151, "best_epoch": 4, "val_loss": 0.28053989366978216, "train_loss": 0.3324554967753431}
{"epoch": 5, "val_accuracy": 0.9221735668789809, "train_accuracy": 0.9303191489361702, "f1_macro": 0.9208564238535603, "pre_macro": 0.9219570645198895, "re_macro": 0.9211231037908403, "best_epoch": 5, "val_loss": 0.26449554236783723, "train_loss": 0.30927776256774336}
{"epoch": 6, "val_accuracy": 0.9254578025477707, "train_accuracy": 0.9352393617021276, "f1_macro": 0.9243535463867755, "pre_macro": 0.9256349744429657, "re_macro": 0.9243937381747243, "best_epoch": 6, "val_loss": 0.2520681913752275, "train_loss": 0.29255846903679217}
{"epoch": 7, "val_accuracy": 0.9285429936305732, "train_accuracy": 0.9402925531914894, "f1_macro": 0.9275657512882866, "pre_macro": 0.9290052059735874, "re_macro": 0.9274533934045823, "best_epoch": 7, "val_loss": 0.24367959096221029, "train_loss": 0.28028233279573156}
{"epoch": 8, "val_accuracy": 0.9298367834394905, "train_accuracy": 0.9438829787234042, "f1_macro": 0.9288223889200449, "pre_macro": 0.9303182241430401, "re_macro": 0.928648261595632, "best_epoch": 8, "val_loss": 0.2389379821088948, "train_loss": 0.2704658848808167}
{"epoch": 9, "val_accuracy": 0.9313296178343949, "train_accuracy": 0.9462765957446808, "f1_macro": 0.9303330704400127, "pre_macro": 0.9317386063320054, "re_macro": 0.9301765124112062, "best_epoch": 9, "val_loss": 0.23492474956022705, "train_loss": 0.2624971696353973}
{"epoch": 10, "val_accuracy": 0.933718152866242, "train_accuracy": 0.948404255319149, "f1_macro": 0.9324971136438922, "pre_macro": 0.9336552694162815, "re_macro": 0.9323579348055873, "best_epoch": 10, "val_loss": 0.2302661043277402, "train_loss": 0.2562547321649308}
{"epoch": 11, "val_accuracy": 0.9355095541401274, "train_accuracy": 0.9498670212765957, "f1_macro": 0.9343785441519683, "pre_macro": 0.93523862482326, "re_macro": 0.9342774033625592, "best_epoch": 11, "val_loss": 0.22555257485004937, "train_loss": 0.25137873390253557}
{"epoch": 12, "val_accuracy": 0.9365047770700637, "train_accuracy": 0.9512632978723404, "f1_macro": 0.9353843315023396, "pre_macro": 0.9359959439013024, "re_macro": 0.935356356907765, "best_epoch": 12, "val_loss": 0.22140109891985443, "train_loss": 0.2474708783499738}
{"epoch": 13, "val_accuracy": 0.9374004777070064, "train_accuracy": 0.9522606382978723, "f1_macro": 0.9363260042122346, "pre_macro": 0.9367740888760003, "re_macro": 0.9363323876323598, "best_epoch": 13, "val_loss": 0.21812923862984415, "train_loss": 0.24430404717617846}
{"epoch": 14, "val_accuracy": 0.9382961783439491, "train_accuracy": 0.9527260638297872, "f1_macro": 0.9372266245695258, "pre_macro": 0.9375162167367878, "re_macro": 0.9372710330230063, "best_epoch": 14, "val_loss": 0.21569760446881603, "train_loss": 0.24175191787963218}
{"epoch": 15, "val_accuracy": 0.9388933121019108, "train_accuracy": 0.9535239361702128, "f1_macro": 0.9378422429541524, "pre_macro": 0.938066720132432, "re_macro": 0.9378702857085658, "best_epoch": 15, "val_loss": 0.2138578276547372, "train_loss": 0.23971906253632078}
{"training time": 36.83307933807373}
