{"epoch": 1, "val_accuracy": 0.908937101910828, "train_accuracy": 0.8791644456289979, "f1_macro": 0.9076968087945818, "pre_macro": 0.9115607077668517, "re_macro": 0.9075145676063532, "best_epoch": 1, "val_loss": 0.28688986932823235, "train_loss": 0.4624634867569785}
{"epoch": 2, "val_accuracy": 0.9293391719745223, "train_accuracy": 0.9292877132196162, "f1_macro": 0.9288073608830022, "pre_macro": 0.9314798456828427, "re_macro": 0.9284011984745429, "best_epoch": 2, "val_loss": 0.22406150509194014, "train_loss": 0.31164400487629845}
{"epoch": 3, "val_accuracy": 0.9442675159235668, "train_accuracy": 0.945245868869936, "f1_macro": 0.943774530518127, "pre_macro": 0.9452988769309055, "re_macro": 0.9434735076511735, "best_epoch": 3, "val_loss": 0.18072788388865768, "train_loss": 0.2661137166323819}
{"epoch": 4, "val_accuracy": 0.9510350318471338, "train_accuracy": 0.9540578358208955, "f1_macro": 0.9505238380339305, "pre_macro": 0.9515607464417449, "re_macro": 0.950345946564304, "best_epoch": 4, "val_loss": 0.15921652925669388, "train_loss": 0.24020749748325043}
{"epoch": 5, "val_accuracy": 0.9563097133757962, "train_accuracy": 0.9598714019189766, "f1_macro": 0.9558156288052391, "pre_macro": 0.9565909615652659, "re_macro": 0.95565018392503, "best_epoch": 5, "val_loss": 0.14472709052935007, "train_loss": 0.22295960555198605}
{"epoch": 6, "val_accuracy": 0.9608877388535032, "train_accuracy": 0.9641191364605544, "f1_macro": 0.9604411017907296, "pre_macro": 0.9609411093100947, "re_macro": 0.9603263482911475, "best_epoch": 6, "val_loss": 0.13312009261671903, "train_loss": 0.21063732602067595}
{"epoch": 7, "val_accuracy": 0.9635748407643312, "train_accuracy": 0.9670175906183369, "f1_macro": 0.9631630037552362, "pre_macro": 0.9634726784254604, "re_macro": 0.9631329375884746, "best_epoch": 7, "val_loss": 0.1253661509546908, "train_loss": 0.20147677057428653}
{"epoch": 8, "val_accuracy": 0.9656648089171974, "train_accuracy": 0.9689332356076759, "f1_macro": 0.9652819006709045, "pre_macro": 0.9654662608286152, "re_macro": 0.9652941539311806, "best_epoch": 8, "val_loss": 0.12061628699006074, "train_loss": 0.19436202210181558}
{"epoch": 9, "val_accuracy": 0.9663614649681529, "train_accuracy": 0.9708322228144989, "f1_macro": 0.9659723966870356, "pre_macro": 0.9661276089795935, "re_macro": 0.9659886146174811, "best_epoch": 9, "val_loss": 0.11740257673463814, "train_loss": 0.18879337294269471}
{"epoch": 10, "val_accuracy": 0.96765525477707, "train_accuracy": 0.9719149786780383, "f1_macro": 0.967290272472305, "pre_macro": 0.9674675396750171, "re_macro": 0.9672629854940247, "best_epoch": 10, "val_loss": 0.11498882772347588, "train_loss": 0.18444841809427814}
{"epoch": 11, "val_accuracy": 0.9693471337579618, "train_accuracy": 0.9730143923240938, "f1_macro": 0.9690072649874268, "pre_macro": 0.9692369155103764, "re_macro": 0.9689237623342549, "best_epoch": 11, "val_loss": 0.11328006062988832, "train_loss": 0.1810473268474343}
{"epoch": 12, "val_accuracy": 0.9697452229299363, "train_accuracy": 0.9740471748400853, "f1_macro": 0.9693822376201056, "pre_macro": 0.9696027607475027, "re_macro": 0.9692823159849577, "best_epoch": 12, "val_loss": 0.11194829113787384, "train_loss": 0.17836741436677955}
{"epoch": 13, "val_accuracy": 0.9702428343949044, "train_accuracy": 0.974496934968017, "f1_macro": 0.9699045166438542, "pre_macro": 0.9701293489214338, "re_macro": 0.9698052367415398, "best_epoch": 13, "val_loss": 0.11056638744090251, "train_loss": 0.17624692425830787}
{"epoch": 14, "val_accuracy": 0.9704418789808917, "train_accuracy": 0.9750466417910447, "f1_macro": 0.970088111624648, "pre_macro": 0.9702893851167202, "re_macro": 0.970007493853125, "best_epoch": 14, "val_loss": 0.10920061410707273, "train_loss": 0.17456648972179337}
{"epoch": 15, "val_accuracy": 0.971437101910828, "train_accuracy": 0.9752465351812367, "f1_macro": 0.9710984586234451, "pre_macro": 0.9712488327773411, "re_macro": 0.9710414835532613, "best_epoch": 15, "val_loss": 0.10803925081387541, "train_loss": 0.17323523693914605}
{"training time": 119.45535659790039}
