{"epoch": 1, "val_accuracy": 0.4719347133757962, "train_accuracy": 0.30625, "f1_macro": 0.39900933713251174, "pre_macro": 0.639778263832339, "re_macro": 0.45994531200296807, "best_epoch": 1, "val_loss": 1.731438567683955, "train_loss": 2.1096097826957703}
{"epoch": 2, "val_accuracy": 0.6952627388535032, "train_accuracy": 0.65, "f1_macro": 0.6843985067283361, "pre_macro": 0.709632165168498, "re_macro": 0.6871265091856804, "best_epoch": 2, "val_loss": 1.2167752772379832, "train_loss": 1.4313538789749145}
{"epoch": 3, "val_accuracy": 0.7224323248407644, "train_accuracy": 0.784375, "f1_macro": 0.7061763021647505, "pre_macro": 0.7362366394072912, "re_macro": 0.7144524844976831, "best_epoch": 3, "val_loss": 0.9995736977097335, "train_loss": 1.0066237509250642}
{"epoch": 4, "val_accuracy": 0.7552746815286624, "train_accuracy": 0.8307291686534881, "f1_macro": 0.749423172503519, "pre_macro": 0.7608305821454271, "re_macro": 0.74965785538683, "best_epoch": 4, "val_loss": 0.8765353021348358, "train_loss": 0.8055321753025055}
{"epoch": 5, "val_accuracy": 0.7714968152866242, "train_accuracy": 0.8572916686534882, "f1_macro": 0.7630186379541571, "pre_macro": 0.7701116006908009, "re_macro": 0.7656892645818331, "best_epoch": 5, "val_loss": 0.8074120442578747, "train_loss": 0.6955120921134949}
{"epoch": 6, "val_accuracy": 0.7843351910828026, "train_accuracy": 0.8682291686534882, "f1_macro": 0.7788194389934293, "pre_macro": 0.7842964653824669, "re_macro": 0.7794100038704886, "best_epoch": 6, "val_loss": 0.767067600587371, "train_loss": 0.6370385766029358}
{"epoch": 7, "val_accuracy": 0.7916003184713376, "train_accuracy": 0.8791666686534881, "f1_macro": 0.7857377484400623, "pre_macro": 0.7894672792080301, "re_macro": 0.7866588398968193, "best_epoch": 7, "val_loss": 0.7385597870608044, "train_loss": 0.5954317927360535}
{"epoch": 8, "val_accuracy": 0.7974721337579618, "train_accuracy": 0.8854166686534881, "f1_macro": 0.7923064927422139, "pre_macro": 0.7961953075134653, "re_macro": 0.7928744484120247, "best_epoch": 8, "val_loss": 0.7197334422807026, "train_loss": 0.5683427393436432}
{"epoch": 9, "val_accuracy": 0.799562101910828, "train_accuracy": 0.8901041686534882, "f1_macro": 0.7943916024970105, "pre_macro": 0.79751381752778, "re_macro": 0.7950079211677326, "best_epoch": 9, "val_loss": 0.7049698347498656, "train_loss": 0.5484007686376572}
{"epoch": 10, "val_accuracy": 0.8023487261146497, "train_accuracy": 0.8901041686534882, "f1_macro": 0.7974812561659076, "pre_macro": 0.8005304929504063, "re_macro": 0.7979799328124053, "best_epoch": 10, "val_loss": 0.6946060000711186, "train_loss": 0.5334977328777313}
{"epoch": 11, "val_accuracy": 0.8043391719745223, "train_accuracy": 0.8901041686534882, "f1_macro": 0.7996453357431746, "pre_macro": 0.8026715327228582, "re_macro": 0.8000860882217724, "best_epoch": 11, "val_loss": 0.6866977244235908, "train_loss": 0.522279804944992}
{"epoch": 12, "val_accuracy": 0.8062300955414012, "train_accuracy": 0.8932291686534881, "f1_macro": 0.8016073124856676, "pre_macro": 0.8044817945698151, "re_macro": 0.8020285107753164, "best_epoch": 12, "val_loss": 0.6804107628810178, "train_loss": 0.5135827839374543}
{"epoch": 13, "val_accuracy": 0.8078224522292994, "train_accuracy": 0.8932291686534881, "f1_macro": 0.8032923341920648, "pre_macro": 0.8060089267525937, "re_macro": 0.8036971699262196, "best_epoch": 13, "val_loss": 0.6755459900874241, "train_loss": 0.5068023324012756}
{"epoch": 14, "val_accuracy": 0.8084195859872612, "train_accuracy": 0.8963541686534882, "f1_macro": 0.8039292076326732, "pre_macro": 0.8065892924187681, "re_macro": 0.8043475852999652, "best_epoch": 14, "val_loss": 0.6717633760658799, "train_loss": 0.5014902800321579}
{"epoch": 15, "val_accuracy": 0.8096138535031847, "train_accuracy": 0.8994791686534882, "f1_macro": 0.8051924100059855, "pre_macro": 0.8078084086856817, "re_macro": 0.8055932444191853, "best_epoch": 15, "val_loss": 0.6687787940168077, "train_loss": 0.497296130657196}
{"training time": 12.78626799583435}
