{"epoch": 1, "val_accuracy": 0.8451433121019108, "train_accuracy": 0.8219283049040512, "f1_macro": 0.8434040269197034, "pre_macro": 0.847281771707029, "re_macro": 0.845, "best_epoch": 1, "val_loss": 0.4364758515433901, "train_loss": 5.299730715466969}
{"epoch": 2, "val_accuracy": 0.8500199044585988, "train_accuracy": 0.8616404584221748, "f1_macro": 0.8495690392247152, "pre_macro": 0.8538652572362709, "re_macro": 0.8499000000000001, "best_epoch": 2, "val_loss": 0.4172794914739147, "train_loss": 3.2011907840334275}
{"epoch": 3, "val_accuracy": 0.8572850318471338, "train_accuracy": 0.871102078891258, "f1_macro": 0.8562559334075968, "pre_macro": 0.857778999224097, "re_macro": 0.8569000000000001, "best_epoch": 3, "val_loss": 0.39115634086025747, "train_loss": 2.425606231191265}
{"epoch": 4, "val_accuracy": 0.8625597133757962, "train_accuracy": 0.876898987206823, "f1_macro": 0.8616387581469371, "pre_macro": 0.8624842895057145, "re_macro": 0.8622, "best_epoch": 4, "val_loss": 0.3793492265947305, "train_loss": 2.016269028186798}
{"epoch": 5, "val_accuracy": 0.8636544585987261, "train_accuracy": 0.8820295842217484, "f1_macro": 0.8627261562742119, "pre_macro": 0.8649308093146775, "re_macro": 0.8629999999999999, "best_epoch": 5, "val_loss": 0.3758277998418565, "train_loss": 1.7625696207922914}
{"epoch": 6, "val_accuracy": 0.8613654458598726, "train_accuracy": 0.8856776385927505, "f1_macro": 0.8603208709018008, "pre_macro": 0.8660660517906139, "re_macro": 0.8606999999999999, "best_epoch": 5, "val_loss": 0.3813858773488148, "train_loss": 1.5911947731524387}
{"epoch": 7, "val_accuracy": 0.8628582802547771, "train_accuracy": 0.8892090884861408, "f1_macro": 0.8613832263259811, "pre_macro": 0.866357277622049, "re_macro": 0.8622, "best_epoch": 5, "val_loss": 0.37621570772426144, "train_loss": 1.4699652447883509}
{"epoch": 8, "val_accuracy": 0.8670382165605095, "train_accuracy": 0.8924240405117271, "f1_macro": 0.8651761876116225, "pre_macro": 0.8669718561934412, "re_macro": 0.8664, "best_epoch": 8, "val_loss": 0.3640556877395909, "train_loss": 1.3814150763473023}
{"epoch": 9, "val_accuracy": 0.8694267515923567, "train_accuracy": 0.8958388859275054, "f1_macro": 0.8670573908503008, "pre_macro": 0.867784943758199, "re_macro": 0.8688, "best_epoch": 9, "val_loss": 0.3560160728776531, "train_loss": 1.3154521922566997}
{"epoch": 10, "val_accuracy": 0.8707205414012739, "train_accuracy": 0.8977878464818764, "f1_macro": 0.8682216412058379, "pre_macro": 0.8689061399308793, "re_macro": 0.8701000000000001, "best_epoch": 10, "val_loss": 0.3509924304523286, "train_loss": 1.2683668885149681}
{"epoch": 11, "val_accuracy": 0.8730095541401274, "train_accuracy": 0.9006863006396588, "f1_macro": 0.8705210990388424, "pre_macro": 0.8721456462357364, "re_macro": 0.8727, "best_epoch": 11, "val_loss": 0.3490140770745885, "train_loss": 1.2293958364010873}
{"epoch": 12, "val_accuracy": 0.8737062101910829, "train_accuracy": 0.9031016791044776, "f1_macro": 0.870563505585379, "pre_macro": 0.8737564310407608, "re_macro": 0.8734, "best_epoch": 12, "val_loss": 0.3481523123136751, "train_loss": 1.1994980623218805}
{"epoch": 13, "val_accuracy": 0.8745023885350318, "train_accuracy": 0.9048507462686567, "f1_macro": 0.8709789036667678, "pre_macro": 0.875152895815915, "re_macro": 0.8741999999999999, "best_epoch": 13, "val_loss": 0.3462772599071454, "train_loss": 1.1761524356377404}
{"epoch": 14, "val_accuracy": 0.8750995222929936, "train_accuracy": 0.9070329157782516, "f1_macro": 0.8717557651694609, "pre_macro": 0.8757040700323111, "re_macro": 0.8747999999999999, "best_epoch": 14, "val_loss": 0.3416820457501776, "train_loss": 1.1578537701035359}
{"epoch": 15, "val_accuracy": 0.8764928343949044, "train_accuracy": 0.9087819829424307, "f1_macro": 0.8739119567465347, "pre_macro": 0.8763946888996068, "re_macro": 0.8762000000000001, "best_epoch": 15, "val_loss": 0.3363728104693115, "train_loss": 1.1434047489659365}
{"epoch": 16, "val_accuracy": 0.8775875796178344, "train_accuracy": 0.9100646321961621, "f1_macro": 0.8756548829480492, "pre_macro": 0.8768865816480422, "re_macro": 0.8773, "best_epoch": 16, "val_loss": 0.3323262867274558, "train_loss": 1.131905578664625}
{"epoch": 17, "val_accuracy": 0.8796775477707006, "train_accuracy": 0.9109808102345416, "f1_macro": 0.8782751435049617, "pre_macro": 0.8787520222690579, "re_macro": 0.8794000000000001, "best_epoch": 17, "val_loss": 0.32969773579744777, "train_loss": 1.1227513431613125}
{"epoch": 18, "val_accuracy": 0.8800756369426752, "train_accuracy": 0.912063566098081, "f1_macro": 0.8789662665287139, "pre_macro": 0.8791613501862405, "re_macro": 0.8798000000000001, "best_epoch": 18, "val_loss": 0.3279262980932643, "train_loss": 1.115480344496302}
{"epoch": 19, "val_accuracy": 0.8797770700636943, "train_accuracy": 0.9130796908315565, "f1_macro": 0.8788284174351577, "pre_macro": 0.878959729202689, "re_macro": 0.8795, "best_epoch": 18, "val_loss": 0.32674577224786117, "train_loss": 1.1097017798596607}
{"epoch": 20, "val_accuracy": 0.8804737261146497, "train_accuracy": 0.9134128464818764, "f1_macro": 0.8796144806955549, "pre_macro": 0.8797039345484772, "re_macro": 0.8802, "best_epoch": 20, "val_loss": 0.32595938083472525, "train_loss": 1.1051000582256805}
{"epoch": 21, "val_accuracy": 0.8807722929936306, "train_accuracy": 0.9136793710021321, "f1_macro": 0.8800008640416817, "pre_macro": 0.8800904997933173, "re_macro": 0.8805000000000002, "best_epoch": 21, "val_loss": 0.3253269754587465, "train_loss": 1.1014269686329847}
{"epoch": 22, "val_accuracy": 0.8810708598726115, "train_accuracy": 0.9144123134328358, "f1_macro": 0.8803424819112825, "pre_macro": 0.8804198265659527, "re_macro": 0.8808, "best_epoch": 22, "val_loss": 0.32471759503434416, "train_loss": 1.098489584508481}
{"epoch": 23, "val_accuracy": 0.8811703821656051, "train_accuracy": 0.9144289712153518, "f1_macro": 0.8804776012514379, "pre_macro": 0.8805316868523111, "re_macro": 0.8808999999999999, "best_epoch": 23, "val_loss": 0.3241300978668176, "train_loss": 1.0961342762782376}
{"epoch": 24, "val_accuracy": 0.8801751592356688, "train_accuracy": 0.9147621268656716, "f1_macro": 0.8794921574214618, "pre_macro": 0.8794985806300366, "re_macro": 0.8798999999999999, "best_epoch": 23, "val_loss": 0.3235996547777941, "train_loss": 1.0942419565308577}
{"epoch": 25, "val_accuracy": 0.8805732484076433, "train_accuracy": 0.9149786780383795, "f1_macro": 0.8798993875685708, "pre_macro": 0.8798861040448038, "re_macro": 0.8802999999999999, "best_epoch": 23, "val_loss": 0.32314603192031766, "train_loss": 1.0927213378933702}
{"training time": 276.06192111968994}
