{"epoch": 1, "val_accuracy": 0.823546974522293, "train_accuracy": 0.8165394176136364, "f1_macro": 0.8212650019655687, "pre_macro": 0.8344702765606421, "re_macro": 0.8233, "best_epoch": 1, "val_loss": 0.4894919027188781, "train_loss": 5.706841358406977}
{"epoch": 2, "val_accuracy": 0.8393710191082803, "train_accuracy": 0.8617498224431818, "f1_macro": 0.8369666731651366, "pre_macro": 0.8471671027449219, "re_macro": 0.8389, "best_epoch": 2, "val_loss": 0.44476680381662526, "train_loss": 3.7344122600149023}
{"epoch": 3, "val_accuracy": 0.8421576433121019, "train_accuracy": 0.8714710582386364, "f1_macro": 0.8401312029718557, "pre_macro": 0.8496823310990939, "re_macro": 0.8413999999999999, "best_epoch": 3, "val_loss": 0.4331028152043652, "train_loss": 2.9193590848960658}
{"epoch": 4, "val_accuracy": 0.8484275477707006, "train_accuracy": 0.8774636008522727, "f1_macro": 0.8476260039752337, "pre_macro": 0.852462042450205, "re_macro": 0.8477, "best_epoch": 4, "val_loss": 0.4118548307544107, "train_loss": 2.470118823037906}
{"epoch": 5, "val_accuracy": 0.8503184713375797, "train_accuracy": 0.8833673650568182, "f1_macro": 0.8503335563743335, "pre_macro": 0.8541535987947235, "re_macro": 0.8496, "best_epoch": 5, "val_loss": 0.4052721509223531, "train_loss": 2.1841413221237334}
{"epoch": 6, "val_accuracy": 0.8536027070063694, "train_accuracy": 0.8874067826704546, "f1_macro": 0.8536442859791833, "pre_macro": 0.858152118992342, "re_macro": 0.8529, "best_epoch": 6, "val_loss": 0.4015238494819896, "train_loss": 1.9866521563380957}
{"epoch": 7, "val_accuracy": 0.8535031847133758, "train_accuracy": 0.8921564275568182, "f1_macro": 0.8526412109231503, "pre_macro": 0.8571586443156033, "re_macro": 0.8527999999999999, "best_epoch": 6, "val_loss": 0.39984101270604283, "train_loss": 1.8432725185359067}
{"epoch": 8, "val_accuracy": 0.8572850318471338, "train_accuracy": 0.8954634232954546, "f1_macro": 0.856130000351157, "pre_macro": 0.8600487950708, "re_macro": 0.8566, "best_epoch": 8, "val_loss": 0.39087594210342236, "train_loss": 1.736266657540744}
{"epoch": 9, "val_accuracy": 0.8628582802547771, "train_accuracy": 0.8985040838068182, "f1_macro": 0.8621910654972842, "pre_macro": 0.8649488081931702, "re_macro": 0.8622, "best_epoch": 9, "val_loss": 0.373459619274185, "train_loss": 1.6545272781090303}
{"epoch": 10, "val_accuracy": 0.8665406050955414, "train_accuracy": 0.9017001065340909, "f1_macro": 0.865755247878415, "pre_macro": 0.867659252807699, "re_macro": 0.8659000000000001, "best_epoch": 10, "val_loss": 0.36084960529189203, "train_loss": 1.5911605049940674}
{"epoch": 11, "val_accuracy": 0.869327229299363, "train_accuracy": 0.9053178267045454, "f1_macro": 0.8684041032731488, "pre_macro": 0.8701475598645503, "re_macro": 0.8686999999999999, "best_epoch": 11, "val_loss": 0.3534642146176593, "train_loss": 1.5417550443248316}
{"epoch": 12, "val_accuracy": 0.8710191082802548, "train_accuracy": 0.9076260653409091, "f1_macro": 0.8698964841743635, "pre_macro": 0.8713552271984233, "re_macro": 0.8704000000000001, "best_epoch": 12, "val_loss": 0.34923241501021535, "train_loss": 1.5029934084212238}
{"epoch": 13, "val_accuracy": 0.871218152866242, "train_accuracy": 0.9092462713068182, "f1_macro": 0.869993567459949, "pre_macro": 0.8709605625047814, "re_macro": 0.8705999999999999, "best_epoch": 13, "val_loss": 0.34578325604177584, "train_loss": 1.472428086129102}
{"epoch": 14, "val_accuracy": 0.8746019108280255, "train_accuracy": 0.9118430397727273, "f1_macro": 0.8734316490297367, "pre_macro": 0.8742211489958548, "re_macro": 0.874, "best_epoch": 14, "val_loss": 0.3426371009866144, "train_loss": 1.4481955636292696}
{"epoch": 15, "val_accuracy": 0.8764928343949044, "train_accuracy": 0.9137073863636364, "f1_macro": 0.8753190937315376, "pre_macro": 0.8759342799232961, "re_macro": 0.8759, "best_epoch": 15, "val_loss": 0.3404597043991089, "train_loss": 1.4289155267179012}
{"epoch": 16, "val_accuracy": 0.8777866242038217, "train_accuracy": 0.9151278409090909, "f1_macro": 0.876633310087483, "pre_macro": 0.8772926002574757, "re_macro": 0.8772, "best_epoch": 16, "val_loss": 0.33898678232150475, "train_loss": 1.4135815042325042}
{"epoch": 17, "val_accuracy": 0.8780851910828026, "train_accuracy": 0.9166592684659091, "f1_macro": 0.8768521774567171, "pre_macro": 0.8774814269151209, "re_macro": 0.8775000000000001, "best_epoch": 17, "val_loss": 0.3378884305430066, "train_loss": 1.401393122124401}
{"epoch": 18, "val_accuracy": 0.8785828025477707, "train_accuracy": 0.9176136363636364, "f1_macro": 0.8772722871008913, "pre_macro": 0.8779629212223712, "re_macro": 0.8779999999999999, "best_epoch": 18, "val_loss": 0.33689942025834585, "train_loss": 1.391700325195085}
{"epoch": 19, "val_accuracy": 0.8788813694267515, "train_accuracy": 0.9179909446022727, "f1_macro": 0.8775456620010971, "pre_macro": 0.8780768031916993, "re_macro": 0.8783, "best_epoch": 19, "val_loss": 0.3357427550159442, "train_loss": 1.3839841532436283}
{"epoch": 20, "val_accuracy": 0.878781847133758, "train_accuracy": 0.91845703125, "f1_macro": 0.8775002721193003, "pre_macro": 0.8778388849307375, "re_macro": 0.8782, "best_epoch": 19, "val_loss": 0.3345203752255744, "train_loss": 1.3778357414359397}
{"epoch": 21, "val_accuracy": 0.8793789808917197, "train_accuracy": 0.9186789772727273, "f1_macro": 0.8782128913865561, "pre_macro": 0.8783830340666219, "re_macro": 0.8788, "best_epoch": 21, "val_loss": 0.33354626937656645, "train_loss": 1.372926964847879}
{"epoch": 22, "val_accuracy": 0.8804737261146497, "train_accuracy": 0.9189675071022727, "f1_macro": 0.8793846813921856, "pre_macro": 0.879414412803707, "re_macro": 0.8798999999999999, "best_epoch": 22, "val_loss": 0.33294771962864383, "train_loss": 1.36900252899663}
{"epoch": 23, "val_accuracy": 0.8811703821656051, "train_accuracy": 0.9197443181818182, "f1_macro": 0.8801330566958552, "pre_macro": 0.8801489193742021, "re_macro": 0.8805999999999999, "best_epoch": 23, "val_loss": 0.33265079761956146, "train_loss": 1.3658620625395665}
{"epoch": 24, "val_accuracy": 0.8813694267515924, "train_accuracy": 0.9198996803977273, "f1_macro": 0.8802438856101572, "pre_macro": 0.8802321528871866, "re_macro": 0.8808, "best_epoch": 24, "val_loss": 0.3325293354547707, "train_loss": 1.3633437241342934}
{"epoch": 25, "val_accuracy": 0.8805732484076433, "train_accuracy": 0.9199662642045454, "f1_macro": 0.8794439136304539, "pre_macro": 0.8794124920840615, "re_macro": 0.8799999999999999, "best_epoch": 24, "val_loss": 0.33247859159092996, "train_loss": 1.3613226498392494}
{"training time": 198.16561150550842}
