{"epoch": 1, "val_accuracy": 0.8323049363057324, "train_accuracy": 0.7998400852878464, "f1_macro": 0.8319077348745344, "pre_macro": 0.8385490483942354, "re_macro": 0.8321, "best_epoch": 1, "val_loss": 0.47088798681262195, "train_loss": 6.2051357165582655}
{"epoch": 2, "val_accuracy": 0.841859076433121, "train_accuracy": 0.8601079424307037, "f1_macro": 0.8420887377761759, "pre_macro": 0.8482377231264083, "re_macro": 0.8417, "best_epoch": 2, "val_loss": 0.4371426780322555, "train_loss": 4.470044886379608}
{"epoch": 3, "val_accuracy": 0.8459394904458599, "train_accuracy": 0.8734008528784648, "f1_macro": 0.8458398325661823, "pre_macro": 0.8514399270133888, "re_macro": 0.8458, "best_epoch": 3, "val_loss": 0.4178981329225431, "train_loss": 3.652347042108141}
{"epoch": 4, "val_accuracy": 0.8520103503184714, "train_accuracy": 0.8810079069788268, "f1_macro": 0.8522296069763342, "pre_macro": 0.8572094374846655, "re_macro": 0.8518999999999999, "best_epoch": 4, "val_loss": 0.40283050127090164, "train_loss": 3.171298990371639}
{"epoch": 5, "val_accuracy": 0.8532046178343949, "train_accuracy": 0.8890036425865027, "f1_macro": 0.8532828833271552, "pre_macro": 0.8602991735341021, "re_macro": 0.8527999999999999, "best_epoch": 5, "val_loss": 0.4014660275665818, "train_loss": 2.852798495465504}
{"epoch": 6, "val_accuracy": 0.8548964968152867, "train_accuracy": 0.8955668088978034, "f1_macro": 0.8553338590188151, "pre_macro": 0.8630178260446941, "re_macro": 0.8545, "best_epoch": 6, "val_loss": 0.3974712636250599, "train_loss": 2.628348117189875}
{"epoch": 7, "val_accuracy": 0.8554936305732485, "train_accuracy": 0.9016191364605544, "f1_macro": 0.8571503446457885, "pre_macro": 0.8660295769899957, "re_macro": 0.8551, "best_epoch": 7, "val_loss": 0.3936520831979764, "train_loss": 2.464490034432808}
{"epoch": 8, "val_accuracy": 0.8536027070063694, "train_accuracy": 0.9065609453583577, "f1_macro": 0.8565585842086412, "pre_macro": 0.8678033653422622, "re_macro": 0.8535, "best_epoch": 7, "val_loss": 0.39516040834651633, "train_loss": 2.3406124913107864}
{"epoch": 9, "val_accuracy": 0.8581807324840764, "train_accuracy": 0.9093039268369614, "f1_macro": 0.8601751780511707, "pre_macro": 0.8700251246912366, "re_macro": 0.8574999999999999, "best_epoch": 9, "val_loss": 0.3891899692974273, "train_loss": 2.2443728065694066}
{"epoch": 10, "val_accuracy": 0.8610668789808917, "train_accuracy": 0.9132240583647543, "f1_macro": 0.8626473109569988, "pre_macro": 0.870776762482891, "re_macro": 0.8603999999999999, "best_epoch": 10, "val_loss": 0.38267131007401045, "train_loss": 2.1683575799470263}
{"epoch": 11, "val_accuracy": 0.8625597133757962, "train_accuracy": 0.9167555082581444, "f1_macro": 0.8639500635192636, "pre_macro": 0.8707155597667752, "re_macro": 0.8619, "best_epoch": 11, "val_loss": 0.3791800505796056, "train_loss": 2.107773666697016}
{"epoch": 12, "val_accuracy": 0.8644506369426752, "train_accuracy": 0.9194207534607031, "f1_macro": 0.8653357874872191, "pre_macro": 0.8701337778990765, "re_macro": 0.8638, "best_epoch": 12, "val_loss": 0.370337999075841, "train_loss": 2.0596938278120973}
{"epoch": 13, "val_accuracy": 0.8696257961783439, "train_accuracy": 0.9213530562325581, "f1_macro": 0.869995282000047, "pre_macro": 0.8720755638982002, "re_macro": 0.8693, "best_epoch": 13, "val_loss": 0.3601439984361078, "train_loss": 2.021349688074482}
{"epoch": 14, "val_accuracy": 0.8715167197452229, "train_accuracy": 0.923451936829573, "f1_macro": 0.8711986604367935, "pre_macro": 0.8719267476452861, "re_macro": 0.8712, "best_epoch": 14, "val_loss": 0.35465789999172187, "train_loss": 1.9904748130200514}
{"epoch": 15, "val_accuracy": 0.8720143312101911, "train_accuracy": 0.9255397121535182, "f1_macro": 0.8713637485871741, "pre_macro": 0.8717758555833994, "re_macro": 0.8717, "best_epoch": 15, "val_loss": 0.3526639096486341, "train_loss": 1.9655930899353677}
{"epoch": 16, "val_accuracy": 0.8733081210191083, "train_accuracy": 0.9274053837953091, "f1_macro": 0.8724989338964668, "pre_macro": 0.8728436549403369, "re_macro": 0.8729999999999999, "best_epoch": 16, "val_loss": 0.3519147895513826, "train_loss": 1.94562104922622}
{"epoch": 17, "val_accuracy": 0.8733081210191083, "train_accuracy": 0.9288046375266524, "f1_macro": 0.8724329369026507, "pre_macro": 0.8727407780392713, "re_macro": 0.873, "best_epoch": 16, "val_loss": 0.3512654761030416, "train_loss": 1.9296140416598777}
{"epoch": 18, "val_accuracy": 0.8734076433121019, "train_accuracy": 0.9298707356076759, "f1_macro": 0.8725547860462946, "pre_macro": 0.8727717420534512, "re_macro": 0.8731, "best_epoch": 18, "val_loss": 0.35055619971767354, "train_loss": 1.9167799070191536}
{"epoch": 19, "val_accuracy": 0.8726114649681529, "train_accuracy": 0.9302149965310655, "f1_macro": 0.871818713824787, "pre_macro": 0.8720293282566504, "re_macro": 0.8722999999999999, "best_epoch": 18, "val_loss": 0.3499361398113761, "train_loss": 1.9064926590238298}
{"epoch": 20, "val_accuracy": 0.8728105095541401, "train_accuracy": 0.9312144634820251, "f1_macro": 0.8720772978076303, "pre_macro": 0.8722400616179428, "re_macro": 0.8724999999999999, "best_epoch": 18, "val_loss": 0.3493967952242323, "train_loss": 1.8982481666719482}
{"epoch": 21, "val_accuracy": 0.8719148089171974, "train_accuracy": 0.9312810946120891, "f1_macro": 0.8712224024017823, "pre_macro": 0.8713836672501782, "re_macro": 0.8715999999999999, "best_epoch": 18, "val_loss": 0.34883892944284306, "train_loss": 1.891641480582101}
{"epoch": 22, "val_accuracy": 0.8728105095541401, "train_accuracy": 0.931547619132345, "f1_macro": 0.8721272935434256, "pre_macro": 0.8722533496606542, "re_macro": 0.8724999999999999, "best_epoch": 18, "val_loss": 0.34824346632334835, "train_loss": 1.8863456325490338}
{"epoch": 23, "val_accuracy": 0.8729100318471338, "train_accuracy": 0.9317697228144989, "f1_macro": 0.8722016421386062, "pre_macro": 0.8722501307824718, "re_macro": 0.8725999999999999, "best_epoch": 18, "val_loss": 0.3476639195422458, "train_loss": 1.8820984439809185}
{"epoch": 24, "val_accuracy": 0.873109076433121, "train_accuracy": 0.9324693496801706, "f1_macro": 0.8723003355328742, "pre_macro": 0.8722893087400321, "re_macro": 0.8728, "best_epoch": 18, "val_loss": 0.34716166081322225, "train_loss": 1.8786916557405549}
{"epoch": 25, "val_accuracy": 0.8732085987261147, "train_accuracy": 0.9327691897654584, "f1_macro": 0.8723148351493896, "pre_macro": 0.8722653814043888, "re_macro": 0.8728999999999999, "best_epoch": 18, "val_loss": 0.3467717326370774, "train_loss": 1.8759537658203385}
{"training time": 140.4473912715912}
