{"epoch": 1, "val_accuracy": 0.8234474522292994, "train_accuracy": 0.7663120569066798, "f1_macro": 0.8177040585692265, "pre_macro": 0.828664186893576, "re_macro": 0.8238, "best_epoch": 1, "val_loss": 0.5010835695418583, "train_loss": 6.857449261685635}
{"epoch": 2, "val_accuracy": 0.8286226114649682, "train_accuracy": 0.8519281914893617, "f1_macro": 0.8232530156333308, "pre_macro": 0.8371748585108421, "re_macro": 0.8290000000000001, "best_epoch": 2, "val_loss": 0.48134102221507175, "train_loss": 5.57042493617281}
{"epoch": 3, "val_accuracy": 0.8332006369426752, "train_accuracy": 0.874312943346957, "f1_macro": 0.8289904311510424, "pre_macro": 0.8400746876926594, "re_macro": 0.8336, "best_epoch": 3, "val_loss": 0.48203719706292364, "train_loss": 4.871256749173428}
{"epoch": 4, "val_accuracy": 0.8329020700636943, "train_accuracy": 0.8864583335024245, "f1_macro": 0.8284192972544044, "pre_macro": 0.8424230205599651, "re_macro": 0.8333, "best_epoch": 3, "val_loss": 0.4754332047738847, "train_loss": 4.415200485067165}
{"epoch": 5, "val_accuracy": 0.8350915605095541, "train_accuracy": 0.8982047872340425, "f1_macro": 0.8305621617089505, "pre_macro": 0.8454432641313291, "re_macro": 0.8355, "best_epoch": 5, "val_loss": 0.474089617657054, "train_loss": 4.09309387308486}
{"epoch": 6, "val_accuracy": 0.8394705414012739, "train_accuracy": 0.9099512412192974, "f1_macro": 0.8357202082660468, "pre_macro": 0.847745838574621, "re_macro": 0.8399000000000001, "best_epoch": 6, "val_loss": 0.4591226695449489, "train_loss": 3.853756291815575}
{"epoch": 7, "val_accuracy": 0.84375, "train_accuracy": 0.9164007093044038, "f1_macro": 0.8405219568994298, "pre_macro": 0.8496949303288519, "re_macro": 0.8439, "best_epoch": 7, "val_loss": 0.44804425613515697, "train_loss": 3.6764663899198493}
{"epoch": 8, "val_accuracy": 0.8470342356687898, "train_accuracy": 0.9228280143534884, "f1_macro": 0.8445365599314275, "pre_macro": 0.8508636647950614, "re_macro": 0.8472000000000002, "best_epoch": 8, "val_loss": 0.430121600722811, "train_loss": 3.5415174494398403}
{"epoch": 9, "val_accuracy": 0.8482285031847133, "train_accuracy": 0.9292774824385948, "f1_macro": 0.8457116966090844, "pre_macro": 0.8505905855894271, "re_macro": 0.8481, "best_epoch": 9, "val_loss": 0.4213231393865719, "train_loss": 3.4356945352351413}
{"epoch": 10, "val_accuracy": 0.8480294585987261, "train_accuracy": 0.9327349292471053, "f1_macro": 0.8462283527866049, "pre_macro": 0.8507994597560137, "re_macro": 0.8479000000000001, "best_epoch": 9, "val_loss": 0.4186184541055351, "train_loss": 3.352798682070793}
{"epoch": 11, "val_accuracy": 0.8489251592356688, "train_accuracy": 0.9349955675449777, "f1_macro": 0.8478514294439172, "pre_macro": 0.8518343739319633, "re_macro": 0.8488, "best_epoch": 11, "val_loss": 0.4165964143671048, "train_loss": 3.2872590551985073}
{"epoch": 12, "val_accuracy": 0.850218949044586, "train_accuracy": 0.9377881207364671, "f1_macro": 0.8492274723117672, "pre_macro": 0.8520074430052883, "re_macro": 0.8501000000000001, "best_epoch": 12, "val_loss": 0.4130110818489342, "train_loss": 3.2348976064235604}
{"epoch": 13, "val_accuracy": 0.8541998407643312, "train_accuracy": 0.940846631374765, "f1_macro": 0.8531749389871599, "pre_macro": 0.8546926280458484, "re_macro": 0.8541000000000001, "best_epoch": 13, "val_loss": 0.40681212286280977, "train_loss": 3.192720374655216}
{"epoch": 14, "val_accuracy": 0.8563893312101911, "train_accuracy": 0.9434397164811479, "f1_macro": 0.8554702295452483, "pre_macro": 0.8563568411865893, "re_macro": 0.8563000000000001, "best_epoch": 14, "val_loss": 0.4013469283747825, "train_loss": 3.1586329592035174}
{"epoch": 15, "val_accuracy": 0.8568869426751592, "train_accuracy": 0.945035461161999, "f1_macro": 0.8556122327129143, "pre_macro": 0.8560397535421703, "re_macro": 0.8564999999999999, "best_epoch": 15, "val_loss": 0.39795080472709266, "train_loss": 3.130968243010501}
{"epoch": 16, "val_accuracy": 0.8584792993630573, "train_accuracy": 0.9466976952045522, "f1_macro": 0.8570923073327441, "pre_macro": 0.8572961763447342, "re_macro": 0.8581, "best_epoch": 16, "val_loss": 0.3959135824138192, "train_loss": 3.108527057728869}
{"epoch": 17, "val_accuracy": 0.8600716560509554, "train_accuracy": 0.947628546268382, "f1_macro": 0.8585157524294779, "pre_macro": 0.858579491964228, "re_macro": 0.8596999999999999, "best_epoch": 17, "val_loss": 0.3946870049093939, "train_loss": 3.090353837926337}
{"epoch": 18, "val_accuracy": 0.859375, "train_accuracy": 0.9486258866939139, "f1_macro": 0.8581683665798744, "pre_macro": 0.8581751693905325, "re_macro": 0.8593, "best_epoch": 17, "val_loss": 0.39379464706797507, "train_loss": 3.0756491995872337}
{"epoch": 19, "val_accuracy": 0.8602707006369427, "train_accuracy": 0.9491578015875309, "f1_macro": 0.8592275477584149, "pre_macro": 0.8591731183981052, "re_macro": 0.8602000000000001, "best_epoch": 19, "val_loss": 0.3929572306620847, "train_loss": 3.063737734327925}
{"epoch": 20, "val_accuracy": 0.86046974522293, "train_accuracy": 0.9498891845662543, "f1_macro": 0.8595870096279995, "pre_macro": 0.8594456366143678, "re_macro": 0.8603999999999999, "best_epoch": 20, "val_loss": 0.39225140242439926, "train_loss": 3.0540855620769745}
{"epoch": 21, "val_accuracy": 0.8606687898089171, "train_accuracy": 0.9501551420130628, "f1_macro": 0.8599694914777481, "pre_macro": 0.8598154465220865, "re_macro": 0.8606, "best_epoch": 21, "val_loss": 0.39178592602538453, "train_loss": 3.0462685747349516}
{"epoch": 22, "val_accuracy": 0.8601711783439491, "train_accuracy": 0.9505540781832756, "f1_macro": 0.8595924599110759, "pre_macro": 0.8594412031488947, "re_macro": 0.8600999999999999, "best_epoch": 21, "val_loss": 0.39152503303091996, "train_loss": 3.0399450799252126}
{"epoch": 23, "val_accuracy": 0.8602707006369427, "train_accuracy": 0.9508865249917863, "f1_macro": 0.8598579340630177, "pre_macro": 0.8597706373689711, "re_macro": 0.8602000000000001, "best_epoch": 21, "val_loss": 0.39137592759861306, "train_loss": 3.0348351427849303}
{"epoch": 24, "val_accuracy": 0.8602707006369427, "train_accuracy": 0.9517508866939138, "f1_macro": 0.8599048496479089, "pre_macro": 0.8598344146877693, "re_macro": 0.8602000000000001, "best_epoch": 21, "val_loss": 0.3912712657337735, "train_loss": 3.0307121388455656}
{"epoch": 25, "val_accuracy": 0.8605692675159236, "train_accuracy": 0.9517508866939138, "f1_macro": 0.8602215805708336, "pre_macro": 0.8601554622107448, "re_macro": 0.8605, "best_epoch": 21, "val_loss": 0.3911835443536947, "train_loss": 3.0273919785276373}
{"training time": 79.79281735420227}
