{"epoch": 1, "val_accuracy": 0.8244426751592356, "train_accuracy": 0.7898009950672386, "f1_macro": 0.8234586521340047, "pre_macro": 0.8261828385287402, "re_macro": 0.8242, "best_epoch": 1, "val_loss": 0.49776766178714243, "train_loss": 0.9390063092652668}
{"epoch": 2, "val_accuracy": 0.8264331210191083, "train_accuracy": 0.8541000355789656, "f1_macro": 0.8280945235092396, "pre_macro": 0.8402083464511033, "re_macro": 0.8262, "best_epoch": 2, "val_loss": 0.48345810839325, "train_loss": 0.7045217274602796}
{"epoch": 3, "val_accuracy": 0.8287221337579618, "train_accuracy": 0.8702914001845093, "f1_macro": 0.8312976063545949, "pre_macro": 0.8461704774705927, "re_macro": 0.8285, "best_epoch": 3, "val_loss": 0.4729815854388437, "train_loss": 0.617183894554435}
{"epoch": 4, "val_accuracy": 0.8278264331210191, "train_accuracy": 0.8813965884861408, "f1_macro": 0.830339174305576, "pre_macro": 0.847531256573536, "re_macro": 0.8276, "best_epoch": 3, "val_loss": 0.4735624057472132, "train_loss": 0.5643094885450944}
{"epoch": 5, "val_accuracy": 0.8331011146496815, "train_accuracy": 0.8895144812079635, "f1_macro": 0.8348672544699314, "pre_macro": 0.8449006725776085, "re_macro": 0.8328999999999999, "best_epoch": 5, "val_loss": 0.4530687079687787, "train_loss": 0.5285738222380437}
{"epoch": 6, "val_accuracy": 0.8401671974522293, "train_accuracy": 0.8972881130063965, "f1_macro": 0.8409440546212602, "pre_macro": 0.8466370474788512, "re_macro": 0.8397, "best_epoch": 6, "val_loss": 0.4401300196435041, "train_loss": 0.5032199653608205}
{"epoch": 7, "val_accuracy": 0.8422571656050956, "train_accuracy": 0.9034625978103833, "f1_macro": 0.8429212092579619, "pre_macro": 0.8476207826761903, "re_macro": 0.8417999999999999, "best_epoch": 7, "val_loss": 0.436037337893893, "train_loss": 0.4836829015568121}
{"epoch": 8, "val_accuracy": 0.8445461783439491, "train_accuracy": 0.9106254442922597, "f1_macro": 0.8452727536072254, "pre_macro": 0.8493602313094302, "re_macro": 0.8441000000000001, "best_epoch": 8, "val_loss": 0.42947953835034824, "train_loss": 0.4672799661342523}
{"epoch": 9, "val_accuracy": 0.8481289808917197, "train_accuracy": 0.915900408713294, "f1_macro": 0.8484039559767755, "pre_macro": 0.8507694990688612, "re_macro": 0.8477, "best_epoch": 9, "val_loss": 0.4207039603571983, "train_loss": 0.4531409719478347}
{"epoch": 10, "val_accuracy": 0.8523089171974523, "train_accuracy": 0.9213086353944563, "f1_macro": 0.8522871858880043, "pre_macro": 0.8532413697452702, "re_macro": 0.8522000000000001, "best_epoch": 10, "val_loss": 0.4133353809452361, "train_loss": 0.4408936559010162}
{"epoch": 11, "val_accuracy": 0.8517117834394905, "train_accuracy": 0.9248067697228145, "f1_macro": 0.8504988389662941, "pre_macro": 0.8507053374500602, "re_macro": 0.8513, "best_epoch": 10, "val_loss": 0.4106561458983998, "train_loss": 0.43124850478761995}
{"epoch": 12, "val_accuracy": 0.8513136942675159, "train_accuracy": 0.9282604833401596, "f1_macro": 0.8498381178159968, "pre_macro": 0.8501364900458809, "re_macro": 0.8509, "best_epoch": 10, "val_loss": 0.4108434359359134, "train_loss": 0.42278756649255245}
{"epoch": 13, "val_accuracy": 0.8518113057324841, "train_accuracy": 0.9325581912292855, "f1_macro": 0.8504034594483147, "pre_macro": 0.8505734694616882, "re_macro": 0.8513999999999999, "best_epoch": 10, "val_loss": 0.4105944282310024, "train_loss": 0.4156563832307421}
{"epoch": 14, "val_accuracy": 0.8522093949044586, "train_accuracy": 0.9358897477324838, "f1_macro": 0.8508998484598125, "pre_macro": 0.8511002037446358, "re_macro": 0.8517999999999999, "best_epoch": 10, "val_loss": 0.4100513102332498, "train_loss": 0.40925230286014613}
{"epoch": 15, "val_accuracy": 0.8524084394904459, "train_accuracy": 0.9382551528497546, "f1_macro": 0.8511476927988859, "pre_macro": 0.8514694589654793, "re_macro": 0.852, "best_epoch": 15, "val_loss": 0.41017240788906245, "train_loss": 0.4044237902550809}
{"epoch": 16, "val_accuracy": 0.8533041401273885, "train_accuracy": 0.9400541933614817, "f1_macro": 0.8524464705708354, "pre_macro": 0.8527995797270396, "re_macro": 0.8532, "best_epoch": 16, "val_loss": 0.41011275284609217, "train_loss": 0.4002984872759024}
{"epoch": 17, "val_accuracy": 0.8526074840764332, "train_accuracy": 0.9414534470928249, "f1_macro": 0.8518341661930198, "pre_macro": 0.8520504502274701, "re_macro": 0.8525, "best_epoch": 16, "val_loss": 0.40945049455970717, "train_loss": 0.3970351815223694}
{"epoch": 18, "val_accuracy": 0.8528065286624203, "train_accuracy": 0.9429193319542322, "f1_macro": 0.8521302585942063, "pre_macro": 0.8523352821550064, "re_macro": 0.8526999999999999, "best_epoch": 16, "val_loss": 0.4087157417444666, "train_loss": 0.39454676792311516}
{"epoch": 19, "val_accuracy": 0.8530055732484076, "train_accuracy": 0.9436189588199038, "f1_macro": 0.8523327896407478, "pre_macro": 0.8524843628649293, "re_macro": 0.8529, "best_epoch": 16, "val_loss": 0.40792308254226756, "train_loss": 0.39256795332121697}
{"epoch": 20, "val_accuracy": 0.8540007961783439, "train_accuracy": 0.9442519545555115, "f1_macro": 0.8533610092264425, "pre_macro": 0.8534466212778973, "re_macro": 0.8539, "best_epoch": 20, "val_loss": 0.4070506228762827, "train_loss": 0.3909767808944686}
{"epoch": 21, "val_accuracy": 0.8540007961783439, "train_accuracy": 0.9450182125512471, "f1_macro": 0.8532787242045428, "pre_macro": 0.8532302854183152, "re_macro": 0.8539, "best_epoch": 20, "val_loss": 0.40636155607214397, "train_loss": 0.3896864184311458}
{"epoch": 22, "val_accuracy": 0.8544984076433121, "train_accuracy": 0.945151474811375, "f1_macro": 0.8537062385455687, "pre_macro": 0.8535745825865935, "re_macro": 0.8544, "best_epoch": 22, "val_loss": 0.40587128148337076, "train_loss": 0.3885733945918744}
{"epoch": 23, "val_accuracy": 0.8545979299363057, "train_accuracy": 0.9457844705469827, "f1_macro": 0.853757601512888, "pre_macro": 0.8535505207966088, "re_macro": 0.8545, "best_epoch": 23, "val_loss": 0.40557911897161203, "train_loss": 0.3875824577137351}
{"epoch": 24, "val_accuracy": 0.8543988853503185, "train_accuracy": 0.9462508884574304, "f1_macro": 0.8535346011056131, "pre_macro": 0.8533033283213978, "re_macro": 0.8543, "best_epoch": 23, "val_loss": 0.4054388710457808, "train_loss": 0.3866866361866119}
{"epoch": 25, "val_accuracy": 0.8543988853503185, "train_accuracy": 0.9467173063678782, "f1_macro": 0.8534877730071091, "pre_macro": 0.8531986666660444, "re_macro": 0.8543, "best_epoch": 23, "val_loss": 0.4053873541248832, "train_loss": 0.385883020121914}
{"training time": 132.90649485588074}
