{"epoch": 1, "val_accuracy": 0.6324641719745223, "train_accuracy": 0.3864583343267441, "f1_macro": 0.6183337770450574, "pre_macro": 0.6170770742274432, "re_macro": 0.6321999999999999, "best_epoch": 1, "val_loss": 1.3073800255538552, "train_loss": 2.2570650696754457}
{"epoch": 2, "val_accuracy": 0.6883957006369427, "train_accuracy": 0.7338541686534882, "f1_macro": 0.679445685724996, "pre_macro": 0.6788881673868523, "re_macro": 0.6887, "best_epoch": 2, "val_loss": 1.0139012887219714, "train_loss": 1.4012343883514404}
{"epoch": 3, "val_accuracy": 0.7156648089171974, "train_accuracy": 0.8067708373069763, "f1_macro": 0.7107018260089847, "pre_macro": 0.7098008847156112, "re_macro": 0.7158, "best_epoch": 3, "val_loss": 0.8844188759281377, "train_loss": 1.1050635814666747}
{"epoch": 4, "val_accuracy": 0.724422770700637, "train_accuracy": 0.8755208373069763, "f1_macro": 0.7232642074202487, "pre_macro": 0.723314909226018, "re_macro": 0.7245999999999999, "best_epoch": 4, "val_loss": 0.825921576873512, "train_loss": 0.9170959770679474}
{"epoch": 5, "val_accuracy": 0.7337778662420382, "train_accuracy": 0.903125, "f1_macro": 0.7301349474960368, "pre_macro": 0.7286491060991908, "re_macro": 0.7333999999999999, "best_epoch": 5, "val_loss": 0.7932178533760605, "train_loss": 0.8009146392345429}
{"epoch": 6, "val_accuracy": 0.7405453821656051, "train_accuracy": 0.94375, "f1_macro": 0.7382321887181403, "pre_macro": 0.7370320511619152, "re_macro": 0.7408, "best_epoch": 6, "val_loss": 0.7784017945171162, "train_loss": 0.7230631291866303}
{"epoch": 7, "val_accuracy": 0.7436305732484076, "train_accuracy": 0.95625, "f1_macro": 0.7416778067519875, "pre_macro": 0.7408852790985696, "re_macro": 0.7436, "best_epoch": 7, "val_loss": 0.7684959393398018, "train_loss": 0.6716691732406617}
{"epoch": 8, "val_accuracy": 0.7441281847133758, "train_accuracy": 0.9703125, "f1_macro": 0.7421819288335401, "pre_macro": 0.7411554220948523, "re_macro": 0.7444, "best_epoch": 8, "val_loss": 0.7618415778989245, "train_loss": 0.6407807350158692}
{"epoch": 9, "val_accuracy": 0.7461186305732485, "train_accuracy": 0.975, "f1_macro": 0.7442851608140889, "pre_macro": 0.7435831259029388, "re_macro": 0.7461, "best_epoch": 9, "val_loss": 0.7575839981911289, "train_loss": 0.6184537261724472}
{"epoch": 10, "val_accuracy": 0.7474124203821656, "train_accuracy": 0.978125, "f1_macro": 0.7451229820224302, "pre_macro": 0.7443172193545842, "re_macro": 0.7471, "best_epoch": 10, "val_loss": 0.754388249603806, "train_loss": 0.6031613022089004}
{"epoch": 11, "val_accuracy": 0.7479100318471338, "train_accuracy": 0.9828125, "f1_macro": 0.7459660060419457, "pre_macro": 0.7452386866085945, "re_macro": 0.7478999999999999, "best_epoch": 11, "val_loss": 0.7522548932558412, "train_loss": 0.5917127460241318}
{"epoch": 12, "val_accuracy": 0.7485071656050956, "train_accuracy": 0.9828125, "f1_macro": 0.7462536677231106, "pre_macro": 0.7455231664539681, "re_macro": 0.7482, "best_epoch": 12, "val_loss": 0.7504085830062818, "train_loss": 0.5831360936164856}
{"epoch": 13, "val_accuracy": 0.7483081210191083, "train_accuracy": 0.9828125, "f1_macro": 0.7463535595731428, "pre_macro": 0.745622002495119, "re_macro": 0.7483, "best_epoch": 12, "val_loss": 0.7490170436679937, "train_loss": 0.5765947848558426}
{"epoch": 14, "val_accuracy": 0.7485071656050956, "train_accuracy": 0.9828125, "f1_macro": 0.7465930902137308, "pre_macro": 0.7459050231232982, "re_macro": 0.7485, "best_epoch": 12, "val_loss": 0.7479778412421039, "train_loss": 0.5714839547872543}
{"epoch": 15, "val_accuracy": 0.7490047770700637, "train_accuracy": 0.9828125, "f1_macro": 0.7470956806249194, "pre_macro": 0.7464097625318378, "re_macro": 0.749, "best_epoch": 15, "val_loss": 0.7471246089145636, "train_loss": 0.5674655646085739}
{"epoch": 16, "val_accuracy": 0.7495023885350318, "train_accuracy": 0.9828125, "f1_macro": 0.7472796188576342, "pre_macro": 0.7465845427558536, "re_macro": 0.7492000000000001, "best_epoch": 16, "val_loss": 0.7464354201486916, "train_loss": 0.5642868489027023}
{"epoch": 17, "val_accuracy": 0.7498009554140127, "train_accuracy": 0.984375, "f1_macro": 0.747586351013638, "pre_macro": 0.7468993993624686, "re_macro": 0.7495, "best_epoch": 17, "val_loss": 0.745890245885606, "train_loss": 0.5617546439170837}
{"epoch": 18, "val_accuracy": 0.7497014331210191, "train_accuracy": 0.984375, "f1_macro": 0.7474925624569064, "pre_macro": 0.7468262907013379, "re_macro": 0.7494, "best_epoch": 17, "val_loss": 0.7454556519058859, "train_loss": 0.5597293555736542}
{"epoch": 19, "val_accuracy": 0.7496019108280255, "train_accuracy": 0.9859375, "f1_macro": 0.7473950987743269, "pre_macro": 0.7467299612998335, "re_macro": 0.7493000000000001, "best_epoch": 17, "val_loss": 0.7451059049481799, "train_loss": 0.5581050723791122}
{"epoch": 20, "val_accuracy": 0.7498009554140127, "train_accuracy": 0.9859375, "f1_macro": 0.7475858115491127, "pre_macro": 0.7469167167341785, "re_macro": 0.7494999999999999, "best_epoch": 17, "val_loss": 0.7448237745245551, "train_loss": 0.5567993283271789}
{"epoch": 21, "val_accuracy": 0.7493033439490446, "train_accuracy": 0.9859375, "f1_macro": 0.7473946986514445, "pre_macro": 0.7467338448904766, "re_macro": 0.7493000000000001, "best_epoch": 17, "val_loss": 0.7445962020925655, "train_loss": 0.5557476073503494}
{"epoch": 22, "val_accuracy": 0.7496019108280255, "train_accuracy": 0.9875, "f1_macro": 0.7477292185155751, "pre_macro": 0.7470807539155523, "re_macro": 0.7496, "best_epoch": 17, "val_loss": 0.7444126763541228, "train_loss": 0.5548992991447449}
{"epoch": 23, "val_accuracy": 0.7496019108280255, "train_accuracy": 0.9875, "f1_macro": 0.7477266003887207, "pre_macro": 0.7470890709799469, "re_macro": 0.7496, "best_epoch": 17, "val_loss": 0.7442645185692295, "train_loss": 0.5542143821716309}
{"epoch": 24, "val_accuracy": 0.7495023885350318, "train_accuracy": 0.9875, "f1_macro": 0.7476472433465635, "pre_macro": 0.7470291839590887, "re_macro": 0.7494999999999999, "best_epoch": 17, "val_loss": 0.7441448681293779, "train_loss": 0.5536609858274459}
{"epoch": 25, "val_accuracy": 0.7496019108280255, "train_accuracy": 0.9875, "f1_macro": 0.7477305549851772, "pre_macro": 0.7470995311185413, "re_macro": 0.7495999999999998, "best_epoch": 17, "val_loss": 0.7440481635795277, "train_loss": 0.5532136172056198}
{"training time": 27.771671056747437}
