{"epoch": 1, "val_accuracy": 0.709593949044586, "train_accuracy": 0.659621961573337, "f1_macro": 0.7135776698729019, "pre_macro": 0.7557814840492953, "re_macro": 0.7091000000000001, "best_epoch": 1, "val_loss": 0.7486924430367293, "train_loss": 1.3938349142987678}
{"epoch": 2, "val_accuracy": 0.7550756369426752, "train_accuracy": 0.8112651984742347, "f1_macro": 0.7605126172994797, "pre_macro": 0.792809998331064, "re_macro": 0.7548, "best_epoch": 2, "val_loss": 0.6482442852797782, "train_loss": 0.928713211353789}
{"epoch": 3, "val_accuracy": 0.7742834394904459, "train_accuracy": 0.8455547119708772, "f1_macro": 0.7786921012116195, "pre_macro": 0.806663204339104, "re_macro": 0.7735000000000001, "best_epoch": 3, "val_loss": 0.6124932217370173, "train_loss": 0.815638968285094}
{"epoch": 4, "val_accuracy": 0.785031847133758, "train_accuracy": 0.8769946821192478, "f1_macro": 0.7902644067185592, "pre_macro": 0.8096610024785356, "re_macro": 0.7846, "best_epoch": 4, "val_loss": 0.5853772254506494, "train_loss": 0.7386093989331671}
{"epoch": 5, "val_accuracy": 0.788515127388535, "train_accuracy": 0.8996960495380645, "f1_macro": 0.7933451827105981, "pre_macro": 0.8103254403033675, "re_macro": 0.7881, "best_epoch": 5, "val_loss": 0.5721766428582987, "train_loss": 0.6851358248832378}
{"epoch": 6, "val_accuracy": 0.7935907643312102, "train_accuracy": 0.9206401984742347, "f1_macro": 0.7982173167744753, "pre_macro": 0.8146607725495484, "re_macro": 0.7931999999999999, "best_epoch": 6, "val_loss": 0.5687669570658617, "train_loss": 0.6425981014332873}
{"epoch": 7, "val_accuracy": 0.7964769108280255, "train_accuracy": 0.9321808523320138, "f1_macro": 0.7982073027685562, "pre_macro": 0.8086881682126075, "re_macro": 0.7961, "best_epoch": 7, "val_loss": 0.5617700014144752, "train_loss": 0.616749071060343}
{"epoch": 8, "val_accuracy": 0.7971735668789809, "train_accuracy": 0.9409194537933837, "f1_macro": 0.7990998532717286, "pre_macro": 0.80878183226283, "re_macro": 0.7968, "best_epoch": 8, "val_loss": 0.5615109562114545, "train_loss": 0.5930893922105749}
{"epoch": 9, "val_accuracy": 0.800656847133758, "train_accuracy": 0.9489456694176857, "f1_macro": 0.8021313508140319, "pre_macro": 0.8083993678911267, "re_macro": 0.8003, "best_epoch": 9, "val_loss": 0.552577040947167, "train_loss": 0.5736720168844183}
{"epoch": 10, "val_accuracy": 0.803343949044586, "train_accuracy": 0.9573043318504982, "f1_macro": 0.80451564025354, "pre_macro": 0.8106549181096027, "re_macro": 0.8030000000000002, "best_epoch": 10, "val_loss": 0.5510981635303255, "train_loss": 0.5555148042262869}
{"epoch": 11, "val_accuracy": 0.8043391719745223, "train_accuracy": 0.9633358666237365, "f1_macro": 0.8053140972613934, "pre_macro": 0.8108689758271386, "re_macro": 0.8039999999999999, "best_epoch": 11, "val_loss": 0.549476215983652, "train_loss": 0.5411504335859989}
{"epoch": 12, "val_accuracy": 0.805234872611465, "train_accuracy": 0.9652830552547536, "f1_macro": 0.8058275170337957, "pre_macro": 0.8099545011562406, "re_macro": 0.8049, "best_epoch": 12, "val_loss": 0.5445364267583106, "train_loss": 0.5325467732358486}
{"epoch": 13, "val_accuracy": 0.8104100318471338, "train_accuracy": 0.9679901219428854, "f1_macro": 0.8102333899656848, "pre_macro": 0.8120452933823781, "re_macro": 0.8101, "best_epoch": 13, "val_loss": 0.5381766882292025, "train_loss": 0.5260601950452682}
{"epoch": 14, "val_accuracy": 0.8112062101910829, "train_accuracy": 0.9713145900279918, "f1_macro": 0.8105925502775351, "pre_macro": 0.8113033451064258, "re_macro": 0.8109, "best_epoch": 14, "val_loss": 0.5341743644635388, "train_loss": 0.5196033900088453}
{"epoch": 15, "val_accuracy": 0.8109076433121019, "train_accuracy": 0.9743066113045875, "f1_macro": 0.8098912770946963, "pre_macro": 0.810109734884376, "re_macro": 0.8106, "best_epoch": 14, "val_loss": 0.533486953396706, "train_loss": 0.5136609977864205}
{"epoch": 16, "val_accuracy": 0.8099124203821656, "train_accuracy": 0.9749715049216088, "f1_macro": 0.8089627568490831, "pre_macro": 0.8092169982524007, "re_macro": 0.8096, "best_epoch": 14, "val_loss": 0.5334708806435773, "train_loss": 0.5081930699500632}
{"epoch": 17, "val_accuracy": 0.8111066878980892, "train_accuracy": 0.9763012921556513, "f1_macro": 0.810492082813868, "pre_macro": 0.8108802788626404, "re_macro": 0.8108000000000001, "best_epoch": 14, "val_loss": 0.5331080240808475, "train_loss": 0.5037678334307163}
{"epoch": 18, "val_accuracy": 0.8112062101910829, "train_accuracy": 0.9776310793896938, "f1_macro": 0.8107855188471966, "pre_macro": 0.8112324391551289, "re_macro": 0.8109, "best_epoch": 14, "val_loss": 0.5327615289931085, "train_loss": 0.5002906557093275}
{"epoch": 19, "val_accuracy": 0.810609076433121, "train_accuracy": 0.9789608666237365, "f1_macro": 0.8102711211475702, "pre_macro": 0.8107590738196183, "re_macro": 0.8103, "best_epoch": 14, "val_loss": 0.5325772576271348, "train_loss": 0.4976492790465659}
{"epoch": 20, "val_accuracy": 0.8102109872611465, "train_accuracy": 0.9800057005374989, "f1_macro": 0.8099941454699987, "pre_macro": 0.8105540937242889, "re_macro": 0.8099000000000001, "best_epoch": 14, "val_loss": 0.5324824957331274, "train_loss": 0.4956145895288346}
{"epoch": 21, "val_accuracy": 0.8099124203821656, "train_accuracy": 0.9806705941545203, "f1_macro": 0.8098174514224054, "pre_macro": 0.8104743148287052, "re_macro": 0.8096, "best_epoch": 14, "val_loss": 0.5324345772053786, "train_loss": 0.4940299055677779}
{"epoch": 22, "val_accuracy": 0.8101114649681529, "train_accuracy": 0.9806705941545203, "f1_macro": 0.8100618303936363, "pre_macro": 0.8107551954523423, "re_macro": 0.8097999999999999, "best_epoch": 14, "val_loss": 0.5324117343896514, "train_loss": 0.4927809067229007}
{"epoch": 23, "val_accuracy": 0.809812898089172, "train_accuracy": 0.9810030409630309, "f1_macro": 0.8097888242863164, "pre_macro": 0.8105077845874517, "re_macro": 0.8094999999999999, "best_epoch": 14, "val_loss": 0.5324021452551435, "train_loss": 0.49178951154363915}
{"epoch": 24, "val_accuracy": 0.8096138535031847, "train_accuracy": 0.9810030409630309, "f1_macro": 0.8096144535166466, "pre_macro": 0.8103605717473783, "re_macro": 0.8093, "best_epoch": 14, "val_loss": 0.5323994717780193, "train_loss": 0.49099837021624787}
{"epoch": 25, "val_accuracy": 0.8097133757961783, "train_accuracy": 0.9816679345800522, "f1_macro": 0.8097556385945183, "pre_macro": 0.8105455902713897, "re_macro": 0.8093999999999999, "best_epoch": 14, "val_loss": 0.5324003210492955, "train_loss": 0.49036466314437543}
{"training time": 33.28941082954407}
