{"epoch": 1, "val_accuracy": 0.7246218152866242, "train_accuracy": 0.4904540282614688, "f1_macro": 0.7126991954281623, "pre_macro": 0.731418424625945, "re_macro": 0.7181812685298498, "best_epoch": 1, "val_loss": 1.602134848096568, "train_loss": 8.401188079347001}
{"epoch": 2, "val_accuracy": 0.7950835987261147, "train_accuracy": 0.7934555474748003, "f1_macro": 0.7852757102376299, "pre_macro": 0.8086880738740249, "re_macro": 0.789462844585578, "best_epoch": 2, "val_loss": 1.1152351745374642, "train_loss": 7.455401227829304}
{"epoch": 3, "val_accuracy": 0.8264331210191083, "train_accuracy": 0.8720554722116348, "f1_macro": 0.8210590264529689, "pre_macro": 0.8398888646330811, "re_macro": 0.8218718723454155, "best_epoch": 3, "val_loss": 0.9081062754248358, "train_loss": 6.840687376387576}
{"epoch": 4, "val_accuracy": 0.8482285031847133, "train_accuracy": 0.9200227970772601, "f1_macro": 0.8449980138900385, "pre_macro": 0.8548941195686173, "re_macro": 0.8446875504577867, "best_epoch": 4, "val_loss": 0.7389135030424518, "train_loss": 6.448943888887446}
{"epoch": 5, "val_accuracy": 0.8641520700636943, "train_accuracy": 0.944671353127094, "f1_macro": 0.861632982860907, "pre_macro": 0.865226631790273, "re_macro": 0.8613688619537923, "best_epoch": 5, "val_loss": 0.6474768331476078, "train_loss": 6.176744400186742}
{"epoch": 6, "val_accuracy": 0.8719148089171974, "train_accuracy": 0.9606762921556513, "f1_macro": 0.8701577710490609, "pre_macro": 0.8729775662012094, "re_macro": 0.8698053204574279, "best_epoch": 6, "val_loss": 0.5830140671912273, "train_loss": 5.991100219970054}
{"epoch": 7, "val_accuracy": 0.8763933121019108, "train_accuracy": 0.9726443772620343, "f1_macro": 0.874978846096813, "pre_macro": 0.8766573820125189, "re_macro": 0.8748028773128477, "best_epoch": 7, "val_loss": 0.5361157881606157, "train_loss": 5.852196094837595}
{"epoch": 8, "val_accuracy": 0.883359872611465, "train_accuracy": 0.9816679345800522, "f1_macro": 0.8817513461221521, "pre_macro": 0.8831390356210503, "re_macro": 0.8816620781406884, "best_epoch": 8, "val_loss": 0.5120264570804158, "train_loss": 5.745690112418317}
{"epoch": 9, "val_accuracy": 0.8836584394904459, "train_accuracy": 0.9846599558566479, "f1_macro": 0.8816532313157378, "pre_macro": 0.8831085711602797, "re_macro": 0.8815632238939914, "best_epoch": 9, "val_loss": 0.4938104408941451, "train_loss": 5.67181892597929}
{"epoch": 10, "val_accuracy": 0.8861464968152867, "train_accuracy": 0.9876044836450131, "f1_macro": 0.884151010324105, "pre_macro": 0.885645416233588, "re_macro": 0.8840713838928366, "best_epoch": 10, "val_loss": 0.4774564158195143, "train_loss": 5.616478433000281}
{"epoch": 11, "val_accuracy": 0.8876393312101911, "train_accuracy": 0.9893142111757969, "f1_macro": 0.8856044738064084, "pre_macro": 0.8870161666831071, "re_macro": 0.8855813303855973, "best_epoch": 11, "val_loss": 0.4652895691098681, "train_loss": 5.57169889896474}
{"epoch": 12, "val_accuracy": 0.8874402866242038, "train_accuracy": 0.99097644521835, "f1_macro": 0.8858104698530127, "pre_macro": 0.8871376758278163, "re_macro": 0.8857761974252822, "best_epoch": 11, "val_loss": 0.4588068327896155, "train_loss": 5.53521875624961}
{"epoch": 13, "val_accuracy": 0.8858479299363057, "train_accuracy": 0.9926386792609032, "f1_macro": 0.8842173262394525, "pre_macro": 0.8854819829092202, "re_macro": 0.884299189691367, "best_epoch": 11, "val_loss": 0.4558560052400182, "train_loss": 5.506791896008431}
{"epoch": 14, "val_accuracy": 0.8850517515923567, "train_accuracy": 0.994633360111967, "f1_macro": 0.8834424525390976, "pre_macro": 0.8848599355801714, "re_macro": 0.8835031747038208, "best_epoch": 11, "val_loss": 0.4533025165367278, "train_loss": 5.485389547145113}
{"epoch": 15, "val_accuracy": 0.8848527070063694, "train_accuracy": 0.9952982537289883, "f1_macro": 0.8829287565304235, "pre_macro": 0.8844876850302027, "re_macro": 0.8829936390960919, "best_epoch": 11, "val_loss": 0.4514558024846824, "train_loss": 5.469030796213353}
{"training time": 19.7492516040802}
{"epoch": 1, "val_accuracy": 0.7302945859872612, "train_accuracy": 0.5089285716097406, "f1_macro": 0.7244914786713621, "pre_macro": 0.7661652555028442, "re_macro": 0.7240436115621176, "best_epoch": 1, "val_loss": 1.4960351445872313, "train_loss": 8.34321208710366}
{"epoch": 2, "val_accuracy": 0.8329020700636943, "train_accuracy": 0.8380984055235031, "f1_macro": 0.8284582518972325, "pre_macro": 0.8391496045902678, "re_macro": 0.8294918891949005, "best_epoch": 2, "val_loss": 1.0009010035520907, "train_loss": 7.346216769928628}
{"epoch": 3, "val_accuracy": 0.85828025477707, "train_accuracy": 0.905680092091256, "f1_macro": 0.8558737440501727, "pre_macro": 0.8627875768707642, "re_macro": 0.8557966334543818, "best_epoch": 3, "val_loss": 0.793051422591422, "train_loss": 6.724044272240172}
{"epoch": 4, "val_accuracy": 0.8718152866242038, "train_accuracy": 0.9389722651623665, "f1_macro": 0.8700374247757908, "pre_macro": 0.8729616476337076, "re_macro": 0.8695620851445435, "best_epoch": 4, "val_loss": 0.6836995744401482, "train_loss": 6.365943675345563}
{"epoch": 5, "val_accuracy": 0.8762937898089171, "train_accuracy": 0.9536949091769279, "f1_macro": 0.8737400198784975, "pre_macro": 0.8768515036155907, "re_macro": 0.8731751369339923, "best_epoch": 5, "val_loss": 0.5990939234282561, "train_loss": 6.137219013051784}
{"epoch": 6, "val_accuracy": 0.8836584394904459, "train_accuracy": 0.9686550155599066, "f1_macro": 0.8814712602046251, "pre_macro": 0.8837706590056674, "re_macro": 0.8814523996044425, "best_epoch": 6, "val_loss": 0.5337663792121182, "train_loss": 5.94238958967493}
{"epoch": 7, "val_accuracy": 0.8890326433121019, "train_accuracy": 0.9782959730067151, "f1_macro": 0.8869976375798065, "pre_macro": 0.8885468718546188, "re_macro": 0.8870914881278095, "best_epoch": 7, "val_loss": 0.4947969544275551, "train_loss": 5.802043356793992}
{"epoch": 8, "val_accuracy": 0.8891321656050956, "train_accuracy": 0.9856572962821798, "f1_macro": 0.8871256850180244, "pre_macro": 0.8886709860698951, "re_macro": 0.8872649482521876, "best_epoch": 8, "val_loss": 0.47253083432935605, "train_loss": 5.705869583373374}
{"epoch": 9, "val_accuracy": 0.8901273885350318, "train_accuracy": 0.9879844239417542, "f1_macro": 0.8880322281001234, "pre_macro": 0.8896869821019108, "re_macro": 0.8883567330006171, "best_epoch": 9, "val_loss": 0.4547315013066978, "train_loss": 5.637257677443484}
{"epoch": 10, "val_accuracy": 0.8903264331210191, "train_accuracy": 0.9899791047928181, "f1_macro": 0.888174478241703, "pre_macro": 0.8904215491627401, "re_macro": 0.8886094659623692, "best_epoch": 10, "val_loss": 0.44707114833175754, "train_loss": 5.583674400410754}
{"epoch": 11, "val_accuracy": 0.8921178343949044, "train_accuracy": 0.9926386792609032, "f1_macro": 0.8897657246149298, "pre_macro": 0.8916881464601614, "re_macro": 0.8901124946754987, "best_epoch": 11, "val_loss": 0.43844482112842004, "train_loss": 5.541250340482022}
{"epoch": 12, "val_accuracy": 0.8923168789808917, "train_accuracy": 0.994633360111967, "f1_macro": 0.8899733780593113, "pre_macro": 0.8915125388308933, "re_macro": 0.8902648834477482, "best_epoch": 12, "val_loss": 0.4305688817125217, "train_loss": 5.5083183126246675}
{"epoch": 13, "val_accuracy": 0.8919187898089171, "train_accuracy": 0.9959631473460095, "f1_macro": 0.8895633263990035, "pre_macro": 0.891168455104528, "re_macro": 0.8898354946648823, "best_epoch": 12, "val_loss": 0.42698913736707844, "train_loss": 5.482710960063528}
{"epoch": 14, "val_accuracy": 0.892515923566879, "train_accuracy": 0.9966280409630309, "f1_macro": 0.8901402973535004, "pre_macro": 0.891938462240023, "re_macro": 0.8903987542994167, "best_epoch": 14, "val_loss": 0.4251133017953794, "train_loss": 5.463220920968563}
{"epoch": 15, "val_accuracy": 0.8923168789808917, "train_accuracy": 0.9966280409630309, "f1_macro": 0.8899278268271734, "pre_macro": 0.8920132172349604, "re_macro": 0.8902131782851794, "best_epoch": 14, "val_loss": 0.4241783637434814,