{"epoch": 1, "val_accuracy": 0.8943073248407644, "train_accuracy": 0.7820921986661059, "f1_macro": 0.8925653088103085, "pre_macro": 0.894603732442745, "re_macro": 0.8922702343648391, "best_epoch": 1, "val_loss": 0.4747794785886813, "train_loss": 6.930203758402073}
{"epoch": 2, "val_accuracy": 0.9140127388535032, "train_accuracy": 0.9222739361702128, "f1_macro": 0.9125707871937786, "pre_macro": 0.9138542955455076, "re_macro": 0.9124091413766445, "best_epoch": 2, "val_loss": 0.31820727915615793, "train_loss": 5.287057280033193}
{"epoch": 3, "val_accuracy": 0.9139132165605095, "train_accuracy": 0.9518617021276595, "f1_macro": 0.9125083608932067, "pre_macro": 0.9170679038950409, "re_macro": 0.9113311767244616, "best_epoch": 2, "val_loss": 0.3245124252643555, "train_loss": 4.620116319047644}
{"epoch": 4, "val_accuracy": 0.9250597133757962, "train_accuracy": 0.9665558510638298, "f1_macro": 0.92346097637447, "pre_macro": 0.9244008762841543, "re_macro": 0.9235524996092576, "best_epoch": 4, "val_loss": 0.27726122691847715, "train_loss": 4.207523389572793}
{"epoch": 5, "val_accuracy": 0.92296974522293, "train_accuracy": 0.9706781914893617, "f1_macro": 0.9212109915201097, "pre_macro": 0.9223945526627448, "re_macro": 0.9213354444140925, "best_epoch": 4, "val_loss": 0.26004471574097304, "train_loss": 3.9244779830283307}
{"epoch": 6, "val_accuracy": 0.9114251592356688, "train_accuracy": 0.9803191489361702, "f1_macro": 0.9093330160560662, "pre_macro": 0.9119400871625853, "re_macro": 0.9105663784914311, "best_epoch": 4, "val_loss": 0.28029604457840795, "train_loss": 3.6993141559844323}
{"epoch": 7, "val_accuracy": 0.9215764331210191, "train_accuracy": 0.9894281914893617, "f1_macro": 0.919815686102307, "pre_macro": 0.9213198484976637, "re_macro": 0.92075225727908, "best_epoch": 4, "val_loss": 0.2488223565920333, "train_loss": 3.5258939824205764}
{"epoch": 8, "val_accuracy": 0.9276472929936306, "train_accuracy": 0.9924867021276595, "f1_macro": 0.9261304060879256, "pre_macro": 0.9271420249983008, "re_macro": 0.9265946078671918, "best_epoch": 8, "val_loss": 0.23336024368834343, "train_loss": 3.394809591009262}
{"epoch": 9, "val_accuracy": 0.9339171974522293, "train_accuracy": 0.995811170212766, "f1_macro": 0.9323988353651623, "pre_macro": 0.9330545886642188, "re_macro": 0.9325569661638085, "best_epoch": 9, "val_loss": 0.21476940439337758, "train_loss": 3.2920955120248996}
{"epoch": 10, "val_accuracy": 0.9367038216560509, "train_accuracy": 0.9970744680851064, "f1_macro": 0.9351166454536834, "pre_macro": 0.936261419049789, "re_macro": 0.934924955090929, "best_epoch": 10, "val_loss": 0.21213018595223215, "train_loss": 3.211247025144861}
{"epoch": 11, "val_accuracy": 0.9360071656050956, "train_accuracy": 0.997938829787234, "f1_macro": 0.9343600554185043, "pre_macro": 0.935993965456227, "re_macro": 0.9340836697290211, "best_epoch": 10, "val_loss": 0.21329645143976067, "train_loss": 3.147273581078712}
{"epoch": 12, "val_accuracy": 0.9367038216560509, "train_accuracy": 0.9984707446808511, "f1_macro": 0.9351217147094217, "pre_macro": 0.9365612439643428, "re_macro": 0.9348482506656168, "best_epoch": 10, "val_loss": 0.2101861166109325, "train_loss": 3.096069391737593}
{"epoch": 13, "val_accuracy": 0.9366042993630573, "train_accuracy": 0.9991356382978723, "f1_macro": 0.9350933004725734, "pre_macro": 0.9362256525779825, "re_macro": 0.9348708578899091, "best_epoch": 10, "val_loss": 0.20661027438250507, "train_loss": 3.0543172258011837}
{"epoch": 14, "val_accuracy": 0.93640525477707, "train_accuracy": 0.9993351063829787, "f1_macro": 0.9349726350103633, "pre_macro": 0.9358105088262578, "re_macro": 0.9348168058261029, "best_epoch": 10, "val_loss": 0.20379540525898812, "train_loss": 3.0202891745465865}
{"epoch": 15, "val_accuracy": 0.9373009554140127, "train_accuracy": 0.9995345744680851, "f1_macro": 0.9359673460709457, "pre_macro": 0.9365537409898531, "re_macro": 0.9358593641542706, "best_epoch": 15, "val_loss": 0.20155587484526216, "train_loss": 2.9925307263719274}
{"training time": 45.0634982585907}
{"epoch": 1, "val_accuracy": 0.887937898089172, "train_accuracy": 0.7883643617021276, "f1_macro": 0.8852158227349858, "pre_macro": 0.8899849564690336, "re_macro": 0.8851153240128691, "best_epoch": 1, "val_loss": 0.5100072940253908, "train_loss": 6.881106110836598}
{"epoch": 2, "val_accuracy": 0.9083399681528662, "train_accuracy": 0.9218085106382978, "f1_macro": 0.9059156853000541, "pre_macro": 0.9104603539665522, "re_macro": 0.9056823306641169, "best_epoch": 2, "val_loss": 0.36623569070153933, "train_loss": 5.2997470003493286}
{"epoch": 3, "val_accuracy": 0.9104299363057324, "train_accuracy": 0.9521941489361702, "f1_macro": 0.9085897549420515, "pre_macro": 0.9107449120360576, "re_macro": 0.9086726192746694, "best_epoch": 3, "val_loss": 0.34659096997254973, "train_loss": 4.624188082268898}
{"epoch": 4, "val_accuracy": 0.9164012738853503, "train_accuracy": 0.9667553191489362, "f1_macro": 0.9145146769464054, "pre_macro": 0.918186172911188, "re_macro": 0.9142512045261169, "best_epoch": 4, "val_loss": 0.2974552686569417, "train_loss": 4.203167860558692}
{"epoch": 5, "val_accuracy": 0.9242635350318471, "train_accuracy": 0.9770833335024245, "f1_macro": 0.9226930566863192, "pre_macro": 0.9243769503652407, "re_macro": 0.9227781074550101, "best_epoch": 5, "val_loss": 0.2621205826734851, "train_loss": 3.907091906730165}
{"epoch": 6, "val_accuracy": 0.9115246815286624, "train_accuracy": 0.9842420212765958, "f1_macro": 0.9090099501431504, "pre_macro": 0.9128360853542679, "re_macro": 0.910560621688924, "best_epoch": 5, "val_loss": 0.2878519107296968, "train_loss": 3.6882738904750094}
{"epoch": 7, "val_accuracy": 0.9223726114649682, "train_accuracy": 0.9894946808510638, "f1_macro": 0.920700115061632, "pre_macro": 0.9226436318315466, "re_macro": 0.9208907024698891, "best_epoch": 5, "val_loss": 0.25593856089766237, "train_loss": 3.524443827284143}
{"epoch": 8, "val_accuracy": 0.9331210191082803, "train_accuracy": 0.9946808510638298, "f1_macro": 0.9316500171125102, "pre_macro": 0.9323412856031457, "re_macro": 0.9315894163848505, "best_epoch": 8, "val_loss": 0.2208542646780895, "train_loss": 3.3860712274591975}
{"epoch": 9, "val_accuracy": 0.9387937898089171, "train_accuracy": 0.9968085106382979, "f1_macro": 0.937379903366695, "pre_macro": 0.9377566643947141, "re_macro": 0.9373258143464916, "best_epoch": 9, "val_loss": 0.20080143221576882, "train_loss": 3.2829225925689047}
{"epoch": 10, "val_accuracy": 0.93859474522293, "train_accuracy": 0.9974734042553192, "f1_macro": 0.9370476240007234, "pre_macro": 0.9381568523924162, "re_macro": 0.9368346621172681, "best_epoch": 9, "val_loss": 0.2006355323799097, "train_loss": 3.2024218762174566}
{"epoch": 11, "val_accuracy": 0.9380971337579618, "train_accuracy": 0.9982047872340426, "f1_macro": 0.9363940723481632, "pre_macro": 0.9378306796757283, "re_macro": 0.9362043464265222, "best_epoch": 9, "val_loss": 0.20390511877170414, "train_loss": 3.1375716868867265}
{"epoch": 12, "val_accuracy": 0.9377985668789809, "train_accuracy": 0.9986702127659575, "f1_macro": 0.9361310237366652, "pre_macro": 0.9375190699296289, "re_macro": 0.9359553081290061, "best_epoch": 9, "val_loss": 0.20344167901499635, "train_loss": 3.0855864646586966}
{"epoch": 13, "val_accuracy": 0.9384952229299363, "train_accuracy": 0.9990026595744681, "f1_macro": 0.9369748579700706, "pre_macro": 0.9381763210459475, "re_macro": 0.9367832385209898, "best_epoch": 9, "val_loss": 0.20112105245719764, "train_loss": 3.0437352231208314}
{"epoch": 14, "val_accuracy": 0.9371019108280255, "train_accuracy": 0.9992021276595745, "f1_macro": 0.9355869014900222, "pre_macro": 0.9364837837041684, "re_macro": 0.9354338104538111, "best_epoch": 9, "val_loss": 0.19831951645315643, "train_loss": 3.009170787892443}
{"epoch": 15, "val_accuracy": 0.9386942675159236, "train_accuracy": 0.9995345744680851, "f1_macro": 0.937238036586989, "pre_macro": 0.9378567520673974, "re_macro": 0.9371252789741303, "best_epoch": 9,