{"epoch": 1, "val_accuracy": 0.9066480891719745, "train_accuracy": 0.8699618252840909, "f1_macro": 0.904510328691685, "pre_macro": 0.9068777747765884, "re_macro": 0.9058390167894302, "best_epoch": 1, "val_loss": 0.3490543830546604, "train_loss": 5.562945208766243}
{"epoch": 2, "val_accuracy": 0.9367038216560509, "train_accuracy": 0.9337269176136364, "f1_macro": 0.9355294131022482, "pre_macro": 0.9360067129782372, "re_macro": 0.935940230588429, "best_epoch": 2, "val_loss": 0.22201934797321535, "train_loss": 3.657120768319477}
{"epoch": 3, "val_accuracy": 0.9262539808917197, "train_accuracy": 0.9477761008522727, "f1_macro": 0.9252079416817921, "pre_macro": 0.9270407967419505, "re_macro": 0.9258137740752806, "best_epoch": 2, "val_loss": 0.25120416287166675, "train_loss": 2.9080823500725357}
{"epoch": 4, "val_accuracy": 0.9384952229299363, "train_accuracy": 0.9561212713068182, "f1_macro": 0.9373303392828767, "pre_macro": 0.9379586486369098, "re_macro": 0.9377718315517543, "best_epoch": 4, "val_loss": 0.21338918839527923, "train_loss": 2.478122455152598}
{"epoch": 5, "val_accuracy": 0.9311305732484076, "train_accuracy": 0.9633567116477273, "f1_macro": 0.9300816411966866, "pre_macro": 0.9316861704857752, "re_macro": 0.9301879861192767, "best_epoch": 4, "val_loss": 0.24830598270247697, "train_loss": 2.1842470897192303}
{"epoch": 6, "val_accuracy": 0.9276472929936306, "train_accuracy": 0.9692826704545454, "f1_macro": 0.9264843950084426, "pre_macro": 0.9288359558203068, "re_macro": 0.9268861404345209, "best_epoch": 4, "val_loss": 0.24563165987800262, "train_loss": 1.9747919191352346}
{"epoch": 7, "val_accuracy": 0.9349124203821656, "train_accuracy": 0.9736993963068182, "f1_macro": 0.9338767764666093, "pre_macro": 0.9361206211726367, "re_macro": 0.9341195766687225, "best_epoch": 4, "val_loss": 0.21255489495719315, "train_loss": 1.8141892442310399}
{"epoch": 8, "val_accuracy": 0.9506369426751592, "train_accuracy": 0.9791370738636364, "f1_macro": 0.9498338824114386, "pre_macro": 0.9505200757583259, "re_macro": 0.9499140334568077, "best_epoch": 8, "val_loss": 0.16272033031460395, "train_loss": 1.6897106565196405}
{"epoch": 9, "val_accuracy": 0.9551154458598726, "train_accuracy": 0.9825106534090909, "f1_macro": 0.954292105737134, "pre_macro": 0.9545420358976976, "re_macro": 0.9544778300815369, "best_epoch": 9, "val_loss": 0.14752797668230286, "train_loss": 1.5938680639321154}
{"epoch": 10, "val_accuracy": 0.9554140127388535, "train_accuracy": 0.9852183948863636, "f1_macro": 0.9546111017669304, "pre_macro": 0.9549528664620945, "re_macro": 0.9547579319352046, "best_epoch": 10, "val_loss": 0.14231136335937936, "train_loss": 1.5193241629749537}
{"epoch": 11, "val_accuracy": 0.9556130573248408, "train_accuracy": 0.9866610440340909, "f1_macro": 0.9549456631615634, "pre_macro": 0.955360714436015, "re_macro": 0.954972981815002, "best_epoch": 11, "val_loss": 0.13880983776424768, "train_loss": 1.4609490754929455}
{"epoch": 12, "val_accuracy": 0.9578025477707006, "train_accuracy": 0.9878595525568182, "f1_macro": 0.9571945514077814, "pre_macro": 0.957565943279446, "re_macro": 0.9571927015714097, "best_epoch": 12, "val_loss": 0.1354549506346986, "train_loss": 1.4150512607937509}
{"epoch": 13, "val_accuracy": 0.959593949044586, "train_accuracy": 0.9886807528409091, "f1_macro": 0.9589846686708252, "pre_macro": 0.9591566444001064, "re_macro": 0.9590264603497719, "best_epoch": 13, "val_loss": 0.1259975630959057, "train_loss": 1.3783365516838701}
{"epoch": 14, "val_accuracy": 0.9631767515923567, "train_accuracy": 0.9897017045454546, "f1_macro": 0.9626475847821743, "pre_macro": 0.9627369619989382, "re_macro": 0.9626583196808068, "best_epoch": 14, "val_loss": 0.11787362020777147, "train_loss": 1.3483813242478804}
{"epoch": 15, "val_accuracy": 0.9650676751592356, "train_accuracy": 0.9904341264204546, "f1_macro": 0.9645562573954493, "pre_macro": 0.9646174157426834, "re_macro": 0.9645464978970963, "best_epoch": 15, "val_loss": 0.11385837249505291, "train_loss": 1.3241710808466782}
{"training time": 113.5894775390625}
{"epoch": 1, "val_accuracy": 0.90625, "train_accuracy": 0.8680308948863636, "f1_macro": 0.9052851581909875, "pre_macro": 0.9101645017227635, "re_macro": 0.9064880169098661, "best_epoch": 1, "val_loss": 0.3212440778163208, "train_loss": 5.56481763788245}
{"epoch": 2, "val_accuracy": 0.9031648089171974, "train_accuracy": 0.9332386363636364, "f1_macro": 0.9027255812036337, "pre_macro": 0.9132583304995352, "re_macro": 0.9025517703163176, "best_epoch": 1, "val_loss": 0.3174183544507072, "train_loss": 3.66716367514296}
{"epoch": 3, "val_accuracy": 0.918093152866242, "train_accuracy": 0.9462668678977273, "f1_macro": 0.9169139897320108, "pre_macro": 0.9220172953388562, "re_macro": 0.9174655511407976, "best_epoch": 3, "val_loss": 0.27045796892255736, "train_loss": 2.9233511997894808}
{"epoch": 4, "val_accuracy": 0.9297372611464968, "train_accuracy": 0.9542791193181818, "f1_macro": 0.9290299155853061, "pre_macro": 0.9312101525404797, "re_macro": 0.9287725334065877, "best_epoch": 4, "val_loss": 0.23844054217930813, "train_loss": 2.4891394928775052}
{"epoch": 5, "val_accuracy": 0.9306329617834395, "train_accuracy": 0.9645108309659091, "f1_macro": 0.9293891834811573, "pre_macro": 0.931781204350038, "re_macro": 0.9292432116888684, "best_epoch": 5, "val_loss": 0.23963269804883156, "train_loss": 2.1841752137988806}
{"epoch": 6, "val_accuracy": 0.9078423566878981, "train_accuracy": 0.969970703125, "f1_macro": 0.9078324798056627, "pre_macro": 0.9170122324233161, "re_macro": 0.9067388847552136, "best_epoch": 5, "val_loss": 0.29694454068211235, "train_loss": 1.972652378576723}
{"epoch": 7, "val_accuracy": 0.9201831210191083, "train_accuracy": 0.974853515625, "f1_macro": 0.9195393947003974, "pre_macro": 0.9252634701689727, "re_macro": 0.9192322836553523, "best_epoch": 5, "val_loss": 0.2515328461126347, "train_loss": 1.8141350092535669}
{"epoch": 8, "val_accuracy": 0.9317277070063694, "train_accuracy": 0.9789817116477273, "f1_macro": 0.9309797355283997, "pre_macro": 0.9344704900437352, "re_macro": 0.9306725003340688, "best_epoch": 8, "val_loss": 0.21300801620551735, "train_loss": 1.6913079524582082}
{"epoch": 9, "val_accuracy": 0.944765127388535, "train_accuracy": 0.9825550426136364, "f1_macro": 0.9440872346828758, "pre_macro": 0.9454080244981338, "re_macro": 0.9439185906044057, "best_epoch": 9, "val_loss": 0.18073962063819266, "train_loss": 1.5961364599114114}
{"epoch": 10, "val_accuracy": 0.9506369426751592, "train_accuracy": 0.9848854758522727, "f1_macro": 0.9498841477585673, "pre_macro": 0.950760444707249, "re_macro": 0.9498888801448097, "best_epoch": 10, "val_loss": 0.15951682142557422, "train_loss": 1.5217336077581753}
{"epoch": 11, "val_accuracy": 0.9561106687898089, "train_accuracy": 0.9866388494318182, "f1_macro": 0.9554498721193074, "pre_macro": 0.9559089248495211, "re_macro": 0.9555934390309536, "best_epoch": 11, "val_loss": 0.14470971780562192, "train_loss": 1.463019673627886}
{"epoch": 12, "val_accuracy": 0.9588972929936306, "train_accuracy": 0.9879927201704546, "f1_macro": 0.958256750942137, "pre_macro": 0.9586061594953443, "re_macro": 0.9584027349095183, "best_epoch": 12, "val_loss": 0.13586719737500902, "train_loss": 1.416659243743528}
{"epoch": 13, "val_accuracy": 0.9600915605095541, "train_accuracy": 0.9893687855113636, "f1_macro": 0.9594213988774488, "pre_macro": 0.9596368088620697, "re_macro": 0.9595321265210591, "best_epoch": 13, "val_loss": 0.12919588514995187, "train_loss": 1.3793553809889338}
{"epoch": 14, "val_accuracy": 0.9620820063694268, "train_accuracy": 0.9903897372159091, "f1_macro": 0.9614612968588367, "pre_macro": 0.9615853439974629, "re_macro": 0.9615052722983194, "best_epoch": 14, "val_loss": 0.12370297296126936, "train_loss": 1.3493146803230047}
{"epoch": 15, "val_accuracy": 0.9632762738853503, "train_accuracy": 0.9911443536931818, "f1_macro": 0.9627018706077353, "pre_macro": 0.9628309190884401, "re_macro": 0.9627042726120549, "best_epoch": 15,