{"epoch": 1, "val_accuracy": 0.3371815286624204, "train_accuracy": 0.21145833432674407, "f1_macro": 0.26801855211360126, "pre_macro": 0.4700445278215031, "re_macro": 0.3214348162862424, "best_epoch": 1, "val_loss": 2.0965861940080193, "train_loss": 8.83938980102539}
{"epoch": 2, "val_accuracy": 0.554140127388535, "train_accuracy": 0.5322916686534882, "f1_macro": 0.5081658110762841, "pre_macro": 0.536125775719831, "re_macro": 0.5417859298022871, "best_epoch": 2, "val_loss": 1.9352445670753529, "train_loss": 8.453677082061768}
{"epoch": 3, "val_accuracy": 0.5566281847133758, "train_accuracy": 0.7015625, "f1_macro": 0.5274511296748193, "pre_macro": 0.5962521553025665, "re_macro": 0.5464084520153623, "best_epoch": 3, "val_loss": 1.845534372481571, "train_loss": 8.193739318847657}
{"epoch": 4, "val_accuracy": 0.5981289808917197, "train_accuracy": 0.7604166686534881, "f1_macro": 0.5649140303798545, "pre_macro": 0.6540884170234561, "re_macro": 0.5879058799155914, "best_epoch": 4, "val_loss": 1.71851862388052, "train_loss": 8.04174189567566}
{"epoch": 5, "val_accuracy": 0.6514729299363057, "train_accuracy": 0.825, "f1_macro": 0.623171397377788, "pre_macro": 0.6897470707175566, "re_macro": 0.6418785749761473, "best_epoch": 5, "val_loss": 1.6195666881123925, "train_loss": 7.844377040863037}
{"epoch": 6, "val_accuracy": 0.6744625796178344, "train_accuracy": 0.8729166686534882, "f1_macro": 0.654086486646288, "pre_macro": 0.7086938403711904, "re_macro": 0.6655407870807082, "best_epoch": 6, "val_loss": 1.5711670962108928, "train_loss": 7.692659997940064}
{"epoch": 7, "val_accuracy": 0.6949641719745223, "train_accuracy": 0.8869791686534881, "f1_macro": 0.6768808282464305, "pre_macro": 0.7201463008462261, "re_macro": 0.6863979134826221, "best_epoch": 7, "val_loss": 1.4951442829362906, "train_loss": 7.590967130661011}
{"epoch": 8, "val_accuracy": 0.7180533439490446, "train_accuracy": 0.9234375, "f1_macro": 0.7011558177425337, "pre_macro": 0.7252703126534167, "re_macro": 0.7102931013039007, "best_epoch": 8, "val_loss": 1.4447610233999362, "train_loss": 7.46940131187439}
{"epoch": 9, "val_accuracy": 0.7172571656050956, "train_accuracy": 0.9453125, "f1_macro": 0.7024464601249646, "pre_macro": 0.7326004111069839, "re_macro": 0.709649582224206, "best_epoch": 8, "val_loss": 1.4192300822324813, "train_loss": 7.357621526718139}
{"epoch": 10, "val_accuracy": 0.7280055732484076, "train_accuracy": 0.95625, "f1_macro": 0.7127732678682263, "pre_macro": 0.7382398154221479, "re_macro": 0.7204903954145325, "best_epoch": 10, "val_loss": 1.394252487808276, "train_loss": 7.290017747879029}
{"epoch": 11, "val_accuracy": 0.7291998407643312, "train_accuracy": 0.959375, "f1_macro": 0.7150671444662058, "pre_macro": 0.7382448940073046, "re_macro": 0.7219232861344695, "best_epoch": 11, "val_loss": 1.379393725638177, "train_loss": 7.241955900192261}
{"epoch": 12, "val_accuracy": 0.7314888535031847, "train_accuracy": 0.9609375, "f1_macro": 0.7177308373777302, "pre_macro": 0.7405201396272285, "re_macro": 0.7242769429953217, "best_epoch": 12, "val_loss": 1.3681333604132293, "train_loss": 7.203410005569458}
{"epoch": 13, "val_accuracy": 0.7346735668789809, "train_accuracy": 0.9703125, "f1_macro": 0.7214246452209826, "pre_macro": 0.7429551937956896, "re_macro": 0.7276093763122403, "best_epoch": 13, "val_loss": 1.3586445158454263, "train_loss": 7.175923776626587}
{"epoch": 14, "val_accuracy": 0.7355692675159236, "train_accuracy": 0.9703125, "f1_macro": 0.7222813327814619, "pre_macro": 0.7428127390132846, "re_macro": 0.7285189353126069, "best_epoch": 14, "val_loss": 1.3514654317479224, "train_loss": 7.153942537307739}
{"epoch": 15, "val_accuracy": 0.7363654458598726, "train_accuracy": 0.9734375, "f1_macro": 0.7234150694107239, "pre_macro": 0.7432600539433227, "re_macro": 0.7293821956525469, "best_epoch": 15, "val_loss": 1.3458624531509011, "train_loss": 7.136558389663696}
{"training time": 16.876485109329224}
{"epoch": 1, "val_accuracy": 0.3675358280254777, "train_accuracy": 0.17916666716337204, "f1_macro": 0.30759738156166133, "pre_macro": 0.43183001232069024, "re_macro": 0.3534125022871613, "best_epoch": 1, "val_loss": 2.079807873744114, "train_loss": 8.856381225585938}
{"epoch": 2, "val_accuracy": 0.42336783439490444, "train_accuracy": 0.49479166865348817, "f1_macro": 0.37905430949771246, "pre_macro": 0.523648859180082, "re_macro": 0.4108026739118259, "best_epoch": 2, "val_loss": 1.9545498623210154, "train_loss": 8.439263534545898}
{"epoch": 3, "val_accuracy": 0.5482683121019108, "train_accuracy": 0.646875, "f1_macro": 0.5220989244231218, "pre_macro": 0.6006816175739941, "re_macro": 0.5369192246918579, "best_epoch": 3, "val_loss": 1.816098067411192, "train_loss": 8.197411918640137}
{"epoch": 4, "val_accuracy": 0.6083797770700637, "train_accuracy": 0.7677083373069763, "f1_macro": 0.5856150265663229, "pre_macro": 0.6599268546758943, "re_macro": 0.598468793152411, "best_epoch": 4, "val_loss": 1.710295356762637, "train_loss": 8.011001634597779}
{"epoch": 5, "val_accuracy": 0.6089769108280255, "train_accuracy": 0.8145833373069763, "f1_macro": 0.5884586469716035, "pre_macro": 0.6976053170731717, "re_macro": 0.5987478357922893, "best_epoch": 5, "val_loss": 1.6573814206821904, "train_loss": 7.84340353012085}
{"epoch": 6, "val_accuracy": 0.6846138535031847, "train_accuracy": 0.859375, "f1_macro": 0.6680717348797846, "pre_macro": 0.7168464249613031, "re_macro": 0.6765119012014823, "best_epoch": 6, "val_loss": 1.517668974627355, "train_loss": 7.674251985549927}
{"epoch": 7, "val_accuracy": 0.6777468152866242, "train_accuracy": 0.9161458373069763, "f1_macro": 0.666030319288424, "pre_macro": 0.727370757996768, "re_macro": 0.6695259643896965, "best_epoch": 6, "val_loss": 1.473261819523611, "train_loss": 7.513811159133911}
{"epoch": 8, "val_accuracy": 0.7054140127388535, "train_accuracy": 0.925, "f1_macro": 0.6916334902833368, "pre_macro": 0.7446336615750588, "re_macro": 0.6970658719763575, "best_epoch": 8, "val_loss": 1.4086213658569724, "train_loss": 7.379306745529175}
{"epoch": 9, "val_accuracy": 0.7137738853503185, "train_accuracy": 0.95, "f1_macro": 0.7015855364794225, "pre_macro": 0.7408351156278202, "re_macro": 0.7057223355406231, "best_epoch": 9, "val_loss": 1.3837961770926313, "train_loss": 7.285723400115967}
{"epoch": 10, "val_accuracy": 0.7237261146496815, "train_accuracy": 0.95625, "f1_macro": 0.7115257158930696, "pre_macro": 0.7502650785151442, "re_macro": 0.715756779734184, "best_epoch": 10, "val_loss": 1.3605288844199697, "train_loss": 7.223246097564697}
{"epoch": 11, "val_accuracy": 0.7261146496815286, "train_accuracy": 0.95625, "f1_macro": 0.7141896182016986, "pre_macro": 0.7517432736780996, "re_macro": 0.7182159932729928, "best_epoch": 11, "val_loss": 1.3440546602200552, "train_loss": 7.17416558265686}
{"epoch": 12, "val_accuracy": 0.7306926751592356, "train_accuracy": 0.95625, "f1_macro": 0.7191443889137876, "pre_macro": 0.7526503438694272, "re_macro": 0.7230762575205638, "best_epoch": 12, "val_loss": 1.332392957180169, "train_loss": 7.137711906433106}
{"epoch": 13, "val_accuracy": 0.7336783439490446, "train_accuracy": 0.9609375, "f1_macro": 0.7224196390117508, "pre_macro": 0.7554551105149724, "re_macro": 0.7261415958406885, "best_epoch": 13, "val_loss": 1.3227311873891552, "train_loss": 7.109728193283081}
{"epoch": 14, "val_accuracy": 0.7344745222929936, "train_accuracy": 0.9640625, "f1_macro": 0.7233608864917116, "pre_macro": 0.7558251366354161, "re_macro": 0.7269806408423576, "best_epoch": 14, "val_loss": 1.3153349445883635, "train_loss": 7.088226795196533}
{"epoch": 15, "val_accuracy": 0.7367635350318471, "train_accuracy": 0.965625, "f1_macro": 0.7257871402285463, "pre_macro": 0.7568318539575873, "re_macro": 0.7293503701424214, "best_epoch": 15, "val_loss": 1.3093741410856794, "train_loss": 7.0710813999176025}
{"training time": 17.240511655807495}
