{"epoch": 100, "loss": 7771.78125}
{"epoch": 200, "loss": 7768.2158203125}
{"epoch": 300, "loss": 7763.51416015625}
{"epoch": 400, "loss": 7758.54833984375}
{"epoch": 500, "loss": 7753.66796875}
{"epoch": 600, "loss": 7748.7451171875}
{"epoch": 700, "loss": 7744.0625}
{"epoch": 800, "loss": 7739.14794921875}
{"epoch": 900, "loss": 7733.19189453125}
{"epoch": 1000, "loss": 7727.4091796875}
{"training_time:": "4.0229s", "final_loss": 7727.4091796875}
