{"epoch": 100, "loss": 2.0832650661468506}
{"epoch": 200, "loss": 1.0943458080291748}
{"epoch": 300, "loss": 0.7043423056602478}
{"epoch": 400, "loss": 0.6365923881530762}
{"epoch": 500, "loss": 0.6201357841491699}
{"epoch": 600, "loss": 0.6068660020828247}
{"epoch": 700, "loss": 0.5919063687324524}
{"epoch": 800, "loss": 0.574959933757782}
{"epoch": 900, "loss": 0.5562059283256531}
{"epoch": 1000, "loss": 0.5354083180427551}
{"training_time:": "4.6928s", "final_loss": 0.5354083180427551}
