{"epoch": 100, "loss": 0.09181687235832214}
{"epoch": 200, "loss": 0.02649640664458275}
{"epoch": 300, "loss": 0.016908224672079086}
{"epoch": 400, "loss": 0.014533286914229393}
{"epoch": 500, "loss": 0.01261315867304802}
{"epoch": 600, "loss": 0.010881051421165466}
{"epoch": 700, "loss": 0.009767192415893078}
{"epoch": 800, "loss": 0.009199954569339752}
{"epoch": 900, "loss": 0.008758379146456718}
{"epoch": 1000, "loss": 0.00831807404756546}
{"training_time:": "2.8476s", "final_loss": 0.00831807404756546}
