{"epoch": 100, "loss": 0.09419792145490646}
{"epoch": 200, "loss": 0.03350462764501572}
{"epoch": 300, "loss": 0.027086328715085983}
{"epoch": 400, "loss": 0.024226387962698936}
{"epoch": 500, "loss": 0.022276442497968674}
{"epoch": 600, "loss": 0.02091684751212597}
{"epoch": 700, "loss": 0.020012160763144493}
{"epoch": 800, "loss": 0.01937154494225979}
{"epoch": 900, "loss": 0.01886325143277645}
{"epoch": 1000, "loss": 0.018426353111863136}
{"training_time:": "2.4305s", "final_loss": 0.018426353111863136}
