{"epoch": 100, "loss": 0.11107204854488373}
{"epoch": 200, "loss": 0.0565645769238472}
{"epoch": 300, "loss": 0.03255099058151245}
{"epoch": 400, "loss": 0.027769364416599274}
{"epoch": 500, "loss": 0.024643797427415848}
{"epoch": 600, "loss": 0.02216264419257641}
{"epoch": 700, "loss": 0.020277155563235283}
{"epoch": 800, "loss": 0.018818993121385574}
{"epoch": 900, "loss": 0.017680125311017036}
{"epoch": 1000, "loss": 0.016801999881863594}
{"training_time:": "4.5466s", "final_loss": 0.016801999881863594}
