{"epoch": 1, "val_accuracy": 0.6991441082802548, "train_accuracy": 0.5312974934882306, "f1_macro": 0.6934997732775137, "pre_macro": 0.6935852271182827, "re_macro": 0.6989000000000001, "best_epoch": 1, "val_loss": 1.3256883302311988, "train_loss": 1.811619870206143}
{"epoch": 2, "val_accuracy": 0.7275079617834395, "train_accuracy": 0.757883738964162, "f1_macro": 0.7161810409906444, "pre_macro": 0.7166403325539574, "re_macro": 0.7271, "best_epoch": 2, "val_loss": 1.0143512912616608, "train_loss": 1.1819688918742728}
{"epoch": 3, "val_accuracy": 0.7532842356687898, "train_accuracy": 0.8184840438213754, "f1_macro": 0.7445654762631598, "pre_macro": 0.7430967018300448, "re_macro": 0.7524000000000001, "best_epoch": 3, "val_loss": 0.8996128090627634, "train_loss": 0.8936755657196045}
{"epoch": 4, "val_accuracy": 0.7623407643312102, "train_accuracy": 0.8513012921556513, "f1_macro": 0.755121666534974, "pre_macro": 0.7553932592433734, "re_macro": 0.7621, "best_epoch": 4, "val_loss": 0.8271120448780668, "train_loss": 0.7613656140388326}
{"epoch": 5, "val_accuracy": 0.7642316878980892, "train_accuracy": 0.8765672496024598, "f1_macro": 0.7570447016401037, "pre_macro": 0.758475824424549, "re_macro": 0.7637, "best_epoch": 5, "val_loss": 0.7842428054019903, "train_loss": 0.6643047402513788}
{"epoch": 6, "val_accuracy": 0.768312101910828, "train_accuracy": 0.8952317643672862, "f1_macro": 0.7652681653670766, "pre_macro": 0.7651675896161062, "re_macro": 0.7675, "best_epoch": 6, "val_loss": 0.7366115393911957, "train_loss": 0.5901476918382847}
{"epoch": 7, "val_accuracy": 0.7725915605095541, "train_accuracy": 0.9108567643672862, "f1_macro": 0.7704947615709574, "pre_macro": 0.7707506426298386, "re_macro": 0.7724, "best_epoch": 7, "val_loss": 0.7117729553371478, "train_loss": 0.527484951501197}
{"epoch": 8, "val_accuracy": 0.7780652866242038, "train_accuracy": 0.9319433899635964, "f1_macro": 0.773772657971361, "pre_macro": 0.7742280785489275, "re_macro": 0.7776000000000001, "best_epoch": 8, "val_loss": 0.6937703013799752, "train_loss": 0.4772953872985028}
{"epoch": 9, "val_accuracy": 0.7815485668789809, "train_accuracy": 0.9416793318504982, "f1_macro": 0.7771044628358552, "pre_macro": 0.7781013110854593, "re_macro": 0.7811, "best_epoch": 9, "val_loss": 0.6696519540373687, "train_loss": 0.4425705113309495}
{"epoch": 10, "val_accuracy": 0.7838375796178344, "train_accuracy": 0.953267477928324, "f1_macro": 0.7801152235031898, "pre_macro": 0.7804921777574088, "re_macro": 0.7834000000000001, "best_epoch": 10, "val_loss": 0.6542618675216748, "train_loss": 0.40910461862036523}
{"epoch": 11, "val_accuracy": 0.7852308917197452, "train_accuracy": 0.9627184664949457, "f1_macro": 0.7827512347794146, "pre_macro": 0.7826351932161382, "re_macro": 0.7847999999999999, "best_epoch": 11, "val_loss": 0.6464722976563083, "train_loss": 0.37625272096471585}
{"epoch": 12, "val_accuracy": 0.7871218152866242, "train_accuracy": 0.96875, "f1_macro": 0.7848516832780488, "pre_macro": 0.7848662063464894, "re_macro": 0.7864, "best_epoch": 12, "val_loss": 0.6424394866843133, "train_loss": 0.35827748509163554}
{"epoch": 13, "val_accuracy": 0.7875199044585988, "train_accuracy": 0.9707446808510638, "f1_macro": 0.785191064348663, "pre_macro": 0.7850145401545985, "re_macro": 0.7868, "best_epoch": 13, "val_loss": 0.6389790300730687, "train_loss": 0.3481361193859831}
{"epoch": 14, "val_accuracy": 0.7868232484076433, "train_accuracy": 0.9720744680851063, "f1_macro": 0.7848063624119328, "pre_macro": 0.7845545228482316, "re_macro": 0.7864, "best_epoch": 13, "val_loss": 0.6365805179070515, "train_loss": 0.33993238337496495}
{"epoch": 15, "val_accuracy": 0.7870222929936306, "train_accuracy": 0.9750664893617021, "f1_macro": 0.7849548394191078, "pre_macro": 0.7846673782496156, "re_macro": 0.7866000000000001, "best_epoch": 13, "val_loss": 0.6335829240121659, "train_loss": 0.3317068916686038}
{"epoch": 16, "val_accuracy": 0.7862261146496815, "train_accuracy": 0.9773936170212766, "f1_macro": 0.7840455421084063, "pre_macro": 0.7836579821127216, "re_macro": 0.7857999999999999, "best_epoch": 13, "val_loss": 0.6310945599322106, "train_loss": 0.32321330334277865}
{"epoch": 17, "val_accuracy": 0.7852308917197452, "train_accuracy": 0.979720744680851, "f1_macro": 0.7829125456349261, "pre_macro": 0.7824359695056723, "re_macro": 0.7848, "best_epoch": 13, "val_loss": 0.6295949719893704, "train_loss": 0.31522415419842337}
{"epoch": 18, "val_accuracy": 0.7846337579617835, "train_accuracy": 0.9813829787234043, "f1_macro": 0.7823476984189595, "pre_macro": 0.7818699707630177, "re_macro": 0.7842, "best_epoch": 13, "val_loss": 0.628686370173837, "train_loss": 0.3082955866417986}
{"epoch": 19, "val_accuracy": 0.7845342356687898, "train_accuracy": 0.9820478723404256, "f1_macro": 0.7822648995272271, "pre_macro": 0.7817835729533815, "re_macro": 0.7841, "best_epoch": 13, "val_loss": 0.6280699377986276, "train_loss": 0.30282196909823317}
{"epoch": 20, "val_accuracy": 0.7859275477707006, "train_accuracy": 0.9837101063829787, "f1_macro": 0.7833750583222272, "pre_macro": 0.782914150993838, "re_macro": 0.7852, "best_epoch": 13, "val_loss": 0.6276510223081917, "train_loss": 0.2987048793980416}
{"epoch": 21, "val_accuracy": 0.7859275477707006, "train_accuracy": 0.9853723404255319, "f1_macro": 0.7834181948431691, "pre_macro": 0.7830008108694024, "re_macro": 0.7852, "best_epoch": 13, "val_loss": 0.6273584320287037, "train_loss": 0.2956086856887696}
{"epoch": 22, "val_accuracy": 0.7864251592356688, "train_accuracy": 0.9857047872340425, "f1_macro": 0.7839559604651462, "pre_macro": 0.7835803576646507, "re_macro": 0.7857000000000001, "best_epoch": 13, "val_loss": 0.6271451650911076, "train_loss": 0.29323991308821007}
{"epoch": 23, "val_accuracy": 0.7862261146496815, "train_accuracy": 0.9860372340425532, "f1_macro": 0.7837469495632767, "pre_macro": 0.7833716215949303, "re_macro": 0.7855000000000001, "best_epoch": 13, "val_loss": 0.6269847629176584, "train_loss": 0.2914010685809115}
{"epoch": 24, "val_accuracy": 0.7864251592356688, "train_accuracy": 0.9860372340425532, "f1_macro": 0.783931058155248, "pre_macro": 0.7835658165660526, "re_macro": 0.7857000000000001, "best_epoch": 13, "val_loss": 0.6268614198371862, "train_loss": 0.2899584763861717}
{"epoch": 25, "val_accuracy": 0.7864251592356688, "train_accuracy": 0.9863696808510638, "f1_macro": 0.7839079078199773, "pre_macro": 0.7835321466733001, "re_macro": 0.7857000000000001, "best_epoch": 13, "val_loss": 0.6267650951245788, "train_loss": 0.2888179234367736}
{"training time": 32.885005950927734}
