{"epoch": 1, "val_accuracy": 0.482484076433121, "train_accuracy": 0.28229166865348815, "f1_macro": 0.4680152179652607, "pre_macro": 0.48339160388597124, "re_macro": 0.48149999999999993, "best_epoch": 1, "val_loss": 1.9364146199196008, "train_loss": 2.26762170791626}
{"epoch": 2, "val_accuracy": 0.567078025477707, "train_accuracy": 0.5765625, "f1_macro": 0.5660645448003863, "pre_macro": 0.5923637023542955, "re_macro": 0.5671, "best_epoch": 2, "val_loss": 1.768335855690537, "train_loss": 1.9145711183547973}
{"epoch": 3, "val_accuracy": 0.6098726114649682, "train_accuracy": 0.7203125, "f1_macro": 0.6029580167769807, "pre_macro": 0.6172436453746855, "re_macro": 0.6095, "best_epoch": 3, "val_loss": 1.6203520115773389, "train_loss": 1.6616504430770873}
{"epoch": 4, "val_accuracy": 0.6481886942675159, "train_accuracy": 0.8067708373069763, "f1_macro": 0.6447527204764667, "pre_macro": 0.6533790050373828, "re_macro": 0.6474, "best_epoch": 4, "val_loss": 1.5171946773103848, "train_loss": 1.4622939348220825}
{"epoch": 5, "val_accuracy": 0.6590366242038217, "train_accuracy": 0.8692708373069763, "f1_macro": 0.6542304234587866, "pre_macro": 0.660777596004705, "re_macro": 0.6589, "best_epoch": 5, "val_loss": 1.4473732763035283, "train_loss": 1.2593195736408234}
{"epoch": 6, "val_accuracy": 0.6690883757961783, "train_accuracy": 0.9046875, "f1_macro": 0.666812957662275, "pre_macro": 0.6755764834959654, "re_macro": 0.6681000000000001, "best_epoch": 6, "val_loss": 1.3864293857744545, "train_loss": 1.1066353499889374}
{"epoch": 7, "val_accuracy": 0.6781449044585988, "train_accuracy": 0.9390625, "f1_macro": 0.6747839128802613, "pre_macro": 0.6811213862966625, "re_macro": 0.6769000000000001, "best_epoch": 7, "val_loss": 1.3467299338358982, "train_loss": 0.9672952711582183}
{"epoch": 8, "val_accuracy": 0.678343949044586, "train_accuracy": 0.9453125, "f1_macro": 0.6755396544209613, "pre_macro": 0.6815766256264627, "re_macro": 0.6771, "best_epoch": 8, "val_loss": 1.3229983346477436, "train_loss": 0.876900178194046}
{"epoch": 9, "val_accuracy": 0.6839171974522293, "train_accuracy": 0.95625, "f1_macro": 0.6812694431507946, "pre_macro": 0.6868440353145433, "re_macro": 0.6827, "best_epoch": 9, "val_loss": 1.3028146020925728, "train_loss": 0.8130628943443299}
{"epoch": 10, "val_accuracy": 0.6854100318471338, "train_accuracy": 0.9703125, "f1_macro": 0.6828324220559293, "pre_macro": 0.6879857981025832, "re_macro": 0.6841999999999999, "best_epoch": 10, "val_loss": 1.291198444973891, "train_loss": 0.7665576100349426}
{"epoch": 11, "val_accuracy": 0.6872014331210191, "train_accuracy": 0.971875, "f1_macro": 0.6848719481390467, "pre_macro": 0.6899258487217208, "re_macro": 0.686, "best_epoch": 11, "val_loss": 1.2807213197088545, "train_loss": 0.7351452231407165}
{"epoch": 12, "val_accuracy": 0.6880971337579618, "train_accuracy": 0.975, "f1_macro": 0.6855923110011941, "pre_macro": 0.6903175178228794, "re_macro": 0.6869, "best_epoch": 12, "val_loss": 1.2733569304654553, "train_loss": 0.7112385779619217}
{"epoch": 13, "val_accuracy": 0.6889928343949044, "train_accuracy": 0.978125, "f1_macro": 0.6866866493923202, "pre_macro": 0.6915542508639712, "re_macro": 0.6878, "best_epoch": 13, "val_loss": 1.2674106215215792, "train_loss": 0.6929832965135574}
{"epoch": 14, "val_accuracy": 0.6896894904458599, "train_accuracy": 0.9796875, "f1_macro": 0.6874758642077052, "pre_macro": 0.692144125984912, "re_macro": 0.6885, "best_epoch": 14, "val_loss": 1.2625087264237131, "train_loss": 0.6787642925977707}
{"epoch": 15, "val_accuracy": 0.6897890127388535, "train_accuracy": 0.9796875, "f1_macro": 0.6875165595202166, "pre_macro": 0.6921404615313742, "re_macro": 0.6885999999999999, "best_epoch": 15, "val_loss": 1.2587806814035791, "train_loss": 0.66761916577816}
{"epoch": 16, "val_accuracy": 0.6900875796178344, "train_accuracy": 0.9828125, "f1_macro": 0.6878393314355523, "pre_macro": 0.692516329067781, "re_macro": 0.6889000000000001, "best_epoch": 16, "val_loss": 1.2558265415726193, "train_loss": 0.6588064223527909}
{"epoch": 17, "val_accuracy": 0.690187101910828, "train_accuracy": 0.9828125, "f1_macro": 0.6879192896731343, "pre_macro": 0.692524295039876, "re_macro": 0.6890000000000001, "best_epoch": 17, "val_loss": 1.2534347499252125, "train_loss": 0.6517989307641983}
{"epoch": 18, "val_accuracy": 0.6905851910828026, "train_accuracy": 0.984375, "f1_macro": 0.6883466374601565, "pre_macro": 0.6928605502428433, "re_macro": 0.6893999999999999, "best_epoch": 18, "val_loss": 1.251517794694111, "train_loss": 0.6462130635976792}
{"epoch": 19, "val_accuracy": 0.6906847133757962, "train_accuracy": 0.9859375, "f1_macro": 0.6884491562192376, "pre_macro": 0.6929491658117501, "re_macro": 0.6894999999999999, "best_epoch": 19, "val_loss": 1.2499851565452138, "train_loss": 0.6417483985424042}
{"epoch": 20, "val_accuracy": 0.6906847133757962, "train_accuracy": 0.9859375, "f1_macro": 0.6884350148553107, "pre_macro": 0.6929154500772154, "re_macro": 0.6895, "best_epoch": 19, "val_loss": 1.2487546615539842, "train_loss": 0.6381709814071655}
{"epoch": 21, "val_accuracy": 0.691281847133758, "train_accuracy": 0.9859375, "f1_macro": 0.6890580064066143, "pre_macro": 0.69350508419835, "re_macro": 0.6901, "best_epoch": 21, "val_loss": 1.247764520584398, "train_loss": 0.6352993130683899}
{"epoch": 22, "val_accuracy": 0.6911823248407644, "train_accuracy": 0.9859375, "f1_macro": 0.6889792143998712, "pre_macro": 0.6933637667823348, "re_macro": 0.69, "best_epoch": 21, "val_loss": 1.2469676193917634, "train_loss": 0.6329917907714844}
{"epoch": 23, "val_accuracy": 0.6913813694267515, "train_accuracy": 0.9859375, "f1_macro": 0.6891884997034464, "pre_macro": 0.6935620117173784, "re_macro": 0.6902, "best_epoch": 23, "val_loss": 1.2463263933825646, "train_loss": 0.6311360538005829}
{"epoch": 24, "val_accuracy": 0.6915804140127388, "train_accuracy": 0.9875, "f1_macro": 0.6894054902304416, "pre_macro": 0.6937664803691611, "re_macro": 0.6904000000000001, "best_epoch": 24, "val_loss": 1.2458104434286712, "train_loss": 0.6296428173780442}
{"epoch": 25, "val_accuracy": 0.6915804140127388, "train_accuracy": 0.9875, "f1_macro": 0.6893961823602712, "pre_macro": 0.6937288598558782, "re_macro": 0.6904000000000001, "best_epoch": 24, "val_loss": 1.245395218490795, "train_loss": 0.6284407258033753}
{"training time": 24.545496225357056}
