{"epoch": 1, "val_accuracy": 0.6755573248407644, "train_accuracy": 0.455784575736269, "f1_macro": 0.6473075599957617, "pre_macro": 0.6978099678198004, "re_macro": 0.6671320517124336, "best_epoch": 1, "val_loss": 1.0796033181961935, "train_loss": 5.316334643262498}
{"epoch": 2, "val_accuracy": 0.7861265923566879, "train_accuracy": 0.7679521289277584, "f1_macro": 0.7821227425977945, "pre_macro": 0.7988882557481382, "re_macro": 0.7823418403088953, "best_epoch": 2, "val_loss": 0.7378576787034418, "train_loss": 3.776253822002005}
{"epoch": 3, "val_accuracy": 0.8188694267515924, "train_accuracy": 0.8403780409630309, "f1_macro": 0.8159771156551013, "pre_macro": 0.8247141296974553, "re_macro": 0.8154078318743723, "best_epoch": 3, "val_loss": 0.6289841368509705, "train_loss": 3.1439324794931616}
{"epoch": 4, "val_accuracy": 0.8355891719745223, "train_accuracy": 0.8651215814529581, "f1_macro": 0.8329290438999186, "pre_macro": 0.8435631549812621, "re_macro": 0.8321253708577757, "best_epoch": 4, "val_loss": 0.5670894501125736, "train_loss": 2.7802497985515187}
{"epoch": 5, "val_accuracy": 0.8563893312101911, "train_accuracy": 0.8815064595100728, "f1_macro": 0.8540391391012486, "pre_macro": 0.8592479710794938, "re_macro": 0.8542132484374463, "best_epoch": 5, "val_loss": 0.5118075750151257, "train_loss": 2.545458377675807}
{"epoch": 6, "val_accuracy": 0.8623606687898089, "train_accuracy": 0.8928096509994344, "f1_macro": 0.859993603183493, "pre_macro": 0.8641707091456456, "re_macro": 0.8604121884884236, "best_epoch": 6, "val_loss": 0.4880430836491524, "train_loss": 2.3718588758022228}
{"epoch": 7, "val_accuracy": 0.8676353503184714, "train_accuracy": 0.9024506084462429, "f1_macro": 0.8653744199058095, "pre_macro": 0.8692545324504268, "re_macro": 0.8658249689586901, "best_epoch": 7, "val_loss": 0.47229616339229474, "train_loss": 2.2512782025844493}
{"epoch": 8, "val_accuracy": 0.8653463375796179, "train_accuracy": 0.9037803956802856, "f1_macro": 0.8631619868999989, "pre_macro": 0.8681840814169552, "re_macro": 0.8636002713799659, "best_epoch": 7, "val_loss": 0.46763023288006994, "train_loss": 2.1611904920415674}
{"epoch": 9, "val_accuracy": 0.8690286624203821, "train_accuracy": 0.9110942254675195, "f1_macro": 0.8670984207419898, "pre_macro": 0.8713876577988687, "re_macro": 0.8674907429217067, "best_epoch": 9, "val_loss": 0.45594802071714097, "train_loss": 2.0899627741346967}
{"epoch": 10, "val_accuracy": 0.8700238853503185, "train_accuracy": 0.9150835871696472, "f1_macro": 0.8681397809901638, "pre_macro": 0.8723535971904809, "re_macro": 0.8681889553915549, "best_epoch": 10, "val_loss": 0.45014658057765594, "train_loss": 2.03614460914693}
{"epoch": 11, "val_accuracy": 0.8717157643312102, "train_accuracy": 0.9184080552547536, "f1_macro": 0.8698643171231915, "pre_macro": 0.8738719444600411, "re_macro": 0.8699802848781403, "best_epoch": 11, "val_loss": 0.4445927433527199, "train_loss": 1.9927753869523392}
{"epoch": 12, "val_accuracy": 0.8726114649681529, "train_accuracy": 0.925389438233477, "f1_macro": 0.8705639484076448, "pre_macro": 0.8740844079343757, "re_macro": 0.8709170184840277, "best_epoch": 12, "val_loss": 0.43938388371733345, "train_loss": 1.9605539377699508}
{"epoch": 13, "val_accuracy": 0.8755971337579618, "train_accuracy": 0.9260543318504982, "f1_macro": 0.8735081838107271, "pre_macro": 0.875674765743909, "re_macro": 0.8739760530600552, "best_epoch": 13, "val_loss": 0.43227147310972214, "train_loss": 1.9329456826473803}
{"epoch": 14, "val_accuracy": 0.8791799363057324, "train_accuracy": 0.9267192254675195, "f1_macro": 0.8771666794397447, "pre_macro": 0.878534222167926, "re_macro": 0.8777148554678093, "best_epoch": 14, "val_loss": 0.42681950826648696, "train_loss": 1.9091233471606641}
{"epoch": 15, "val_accuracy": 0.8809713375796179, "train_accuracy": 0.9273841190845409, "f1_macro": 0.8790723172537176, "pre_macro": 0.8800082861684546, "re_macro": 0.8795347159813017, "best_epoch": 15, "val_loss": 0.4234880117616456, "train_loss": 1.889011839602856}
{"training time": 19.520394563674927}
