{"epoch": 1, "val_accuracy": 0.8973925159235668, "train_accuracy": 0.84130859375, "f1_macro": 0.8963392682774722, "pre_macro": 0.9005895790304171, "re_macro": 0.896293750010581, "best_epoch": 1, "val_loss": 0.3382943959396546, "train_loss": 2.1868466958403587}
{"epoch": 2, "val_accuracy": 0.9106289808917197, "train_accuracy": 0.9070046164772727, "f1_macro": 0.9089867720782012, "pre_macro": 0.9128020847168555, "re_macro": 0.9093443392779607, "best_epoch": 2, "val_loss": 0.3106977099754438, "train_loss": 0.8755003795112398}
{"epoch": 3, "val_accuracy": 0.9178941082802548, "train_accuracy": 0.9229181463068182, "f1_macro": 0.9165632324321613, "pre_macro": 0.919431740952503, "re_macro": 0.9169329217919666, "best_epoch": 3, "val_loss": 0.27515617642955037, "train_loss": 0.5842251812361858}
{"epoch": 4, "val_accuracy": 0.9263535031847133, "train_accuracy": 0.9321511008522727, "f1_macro": 0.9252784532731082, "pre_macro": 0.9273109023931474, "re_macro": 0.9253247971766945, "best_epoch": 4, "val_loss": 0.24580447391790758, "train_loss": 0.4614542144012045}
{"epoch": 5, "val_accuracy": 0.9355095541401274, "train_accuracy": 0.9413396661931818, "f1_macro": 0.9346668088999885, "pre_macro": 0.936087940279625, "re_macro": 0.9343999003465118, "best_epoch": 5, "val_loss": 0.2192011306619948, "train_loss": 0.39211840730753134}
{"epoch": 6, "val_accuracy": 0.9416799363057324, "train_accuracy": 0.9484197443181818, "f1_macro": 0.9407304122419587, "pre_macro": 0.9416215250612308, "re_macro": 0.9405135966301652, "best_epoch": 6, "val_loss": 0.20226439791523917, "train_loss": 0.34835436157035554}
{"epoch": 7, "val_accuracy": 0.9441679936305732, "train_accuracy": 0.9530362215909091, "f1_macro": 0.943250880314315, "pre_macro": 0.9439261116589377, "re_macro": 0.9431623471173133, "best_epoch": 7, "val_loss": 0.1925474835298718, "train_loss": 0.31833934548988263}
{"epoch": 8, "val_accuracy": 0.9464570063694268, "train_accuracy": 0.9564541903409091, "f1_macro": 0.9456008312352523, "pre_macro": 0.9461442577497486, "re_macro": 0.9455074462667337, "best_epoch": 8, "val_loss": 0.18314667649353575, "train_loss": 0.2966821269894188}
{"epoch": 9, "val_accuracy": 0.9487460191082803, "train_accuracy": 0.9596946022727273, "f1_macro": 0.9478725478229713, "pre_macro": 0.9483878392069499, "re_macro": 0.947811887509683, "best_epoch": 9, "val_loss": 0.17669295212609848, "train_loss": 0.28026036894880235}
{"epoch": 10, "val_accuracy": 0.9490445859872612, "train_accuracy": 0.9621803977272727, "f1_macro": 0.948218645560385, "pre_macro": 0.9487067721188011, "re_macro": 0.9481630551431633, "best_epoch": 10, "val_loss": 0.17252895121824494, "train_loss": 0.26734155058776116}
{"epoch": 11, "val_accuracy": 0.9509355095541401, "train_accuracy": 0.9643110795454546, "f1_macro": 0.9501278463277707, "pre_macro": 0.9505252982103451, "re_macro": 0.9500774327658711, "best_epoch": 11, "val_loss": 0.1687002110140766, "train_loss": 0.25674631154503336}
{"epoch": 12, "val_accuracy": 0.9518312101910829, "train_accuracy": 0.9655317826704546, "f1_macro": 0.9510670698082411, "pre_macro": 0.9514699101210595, "re_macro": 0.9509875687895606, "best_epoch": 12, "val_loss": 0.16467338104014564, "train_loss": 0.24818136799149215}
{"epoch": 13, "val_accuracy": 0.9533240445859873, "train_accuracy": 0.9673073508522727, "f1_macro": 0.9525365170181512, "pre_macro": 0.9529136593605537, "re_macro": 0.952453247604989, "best_epoch": 13, "val_loss": 0.16050583806043123, "train_loss": 0.24100222252309322}
{"epoch": 14, "val_accuracy": 0.9544187898089171, "train_accuracy": 0.9689719460227273, "f1_macro": 0.9536432022473637, "pre_macro": 0.953963091663625, "re_macro": 0.9535606166173908, "best_epoch": 14, "val_loss": 0.15728543897212785, "train_loss": 0.23531725979410112}
{"epoch": 15, "val_accuracy": 0.9549164012738853, "train_accuracy": 0.9702592329545454, "f1_macro": 0.9541730914236963, "pre_macro": 0.9544687117258448, "re_macro": 0.9541026676028552, "best_epoch": 15, "val_loss": 0.15513735111790952, "train_loss": 0.23064950800670142}
{"training time": 102.98123073577881}
