{"epoch": 1, "val_accuracy": 0.38753980891719747, "train_accuracy": 0.24322916865348815, "f1_macro": 0.36496470270028897, "pre_macro": 0.4135510549239753, "re_macro": 0.37905560785818343, "best_epoch": 1, "val_loss": 1.7778407828823017, "train_loss": 6.259059572219849}
{"epoch": 2, "val_accuracy": 0.5455812101910829, "train_accuracy": 0.5458333373069764, "f1_macro": 0.5282067561360698, "pre_macro": 0.5807118677288653, "re_macro": 0.5368959029379855, "best_epoch": 2, "val_loss": 1.4295040771460077, "train_loss": 5.329771995544434}
{"epoch": 3, "val_accuracy": 0.6466958598726115, "train_accuracy": 0.7005208373069763, "f1_macro": 0.62963466291697, "pre_macro": 0.644950101586743, "re_macro": 0.6376891955627033, "best_epoch": 3, "val_loss": 1.2069863191076144, "train_loss": 4.837355470657348}
{"epoch": 4, "val_accuracy": 0.6875995222929936, "train_accuracy": 0.7572916686534882, "f1_macro": 0.6777896982372905, "pre_macro": 0.6809426462776705, "re_macro": 0.6817934135010517, "best_epoch": 4, "val_loss": 1.0851107478901079, "train_loss": 4.503330278396606}
{"epoch": 5, "val_accuracy": 0.7039211783439491, "train_accuracy": 0.85, "f1_macro": 0.6905571748064314, "pre_macro": 0.6982458070385971, "re_macro": 0.6960210724501636, "best_epoch": 5, "val_loss": 1.0198287944884816, "train_loss": 4.271966791152954}
{"epoch": 6, "val_accuracy": 0.7238256369426752, "train_accuracy": 0.8619791686534881, "f1_macro": 0.7153825166084938, "pre_macro": 0.7175618664613947, "re_macro": 0.71790333781703, "best_epoch": 6, "val_loss": 0.9600810991351012, "train_loss": 4.103853559494018}
{"epoch": 7, "val_accuracy": 0.7290007961783439, "train_accuracy": 0.8838541686534882, "f1_macro": 0.7198677851669057, "pre_macro": 0.7235166838498733, "re_macro": 0.7230424393491547, "best_epoch": 7, "val_loss": 0.9317257030374685, "train_loss": 3.980321931838989}
{"epoch": 8, "val_accuracy": 0.7346735668789809, "train_accuracy": 0.9010416686534881, "f1_macro": 0.7254757101416208, "pre_macro": 0.7285087654276906, "re_macro": 0.7286631897414306, "best_epoch": 8, "val_loss": 0.9069995971242334, "train_loss": 3.8868523836135864}
{"epoch": 9, "val_accuracy": 0.7392515923566879, "train_accuracy": 0.9072916686534882, "f1_macro": 0.7312051640291426, "pre_macro": 0.7336576304065707, "re_macro": 0.7336027295585649, "best_epoch": 9, "val_loss": 0.8905431045468446, "train_loss": 3.8159563302993775}
{"epoch": 10, "val_accuracy": 0.742734872611465, "train_accuracy": 0.9119791686534882, "f1_macro": 0.7346276300152992, "pre_macro": 0.7380351899738418, "re_macro": 0.7370971872814722, "best_epoch": 10, "val_loss": 0.879398888653251, "train_loss": 3.762336778640747}
{"epoch": 11, "val_accuracy": 0.7449243630573248, "train_accuracy": 0.9208333373069764, "f1_macro": 0.7369118436952578, "pre_macro": 0.7394667781638795, "re_macro": 0.739260758765288, "best_epoch": 11, "val_loss": 0.8700752594288746, "train_loss": 3.7210001707077027}
{"epoch": 12, "val_accuracy": 0.7466162420382165, "train_accuracy": 0.9286458373069764, "f1_macro": 0.7389168259307827, "pre_macro": 0.741673461888517, "re_macro": 0.7410574058992438, "best_epoch": 12, "val_loss": 0.8636092839726977, "train_loss": 3.6884182691574097}
{"epoch": 13, "val_accuracy": 0.7471138535031847, "train_accuracy": 0.9302083373069763, "f1_macro": 0.7393781266946445, "pre_macro": 0.7422559055944334, "re_macro": 0.7415279831960404, "best_epoch": 13, "val_loss": 0.8583591151389347, "train_loss": 3.6631613254547117}
{"epoch": 14, "val_accuracy": 0.74890525477707, "train_accuracy": 0.9333333373069763, "f1_macro": 0.7413128421532049, "pre_macro": 0.7441818278901665, "re_macro": 0.7433371240057272, "best_epoch": 14, "val_loss": 0.853994192401315, "train_loss": 3.643053674697876}
{"epoch": 15, "val_accuracy": 0.7507961783439491, "train_accuracy": 0.9380208373069763, "f1_macro": 0.7433568877439012, "pre_macro": 0.7462197675173693, "re_macro": 0.74528076279542, "best_epoch": 15, "val_loss": 0.8505812670774521, "train_loss": 3.627074098587036}
{"training time": 15.211385726928711}
