{"epoch": 1, "val_accuracy": 0.8745023885350318, "train_accuracy": 0.7669547872340425, "f1_macro": 0.8714699876633609, "pre_macro": 0.880492152406166, "re_macro": 0.871567449653224, "best_epoch": 1, "val_loss": 0.414153986746908, "train_loss": 3.4043659047877535}
{"epoch": 2, "val_accuracy": 0.8770899681528662, "train_accuracy": 0.8874113476022761, "f1_macro": 0.873073770489586, "pre_macro": 0.8824430174534077, "re_macro": 0.874859180882182, "best_epoch": 2, "val_loss": 0.3958406062073009, "train_loss": 1.8884418066511763}
{"epoch": 3, "val_accuracy": 0.8886345541401274, "train_accuracy": 0.9049867021276595, "f1_macro": 0.8860902227170799, "pre_macro": 0.8952737390308897, "re_macro": 0.8873583404296367, "best_epoch": 3, "val_loss": 0.3688132639760804, "train_loss": 1.443785946927172}
{"epoch": 4, "val_accuracy": 0.8979896496815286, "train_accuracy": 0.9179299646235527, "f1_macro": 0.8965225645495714, "pre_macro": 0.9028146947607452, "re_macro": 0.8974473631424402, "best_epoch": 4, "val_loss": 0.33589558106414075, "train_loss": 1.1925634374009801}
{"epoch": 5, "val_accuracy": 0.9088375796178344, "train_accuracy": 0.9263519505237011, "f1_macro": 0.9082561723448865, "pre_macro": 0.911813605269006, "re_macro": 0.9084478230408045, "best_epoch": 5, "val_loss": 0.30643253497020073, "train_loss": 1.032015730725958}
{"epoch": 6, "val_accuracy": 0.9148089171974523, "train_accuracy": 0.9319148936170213, "f1_macro": 0.9139520087247004, "pre_macro": 0.9167169043698135, "re_macro": 0.9139695635655904, "best_epoch": 6, "val_loss": 0.2951246717007487, "train_loss": 0.9206625119168708}
{"epoch": 7, "val_accuracy": 0.9203821656050956, "train_accuracy": 0.9373005319148936, "f1_macro": 0.9189808099156809, "pre_macro": 0.9203834876347494, "re_macro": 0.9190908474361242, "best_epoch": 7, "val_loss": 0.27806859101601844, "train_loss": 0.8388587568668608}
{"epoch": 8, "val_accuracy": 0.9222730891719745, "train_accuracy": 0.9438164893617021, "f1_macro": 0.9208068981897851, "pre_macro": 0.9218951075817433, "re_macro": 0.9207918760071807, "best_epoch": 8, "val_loss": 0.2698687066436763, "train_loss": 0.777331993934956}
{"epoch": 9, "val_accuracy": 0.9235668789808917, "train_accuracy": 0.9479388297872341, "f1_macro": 0.9220686970232007, "pre_macro": 0.9231708459690046, "re_macro": 0.9220481338729976, "best_epoch": 9, "val_loss": 0.2677401506407246, "train_loss": 0.7314977430282755}
{"epoch": 10, "val_accuracy": 0.9219745222929936, "train_accuracy": 0.9512632978723404, "f1_macro": 0.9205350994348812, "pre_macro": 0.9219428638067338, "re_macro": 0.9204715217228469, "best_epoch": 9, "val_loss": 0.26599811584611605, "train_loss": 0.6957825828105846}
{"epoch": 11, "val_accuracy": 0.9233678343949044, "train_accuracy": 0.9532579787234042, "f1_macro": 0.9219540705072218, "pre_macro": 0.9234238049263002, "re_macro": 0.9218177631270585, "best_epoch": 9, "val_loss": 0.2624409634999599, "train_loss": 0.6679235027191487}
{"epoch": 12, "val_accuracy": 0.924562101910828, "train_accuracy": 0.9551196808510638, "f1_macro": 0.9232000799506072, "pre_macro": 0.9245967773224002, "re_macro": 0.9230085042705461, "best_epoch": 12, "val_loss": 0.2585154843937819, "train_loss": 0.6455295418171172}
{"epoch": 13, "val_accuracy": 0.926453025477707, "train_accuracy": 0.9571808510638298, "f1_macro": 0.9252046906426029, "pre_macro": 0.926676092813589, "re_macro": 0.9249202326482534, "best_epoch": 13, "val_loss": 0.2554782872580609, "train_loss": 0.6276727057517844}
{"epoch": 14, "val_accuracy": 0.9277468152866242, "train_accuracy": 0.9586436170212767, "f1_macro": 0.9265202370706387, "pre_macro": 0.9278107777466694, "re_macro": 0.9262533785402972, "best_epoch": 14, "val_loss": 0.2514809793110486, "train_loss": 0.6132578763555974}
{"epoch": 15, "val_accuracy": 0.9288415605095541, "train_accuracy": 0.9595744680851064, "f1_macro": 0.9276828744664595, "pre_macro": 0.9287257963988361, "re_macro": 0.9274420288572209, "best_epoch": 15, "val_loss": 0.24728663174352447, "train_loss": 0.6016849053666947}
{"training time": 43.54348826408386}
