{"epoch": 100, "loss": 12.180830001831055}
{"epoch": 200, "loss": 10.001900672912598}
{"epoch": 300, "loss": 7.573492050170898}
{"epoch": 400, "loss": 5.393984794616699}
{"epoch": 500, "loss": 3.802727460861206}
{"epoch": 600, "loss": 2.5822865962982178}
{"epoch": 700, "loss": 1.862865686416626}
{"epoch": 800, "loss": 1.3281114101409912}
{"epoch": 900, "loss": 1.0299057960510254}
{"epoch": 1000, "loss": 0.8753437995910645}
{"training_time:": "3.7977s", "final_loss": 0.8753437995910645}
