{"epoch": 1, "val_accuracy": 0.6536624203821656, "train_accuracy": 0.4203125, "f1_macro": 0.6233457655033513, "pre_macro": 0.6873294801159436, "re_macro": 0.6535, "best_epoch": 1, "val_loss": 1.0643065381961263, "train_loss": 1.7464691400527954}
{"epoch": 2, "val_accuracy": 0.7151671974522293, "train_accuracy": 0.7296875, "f1_macro": 0.704334586626744, "pre_macro": 0.7145375757864242, "re_macro": 0.7147000000000001, "best_epoch": 2, "val_loss": 0.834958600390489, "train_loss": 0.890816843509674}
{"epoch": 3, "val_accuracy": 0.7197452229299363, "train_accuracy": 0.7927083373069763, "f1_macro": 0.7085470864197587, "pre_macro": 0.7286494056786373, "re_macro": 0.7190000000000001, "best_epoch": 3, "val_loss": 0.7847615909424557, "train_loss": 0.6943151533603669}
{"epoch": 4, "val_accuracy": 0.751890923566879, "train_accuracy": 0.8567708373069763, "f1_macro": 0.7494284199444703, "pre_macro": 0.7501428339080675, "re_macro": 0.7513, "best_epoch": 4, "val_loss": 0.7120569779235086, "train_loss": 0.567383986711502}
{"epoch": 5, "val_accuracy": 0.754578025477707, "train_accuracy": 0.8895833373069764, "f1_macro": 0.7552658619929966, "pre_macro": 0.7592140655650328, "re_macro": 0.754, "best_epoch": 5, "val_loss": 0.6937546511744238, "train_loss": 0.4853833943605423}
{"epoch": 6, "val_accuracy": 0.7652269108280255, "train_accuracy": 0.909375, "f1_macro": 0.7636681318420735, "pre_macro": 0.7648281244618754, "re_macro": 0.7647, "best_epoch": 6, "val_loss": 0.6723316311836243, "train_loss": 0.43407066762447355}
{"epoch": 7, "val_accuracy": 0.7688097133757962, "train_accuracy": 0.921875, "f1_macro": 0.7685323463406419, "pre_macro": 0.7696861237140411, "re_macro": 0.7683, "best_epoch": 7, "val_loss": 0.6609907994984062, "train_loss": 0.3993295609951019}
{"epoch": 8, "val_accuracy": 0.7703025477707006, "train_accuracy": 0.928125, "f1_macro": 0.7696303946170872, "pre_macro": 0.7708458714559658, "re_macro": 0.7698, "best_epoch": 8, "val_loss": 0.6559495354533955, "train_loss": 0.3740019157528877}
{"epoch": 9, "val_accuracy": 0.7717953821656051, "train_accuracy": 0.940625, "f1_macro": 0.7711881145207249, "pre_macro": 0.7722825394091799, "re_macro": 0.7713, "best_epoch": 9, "val_loss": 0.6516742702502354, "train_loss": 0.35543942600488665}
{"epoch": 10, "val_accuracy": 0.772890127388535, "train_accuracy": 0.9515625, "f1_macro": 0.7722808108128727, "pre_macro": 0.7733677893738349, "re_macro": 0.7724, "best_epoch": 10, "val_loss": 0.6478396008728416, "train_loss": 0.34176574647426605}
{"epoch": 11, "val_accuracy": 0.7737858280254777, "train_accuracy": 0.953125, "f1_macro": 0.7731548658783474, "pre_macro": 0.7742040660623442, "re_macro": 0.7733000000000001, "best_epoch": 11, "val_loss": 0.6453998236899163, "train_loss": 0.33142344653606415}
{"epoch": 12, "val_accuracy": 0.7742834394904459, "train_accuracy": 0.95625, "f1_macro": 0.7737712063934129, "pre_macro": 0.7748935988940076, "re_macro": 0.7738, "best_epoch": 12, "val_loss": 0.6435233327993162, "train_loss": 0.32361985445022584}
{"epoch": 13, "val_accuracy": 0.7741839171974523, "train_accuracy": 0.9578125, "f1_macro": 0.7737321400949688, "pre_macro": 0.7749372855075032, "re_macro": 0.7737, "best_epoch": 12, "val_loss": 0.6419840037443076, "train_loss": 0.317481042444706}
{"epoch": 14, "val_accuracy": 0.7742834394904459, "train_accuracy": 0.9578125, "f1_macro": 0.7738335281485083, "pre_macro": 0.7750643724237702, "re_macro": 0.7737999999999999, "best_epoch": 12, "val_loss": 0.6408105595096661, "train_loss": 0.31263105422258375}
{"epoch": 15, "val_accuracy": 0.7743829617834395, "train_accuracy": 0.959375, "f1_macro": 0.7739781777051096, "pre_macro": 0.7752920601775408, "re_macro": 0.7739, "best_epoch": 15, "val_loss": 0.639916621955337, "train_loss": 0.3087900817394257}
{"epoch": 16, "val_accuracy": 0.7741839171974523, "train_accuracy": 0.959375, "f1_macro": 0.7738202857450456, "pre_macro": 0.7751576803385379, "re_macro": 0.7737, "best_epoch": 15, "val_loss": 0.6392045034344789, "train_loss": 0.3057222440838814}
{"epoch": 17, "val_accuracy": 0.7743829617834395, "train_accuracy": 0.959375, "f1_macro": 0.7740396428603347, "pre_macro": 0.7754073363874001, "re_macro": 0.7739, "best_epoch": 15, "val_loss": 0.6386323863533652, "train_loss": 0.30326085835695266}
{"epoch": 18, "val_accuracy": 0.7741839171974523, "train_accuracy": 0.959375, "f1_macro": 0.773838800756837, "pre_macro": 0.7752147609777051, "re_macro": 0.7737, "best_epoch": 15, "val_loss": 0.6381744140652335, "train_loss": 0.3012815073132515}
{"epoch": 19, "val_accuracy": 0.7742834394904459, "train_accuracy": 0.959375, "f1_macro": 0.7739252892279701, "pre_macro": 0.7752893905136632, "re_macro": 0.7738, "best_epoch": 15, "val_loss": 0.6378070858253795, "train_loss": 0.29968719035387037}
{"epoch": 20, "val_accuracy": 0.7740843949044586, "train_accuracy": 0.959375, "f1_macro": 0.773728554304108, "pre_macro": 0.77509746257421, "re_macro": 0.7736000000000001, "best_epoch": 15, "val_loss": 0.6375115162627712, "train_loss": 0.29840118288993833}
{"epoch": 21, "val_accuracy": 0.7741839171974523, "train_accuracy": 0.959375, "f1_macro": 0.7738372960725417, "pre_macro": 0.775215124326873, "re_macro": 0.7737, "best_epoch": 15, "val_loss": 0.6372733328752457, "train_loss": 0.29736281037330625}
{"epoch": 22, "val_accuracy": 0.7741839171974523, "train_accuracy": 0.959375, "f1_macro": 0.7738372960725417, "pre_macro": 0.775215124326873, "re_macro": 0.7737, "best_epoch": 15, "val_loss": 0.6370813242948739, "train_loss": 0.29652379602193835}
{"epoch": 23, "val_accuracy": 0.773984872611465, "train_accuracy": 0.9609375, "f1_macro": 0.7736289437279449, "pre_macro": 0.7750154652162047, "re_macro": 0.7735000000000001, "best_epoch": 15, "val_loss": 0.6369264702888051, "train_loss": 0.29584556072950363}
{"epoch": 24, "val_accuracy": 0.773984872611465, "train_accuracy": 0.9609375, "f1_macro": 0.7736153078116301, "pre_macro": 0.7749780149439657, "re_macro": 0.7735000000000001, "best_epoch": 15, "val_loss": 0.6368015129475078, "train_loss": 0.2952971369028091}
{"epoch": 25, "val_accuracy": 0.773984872611465, "train_accuracy": 0.9609375, "f1_macro": 0.7736074905144343, "pre_macro": 0.7749644174546224, "re_macro": 0.7735000000000001, "best_epoch": 15, "val_loss": 0.6367006161410338, "train_loss": 0.29485365450382234}
{"training time": 30.41305184364319}
