{"epoch": 1, "val_accuracy": 0.8111066878980892, "train_accuracy": 0.7646941489361702, "f1_macro": 0.8037320933261519, "pre_macro": 0.8236936535665377, "re_macro": 0.8114000000000001, "best_epoch": 1, "val_loss": 0.5385513969097927, "train_loss": 0.7224421516377875}
{"epoch": 2, "val_accuracy": 0.832703025477707, "train_accuracy": 0.842597517815042, "f1_macro": 0.8283736633999803, "pre_macro": 0.8372052641563847, "re_macro": 0.8328, "best_epoch": 2, "val_loss": 0.47964281299311645, "train_loss": 0.5086926124197372}
{"epoch": 3, "val_accuracy": 0.8335987261146497, "train_accuracy": 0.8615469859001484, "f1_macro": 0.8304397162477513, "pre_macro": 0.8363456211603173, "re_macro": 0.8333999999999999, "best_epoch": 3, "val_loss": 0.4691567196018377, "train_loss": 0.45411305693869897}
{"epoch": 4, "val_accuracy": 0.8406648089171974, "train_accuracy": 0.8740248228641266, "f1_macro": 0.8370011658441724, "pre_macro": 0.8439586589100421, "re_macro": 0.8408, "best_epoch": 4, "val_loss": 0.45424381192702395, "train_loss": 0.4243035457869794}
{"epoch": 5, "val_accuracy": 0.8416600318471338, "train_accuracy": 0.884596631374765, "f1_macro": 0.8378071806690631, "pre_macro": 0.8457520977058735, "re_macro": 0.8417999999999999, "best_epoch": 5, "val_loss": 0.4455618544179163, "train_loss": 0.396231062488353}
{"epoch": 6, "val_accuracy": 0.8434514331210191, "train_accuracy": 0.8927748228641267, "f1_macro": 0.8401869832522175, "pre_macro": 0.8477871150450247, "re_macro": 0.8436, "best_epoch": 6, "val_loss": 0.4404081801889808, "train_loss": 0.3737630067353553}
{"epoch": 7, "val_accuracy": 0.8444466560509554, "train_accuracy": 0.8984707446808511, "f1_macro": 0.840471708533418, "pre_macro": 0.8487227629520131, "re_macro": 0.8442999999999999, "best_epoch": 7, "val_loss": 0.44044806898399524, "train_loss": 0.3559632773094989}
{"epoch": 8, "val_accuracy": 0.845640923566879, "train_accuracy": 0.9041001773895101, "f1_macro": 0.842505743752412, "pre_macro": 0.8499551548529108, "re_macro": 0.8455, "best_epoch": 8, "val_loss": 0.4355907546486824, "train_loss": 0.34137146181248607}
{"epoch": 9, "val_accuracy": 0.8454418789808917, "train_accuracy": 0.9082003547790203, "f1_macro": 0.8428222061323958, "pre_macro": 0.8486844534432827, "re_macro": 0.8453000000000002, "best_epoch": 8, "val_loss": 0.42848071560358547, "train_loss": 0.3306869892363853}
{"epoch": 10, "val_accuracy": 0.845640923566879, "train_accuracy": 0.9130540781832756, "f1_macro": 0.8436471890281453, "pre_macro": 0.8486014893923913, "re_macro": 0.8455000000000001, "best_epoch": 8, "val_loss": 0.42703501272733047, "train_loss": 0.3210012620433848}
{"epoch": 11, "val_accuracy": 0.8482285031847133, "train_accuracy": 0.9168439718002969, "f1_macro": 0.8468450977938156, "pre_macro": 0.8498258481824499, "re_macro": 0.8484, "best_epoch": 11, "val_loss": 0.41763382912821073, "train_loss": 0.31328539702486485}
{"epoch": 12, "val_accuracy": 0.8501194267515924, "train_accuracy": 0.91850620584285, "f1_macro": 0.848777853576979, "pre_macro": 0.8509458687999819, "re_macro": 0.8503000000000001, "best_epoch": 12, "val_loss": 0.415081471014934, "train_loss": 0.30663074819331476}
{"epoch": 13, "val_accuracy": 0.8508160828025477, "train_accuracy": 0.9218306739279565, "f1_macro": 0.849589520763349, "pre_macro": 0.8513432265025223, "re_macro": 0.8510000000000002, "best_epoch": 13, "val_loss": 0.41286271810531616, "train_loss": 0.3010336590574143}
{"epoch": 14, "val_accuracy": 0.8528065286624203, "train_accuracy": 0.9224955675449777, "f1_macro": 0.851576857856864, "pre_macro": 0.8525181420165694, "re_macro": 0.8530000000000001, "best_epoch": 14, "val_loss": 0.4078056136513971, "train_loss": 0.296545244024155}
{"epoch": 15, "val_accuracy": 0.8560907643312102, "train_accuracy": 0.9248891845662544, "f1_macro": 0.8549622855287022, "pre_macro": 0.8553751413206768, "re_macro": 0.8563000000000001, "best_epoch": 15, "val_loss": 0.40373926367729335, "train_loss": 0.2922992673326046}
{"epoch": 16, "val_accuracy": 0.8554936305732485, "train_accuracy": 0.9267508866939139, "f1_macro": 0.8543395938936851, "pre_macro": 0.8544402638751617, "re_macro": 0.8557, "best_epoch": 15, "val_loss": 0.40141032228044643, "train_loss": 0.2884091129962434}
{"epoch": 17, "val_accuracy": 0.8552945859872612, "train_accuracy": 0.9282136526513607, "f1_macro": 0.8542698652536054, "pre_macro": 0.8542225061404929, "re_macro": 0.8554999999999999, "best_epoch": 15, "val_loss": 0.399824006352455, "train_loss": 0.28508565774623384}
{"epoch": 18, "val_accuracy": 0.856687898089172, "train_accuracy": 0.9294769505237012, "f1_macro": 0.8556449544934669, "pre_macro": 0.8556323831892836, "re_macro": 0.8568999999999999, "best_epoch": 18, "val_loss": 0.3988531022124989, "train_loss": 0.2821487047570817}
{"epoch": 19, "val_accuracy": 0.8576831210191083, "train_accuracy": 0.9310062058428501, "f1_macro": 0.8567282258406959, "pre_macro": 0.8567092704821473, "re_macro": 0.8578999999999999, "best_epoch": 19, "val_loss": 0.3981333183255165, "train_loss": 0.2795860500411784}
{"epoch": 20, "val_accuracy": 0.8572850318471338, "train_accuracy": 0.932535461161999, "f1_macro": 0.856503128440794, "pre_macro": 0.8564055952113468, "re_macro": 0.8574999999999999, "best_epoch": 19, "val_loss": 0.39747271406802404, "train_loss": 0.2774878016811736}
{"epoch": 21, "val_accuracy": 0.85828025477707, "train_accuracy": 0.9332003547790203, "f1_macro": 0.8576165958204985, "pre_macro": 0.8574550528427414, "re_macro": 0.8584999999999999, "best_epoch": 21, "val_loss": 0.3969237554794664, "train_loss": 0.2757946011233837}
{"epoch": 22, "val_accuracy": 0.8580812101910829, "train_accuracy": 0.9332003547790203, "f1_macro": 0.8575293472090924, "pre_macro": 0.8573345065729434, "re_macro": 0.8582999999999998, "best_epoch": 21, "val_loss": 0.39653144378191346, "train_loss": 0.2744033746896906}
{"epoch": 23, "val_accuracy": 0.8579816878980892, "train_accuracy": 0.9332668441407224, "f1_macro": 0.8575018808070594, "pre_macro": 0.8572910066123429, "re_macro": 0.8582000000000001, "best_epoch": 21, "val_loss": 0.39626317229240565, "train_loss": 0.27324973655507917}
{"epoch": 24, "val_accuracy": 0.8577826433121019, "train_accuracy": 0.9336657803109352, "f1_macro": 0.8573751725910167, "pre_macro": 0.8571705212996962, "re_macro": 0.858, "best_epoch": 21, "val_loss": 0.39607067709895455, "train_loss": 0.27229202770172284}
{"epoch": 25, "val_accuracy": 0.8573845541401274, "train_accuracy": 0.9343306739279564, "f1_macro": 0.8570490218413024, "pre_macro": 0.8568702188849663, "re_macro": 0.8576, "best_epoch": 21, "val_loss": 0.3959248759754144, "train_loss": 0.2714986690815459}
{"training time": 82.7418622970581}
