{"epoch": 1, "val_accuracy": 0.7376592356687898, "train_accuracy": 0.6637063077155579, "f1_macro": 0.7427217577937814, "pre_macro": 0.7806511445758957, "re_macro": 0.7373, "best_epoch": 1, "val_loss": 0.6551896166649593, "train_loss": 0.9954273903623541}
{"epoch": 2, "val_accuracy": 0.7563694267515924, "train_accuracy": 0.8118351076511626, "f1_macro": 0.7621105006939841, "pre_macro": 0.7983138744452054, "re_macro": 0.7561, "best_epoch": 2, "val_loss": 0.6201874556814789, "train_loss": 0.5895434465814144}
{"epoch": 3, "val_accuracy": 0.7772691082802548, "train_accuracy": 0.8479293318504982, "f1_macro": 0.7809673854537216, "pre_macro": 0.8049092550219706, "re_macro": 0.7767999999999999, "best_epoch": 3, "val_loss": 0.5708582143115389, "train_loss": 0.49936884324601355}
{"epoch": 4, "val_accuracy": 0.7984673566878981, "train_accuracy": 0.8745250765313494, "f1_macro": 0.8014472369789422, "pre_macro": 0.8237806914230037, "re_macro": 0.7981, "best_epoch": 4, "val_loss": 0.5344358147329585, "train_loss": 0.4423297313933677}
{"epoch": 5, "val_accuracy": 0.7948845541401274, "train_accuracy": 0.8923822197508304, "f1_macro": 0.7989643395512099, "pre_macro": 0.8292763261421874, "re_macro": 0.7945, "best_epoch": 4, "val_loss": 0.5425975795384426, "train_loss": 0.40141371019343114}
{"epoch": 6, "val_accuracy": 0.8082205414012739, "train_accuracy": 0.9016907303891284, "f1_macro": 0.8121159437711268, "pre_macro": 0.8304020555742555, "re_macro": 0.8079000000000001, "best_epoch": 6, "val_loss": 0.5146825964663438, "train_loss": 0.37443367534495414}
{"epoch": 7, "val_accuracy": 0.8140923566878981, "train_accuracy": 0.9152735573180178, "f1_macro": 0.8171920636432908, "pre_macro": 0.8279175871364528, "re_macro": 0.8138, "best_epoch": 7, "val_loss": 0.5015967828073319, "train_loss": 0.3497969127715902}
{"epoch": 8, "val_accuracy": 0.8166799363057324, "train_accuracy": 0.9235372353107372, "f1_macro": 0.819345351082163, "pre_macro": 0.8284151720506246, "re_macro": 0.8164, "best_epoch": 8, "val_loss": 0.49624623310793736, "train_loss": 0.3306636842007333}
{"epoch": 9, "val_accuracy": 0.8191679936305732, "train_accuracy": 0.9288563842469073, "f1_macro": 0.8210485493949777, "pre_macro": 0.829305402262061, "re_macro": 0.8189, "best_epoch": 9, "val_loss": 0.4987878175867591, "train_loss": 0.320854810958213}
{"epoch": 10, "val_accuracy": 0.8198646496815286, "train_accuracy": 0.9325132991405244, "f1_macro": 0.8212070890970187, "pre_macro": 0.8289259761953531, "re_macro": 0.8196, "best_epoch": 10, "val_loss": 0.49856268666732084, "train_loss": 0.3091546271709686}
{"epoch": 11, "val_accuracy": 0.8229498407643312, "train_accuracy": 0.9348404268000988, "f1_macro": 0.8238052507087396, "pre_macro": 0.8291669925522276, "re_macro": 0.8227, "best_epoch": 11, "val_loss": 0.49219245743599666, "train_loss": 0.29853610694408417}
{"epoch": 12, "val_accuracy": 0.824343152866242, "train_accuracy": 0.9362177062541881, "f1_macro": 0.8248278441695861, "pre_macro": 0.8287507033223056, "re_macro": 0.8240999999999999, "best_epoch": 12, "val_loss": 0.4888651789563477, "train_loss": 0.2920566118778066}
{"epoch": 13, "val_accuracy": 0.8253383757961783, "train_accuracy": 0.9382598793252985, "f1_macro": 0.8260588041297703, "pre_macro": 0.8300472141489612, "re_macro": 0.8251, "best_epoch": 13, "val_loss": 0.48658205654211106, "train_loss": 0.28573678529008906}
{"epoch": 14, "val_accuracy": 0.8266321656050956, "train_accuracy": 0.9425816878359369, "f1_macro": 0.8275935746580018, "pre_macro": 0.8314970039796469, "re_macro": 0.8264000000000001, "best_epoch": 14, "val_loss": 0.48364144563674927, "train_loss": 0.28070453062970585}
{"epoch": 15, "val_accuracy": 0.8259355095541401, "train_accuracy": 0.9460011403611366, "f1_macro": 0.8270423307601792, "pre_macro": 0.8305908613533294, "re_macro": 0.8257, "best_epoch": 14, "val_loss": 0.48138664805205766, "train_loss": 0.2764189937647353}
{"epoch": 16, "val_accuracy": 0.8265326433121019, "train_accuracy": 0.9466660339781579, "f1_macro": 0.8274678351341727, "pre_macro": 0.8303014783916545, "re_macro": 0.8263, "best_epoch": 14, "val_loss": 0.4783831530126037, "train_loss": 0.2727796495594877}
{"epoch": 17, "val_accuracy": 0.8279259554140127, "train_accuracy": 0.9462860949496006, "f1_macro": 0.8285173426455049, "pre_macro": 0.8304505804348601, "re_macro": 0.8277000000000001, "best_epoch": 17, "val_loss": 0.4751099092755348, "train_loss": 0.26979919158397836}
{"epoch": 18, "val_accuracy": 0.8275278662420382, "train_accuracy": 0.9492306240061497, "f1_macro": 0.8277144667172655, "pre_macro": 0.8289339904969802, "re_macro": 0.8272999999999999, "best_epoch": 17, "val_loss": 0.4727296208500103, "train_loss": 0.26704294979572296}
{"epoch": 19, "val_accuracy": 0.8278264331210191, "train_accuracy": 0.9522226452827454, "f1_macro": 0.8277395688557666, "pre_macro": 0.8285421885390687, "re_macro": 0.8276000000000001, "best_epoch": 17, "val_loss": 0.4715175578358826, "train_loss": 0.2645432834929608}
{"epoch": 20, "val_accuracy": 0.8279259554140127, "train_accuracy": 0.9532199857082773, "f1_macro": 0.8277943455919852, "pre_macro": 0.8285076756540878, "re_macro": 0.8276999999999999, "best_epoch": 17, "val_loss": 0.470930070539189, "train_loss": 0.2625191975781258}
{"epoch": 21, "val_accuracy": 0.8283240445859873, "train_accuracy": 0.9535524325167879, "f1_macro": 0.8281687980206112, "pre_macro": 0.8288084141763058, "re_macro": 0.8281000000000001, "best_epoch": 21, "val_loss": 0.4706010982678954, "train_loss": 0.26097011439343715}
{"epoch": 22, "val_accuracy": 0.8284235668789809, "train_accuracy": 0.9542173261338092, "f1_macro": 0.8282720489394821, "pre_macro": 0.8289005941531684, "re_macro": 0.8282, "best_epoch": 22, "val_loss": 0.47039632859883035, "train_loss": 0.2597766718331804}
{"epoch": 23, "val_accuracy": 0.8287221337579618, "train_accuracy": 0.9542173261338092, "f1_macro": 0.8285788611094661, "pre_macro": 0.8291882252518029, "re_macro": 0.8285, "best_epoch": 23, "val_loss": 0.47026124302369016, "train_loss": 0.2588441070724041}
{"epoch": 24, "val_accuracy": 0.8284235668789809, "train_accuracy": 0.9548822197508304, "f1_macro": 0.8282969978186671, "pre_macro": 0.8289231036604974, "re_macro": 0.8282, "best_epoch": 23, "val_loss": 0.4701682436428252, "train_loss": 0.25810874523000515}
{"epoch": 25, "val_accuracy": 0.8283240445859873, "train_accuracy": 0.9552146665593411, "f1_macro": 0.8281971007283451, "pre_macro": 0.8288149564150885, "re_macro": 0.8281000000000001, "best_epoch": 23, "val_loss": 0.47010215547434087, "train_loss": 0.25752522336675765}
{"training time": 34.927830934524536}
