{"epoch": 1, "val_accuracy": 0.8412619426751592, "train_accuracy": 0.8132990056818182, "f1_macro": 0.8375361896461617, "pre_macro": 0.8402029905339756, "re_macro": 0.8411, "best_epoch": 1, "val_loss": 0.4463277977363319, "train_loss": 0.5943321071734483}
{"epoch": 2, "val_accuracy": 0.8421576433121019, "train_accuracy": 0.8546475497159091, "f1_macro": 0.8383907868411221, "pre_macro": 0.8452753926586164, "re_macro": 0.8417, "best_epoch": 2, "val_loss": 0.43258770019005816, "train_loss": 0.47892498811283574}
{"epoch": 3, "val_accuracy": 0.8445461783439491, "train_accuracy": 0.8657004616477273, "f1_macro": 0.8414381253753774, "pre_macro": 0.8512559155581918, "re_macro": 0.8440999999999999, "best_epoch": 3, "val_loss": 0.4288496081806292, "train_loss": 0.4492907236033881}
{"epoch": 4, "val_accuracy": 0.848328025477707, "train_accuracy": 0.8719149502840909, "f1_macro": 0.8472265268644431, "pre_macro": 0.8518552402172886, "re_macro": 0.8479000000000001, "best_epoch": 4, "val_loss": 0.41270688147681533, "train_loss": 0.42825235293077474}
{"epoch": 5, "val_accuracy": 0.8451433121019108, "train_accuracy": 0.8803267045454546, "f1_macro": 0.8434371335037213, "pre_macro": 0.8484617930176791, "re_macro": 0.8446999999999999, "best_epoch": 4, "val_loss": 0.4148114081590798, "train_loss": 0.4042157322507013}
{"epoch": 6, "val_accuracy": 0.8469347133757962, "train_accuracy": 0.8875399502840909, "f1_macro": 0.8442373057904746, "pre_macro": 0.8520568911165591, "re_macro": 0.8465, "best_epoch": 4, "val_loss": 0.4150494239322699, "train_loss": 0.3860998327251185}
{"epoch": 7, "val_accuracy": 0.8488256369426752, "train_accuracy": 0.8931995738636364, "f1_macro": 0.8469661102439959, "pre_macro": 0.852519389730135, "re_macro": 0.8484, "best_epoch": 7, "val_loss": 0.40487599534213925, "train_loss": 0.36853509392081335}
{"epoch": 8, "val_accuracy": 0.8518113057324841, "train_accuracy": 0.89794921875, "f1_macro": 0.8507831444869197, "pre_macro": 0.855062097599555, "re_macro": 0.8513999999999999, "best_epoch": 8, "val_loss": 0.39046586508963516, "train_loss": 0.35383190415714955}
{"epoch": 9, "val_accuracy": 0.8597730891719745, "train_accuracy": 0.9031871448863636, "f1_macro": 0.859213711102251, "pre_macro": 0.8632495084404062, "re_macro": 0.8591000000000001, "best_epoch": 9, "val_loss": 0.3768446609662597, "train_loss": 0.34045274754647503}
{"epoch": 10, "val_accuracy": 0.8638535031847133, "train_accuracy": 0.9073153409090909, "f1_macro": 0.8630531933776174, "pre_macro": 0.8667029730077594, "re_macro": 0.8632, "best_epoch": 10, "val_loss": 0.3674959780494119, "train_loss": 0.3291780478321016}
{"epoch": 11, "val_accuracy": 0.868531050955414, "train_accuracy": 0.9106667258522727, "f1_macro": 0.8672771977474282, "pre_macro": 0.8698105947678823, "re_macro": 0.8679, "best_epoch": 11, "val_loss": 0.35763225443423935, "train_loss": 0.3193001828410409}
{"epoch": 12, "val_accuracy": 0.8705214968152867, "train_accuracy": 0.9136851917613636, "f1_macro": 0.869719592888018, "pre_macro": 0.8715874329724806, "re_macro": 0.8705, "best_epoch": 12, "val_loss": 0.3520734219983884, "train_loss": 0.31095311063638126}
{"epoch": 13, "val_accuracy": 0.8721138535031847, "train_accuracy": 0.9174582741477273, "f1_macro": 0.8713210481363338, "pre_macro": 0.8725383561497833, "re_macro": 0.8721000000000002, "best_epoch": 13, "val_loss": 0.34798817981959906, "train_loss": 0.3036455939396877}
{"epoch": 14, "val_accuracy": 0.8733081210191083, "train_accuracy": 0.920166015625, "f1_macro": 0.8727161685525866, "pre_macro": 0.8736336229831384, "re_macro": 0.8733000000000001, "best_epoch": 14, "val_loss": 0.3462412701860355, "train_loss": 0.2975605245764283}
{"epoch": 15, "val_accuracy": 0.8741042993630573, "train_accuracy": 0.9230735085227273, "f1_macro": 0.8735872692602016, "pre_macro": 0.8744968565550408, "re_macro": 0.8741, "best_epoch": 15, "val_loss": 0.3448170764241249, "train_loss": 0.29222111288585106}
{"epoch": 16, "val_accuracy": 0.8749004777070064, "train_accuracy": 0.9244495738636364, "f1_macro": 0.8740505411568117, "pre_macro": 0.8750275426723182, "re_macro": 0.8746, "best_epoch": 16, "val_loss": 0.3436711928836859, "train_loss": 0.2878138200295242}
{"epoch": 17, "val_accuracy": 0.8755971337579618, "train_accuracy": 0.9264026988636364, "f1_macro": 0.8745596046022461, "pre_macro": 0.8754541919842829, "re_macro": 0.8752999999999999, "best_epoch": 17, "val_loss": 0.34272738968490796, "train_loss": 0.2841536342378028}
{"epoch": 18, "val_accuracy": 0.8757961783439491, "train_accuracy": 0.9277787642045454, "f1_macro": 0.8746861036637679, "pre_macro": 0.8755617778281811, "re_macro": 0.8755, "best_epoch": 18, "val_loss": 0.3418167238212695, "train_loss": 0.2811966354281388}
{"epoch": 19, "val_accuracy": 0.8762937898089171, "train_accuracy": 0.9287997159090909, "f1_macro": 0.8752168217424214, "pre_macro": 0.8759150724101481, "re_macro": 0.876, "best_epoch": 19, "val_loss": 0.34102146033268826, "train_loss": 0.27887442139697005}
{"epoch": 20, "val_accuracy": 0.8762937898089171, "train_accuracy": 0.9292879971590909, "f1_macro": 0.8752921954704792, "pre_macro": 0.8757543517838705, "re_macro": 0.876, "best_epoch": 19, "val_loss": 0.3402487641307199, "train_loss": 0.27702756778506393}
{"epoch": 21, "val_accuracy": 0.8759952229299363, "train_accuracy": 0.9297984730113636, "f1_macro": 0.8750223267446131, "pre_macro": 0.8753835537714567, "re_macro": 0.8756999999999999, "best_epoch": 19, "val_loss": 0.3395262209662966, "train_loss": 0.2756042719014328}
{"epoch": 22, "val_accuracy": 0.8764928343949044, "train_accuracy": 0.9297984730113636, "f1_macro": 0.8755444451249182, "pre_macro": 0.8757513944215299, "re_macro": 0.8762000000000001, "best_epoch": 22, "val_loss": 0.33884163030013914, "train_loss": 0.274410208475522}
{"epoch": 23, "val_accuracy": 0.8754976114649682, "train_accuracy": 0.9304421164772727, "f1_macro": 0.8745892494953207, "pre_macro": 0.8747452284626546, "re_macro": 0.8752000000000001, "best_epoch": 22, "val_loss": 0.33832585175705565, "train_loss": 0.2733930225526406}
{"epoch": 24, "val_accuracy": 0.8753980891719745, "train_accuracy": 0.9306640625, "f1_macro": 0.8744918139487119, "pre_macro": 0.8746308010696874, "re_macro": 0.8751000000000001, "best_epoch": 22, "val_loss": 0.3379993998700646, "train_loss": 0.2725703290727159}
{"epoch": 25, "val_accuracy": 0.875, "train_accuracy": 0.9307084517045454, "f1_macro": 0.8741256478410773, "pre_macro": 0.8742400213384179, "re_macro": 0.8747, "best_epoch": 22, "val_loss": 0.3377598580091622, "train_loss": 0.27188078056893905}
{"training time": 204.1759512424469}
