{"epoch": 1, "val_accuracy": 0.8201632165605095, "train_accuracy": 0.8199293710021321, "f1_macro": 0.8162542930745135, "pre_macro": 0.8304589882441784, "re_macro": 0.8202, "best_epoch": 1, "val_loss": 0.4974103216912336, "train_loss": 0.5729826825386934}
{"epoch": 2, "val_accuracy": 0.8440485668789809, "train_accuracy": 0.8531116737739872, "f1_macro": 0.8409852952652915, "pre_macro": 0.8462075191913627, "re_macro": 0.8439, "best_epoch": 2, "val_loss": 0.4396813018306805, "train_loss": 0.4823648556272612}
{"epoch": 3, "val_accuracy": 0.8445461783439491, "train_accuracy": 0.865255197228145, "f1_macro": 0.8426851380327746, "pre_macro": 0.8503231712022983, "re_macro": 0.8441000000000001, "best_epoch": 3, "val_loss": 0.42917908680666783, "train_loss": 0.45218126472633785}
{"epoch": 4, "val_accuracy": 0.8522093949044586, "train_accuracy": 0.8734674840085288, "f1_macro": 0.8503447014201843, "pre_macro": 0.8571226939863399, "re_macro": 0.8518000000000001, "best_epoch": 4, "val_loss": 0.4093894526647155, "train_loss": 0.4272275403904508}
{"epoch": 5, "val_accuracy": 0.8601711783439491, "train_accuracy": 0.8798640724946695, "f1_macro": 0.8586203029641363, "pre_macro": 0.8610341960032842, "re_macro": 0.8597999999999999, "best_epoch": 5, "val_loss": 0.3889302865714784, "train_loss": 0.4038122273933913}
{"epoch": 6, "val_accuracy": 0.8640525477707006, "train_accuracy": 0.8853278251599147, "f1_macro": 0.86278871801197, "pre_macro": 0.8640096090978446, "re_macro": 0.8637, "best_epoch": 6, "val_loss": 0.3802499446519621, "train_loss": 0.3858071208031955}
{"epoch": 7, "val_accuracy": 0.8646496815286624, "train_accuracy": 0.8926072761194029, "f1_macro": 0.862404411850975, "pre_macro": 0.8641561302897773, "re_macro": 0.8643000000000001, "best_epoch": 7, "val_loss": 0.3812397442236068, "train_loss": 0.3681924409513026}
{"epoch": 8, "val_accuracy": 0.8672372611464968, "train_accuracy": 0.8976878997867804, "f1_macro": 0.8649202262019916, "pre_macro": 0.8666233554645041, "re_macro": 0.8669, "best_epoch": 8, "val_loss": 0.3754959652188477, "train_loss": 0.35373510325005825}
{"epoch": 9, "val_accuracy": 0.8687300955414012, "train_accuracy": 0.90230210554371, "f1_macro": 0.8662322523812694, "pre_macro": 0.8680898539190404, "re_macro": 0.8684, "best_epoch": 9, "val_loss": 0.3686882116992003, "train_loss": 0.340577714701197}
{"epoch": 10, "val_accuracy": 0.8748009554140127, "train_accuracy": 0.906200026652452, "f1_macro": 0.8716809974837973, "pre_macro": 0.8741542783848237, "re_macro": 0.8744999999999999, "best_epoch": 10, "val_loss": 0.35534712311568534, "train_loss": 0.3283615892788749}
{"epoch": 11, "val_accuracy": 0.8741042993630573, "train_accuracy": 0.9105810234541578, "f1_macro": 0.8703327340283156, "pre_macro": 0.8746505791204038, "re_macro": 0.8737999999999999, "best_epoch": 10, "val_loss": 0.35204317971209814, "train_loss": 0.31818237497227025}
{"epoch": 12, "val_accuracy": 0.8767914012738853, "train_accuracy": 0.9138126332622601, "f1_macro": 0.8729800353901227, "pre_macro": 0.8779398603396862, "re_macro": 0.8764999999999998, "best_epoch": 12, "val_loss": 0.349331330958825, "train_loss": 0.30983532556910504}
{"epoch": 13, "val_accuracy": 0.8783837579617835, "train_accuracy": 0.9168776652452025, "f1_macro": 0.8750638836117334, "pre_macro": 0.8786692627713759, "re_macro": 0.8781000000000001, "best_epoch": 13, "val_loss": 0.3447650370609229, "train_loss": 0.3026327694466373}
{"epoch": 14, "val_accuracy": 0.8786823248407644, "train_accuracy": 0.919909381663113, "f1_macro": 0.8761870613017513, "pre_macro": 0.8776291237171426, "re_macro": 0.8783999999999998, "best_epoch": 14, "val_loss": 0.3398210987638516, "train_loss": 0.2965193414039958}
{"epoch": 15, "val_accuracy": 0.879578025477707, "train_accuracy": 0.9220082622601279, "f1_macro": 0.8776531387248335, "pre_macro": 0.8783655438453188, "re_macro": 0.8793, "best_epoch": 15, "val_loss": 0.3371723844746875, "train_loss": 0.2910619595729466}
{"epoch": 16, "val_accuracy": 0.8796775477707006, "train_accuracy": 0.9246235341151386, "f1_macro": 0.8782261497459796, "pre_macro": 0.8785149830194111, "re_macro": 0.8793999999999998, "best_epoch": 16, "val_loss": 0.3361359138018007, "train_loss": 0.28650424521424367}
{"epoch": 17, "val_accuracy": 0.8800756369426752, "train_accuracy": 0.9261560501066098, "f1_macro": 0.8785338101016851, "pre_macro": 0.8787265247168928, "re_macro": 0.8795, "best_epoch": 17, "val_loss": 0.33528697452727396, "train_loss": 0.28276877294280633}
{"epoch": 18, "val_accuracy": 0.8808718152866242, "train_accuracy": 0.9270555703624733, "f1_macro": 0.8794432882870723, "pre_macro": 0.8795798197261891, "re_macro": 0.8803000000000001, "best_epoch": 18, "val_loss": 0.33433436365074415, "train_loss": 0.27981262941604484}
{"epoch": 19, "val_accuracy": 0.8812699044585988, "train_accuracy": 0.9277052238805971, "f1_macro": 0.8799093550981173, "pre_macro": 0.8799484797516337, "re_macro": 0.8807, "best_epoch": 19, "val_loss": 0.33339956568874374, "train_loss": 0.27728730983444366}
{"epoch": 20, "val_accuracy": 0.8818670382165605, "train_accuracy": 0.9282549307036247, "f1_macro": 0.8806322208255217, "pre_macro": 0.8806240141667228, "re_macro": 0.8813000000000001, "best_epoch": 20, "val_loss": 0.3325120820930809, "train_loss": 0.2752448887840263}
{"epoch": 21, "val_accuracy": 0.8815684713375797, "train_accuracy": 0.9288546108742004, "f1_macro": 0.8803477325329828, "pre_macro": 0.8802766055229325, "re_macro": 0.881, "best_epoch": 20, "val_loss": 0.3317025488918754, "train_loss": 0.27357505921171166}
{"epoch": 22, "val_accuracy": 0.8821656050955414, "train_accuracy": 0.9290545042643923, "f1_macro": 0.8809824665222026, "pre_macro": 0.8809393288457548, "re_macro": 0.8816, "best_epoch": 22, "val_loss": 0.33099042676436674, "train_loss": 0.27221616062083476}
{"epoch": 23, "val_accuracy": 0.8819665605095541, "train_accuracy": 0.9293376865671642, "f1_macro": 0.8807489905274783, "pre_macro": 0.88070364510494, "re_macro": 0.8814, "best_epoch": 22, "val_loss": 0.3303786559374469, "train_loss": 0.271108926327498}
{"epoch": 24, "val_accuracy": 0.8817675159235668, "train_accuracy": 0.9298207622601279, "f1_macro": 0.8805198844618278, "pre_macro": 0.880495092425105, "re_macro": 0.8812, "best_epoch": 22, "val_loss": 0.3298718246874536, "train_loss": 0.27020463188574007}
{"epoch": 25, "val_accuracy": 0.8823646496815286, "train_accuracy": 0.9303204957356077, "f1_macro": 0.8810682935758546, "pre_macro": 0.8810462069761302, "re_macro": 0.8817999999999999, "best_epoch": 25, "val_loss": 0.32945689416615065, "train_loss": 0.2694636728050612}
{"training time": 255.8861277103424}
