{"epoch": 1, "val_accuracy": 0.7021297770700637, "train_accuracy": 0.6598594226735703, "f1_macro": 0.705079978842953, "pre_macro": 0.7463163528070955, "re_macro": 0.7019, "best_epoch": 1, "val_loss": 0.7900370274000107, "train_loss": 7.791021712282871}
{"epoch": 2, "val_accuracy": 0.7464171974522293, "train_accuracy": 0.8131174013969746, "f1_macro": 0.754411316100612, "pre_macro": 0.7911880017268936, "re_macro": 0.7458, "best_epoch": 2, "val_loss": 0.665162893047758, "train_loss": 7.031418465553446}
{"epoch": 3, "val_accuracy": 0.7731886942675159, "train_accuracy": 0.8651690736730048, "f1_macro": 0.7793739998271416, "pre_macro": 0.801730576308701, "re_macro": 0.773, "best_epoch": 3, "val_loss": 0.6048003541436165, "train_loss": 6.69040836171901}
{"epoch": 4, "val_accuracy": 0.7965764331210191, "train_accuracy": 0.8879179345800522, "f1_macro": 0.7971287339623251, "pre_macro": 0.8147378514713693, "re_macro": 0.7962, "best_epoch": 4, "val_loss": 0.5675235990506069, "train_loss": 6.468214166925309}
{"epoch": 5, "val_accuracy": 0.8026472929936306, "train_accuracy": 0.9133263686870007, "f1_macro": 0.8061083350906089, "pre_macro": 0.8182448014244714, "re_macro": 0.8023, "best_epoch": 5, "val_loss": 0.5542738893229491, "train_loss": 6.288155129615297}
{"epoch": 6, "val_accuracy": 0.8057324840764332, "train_accuracy": 0.9360277361058175, "f1_macro": 0.8094269240655748, "pre_macro": 0.8194797570121224, "re_macro": 0.8054, "best_epoch": 6, "val_loss": 0.5398577744034445, "train_loss": 6.147057350645674}
{"epoch": 7, "val_accuracy": 0.8076234076433121, "train_accuracy": 0.9462860949496006, "f1_macro": 0.8116667056409067, "pre_macro": 0.8215764741817704, "re_macro": 0.8073, "best_epoch": 7, "val_loss": 0.5376346564976273, "train_loss": 6.0386648076645875}
{"epoch": 8, "val_accuracy": 0.8105095541401274, "train_accuracy": 0.9553571432194812, "f1_macro": 0.813167192477642, "pre_macro": 0.8210758381467278, "re_macro": 0.8102, "best_epoch": 8, "val_loss": 0.5349069997003884, "train_loss": 5.9579913058179494}
{"epoch": 9, "val_accuracy": 0.8137937898089171, "train_accuracy": 0.9606762921556513, "f1_macro": 0.8144684949605325, "pre_macro": 0.8196466454372506, "re_macro": 0.8135, "best_epoch": 9, "val_loss": 0.5322219140970024, "train_loss": 5.896392984593168}
{"epoch": 10, "val_accuracy": 0.8167794585987261, "train_accuracy": 0.9663753813885628, "f1_macro": 0.8166944833346041, "pre_macro": 0.8198656656532698, "re_macro": 0.8164999999999999, "best_epoch": 10, "val_loss": 0.5258531281902532, "train_loss": 5.844715179281032}
{"epoch": 11, "val_accuracy": 0.8160828025477707, "train_accuracy": 0.9723594239417542, "f1_macro": 0.8164146371412502, "pre_macro": 0.8202550862273966, "re_macro": 0.8158000000000001, "best_epoch": 10, "val_loss": 0.5269416304910259, "train_loss": 5.803043994497745}
{"epoch": 12, "val_accuracy": 0.8180732484076433, "train_accuracy": 0.9750664893617021, "f1_macro": 0.8186986309510094, "pre_macro": 0.8226745305391869, "re_macro": 0.8178000000000001, "best_epoch": 12, "val_loss": 0.5251543464933991, "train_loss": 5.771631788700185}
{"epoch": 13, "val_accuracy": 0.8184713375796179, "train_accuracy": 0.9757313829787234, "f1_macro": 0.819511200657695, "pre_macro": 0.8232031913248161, "re_macro": 0.8182, "best_epoch": 13, "val_loss": 0.5214276094535354, "train_loss": 5.745945889899072}
{"epoch": 14, "val_accuracy": 0.8191679936305732, "train_accuracy": 0.9777260638297872, "f1_macro": 0.8200478055686968, "pre_macro": 0.8227150970003528, "re_macro": 0.8189, "best_epoch": 14, "val_loss": 0.5171599473543228, "train_loss": 5.724709662985294}
{"epoch": 15, "val_accuracy": 0.8206608280254777, "train_accuracy": 0.9803856382978723, "f1_macro": 0.821204118781813, "pre_macro": 0.8229418138692479, "re_macro": 0.8204, "best_epoch": 15, "val_loss": 0.5137696560401066, "train_loss": 5.7073024485973605}
{"epoch": 16, "val_accuracy": 0.8210589171974523, "train_accuracy": 0.9827127659574468, "f1_macro": 0.8213474635314035, "pre_macro": 0.8225858280211105, "re_macro": 0.8208, "best_epoch": 16, "val_loss": 0.5115942421612466, "train_loss": 5.693337724563923}
{"epoch": 17, "val_accuracy": 0.8201632165605095, "train_accuracy": 0.9830452127659575, "f1_macro": 0.8202006069153489, "pre_macro": 0.8211478675697412, "re_macro": 0.8199, "best_epoch": 16, "val_loss": 0.5106084920038843, "train_loss": 5.68196041026014}
{"epoch": 18, "val_accuracy": 0.8203622611464968, "train_accuracy": 0.9833776595744681, "f1_macro": 0.8202990668368997, "pre_macro": 0.8211473860270718, "re_macro": 0.8201, "best_epoch": 16, "val_loss": 0.5102784384967415, "train_loss": 5.67274102758854}
{"epoch": 19, "val_accuracy": 0.820859872611465, "train_accuracy": 0.9837101063829787, "f1_macro": 0.8207793426307127, "pre_macro": 0.8215916599249431, "re_macro": 0.8206, "best_epoch": 16, "val_loss": 0.5101761740104408, "train_loss": 5.665384759294226}
{"epoch": 20, "val_accuracy": 0.8207603503184714, "train_accuracy": 0.984375, "f1_macro": 0.8207141725977971, "pre_macro": 0.8215484597261552, "re_macro": 0.8205, "best_epoch": 16, "val_loss": 0.5101455320977861, "train_loss": 5.659547602876704}
{"epoch": 21, "val_accuracy": 0.8207603503184714, "train_accuracy": 0.9853723404255319, "f1_macro": 0.8206968301829756, "pre_macro": 0.8215267289073545, "re_macro": 0.8205, "best_epoch": 16, "val_loss": 0.5101442004844641, "train_loss": 5.654899272512882}
{"epoch": 22, "val_accuracy": 0.8209593949044586, "train_accuracy": 0.9860372340425532, "f1_macro": 0.8209167706031641, "pre_macro": 0.8217659649710788, "re_macro": 0.8207000000000001, "best_epoch": 16, "val_loss": 0.5101563621098828, "train_loss": 5.651184163195022}
{"epoch": 23, "val_accuracy": 0.820859872611465, "train_accuracy": 0.9867021276595744, "f1_macro": 0.8208566466761248, "pre_macro": 0.8217348070260861, "re_macro": 0.8206, "best_epoch": 16, "val_loss": 0.5101738296876288, "train_loss": 5.6482085065638765}
{"epoch": 24, "val_accuracy": 0.8209593949044586, "train_accuracy": 0.9870345744680851, "f1_macro": 0.8210020494678746, "pre_macro": 0.8219133156138803, "re_macro": 0.8207000000000001, "best_epoch": 16, "val_loss": 0.5101925041645196, "train_loss": 5.645820566948424}
{"epoch": 25, "val_accuracy": 0.820859872611465, "train_accuracy": 0.9873670212765957, "f1_macro": 0.8208900366576648, "pre_macro": 0.8217967333441116, "re_macro": 0.8206, "best_epoch": 16, "val_loss": 0.5102104288377579, "train_loss": 5.643902697461717}
{"training time": 33.92973279953003}
