{"epoch": 1, "val_accuracy": 0.8347929936305732, "train_accuracy": 0.799007196162047, "f1_macro": 0.8317661032987476, "pre_macro": 0.8362761494399213, "re_macro": 0.8348999999999999, "best_epoch": 1, "val_loss": 0.4652138299243465, "train_loss": 6.190429102891544}
{"epoch": 2, "val_accuracy": 0.8472332802547771, "train_accuracy": 0.8586198472773342, "f1_macro": 0.8464479457813858, "pre_macro": 0.849232079699771, "re_macro": 0.8471, "best_epoch": 2, "val_loss": 0.42588510853090106, "train_loss": 4.445771567094555}
{"epoch": 3, "val_accuracy": 0.8522093949044586, "train_accuracy": 0.8726123845907671, "f1_macro": 0.8519336291908406, "pre_macro": 0.85556198662363, "re_macro": 0.8520999999999999, "best_epoch": 3, "val_loss": 0.4097068337308373, "train_loss": 3.6226247363507365}
{"epoch": 4, "val_accuracy": 0.8544984076433121, "train_accuracy": 0.8815298507462687, "f1_macro": 0.8541952330501031, "pre_macro": 0.8585066554622601, "re_macro": 0.8541000000000001, "best_epoch": 4, "val_loss": 0.40328497586736256, "train_loss": 3.1374649625343047}
{"epoch": 5, "val_accuracy": 0.8511146496815286, "train_accuracy": 0.8908693142282937, "f1_macro": 0.8519496853822499, "pre_macro": 0.8636144899406009, "re_macro": 0.8507, "best_epoch": 4, "val_loss": 0.4090118245903853, "train_loss": 2.8201465316927}
{"epoch": 6, "val_accuracy": 0.8470342356687898, "train_accuracy": 0.8972881130063965, "f1_macro": 0.8492823887977596, "pre_macro": 0.8660295267695328, "re_macro": 0.8466000000000001, "best_epoch": 4, "val_loss": 0.41235097379061825, "train_loss": 2.5974406586018706}
{"epoch": 7, "val_accuracy": 0.8545979299363057, "train_accuracy": 0.9026186034115139, "f1_macro": 0.8561492385211713, "pre_macro": 0.8656624245457415, "re_macro": 0.8545, "best_epoch": 7, "val_loss": 0.3913620251948666, "train_loss": 2.4338823452687213}
{"epoch": 8, "val_accuracy": 0.8625597133757962, "train_accuracy": 0.9070273632688055, "f1_macro": 0.8628283541332656, "pre_macro": 0.8671321638807757, "re_macro": 0.8622, "best_epoch": 8, "val_loss": 0.3769697685530231, "train_loss": 2.310175036570665}
{"epoch": 9, "val_accuracy": 0.8640525477707006, "train_accuracy": 0.9102256575118758, "f1_macro": 0.8642095231586964, "pre_macro": 0.8684952516503468, "re_macro": 0.8634000000000001, "best_epoch": 9, "val_loss": 0.3720666672203951, "train_loss": 2.214239065581039}
{"epoch": 10, "val_accuracy": 0.8662420382165605, "train_accuracy": 0.9142901564457777, "f1_macro": 0.8666694521866207, "pre_macro": 0.8712906015354053, "re_macro": 0.8655999999999999, "best_epoch": 10, "val_loss": 0.36969251413444043, "train_loss": 2.1387045225863264}
{"epoch": 11, "val_accuracy": 0.8690286624203821, "train_accuracy": 0.9167221926931125, "f1_macro": 0.8693166722365617, "pre_macro": 0.8728382596119731, "re_macro": 0.8684, "best_epoch": 11, "val_loss": 0.3639856440246485, "train_loss": 2.078922527939526}
{"epoch": 12, "val_accuracy": 0.8721138535031847, "train_accuracy": 0.9194207534607031, "f1_macro": 0.8718274911779554, "pre_macro": 0.8735458003446288, "re_macro": 0.8714999999999999, "best_epoch": 12, "val_loss": 0.3578736325547953, "train_loss": 2.0310890748302564}
{"epoch": 13, "val_accuracy": 0.8743033439490446, "train_accuracy": 0.9230521500491893, "f1_macro": 0.8734883380432045, "pre_macro": 0.874305661832391, "re_macro": 0.8737, "best_epoch": 13, "val_loss": 0.35298885594887336, "train_loss": 1.9927065659687717}
{"epoch": 14, "val_accuracy": 0.8764928343949044, "train_accuracy": 0.9251843462112361, "f1_macro": 0.8754018854568771, "pre_macro": 0.8758802388321199, "re_macro": 0.8759, "best_epoch": 14, "val_loss": 0.350061726703006, "train_loss": 1.9618035641306244}
{"epoch": 15, "val_accuracy": 0.877687101910828, "train_accuracy": 0.9271166489830912, "f1_macro": 0.8765449570788265, "pre_macro": 0.8768533925683775, "re_macro": 0.8770999999999999, "best_epoch": 15, "val_loss": 0.3486671475278344, "train_loss": 1.9370007952139068}
{"epoch": 16, "val_accuracy": 0.8773885350318471, "train_accuracy": 0.9286935856855755, "f1_macro": 0.8762102638472472, "pre_macro": 0.8764891886327669, "re_macro": 0.8768, "best_epoch": 15, "val_loss": 0.34792493829491794, "train_loss": 1.9171212187199704}
{"epoch": 17, "val_accuracy": 0.8769904458598726, "train_accuracy": 0.929704157782516, "f1_macro": 0.8757922197635093, "pre_macro": 0.8761321329444982, "re_macro": 0.8764, "best_epoch": 15, "val_loss": 0.34735172697503097, "train_loss": 1.9011815290715395}
{"epoch": 18, "val_accuracy": 0.8770899681528662, "train_accuracy": 0.9309368336886994, "f1_macro": 0.8759571650553486, "pre_macro": 0.8762411168041322, "re_macro": 0.8764999999999998, "best_epoch": 15, "val_loss": 0.34680241868374456, "train_loss": 1.8883979290024813}
{"epoch": 19, "val_accuracy": 0.876890923566879, "train_accuracy": 0.9320362473347548, "f1_macro": 0.8758203420432894, "pre_macro": 0.8760729992845192, "re_macro": 0.8763, "best_epoch": 15, "val_loss": 0.34630991366638497, "train_loss": 1.8781578202745808}
{"epoch": 20, "val_accuracy": 0.8771894904458599, "train_accuracy": 0.9327691897654584, "f1_macro": 0.8761735409307654, "pre_macro": 0.8764128122300059, "re_macro": 0.8766, "best_epoch": 15, "val_loss": 0.34582221811744057, "train_loss": 1.8699623071816938}
{"epoch": 21, "val_accuracy": 0.8773885350318471, "train_accuracy": 0.9333022388059702, "f1_macro": 0.876437231606378, "pre_macro": 0.8766017041522236, "re_macro": 0.8768, "best_epoch": 15, "val_loss": 0.34526484578278416, "train_loss": 1.8634071957582095}
{"epoch": 22, "val_accuracy": 0.8778861464968153, "train_accuracy": 0.9339352345415778, "f1_macro": 0.8768761431550642, "pre_macro": 0.8769394501834953, "re_macro": 0.8773, "best_epoch": 22, "val_loss": 0.3446706894571614, "train_loss": 1.8581612676953965}
{"epoch": 23, "val_accuracy": 0.8793789808917197, "train_accuracy": 0.9340907072207567, "f1_macro": 0.8783163600317685, "pre_macro": 0.87834087025833, "re_macro": 0.8787999999999998, "best_epoch": 23, "val_loss": 0.34413165917062455, "train_loss": 1.853956043338979}
{"epoch": 24, "val_accuracy": 0.8791799363057324, "train_accuracy": 0.9344904940011405, "f1_macro": 0.8780314200826582, "pre_macro": 0.8780332274699985, "re_macro": 0.8785999999999999, "best_epoch": 23, "val_loss": 0.34371462715848994, "train_loss": 1.8505797645430575}
{"epoch": 25, "val_accuracy": 0.8794785031847133, "train_accuracy": 0.9346903873913324, "f1_macro": 0.8782776650973219, "pre_macro": 0.8782815211211605, "re_macro": 0.8789, "best_epoch": 25, "val_loss": 0.3434344941073922, "train_loss": 1.8478617879119255}
{"training time": 146.22546792030334}
