{"epoch": 1, "val_accuracy": 0.6097730891719745, "train_accuracy": 0.3901041686534882, "f1_macro": 0.6114529674209861, "pre_macro": 0.6464172833891427, "re_macro": 0.6094000000000002, "best_epoch": 1, "val_loss": 1.2542996372386908, "train_loss": 8.65903902053833}
{"epoch": 2, "val_accuracy": 0.6918789808917197, "train_accuracy": 0.7296875, "f1_macro": 0.686036874234566, "pre_macro": 0.6850316512376685, "re_macro": 0.6916, "best_epoch": 2, "val_loss": 0.9444438044432621, "train_loss": 7.7494292736053465}
{"epoch": 3, "val_accuracy": 0.6999402866242038, "train_accuracy": 0.8182291686534882, "f1_macro": 0.7011386252473832, "pre_macro": 0.7134239123846192, "re_macro": 0.6997, "best_epoch": 3, "val_loss": 0.8533130994268284, "train_loss": 7.408157205581665}
{"epoch": 4, "val_accuracy": 0.7293988853503185, "train_accuracy": 0.8723958373069763, "f1_macro": 0.725677834381476, "pre_macro": 0.7257231142224102, "re_macro": 0.7289999999999999, "best_epoch": 4, "val_loss": 0.8023325470602436, "train_loss": 7.220677185058594}
{"epoch": 5, "val_accuracy": 0.7351711783439491, "train_accuracy": 0.925, "f1_macro": 0.7345198416097821, "pre_macro": 0.7367207054177466, "re_macro": 0.7345, "best_epoch": 5, "val_loss": 0.7769334551635062, "train_loss": 7.074975204467774}
{"epoch": 6, "val_accuracy": 0.7415406050955414, "train_accuracy": 0.953125, "f1_macro": 0.7398194769858369, "pre_macro": 0.740560413887899, "re_macro": 0.7409, "best_epoch": 6, "val_loss": 0.7614048932008682, "train_loss": 6.973341178894043}
{"epoch": 7, "val_accuracy": 0.7441281847133758, "train_accuracy": 0.96875, "f1_macro": 0.743022760147426, "pre_macro": 0.7442115528951263, "re_macro": 0.7435, "best_epoch": 7, "val_loss": 0.7518868398894171, "train_loss": 6.906785774230957}
{"epoch": 8, "val_accuracy": 0.7446257961783439, "train_accuracy": 0.975, "f1_macro": 0.7434692429451082, "pre_macro": 0.7444958281007995, "re_macro": 0.744, "best_epoch": 8, "val_loss": 0.7462527450102909, "train_loss": 6.859591054916382}
{"epoch": 9, "val_accuracy": 0.7456210191082803, "train_accuracy": 0.9796875, "f1_macro": 0.7445209710163443, "pre_macro": 0.7456500802529006, "re_macro": 0.745, "best_epoch": 9, "val_loss": 0.7414493853119528, "train_loss": 6.825739002227783}
{"epoch": 10, "val_accuracy": 0.7465167197452229, "train_accuracy": 0.98125, "f1_macro": 0.7453406765358841, "pre_macro": 0.7463595918030297, "re_macro": 0.7459, "best_epoch": 10, "val_loss": 0.7383252372787257, "train_loss": 6.800579023361206}
{"epoch": 11, "val_accuracy": 0.7467157643312102, "train_accuracy": 0.98125, "f1_macro": 0.7456725342710433, "pre_macro": 0.7468017868291914, "re_macro": 0.7461, "best_epoch": 11, "val_loss": 0.7358592594884763, "train_loss": 6.78168568611145}
{"epoch": 12, "val_accuracy": 0.7471138535031847, "train_accuracy": 0.984375, "f1_macro": 0.7460396285406935, "pre_macro": 0.7471012893588397, "re_macro": 0.7465, "best_epoch": 12, "val_loss": 0.7338641925602202, "train_loss": 6.767149209976196}
{"epoch": 13, "val_accuracy": 0.747312898089172, "train_accuracy": 0.9859375, "f1_macro": 0.7462334652627858, "pre_macro": 0.7472994233824412, "re_macro": 0.7467, "best_epoch": 13, "val_loss": 0.7325282506882005, "train_loss": 6.755838060379029}
{"epoch": 14, "val_accuracy": 0.7475119426751592, "train_accuracy": 0.9859375, "f1_macro": 0.7464695052668248, "pre_macro": 0.7475692926766337, "re_macro": 0.7469000000000001, "best_epoch": 14, "val_loss": 0.7314933870628382, "train_loss": 6.746947574615478}
{"epoch": 15, "val_accuracy": 0.7476114649681529, "train_accuracy": 0.9859375, "f1_macro": 0.7465921747978616, "pre_macro": 0.7477064237452189, "re_macro": 0.7470000000000001, "best_epoch": 15, "val_loss": 0.7306202562751284, "train_loss": 6.739904356002808}
{"epoch": 16, "val_accuracy": 0.7475119426751592, "train_accuracy": 0.9859375, "f1_macro": 0.7464865082707212, "pre_macro": 0.7476099330229498, "re_macro": 0.7469000000000001, "best_epoch": 15, "val_loss": 0.7299253488801847, "train_loss": 6.734294366836548}
{"epoch": 17, "val_accuracy": 0.7472133757961783, "train_accuracy": 0.9875, "f1_macro": 0.7461353645719928, "pre_macro": 0.74719189486793, "re_macro": 0.7466, "best_epoch": 15, "val_loss": 0.7293841500950468, "train_loss": 6.729814863204956}
{"epoch": 18, "val_accuracy": 0.7476114649681529, "train_accuracy": 0.9875, "f1_macro": 0.7464823243264461, "pre_macro": 0.7474714038706041, "re_macro": 0.747, "best_epoch": 15, "val_loss": 0.7289546310521995, "train_loss": 6.72623085975647}
{"epoch": 19, "val_accuracy": 0.7477109872611465, "train_accuracy": 0.9875, "f1_macro": 0.7465712068830294, "pre_macro": 0.7475506857137566, "re_macro": 0.7470999999999999, "best_epoch": 19, "val_loss": 0.728608008213104, "train_loss": 6.723357009887695}
{"epoch": 20, "val_accuracy": 0.7477109872611465, "train_accuracy": 0.990625, "f1_macro": 0.7465961007638106, "pre_macro": 0.7475894027502615, "re_macro": 0.7471, "best_epoch": 19, "val_loss": 0.7283272849526375, "train_loss": 6.7210493087768555}
{"epoch": 21, "val_accuracy": 0.7478105095541401, "train_accuracy": 0.990625, "f1_macro": 0.7466968602809405, "pre_macro": 0.7476977589583338, "re_macro": 0.7472, "best_epoch": 21, "val_loss": 0.7281003254614059, "train_loss": 6.719194412231445}
{"epoch": 22, "val_accuracy": 0.748109076433121, "train_accuracy": 0.990625, "f1_macro": 0.7469801077397278, "pre_macro": 0.7479706754979076, "re_macro": 0.7475, "best_epoch": 22, "val_loss": 0.7279171260299196, "train_loss": 6.71770224571228}
{"epoch": 23, "val_accuracy": 0.748109076433121, "train_accuracy": 0.990625, "f1_macro": 0.7469801077397278, "pre_macro": 0.7479706754979076, "re_macro": 0.7475, "best_epoch": 22, "val_loss": 0.7277691829356419, "train_loss": 6.716501665115357}
{"epoch": 24, "val_accuracy": 0.748109076433121, "train_accuracy": 0.990625, "f1_macro": 0.7469970933723711, "pre_macro": 0.7479915811403315, "re_macro": 0.7475, "best_epoch": 22, "val_loss": 0.7276496634741497, "train_loss": 6.715535306930542}
{"epoch": 25, "val_accuracy": 0.7482085987261147, "train_accuracy": 0.990625, "f1_macro": 0.7470990603186236, "pre_macro": 0.7480987305234013, "re_macro": 0.7476, "best_epoch": 25, "val_loss": 0.7275530843977716, "train_loss": 6.714757204055786}
{"training time": 27.049365520477295}
