{"epoch": 100, "loss": 1.1275101900100708}
{"epoch": 200, "loss": 0.6383972764015198}
{"epoch": 300, "loss": 0.5846055746078491}
{"epoch": 400, "loss": 0.5514901876449585}
{"epoch": 500, "loss": 0.523621678352356}
{"epoch": 600, "loss": 0.49714362621307373}
{"epoch": 700, "loss": 0.47129207849502563}
{"epoch": 800, "loss": 0.4469905495643616}
{"epoch": 900, "loss": 0.4229312241077423}
{"epoch": 1000, "loss": 0.39682537317276}
{"training_time:": "4.3578s", "final_loss": 0.39682537317276}
