{"epoch": 1, "val_accuracy": 0.9060509554140127, "train_accuracy": 0.8766824360341151, "f1_macro": 0.9045714151341944, "pre_macro": 0.9095129134068509, "re_macro": 0.9045106590879115, "best_epoch": 1, "val_loss": 0.3415814857858761, "train_loss": 5.18591945842385}
{"epoch": 2, "val_accuracy": 0.9138136942675159, "train_accuracy": 0.9325859541577826, "f1_macro": 0.911777429859514, "pre_macro": 0.9149077668072783, "re_macro": 0.9129353966487745, "best_epoch": 2, "val_loss": 0.297024033489121, "train_loss": 3.2140970870630063}
{"epoch": 3, "val_accuracy": 0.9313296178343949, "train_accuracy": 0.9440131929637526, "f1_macro": 0.9297909638445236, "pre_macro": 0.9312902494282957, "re_macro": 0.9302329622399654, "best_epoch": 3, "val_loss": 0.24071855452148969, "train_loss": 2.4855365631168587}
{"epoch": 4, "val_accuracy": 0.9350119426751592, "train_accuracy": 0.9543243603411514, "f1_macro": 0.9333590775582875, "pre_macro": 0.9350560304725951, "re_macro": 0.9342353274199657, "best_epoch": 4, "val_loss": 0.20953286907807656, "train_loss": 2.061051587433195}
{"epoch": 5, "val_accuracy": 0.9444665605095541, "train_accuracy": 0.9598880597014925, "f1_macro": 0.9432028969043648, "pre_macro": 0.9440002858171491, "re_macro": 0.9437894806083781, "best_epoch": 5, "val_loss": 0.1883943415822307, "train_loss": 1.7880298328806343}
{"epoch": 6, "val_accuracy": 0.9452627388535032, "train_accuracy": 0.9663179637526652, "f1_macro": 0.9440443732508275, "pre_macro": 0.9449791111476114, "re_macro": 0.9445651499928795, "best_epoch": 6, "val_loss": 0.18602602036112242, "train_loss": 1.5906082058766249}
{"epoch": 7, "val_accuracy": 0.9492436305732485, "train_accuracy": 0.970765591684435, "f1_macro": 0.9483193365661634, "pre_macro": 0.94922833769441, "re_macro": 0.9485757779054046, "best_epoch": 7, "val_loss": 0.16854205726984012, "train_loss": 1.4473688659637467}
{"epoch": 8, "val_accuracy": 0.955015923566879, "train_accuracy": 0.9745802238805971, "f1_macro": 0.9543558652554266, "pre_macro": 0.9551685556611362, "re_macro": 0.9542664086494238, "best_epoch": 8, "val_loss": 0.15230603129632628, "train_loss": 1.3389915210097583}
{"epoch": 9, "val_accuracy": 0.9609872611464968, "train_accuracy": 0.9776119402985075, "f1_macro": 0.9603942231588054, "pre_macro": 0.9607884681061438, "re_macro": 0.9602166235378238, "best_epoch": 9, "val_loss": 0.13294829695432145, "train_loss": 1.2570002926692272}
{"epoch": 10, "val_accuracy": 0.9634753184713376, "train_accuracy": 0.9798607409381663, "f1_macro": 0.9628513809752735, "pre_macro": 0.9629514490134712, "re_macro": 0.9628807925620357, "best_epoch": 10, "val_loss": 0.12287140835616382, "train_loss": 1.192220176206723}
{"epoch": 11, "val_accuracy": 0.9650676751592356, "train_accuracy": 0.982376066098081, "f1_macro": 0.964468888396714, "pre_macro": 0.9644981053763617, "re_macro": 0.9645866030387442, "best_epoch": 11, "val_loss": 0.11948768380335324, "train_loss": 1.1408939916950298}
{"epoch": 12, "val_accuracy": 0.9657643312101911, "train_accuracy": 0.9840918176972282, "f1_macro": 0.9651854681996795, "pre_macro": 0.9651759759787086, "re_macro": 0.965366282178748, "best_epoch": 12, "val_loss": 0.11587424572278407, "train_loss": 1.1012038828721686}
{"epoch": 13, "val_accuracy": 0.9670581210191083, "train_accuracy": 0.9857076226012793, "f1_macro": 0.9664626997999017, "pre_macro": 0.9664368008032278, "re_macro": 0.9666332773886565, "best_epoch": 13, "val_loss": 0.11228500004964555, "train_loss": 1.0699838135542392}
{"epoch": 14, "val_accuracy": 0.9680533439490446, "train_accuracy": 0.9864738805970149, "f1_macro": 0.9674919756452504, "pre_macro": 0.9674874466643943, "re_macro": 0.9676547637622219, "best_epoch": 14, "val_loss": 0.10994757492403695, "train_loss": 1.0450660189204632}
{"epoch": 15, "val_accuracy": 0.9689490445859873, "train_accuracy": 0.9876399253731343, "f1_macro": 0.9684260994506022, "pre_macro": 0.9684572337838342, "re_macro": 0.9685359997144867, "best_epoch": 15, "val_loss": 0.10831905074364204, "train_loss": 1.0251628194790658}
{"training time": 144.90822792053223}
