{"epoch": 1, "val_accuracy": 0.9102308917197452, "train_accuracy": 0.8683860085227273, "f1_macro": 0.9088329990237793, "pre_macro": 0.9114990181740618, "re_macro": 0.9097698906613086, "best_epoch": 1, "val_loss": 0.3214390972142766, "train_loss": 5.579750296744433}
{"epoch": 2, "val_accuracy": 0.9263535031847133, "train_accuracy": 0.9311301491477273, "f1_macro": 0.9249285529102753, "pre_macro": 0.9270886548974213, "re_macro": 0.9256241387157305, "best_epoch": 2, "val_loss": 0.2565875938102888, "train_loss": 3.683593526482582}
{"epoch": 3, "val_accuracy": 0.9145103503184714, "train_accuracy": 0.9471546519886364, "f1_macro": 0.9133186579235886, "pre_macro": 0.9193405146971212, "re_macro": 0.9134644160245733, "best_epoch": 2, "val_loss": 0.3027167419908912, "train_loss": 2.929143022407185}
{"epoch": 4, "val_accuracy": 0.9150079617834395, "train_accuracy": 0.9546120383522727, "f1_macro": 0.9137168932565916, "pre_macro": 0.918607129172657, "re_macro": 0.9139803711390124, "best_epoch": 2, "val_loss": 0.2899176202192428, "train_loss": 2.4987805485725403}
{"epoch": 5, "val_accuracy": 0.9087380573248408, "train_accuracy": 0.9612038352272727, "f1_macro": 0.9077184599181789, "pre_macro": 0.9156961607673793, "re_macro": 0.9074227882918546, "best_epoch": 2, "val_loss": 0.2952137221433934, "train_loss": 2.2058040398088368}
{"epoch": 6, "val_accuracy": 0.9303343949044586, "train_accuracy": 0.9671963778409091, "f1_macro": 0.9289184508355335, "pre_macro": 0.9310668910122495, "re_macro": 0.9288805517015712, "best_epoch": 6, "val_loss": 0.2342279290744833, "train_loss": 1.9985252085395835}
{"epoch": 7, "val_accuracy": 0.9480493630573248, "train_accuracy": 0.9724564985795454, "f1_macro": 0.9470940406266994, "pre_macro": 0.9477132234249561, "re_macro": 0.9470702164014775, "best_epoch": 7, "val_loss": 0.1764820026957495, "train_loss": 1.8383296309885653}
{"epoch": 8, "val_accuracy": 0.9517316878980892, "train_accuracy": 0.9784712357954546, "f1_macro": 0.950772290513125, "pre_macro": 0.9510824547491105, "re_macro": 0.9509338301542682, "best_epoch": 8, "val_loss": 0.16365105569789742, "train_loss": 1.7108834890479392}
{"epoch": 9, "val_accuracy": 0.9522292993630573, "train_accuracy": 0.9822221235795454, "f1_macro": 0.9512386220729596, "pre_macro": 0.9516525015500189, "re_macro": 0.9515327238914807, "best_epoch": 9, "val_loss": 0.16196769335645306, "train_loss": 1.6124717830256983}
{"epoch": 10, "val_accuracy": 0.9557125796178344, "train_accuracy": 0.9848188920454546, "f1_macro": 0.9548751212816595, "pre_macro": 0.9550824832671765, "re_macro": 0.9549672468076219, "best_epoch": 10, "val_loss": 0.15133953055924482, "train_loss": 1.5358942234042017}
{"epoch": 11, "val_accuracy": 0.9576035031847133, "train_accuracy": 0.9867720170454546, "f1_macro": 0.9568677771306057, "pre_macro": 0.9570511312848646, "re_macro": 0.9568679699072321, "best_epoch": 11, "val_loss": 0.14314796592577533, "train_loss": 1.4759091176092625}
{"epoch": 12, "val_accuracy": 0.9600915605095541, "train_accuracy": 0.9878595525568182, "f1_macro": 0.959380915397521, "pre_macro": 0.959559922800266, "re_macro": 0.9593487771743001, "best_epoch": 12, "val_loss": 0.1367463935314897, "train_loss": 1.4286499260501428}
{"epoch": 13, "val_accuracy": 0.9616839171974523, "train_accuracy": 0.9889692826704546, "f1_macro": 0.9610265494188356, "pre_macro": 0.9611781777057391, "re_macro": 0.9609702501541918, "best_epoch": 13, "val_loss": 0.13033019967828016, "train_loss": 1.3908297834409908}
{"epoch": 14, "val_accuracy": 0.9637738853503185, "train_accuracy": 0.9899458451704546, "f1_macro": 0.9631750146242297, "pre_macro": 0.963375782519385, "re_macro": 0.9630701472066268, "best_epoch": 14, "val_loss": 0.1261139394312053, "train_loss": 1.3601652551442385}
{"epoch": 15, "val_accuracy": 0.964171974522293, "train_accuracy": 0.9909002130681818, "f1_macro": 0.9635412273773003, "pre_macro": 0.9637225629487396, "re_macro": 0.9634546594315154, "best_epoch": 15, "val_loss": 0.12387072199593731, "train_loss": 1.33536411059851}
{"training time": 112.4157350063324}
