{"epoch": 1, "val_accuracy": 0.7625398089171974, "train_accuracy": 0.5365691502043541, "f1_macro": 0.753041414009086, "pre_macro": 0.7713617205892527, "re_macro": 0.7574514904078404, "best_epoch": 1, "val_loss": 1.435990253071876, "train_loss": 8.29279976702751}
{"epoch": 2, "val_accuracy": 0.8169785031847133, "train_accuracy": 0.8378609431550857, "f1_macro": 0.8142043329062878, "pre_macro": 0.8269126509867188, "re_macro": 0.813474893984526, "best_epoch": 2, "val_loss": 1.026998662265243, "train_loss": 7.27208619422101}
{"epoch": 3, "val_accuracy": 0.8496218152866242, "train_accuracy": 0.9004559275951791, "f1_macro": 0.8481938744838414, "pre_macro": 0.8573674867993372, "re_macro": 0.8474845751573618, "best_epoch": 3, "val_loss": 0.7712622953068679, "train_loss": 6.705227537358061}
{"epoch": 4, "val_accuracy": 0.863953025477707, "train_accuracy": 0.9376899701483706, "f1_macro": 0.8625830244561451, "pre_macro": 0.8685767637295697, "re_macro": 0.8614301052038986, "best_epoch": 4, "val_loss": 0.6365953661074304, "train_loss": 6.339772143262498}
{"epoch": 5, "val_accuracy": 0.8748009554140127, "train_accuracy": 0.9563069914249663, "f1_macro": 0.8729457362811536, "pre_macro": 0.8770294997531989, "re_macro": 0.8721872092975754, "best_epoch": 5, "val_loss": 0.5671366982778926, "train_loss": 6.085451623226734}
{"epoch": 6, "val_accuracy": 0.8746019108280255, "train_accuracy": 0.975921353127094, "f1_macro": 0.872711137998689, "pre_macro": 0.8767701406993993, "re_macro": 0.8724015013119928, "best_epoch": 5, "val_loss": 0.5366489828392199, "train_loss": 5.911069443885316}
{"epoch": 7, "val_accuracy": 0.8818670382165605, "train_accuracy": 0.9810030409630309, "f1_macro": 0.8799850582996454, "pre_macro": 0.8815176806937963, "re_macro": 0.8801552670391605, "best_epoch": 7, "val_loss": 0.4872229411533684, "train_loss": 5.789602685481944}
{"epoch": 8, "val_accuracy": 0.8809713375796179, "train_accuracy": 0.9856572962821798, "f1_macro": 0.8790502709688107, "pre_macro": 0.8815559932603996, "re_macro": 0.8789658414285351, "best_epoch": 7, "val_loss": 0.472046389796172, "train_loss": 5.696400906177277}
{"epoch": 9, "val_accuracy": 0.8830613057324841, "train_accuracy": 0.9896466579843075, "f1_macro": 0.8812645383324442, "pre_macro": 0.8838177541088384, "re_macro": 0.8810949972049962, "best_epoch": 9, "val_loss": 0.4584673731854767, "train_loss": 5.628452443061991}
{"epoch": 10, "val_accuracy": 0.8866441082802548, "train_accuracy": 0.9930186170212766, "f1_macro": 0.885179878627816, "pre_macro": 0.8870063851922112, "re_macro": 0.8850560757984965, "best_epoch": 10, "val_loss": 0.44344154655174084, "train_loss": 5.5748260985029505}
{"epoch": 11, "val_accuracy": 0.8878383757961783, "train_accuracy": 0.9940159574468085, "f1_macro": 0.8863361548596014, "pre_macro": 0.8878266931013419, "re_macro": 0.8862751076829773, "best_epoch": 11, "val_loss": 0.4333607703921901, "train_loss": 5.531900892866418}
{"epoch": 12, "val_accuracy": 0.8865445859872612, "train_accuracy": 0.9956781914893617, "f1_macro": 0.8850398592200028, "pre_macro": 0.8866962775124803, "re_macro": 0.8849959524226676, "best_epoch": 11, "val_loss": 0.4300243537042551, "train_loss": 5.498605565821871}
{"epoch": 13, "val_accuracy": 0.8852507961783439, "train_accuracy": 0.996343085106383, "f1_macro": 0.8837062072494943, "pre_macro": 0.8856897624490203, "re_macro": 0.8836576052226388, "best_epoch": 11, "val_loss": 0.4278556615778595, "train_loss": 5.473741916899986}
{"epoch": 14, "val_accuracy": 0.884952229299363, "train_accuracy": 0.9976728723404256, "f1_macro": 0.8830805485838932, "pre_macro": 0.8852775518506913, "re_macro": 0.8830339162546782, "best_epoch": 11, "val_loss": 0.4259412110706044, "train_loss": 5.45475309453112}
{"epoch": 15, "val_accuracy": 0.8859474522292994, "train_accuracy": 0.9976728723404256, "f1_macro": 0.8841199772091286, "pre_macro": 0.886418994119677, "re_macro": 0.8840785228657113, "best_epoch": 11, "val_loss": 0.42367383429578914, "train_loss": 5.439710332992229}
{"training time": 20.4499773979187}
