{"epoch": 1, "val_accuracy": 0.37420382165605093, "train_accuracy": 0.19479166865348815, "f1_macro": 0.31178042779668014, "pre_macro": 0.3562350671576323, "re_macro": 0.36292011017120024, "best_epoch": 1, "val_loss": 2.1016084828953834, "train_loss": 8.846451568603516}
{"epoch": 2, "val_accuracy": 0.49462579617834396, "train_accuracy": 0.5609375, "f1_macro": 0.43410470850905664, "pre_macro": 0.5257909992962662, "re_macro": 0.483944039404416, "best_epoch": 2, "val_loss": 1.954842218927517, "train_loss": 8.456646633148193}
{"epoch": 3, "val_accuracy": 0.5652866242038217, "train_accuracy": 0.6536458373069763, "f1_macro": 0.48597758073795105, "pre_macro": 0.6240120070125664, "re_macro": 0.5549787690795456, "best_epoch": 3, "val_loss": 1.811289475222302, "train_loss": 8.227714824676514}
{"epoch": 4, "val_accuracy": 0.6192277070063694, "train_accuracy": 0.7276041686534882, "f1_macro": 0.5902169121843761, "pre_macro": 0.6505472500730096, "re_macro": 0.6093617231419269, "best_epoch": 4, "val_loss": 1.7696275126402545, "train_loss": 8.049282217025757}
{"epoch": 5, "val_accuracy": 0.665406050955414, "train_accuracy": 0.7739583373069763, "f1_macro": 0.6226273613166946, "pre_macro": 0.7047471071015323, "re_macro": 0.6555741584837307, "best_epoch": 5, "val_loss": 1.6213823754316683, "train_loss": 7.921648359298706}
{"epoch": 6, "val_accuracy": 0.6735668789808917, "train_accuracy": 0.846875, "f1_macro": 0.6336156945373117, "pre_macro": 0.7120987611875773, "re_macro": 0.6648800622090927, "best_epoch": 6, "val_loss": 1.5490577380368664, "train_loss": 7.7129185676574705}
{"epoch": 7, "val_accuracy": 0.7098925159235668, "train_accuracy": 0.8744791686534882, "f1_macro": 0.6733807869558799, "pre_macro": 0.7457916682398056, "re_macro": 0.7002403929857154, "best_epoch": 7, "val_loss": 1.4777576710767806, "train_loss": 7.5675068378448485}
{"epoch": 8, "val_accuracy": 0.7174562101910829, "train_accuracy": 0.9130208373069764, "f1_macro": 0.6865825093910755, "pre_macro": 0.7422672777239332, "re_macro": 0.7088658397397811, "best_epoch": 8, "val_loss": 1.437128767086442, "train_loss": 7.434001016616821}
{"epoch": 9, "val_accuracy": 0.7237261146496815, "train_accuracy": 0.9328125, "f1_macro": 0.6966660192315913, "pre_macro": 0.7473272020854305, "re_macro": 0.715252591784938, "best_epoch": 9, "val_loss": 1.4041495505411914, "train_loss": 7.357019662857056}
{"epoch": 10, "val_accuracy": 0.7303941082802548, "train_accuracy": 0.946875, "f1_macro": 0.7046375737633163, "pre_macro": 0.7564584823539168, "re_macro": 0.7223288055878869, "best_epoch": 10, "val_loss": 1.3824953827888342, "train_loss": 7.28573956489563}
{"epoch": 11, "val_accuracy": 0.7352707006369427, "train_accuracy": 0.9484375, "f1_macro": 0.7114659081367437, "pre_macro": 0.7546756948805019, "re_macro": 0.727332216211064, "best_epoch": 11, "val_loss": 1.3621773841274771, "train_loss": 7.2371094703674315}
{"epoch": 12, "val_accuracy": 0.7391520700636943, "train_accuracy": 0.953125, "f1_macro": 0.7165597556418221, "pre_macro": 0.7578017514480269, "re_macro": 0.7313855383759407, "best_epoch": 12, "val_loss": 1.3516771725028942, "train_loss": 7.200303411483764}
{"epoch": 13, "val_accuracy": 0.742734872611465, "train_accuracy": 0.95625, "f1_macro": 0.7208766295303657, "pre_macro": 0.7615119269849762, "re_macro": 0.7350714598205557, "best_epoch": 13, "val_loss": 1.341082023966844, "train_loss": 7.17193078994751}
{"epoch": 14, "val_accuracy": 0.7450238853503185, "train_accuracy": 0.9578125, "f1_macro": 0.724090305871808, "pre_macro": 0.7627443561930574, "re_macro": 0.7375349586352627, "best_epoch": 14, "val_loss": 1.3329441372755986, "train_loss": 7.149895191192627}
{"epoch": 15, "val_accuracy": 0.7466162420382165, "train_accuracy": 0.959375, "f1_macro": 0.7263396981566941, "pre_macro": 0.763720542627569, "re_macro": 0.7392072707493877, "best_epoch": 15, "val_loss": 1.3271660235277407, "train_loss": 7.132595872879028}
{"training time": 17.011701345443726}
