{"epoch": 100, "loss": 13.773086547851562}
{"epoch": 200, "loss": 12.184633255004883}
{"epoch": 300, "loss": 10.110611915588379}
{"epoch": 400, "loss": 8.016706466674805}
{"epoch": 500, "loss": 5.853638648986816}
{"epoch": 600, "loss": 4.661792755126953}
{"epoch": 700, "loss": 3.826524019241333}
{"epoch": 800, "loss": 3.252520799636841}
{"epoch": 900, "loss": 2.761043071746826}
{"epoch": 1000, "loss": 2.4154129028320312}
{"training_time:": "3.1143s", "final_loss": 2.4154129028320312}
