{"epoch": 1, "val_accuracy": 0.8210589171974523, "train_accuracy": 0.8021351207386364, "f1_macro": 0.8192697643772167, "pre_macro": 0.8268190828735065, "re_macro": 0.8205, "best_epoch": 1, "val_loss": 0.4987577442910261, "train_loss": 0.8906917156312953}
{"epoch": 2, "val_accuracy": 0.8299164012738853, "train_accuracy": 0.8560680042613636, "f1_macro": 0.8290021505317597, "pre_macro": 0.8345112634058683, "re_macro": 0.8297000000000001, "best_epoch": 2, "val_loss": 0.4646575348392414, "train_loss": 0.6515670433555815}
{"epoch": 3, "val_accuracy": 0.8332006369426752, "train_accuracy": 0.8686745383522727, "f1_macro": 0.8325513435805595, "pre_macro": 0.8390094206437277, "re_macro": 0.833, "best_epoch": 3, "val_loss": 0.45858930592324326, "train_loss": 0.5723981386135247}
{"epoch": 4, "val_accuracy": 0.8366839171974523, "train_accuracy": 0.87744140625, "f1_macro": 0.8358750435018022, "pre_macro": 0.8410523621245327, "re_macro": 0.8365, "best_epoch": 4, "val_loss": 0.4478396344336735, "train_loss": 0.530247039838948}
{"epoch": 5, "val_accuracy": 0.8429538216560509, "train_accuracy": 0.8839000355113636, "f1_macro": 0.8420106426725041, "pre_macro": 0.8463690015503025, "re_macro": 0.8421999999999998, "best_epoch": 5, "val_loss": 0.43264254984582307, "train_loss": 0.5032198711467738}
{"epoch": 6, "val_accuracy": 0.8486265923566879, "train_accuracy": 0.8902476917613636, "f1_macro": 0.8478304038806739, "pre_macro": 0.8504125037483267, "re_macro": 0.8482, "best_epoch": 6, "val_loss": 0.41678200624171335, "train_loss": 0.48341351180252706}
{"epoch": 7, "val_accuracy": 0.851015127388535, "train_accuracy": 0.8955743963068182, "f1_macro": 0.850298031719608, "pre_macro": 0.852304214619658, "re_macro": 0.8506, "best_epoch": 7, "val_loss": 0.4082061513594002, "train_loss": 0.4671904321505942}
{"epoch": 8, "val_accuracy": 0.8536027070063694, "train_accuracy": 0.9010786576704546, "f1_macro": 0.8528121793291528, "pre_macro": 0.8546705359513489, "re_macro": 0.8535, "best_epoch": 8, "val_loss": 0.4048585364962839, "train_loss": 0.4530161539177326}
{"epoch": 9, "val_accuracy": 0.8553941082802548, "train_accuracy": 0.9059392755681818, "f1_macro": 0.8542031563423924, "pre_macro": 0.8553217853831183, "re_macro": 0.8553000000000001, "best_epoch": 9, "val_loss": 0.401237404650184, "train_loss": 0.4413374827709049}
{"epoch": 10, "val_accuracy": 0.8575835987261147, "train_accuracy": 0.9100896661931818, "f1_macro": 0.8557631767105167, "pre_macro": 0.8559010960879032, "re_macro": 0.8572, "best_epoch": 10, "val_loss": 0.39511837406902556, "train_loss": 0.43136350211518054}
{"epoch": 11, "val_accuracy": 0.8587778662420382, "train_accuracy": 0.9144841974431818, "f1_macro": 0.8568493132934712, "pre_macro": 0.8568178527424999, "re_macro": 0.8583999999999999, "best_epoch": 11, "val_loss": 0.39226306898958363, "train_loss": 0.4226111006415026}
{"epoch": 12, "val_accuracy": 0.8592754777070064, "train_accuracy": 0.9179021661931818, "f1_macro": 0.8576276522950748, "pre_macro": 0.8576233318266269, "re_macro": 0.8589, "best_epoch": 12, "val_loss": 0.39075252518152737, "train_loss": 0.4149488429962234}
{"epoch": 13, "val_accuracy": 0.8587778662420382, "train_accuracy": 0.9212979403409091, "f1_macro": 0.8574923478292572, "pre_macro": 0.8576919615270239, "re_macro": 0.8587, "best_epoch": 12, "val_loss": 0.3896472178826666, "train_loss": 0.4087242989123545}
{"epoch": 14, "val_accuracy": 0.859375, "train_accuracy": 0.924072265625, "f1_macro": 0.8580368910302955, "pre_macro": 0.8584682686148802, "re_macro": 0.8593, "best_epoch": 14, "val_loss": 0.38900610481857495, "train_loss": 0.40333137688734993}
{"epoch": 15, "val_accuracy": 0.8585788216560509, "train_accuracy": 0.9256924715909091, "f1_macro": 0.8571614249967159, "pre_macro": 0.8575653315060567, "re_macro": 0.8584999999999999, "best_epoch": 14, "val_loss": 0.3876546179033389, "train_loss": 0.399065882390873}
{"epoch": 16, "val_accuracy": 0.8607683121019108, "train_accuracy": 0.9275124289772727, "f1_macro": 0.859423425782753, "pre_macro": 0.8596168763951461, "re_macro": 0.8606999999999999, "best_epoch": 16, "val_loss": 0.3858023609515208, "train_loss": 0.3957886249250309}
{"epoch": 17, "val_accuracy": 0.8615644904458599, "train_accuracy": 0.9285777698863636, "f1_macro": 0.8603392557942964, "pre_macro": 0.8603305153749201, "re_macro": 0.8615, "best_epoch": 17, "val_loss": 0.3840005701514566, "train_loss": 0.39327474435876036}
{"epoch": 18, "val_accuracy": 0.862062101910828, "train_accuracy": 0.9293101917613636, "f1_macro": 0.8609582181285216, "pre_macro": 0.860711435930744, "re_macro": 0.8619999999999999, "best_epoch": 18, "val_loss": 0.3826927604379168, "train_loss": 0.39136964859525586}
{"epoch": 19, "val_accuracy": 0.8617635350318471, "train_accuracy": 0.9305308948863636, "f1_macro": 0.8606733579494875, "pre_macro": 0.8603502258214435, "re_macro": 0.8617000000000001, "best_epoch": 18, "val_loss": 0.38194171476895644, "train_loss": 0.3898666206196966}
{"epoch": 20, "val_accuracy": 0.8611664012738853, "train_accuracy": 0.9307084517045454, "f1_macro": 0.8600610553448839, "pre_macro": 0.8597228395773001, "re_macro": 0.8610999999999999, "best_epoch": 18, "val_loss": 0.38156292079740267, "train_loss": 0.38864933544854546}
{"epoch": 21, "val_accuracy": 0.8614649681528662, "train_accuracy": 0.9310857599431818, "f1_macro": 0.8603086259321916, "pre_macro": 0.8600068955823659, "re_macro": 0.8613999999999999, "best_epoch": 18, "val_loss": 0.38144322584389123, "train_loss": 0.387637138557197}
{"epoch": 22, "val_accuracy": 0.8614649681528662, "train_accuracy": 0.9316628196022727, "f1_macro": 0.8602864905164799, "pre_macro": 0.8600206479759743, "re_macro": 0.8614, "best_epoch": 18, "val_loss": 0.3814519719713053, "train_loss": 0.3867601716509936}
{"epoch": 23, "val_accuracy": 0.8616640127388535, "train_accuracy": 0.9323286576704546, "f1_macro": 0.8605944525537467, "pre_macro": 0.8603306567050456, "re_macro": 0.8615999999999999, "best_epoch": 18, "val_loss": 0.38149101045101314, "train_loss": 0.3859845601572571}
{"epoch": 24, "val_accuracy": 0.8618630573248408, "train_accuracy": 0.9327947443181818, "f1_macro": 0.860775430168089, "pre_macro": 0.8605091557189308, "re_macro": 0.8618, "best_epoch": 18, "val_loss": 0.38151880918414727, "train_loss": 0.38530079963278363}
{"epoch": 25, "val_accuracy": 0.862062101910828, "train_accuracy": 0.9331276633522727, "f1_macro": 0.8610394740570728, "pre_macro": 0.860813668954882, "re_macro": 0.8619999999999999, "best_epoch": 18, "val_loss": 0.38152655066957897, "train_loss": 0.3847021661190824}
{"training time": 184.2616662979126}
