{"epoch": 100, "loss": 1.414910078048706}
{"epoch": 200, "loss": 0.7247243523597717}
{"epoch": 300, "loss": 0.5087090730667114}
{"epoch": 400, "loss": 0.41576385498046875}
{"epoch": 500, "loss": 0.37237614393234253}
{"epoch": 600, "loss": 0.33346471190452576}
{"epoch": 700, "loss": 0.3009280264377594}
{"epoch": 800, "loss": 0.2817550301551819}
{"epoch": 900, "loss": 0.262747585773468}
{"epoch": 1000, "loss": 0.2454357147216797}
{"training_time:": "4.4619s", "final_loss": 0.2454357147216797}
