{"epoch": 1, "val_accuracy": 0.8192675159235668, "train_accuracy": 0.7704787234042553, "f1_macro": 0.8157194778812726, "pre_macro": 0.8238046016732176, "re_macro": 0.8196, "best_epoch": 1, "val_loss": 0.508099494086709, "train_loss": 1.0229792572082357}
{"epoch": 2, "val_accuracy": 0.831906847133758, "train_accuracy": 0.8567597518575952, "f1_macro": 0.8282291460295527, "pre_macro": 0.8371152651930863, "re_macro": 0.8322999999999998, "best_epoch": 2, "val_loss": 0.47962990906208186, "train_loss": 0.7478465843707958}
{"epoch": 3, "val_accuracy": 0.8283240445859873, "train_accuracy": 0.882313829787234, "f1_macro": 0.8240966128782728, "pre_macro": 0.8370131968547867, "re_macro": 0.8287000000000001, "best_epoch": 2, "val_loss": 0.48330623623292157, "train_loss": 0.6484201076182913}
{"epoch": 4, "val_accuracy": 0.8340963375796179, "train_accuracy": 0.8962101063829787, "f1_macro": 0.8313175873044901, "pre_macro": 0.8403608905145962, "re_macro": 0.8345, "best_epoch": 4, "val_loss": 0.4608015196908052, "train_loss": 0.5812301172855052}
{"epoch": 5, "val_accuracy": 0.8365843949044586, "train_accuracy": 0.9103501773895102, "f1_macro": 0.8337914988495049, "pre_macro": 0.8414906195422189, "re_macro": 0.8370000000000001, "best_epoch": 5, "val_loss": 0.453225162378542, "train_loss": 0.533722640605683}
{"epoch": 6, "val_accuracy": 0.8432523885350318, "train_accuracy": 0.9229166667512123, "f1_macro": 0.8412705073455472, "pre_macro": 0.8454363637468466, "re_macro": 0.8434000000000001, "best_epoch": 6, "val_loss": 0.4402308421339958, "train_loss": 0.49943385644161953}
{"epoch": 7, "val_accuracy": 0.8436504777070064, "train_accuracy": 0.9310062058428501, "f1_macro": 0.8425771634575892, "pre_macro": 0.8465834569443551, "re_macro": 0.8438000000000001, "best_epoch": 7, "val_loss": 0.4351896252601769, "train_loss": 0.4728420022954332}
{"epoch": 8, "val_accuracy": 0.8480294585987261, "train_accuracy": 0.9386303191489361, "f1_macro": 0.8470153077429569, "pre_macro": 0.8499258057766843, "re_macro": 0.8478999999999999, "best_epoch": 8, "val_loss": 0.42939003390871033, "train_loss": 0.45229448473199885}
{"epoch": 9, "val_accuracy": 0.8498208598726115, "train_accuracy": 0.9435505319148936, "f1_macro": 0.8487637929821542, "pre_macro": 0.8506605223841699, "re_macro": 0.8497, "best_epoch": 9, "val_loss": 0.4233490190688212, "train_loss": 0.43550451385213973}
{"epoch": 10, "val_accuracy": 0.8515127388535032, "train_accuracy": 0.949468085106383, "f1_macro": 0.8503193830150962, "pre_macro": 0.8514652653829863, "re_macro": 0.8511000000000001, "best_epoch": 10, "val_loss": 0.41758182663826426, "train_loss": 0.42158761962931207}
{"epoch": 11, "val_accuracy": 0.8530055732484076, "train_accuracy": 0.9535239361702128, "f1_macro": 0.8520057440719278, "pre_macro": 0.8525919878927102, "re_macro": 0.8526, "best_epoch": 11, "val_loss": 0.41399083243813484, "train_loss": 0.40992140782640335}
{"epoch": 12, "val_accuracy": 0.853702229299363, "train_accuracy": 0.9573803191489362, "f1_macro": 0.8527847543860947, "pre_macro": 0.8531756579546406, "re_macro": 0.8533, "best_epoch": 12, "val_loss": 0.41303186934844704, "train_loss": 0.40038951330996575}
{"epoch": 13, "val_accuracy": 0.8561902866242038, "train_accuracy": 0.9586657803109352, "f1_macro": 0.8549162279339863, "pre_macro": 0.8550140987124191, "re_macro": 0.8558, "best_epoch": 13, "val_loss": 0.4121665764766134, "train_loss": 0.3928800825108873}
{"epoch": 14, "val_accuracy": 0.8560907643312102, "train_accuracy": 0.9613918441407224, "f1_macro": 0.8548845191632554, "pre_macro": 0.8549084692864755, "re_macro": 0.8560000000000001, "best_epoch": 13, "val_loss": 0.4112842567027754, "train_loss": 0.38683742880821226}
{"epoch": 15, "val_accuracy": 0.8559912420382165, "train_accuracy": 0.9630540781832756, "f1_macro": 0.8548864399108187, "pre_macro": 0.8548690210923897, "re_macro": 0.8559000000000001, "best_epoch": 13, "val_loss": 0.41082863813372933, "train_loss": 0.3818775490243384}
{"epoch": 16, "val_accuracy": 0.8552945859872612, "train_accuracy": 0.965625, "f1_macro": 0.8543725899783597, "pre_macro": 0.8543430874988742, "re_macro": 0.8552, "best_epoch": 13, "val_loss": 0.41039459464276673, "train_loss": 0.3778604189132122}
{"epoch": 17, "val_accuracy": 0.8557921974522293, "train_accuracy": 0.9667553191489362, "f1_macro": 0.8550578437554035, "pre_macro": 0.8549999742627239, "re_macro": 0.8557, "best_epoch": 13, "val_loss": 0.4100664846456734, "train_loss": 0.3746325227808445}
{"epoch": 18, "val_accuracy": 0.8545979299363057, "train_accuracy": 0.9676861702127659, "f1_macro": 0.8540348764888629, "pre_macro": 0.854009860539694, "re_macro": 0.8545, "best_epoch": 13, "val_loss": 0.41007932356208754, "train_loss": 0.3718992641631593}
{"epoch": 19, "val_accuracy": 0.8543988853503185, "train_accuracy": 0.9690159574468085, "f1_macro": 0.8539755356772325, "pre_macro": 0.8539848527842715, "re_macro": 0.8543, "best_epoch": 13, "val_loss": 0.4102868766162046, "train_loss": 0.36956819980702504}
{"epoch": 20, "val_accuracy": 0.8548964968152867, "train_accuracy": 0.9695478723404255, "f1_macro": 0.8545847353980294, "pre_macro": 0.8546597726763634, "re_macro": 0.8548, "best_epoch": 13, "val_loss": 0.410478688823949, "train_loss": 0.36762095372727577}
{"epoch": 21, "val_accuracy": 0.8551950636942676, "train_accuracy": 0.9699468085106383, "f1_macro": 0.8549734439913961, "pre_macro": 0.8551114603605722, "re_macro": 0.8551, "best_epoch": 13, "val_loss": 0.4105685826889269, "train_loss": 0.36599918832170203}
{"epoch": 22, "val_accuracy": 0.8545979299363057, "train_accuracy": 0.9705452127659574, "f1_macro": 0.854421001661392, "pre_macro": 0.8545838272862509, "re_macro": 0.8545, "best_epoch": 13, "val_loss": 0.4105622825349212, "train_loss": 0.36464661030059164}
{"epoch": 23, "val_accuracy": 0.8543988853503185, "train_accuracy": 0.9710106382978724, "f1_macro": 0.8542135090691918, "pre_macro": 0.8543755245844992, "re_macro": 0.8543000000000001, "best_epoch": 13, "val_loss": 0.4104980607131484, "train_loss": 0.3635195587543731}
{"epoch": 24, "val_accuracy": 0.8545979299363057, "train_accuracy": 0.971343085106383, "f1_macro": 0.8544016962015913, "pre_macro": 0.8545520457787431, "re_macro": 0.8544999999999998, "best_epoch": 13, "val_loss": 0.41042141122802805, "train_loss": 0.3625811737902621}
{"epoch": 25, "val_accuracy": 0.8545979299363057, "train_accuracy": 0.9716755319148936, "f1_macro": 0.8543830952919844, "pre_macro": 0.854529362731465, "re_macro": 0.8545, "best_epoch": 13, "val_loss": 0.4103658847558271, "train_loss": 0.3617994297058024}
{"training time": 79.3131742477417}
