{"epoch": 1, "val_accuracy": 0.8390724522292994, "train_accuracy": 0.81396484375, "f1_macro": 0.8387002424339027, "pre_macro": 0.8416032380348526, "re_macro": 0.8389, "best_epoch": 1, "val_loss": 0.4448655488764405, "train_loss": 0.8515262298116629}
{"epoch": 2, "val_accuracy": 0.8414609872611465, "train_accuracy": 0.8668545809659091, "f1_macro": 0.8417643264734019, "pre_macro": 0.8467405136303059, "re_macro": 0.8413, "best_epoch": 2, "val_loss": 0.4266618195043248, "train_loss": 0.6052468632432547}
{"epoch": 3, "val_accuracy": 0.8435509554140127, "train_accuracy": 0.8803267045454546, "f1_macro": 0.843618900720155, "pre_macro": 0.8498577605602392, "re_macro": 0.8433999999999999, "best_epoch": 3, "val_loss": 0.4232323003612506, "train_loss": 0.5216191720471464}
{"epoch": 4, "val_accuracy": 0.8435509554140127, "train_accuracy": 0.8909135298295454, "f1_macro": 0.8439858623622392, "pre_macro": 0.851844188221673, "re_macro": 0.8433999999999999, "best_epoch": 3, "val_loss": 0.4230660150764854, "train_loss": 0.4766507607630708}
{"epoch": 5, "val_accuracy": 0.848328025477707, "train_accuracy": 0.8976828835227273, "f1_macro": 0.8486001737246237, "pre_macro": 0.8548179280003417, "re_macro": 0.8482, "best_epoch": 5, "val_loss": 0.40942817404391657, "train_loss": 0.4481046625878662}
{"epoch": 6, "val_accuracy": 0.8552945859872612, "train_accuracy": 0.9043190696022727, "f1_macro": 0.8555996346860784, "pre_macro": 0.8595255952841034, "re_macro": 0.8552000000000002, "best_epoch": 6, "val_loss": 0.3867187874901826, "train_loss": 0.4274884938177737}
{"epoch": 7, "val_accuracy": 0.8649482484076433, "train_accuracy": 0.910400390625, "f1_macro": 0.8646219274356668, "pre_macro": 0.8659908353101523, "re_macro": 0.8646, "best_epoch": 7, "val_loss": 0.3669047820719944, "train_loss": 0.41070220464925195}
{"epoch": 8, "val_accuracy": 0.8688296178343949, "train_accuracy": 0.9160378196022727, "f1_macro": 0.868137965226093, "pre_macro": 0.8685127507088067, "re_macro": 0.8685, "best_epoch": 8, "val_loss": 0.3552218106142275, "train_loss": 0.3960384131959555}
{"epoch": 9, "val_accuracy": 0.8715167197452229, "train_accuracy": 0.9217418323863636, "f1_macro": 0.8704934421573329, "pre_macro": 0.8705661237640744, "re_macro": 0.8712, "best_epoch": 9, "val_loss": 0.35063875063209776, "train_loss": 0.38334547241472383}
{"epoch": 10, "val_accuracy": 0.8725119426751592, "train_accuracy": 0.9266690340909091, "f1_macro": 0.8712379750321825, "pre_macro": 0.871477126564568, "re_macro": 0.8722, "best_epoch": 10, "val_loss": 0.3494264125634151, "train_loss": 0.37231053403494035}
{"epoch": 11, "val_accuracy": 0.8735071656050956, "train_accuracy": 0.9315740411931818, "f1_macro": 0.8721982773697962, "pre_macro": 0.8727810030685926, "re_macro": 0.8732, "best_epoch": 11, "val_loss": 0.3490771448156636, "train_loss": 0.3627567045094276}
{"epoch": 12, "val_accuracy": 0.8745023885350318, "train_accuracy": 0.9355024857954546, "f1_macro": 0.8731265527832954, "pre_macro": 0.8740107437042584, "re_macro": 0.8741999999999999, "best_epoch": 12, "val_loss": 0.3489571249788734, "train_loss": 0.35448269165036356}
{"epoch": 13, "val_accuracy": 0.8757961783439491, "train_accuracy": 0.9388094815340909, "f1_macro": 0.8743859910583824, "pre_macro": 0.8755147106381574, "re_macro": 0.8755, "best_epoch": 13, "val_loss": 0.3485923690401065, "train_loss": 0.3476628882344812}
{"epoch": 14, "val_accuracy": 0.8753980891719745, "train_accuracy": 0.9424272017045454, "f1_macro": 0.8741139218461864, "pre_macro": 0.8751524197248685, "re_macro": 0.8751, "best_epoch": 13, "val_loss": 0.34782419785572466, "train_loss": 0.34213985669934616}
{"epoch": 15, "val_accuracy": 0.8759952229299363, "train_accuracy": 0.9444691051136364, "f1_macro": 0.8747990562377277, "pre_macro": 0.8756350374646328, "re_macro": 0.8756999999999999, "best_epoch": 15, "val_loss": 0.3468162363312047, "train_loss": 0.33793148527514527}
{"epoch": 16, "val_accuracy": 0.8759952229299363, "train_accuracy": 0.9459783380681818, "f1_macro": 0.8749159202906753, "pre_macro": 0.8755158729759354, "re_macro": 0.8756999999999999, "best_epoch": 15, "val_loss": 0.34536948135703993, "train_loss": 0.3346944435457276}
{"epoch": 17, "val_accuracy": 0.8772890127388535, "train_accuracy": 0.9472878196022727, "f1_macro": 0.8763373193512791, "pre_macro": 0.8766763598253109, "re_macro": 0.877, "best_epoch": 17, "val_loss": 0.3442083866732895, "train_loss": 0.33220374228602106}
{"epoch": 18, "val_accuracy": 0.8770899681528662, "train_accuracy": 0.9481534090909091, "f1_macro": 0.8761981756890013, "pre_macro": 0.876381358384686, "re_macro": 0.8768, "best_epoch": 17, "val_loss": 0.3436171640256408, "train_loss": 0.3301287058063529}
{"epoch": 19, "val_accuracy": 0.8766918789808917, "train_accuracy": 0.9487970525568182, "f1_macro": 0.8754925849651098, "pre_macro": 0.8756039628529131, "re_macro": 0.8761000000000001, "best_epoch": 17, "val_loss": 0.34347472524946665, "train_loss": 0.3283916078931229}
{"epoch": 20, "val_accuracy": 0.8756966560509554, "train_accuracy": 0.949462890625, "f1_macro": 0.8744170525264361, "pre_macro": 0.8745144114175674, "re_macro": 0.8751, "best_epoch": 17, "val_loss": 0.34353778250278183, "train_loss": 0.32699229365045374}
{"epoch": 21, "val_accuracy": 0.8762937898089171, "train_accuracy": 0.9500621448863636, "f1_macro": 0.8749147454739372, "pre_macro": 0.8750526098093516, "re_macro": 0.8756999999999999, "best_epoch": 17, "val_loss": 0.34363824859925896, "train_loss": 0.3258747735103084}
{"epoch": 22, "val_accuracy": 0.8759952229299363, "train_accuracy": 0.9502618963068182, "f1_macro": 0.8745924301760963, "pre_macro": 0.8747045355158445, "re_macro": 0.8754, "best_epoch": 17, "val_loss": 0.3436883593061168, "train_loss": 0.3249807567335665}
{"epoch": 23, "val_accuracy": 0.8764928343949044, "train_accuracy": 0.9507945667613636, "f1_macro": 0.875095286431641, "pre_macro": 0.8751967376248462, "re_macro": 0.8759, "best_epoch": 17, "val_loss": 0.3436541739542773, "train_loss": 0.32423934211361816}
{"epoch": 24, "val_accuracy": 0.8762937898089171, "train_accuracy": 0.9513050426136364, "f1_macro": 0.8749358972043544, "pre_macro": 0.8750390966517202, "re_macro": 0.8756999999999999, "best_epoch": 17, "val_loss": 0.3435535366368142, "train_loss": 0.32359447656199336}
{"epoch": 25, "val_accuracy": 0.8767914012738853, "train_accuracy": 0.9516157670454546, "f1_macro": 0.8754483965512749, "pre_macro": 0.8755338798952719, "re_macro": 0.8762000000000001, "best_epoch": 17, "val_loss": 0.3434268658518032, "train_loss": 0.3230156607036902}
{"training time": 188.3670530319214}
