{"epoch": 1, "val_accuracy": 0.8395700636942676, "train_accuracy": 0.8209121801705757, "f1_macro": 0.8380877125381684, "pre_macro": 0.8439720406484759, "re_macro": 0.8397, "best_epoch": 1, "val_loss": 0.44384089121772985, "train_loss": 0.8112691084522683}
{"epoch": 2, "val_accuracy": 0.8490246815286624, "train_accuracy": 0.8686367270788913, "f1_macro": 0.8477062703208544, "pre_macro": 0.8531643596690973, "re_macro": 0.8485999999999999, "best_epoch": 2, "val_loss": 0.4183852441941097, "train_loss": 0.5738096527898235}
{"epoch": 3, "val_accuracy": 0.8550955414012739, "train_accuracy": 0.87886460554371, "f1_macro": 0.8539747045513899, "pre_macro": 0.8575878372908672, "re_macro": 0.8547, "best_epoch": 3, "val_loss": 0.4033873262488918, "train_loss": 0.5006525064391623}
{"epoch": 4, "val_accuracy": 0.8589769108280255, "train_accuracy": 0.8872767857142857, "f1_macro": 0.857551426070286, "pre_macro": 0.8598168274793085, "re_macro": 0.8586, "best_epoch": 4, "val_loss": 0.39542957523446176, "train_loss": 0.46384493364835344}
{"epoch": 5, "val_accuracy": 0.8617635350318471, "train_accuracy": 0.894589552238806, "f1_macro": 0.860188417218892, "pre_macro": 0.862378870031313, "re_macro": 0.8613999999999999, "best_epoch": 5, "val_loss": 0.3904255624789341, "train_loss": 0.43939681359127897}
{"epoch": 6, "val_accuracy": 0.861265923566879, "train_accuracy": 0.9012026918976546, "f1_macro": 0.8597234669216471, "pre_macro": 0.8620600998414878, "re_macro": 0.8612, "best_epoch": 5, "val_loss": 0.3859674213038888, "train_loss": 0.4209540196573302}
{"epoch": 7, "val_accuracy": 0.8663415605095541, "train_accuracy": 0.9070828891257996, "f1_macro": 0.8649646877958904, "pre_macro": 0.8668067257565607, "re_macro": 0.8666, "best_epoch": 7, "val_loss": 0.37189748816809076, "train_loss": 0.40557010381270064}
{"epoch": 8, "val_accuracy": 0.8701234076433121, "train_accuracy": 0.9134461620469083, "f1_macro": 0.8670649397777741, "pre_macro": 0.8697719279183266, "re_macro": 0.8698, "best_epoch": 8, "val_loss": 0.36383196749504965, "train_loss": 0.39111936910510825}
{"epoch": 9, "val_accuracy": 0.8709195859872612, "train_accuracy": 0.919976012793177, "f1_macro": 0.867480588655311, "pre_macro": 0.8719833663840936, "re_macro": 0.8705999999999999, "best_epoch": 9, "val_loss": 0.3623414734366593, "train_loss": 0.37781269670422396}
{"epoch": 10, "val_accuracy": 0.871218152866242, "train_accuracy": 0.925722947761194, "f1_macro": 0.8683852657855992, "pre_macro": 0.871179934185015, "re_macro": 0.8709, "best_epoch": 10, "val_loss": 0.35898662107006, "train_loss": 0.36610878630678284}
{"epoch": 11, "val_accuracy": 0.8724124203821656, "train_accuracy": 0.9318530117270789, "f1_macro": 0.8705652220081574, "pre_macro": 0.8718711617260425, "re_macro": 0.8721, "best_epoch": 11, "val_loss": 0.3557969084970511, "train_loss": 0.3549769676125634}
{"epoch": 12, "val_accuracy": 0.8722133757961783, "train_accuracy": 0.9366837686567164, "f1_macro": 0.8705847969113101, "pre_macro": 0.8712545596833321, "re_macro": 0.8718999999999999, "best_epoch": 11, "val_loss": 0.35280002093618845, "train_loss": 0.3455451873859871}
{"epoch": 13, "val_accuracy": 0.8742038216560509, "train_accuracy": 0.9406982942430704, "f1_macro": 0.8726687253569935, "pre_macro": 0.8730029790766386, "re_macro": 0.8738999999999999, "best_epoch": 13, "val_loss": 0.35038258325142463, "train_loss": 0.33761486136265145}
{"epoch": 14, "val_accuracy": 0.8759952229299363, "train_accuracy": 0.9445795575692963, "f1_macro": 0.8746007499784009, "pre_macro": 0.8747104232447009, "re_macro": 0.8756999999999999, "best_epoch": 14, "val_loss": 0.34942008018683474, "train_loss": 0.33114424551219573}
{"epoch": 15, "val_accuracy": 0.8762937898089171, "train_accuracy": 0.947094882729211, "f1_macro": 0.8751058885021431, "pre_macro": 0.875062995293313, "re_macro": 0.876, "best_epoch": 15, "val_loss": 0.3482504075120209, "train_loss": 0.3261813318678565}
{"epoch": 16, "val_accuracy": 0.8764928343949044, "train_accuracy": 0.9489272388059702, "f1_macro": 0.8754569393765305, "pre_macro": 0.8753757400707374, "re_macro": 0.8762000000000001, "best_epoch": 16, "val_loss": 0.3468051670937781, "train_loss": 0.32230005713541116}
{"epoch": 17, "val_accuracy": 0.8770899681528662, "train_accuracy": 0.9505263859275054, "f1_macro": 0.8757851924742373, "pre_macro": 0.8756444203791742, "re_macro": 0.8764999999999998, "best_epoch": 17, "val_loss": 0.34549544789608877, "train_loss": 0.3191934344706251}
{"epoch": 18, "val_accuracy": 0.8779856687898089, "train_accuracy": 0.9516257995735607, "f1_macro": 0.8767056654270486, "pre_macro": 0.8765410487928321, "re_macro": 0.8774000000000001, "best_epoch": 18, "val_loss": 0.34431742274077837, "train_loss": 0.3166977403355814}
{"epoch": 19, "val_accuracy": 0.878781847133758, "train_accuracy": 0.9525919509594882, "f1_macro": 0.8774702303255306, "pre_macro": 0.8772655663055614, "re_macro": 0.8782, "best_epoch": 19, "val_loss": 0.3435047452996491, "train_loss": 0.314711919614374}
{"epoch": 20, "val_accuracy": 0.8790804140127388, "train_accuracy": 0.953174973347548, "f1_macro": 0.8777657597730751, "pre_macro": 0.8775580279786228, "re_macro": 0.8785000000000001, "best_epoch": 20, "val_loss": 0.3430246986496221, "train_loss": 0.3131483590075456}
{"epoch": 21, "val_accuracy": 0.8793789808917197, "train_accuracy": 0.9538412846481876, "f1_macro": 0.87797522671737, "pre_macro": 0.8777812818241386, "re_macro": 0.8788, "best_epoch": 21, "val_loss": 0.34272073289960814, "train_loss": 0.3119268795129841}
{"epoch": 22, "val_accuracy": 0.8788813694267515, "train_accuracy": 0.9544576226012793, "f1_macro": 0.8774158874989672, "pre_macro": 0.8772124690086187, "re_macro": 0.8783, "best_epoch": 21, "val_loss": 0.3425098405142499, "train_loss": 0.3109576798387682}
{"epoch": 23, "val_accuracy": 0.8791799363057324, "train_accuracy": 0.954957356076759, "f1_macro": 0.8777665827223325, "pre_macro": 0.8775980623718977, "re_macro": 0.8785999999999999, "best_epoch": 21, "val_loss": 0.3423201719856566, "train_loss": 0.31016149206646976}
{"epoch": 24, "val_accuracy": 0.8790804140127388, "train_accuracy": 0.9552238805970149, "f1_macro": 0.8777111343138122, "pre_macro": 0.8775382881045711, "re_macro": 0.8785000000000001, "best_epoch": 21, "val_loss": 0.3421181370118621, "train_loss": 0.30947960408003344}
{"epoch": 25, "val_accuracy": 0.8792794585987261, "train_accuracy": 0.9553404850746269, "f1_macro": 0.8779619397761309, "pre_macro": 0.8777993060880249, "re_macro": 0.8787, "best_epoch": 21, "val_loss": 0.34191048202241303, "train_loss": 0.30887865310094}
{"training time": 253.21662974357605}
