{"epoch": 1, "val_accuracy": 0.6316679936305732, "train_accuracy": 0.4140625, "f1_macro": 0.6237658613130107, "pre_macro": 0.6302711499642021, "re_macro": 0.6311, "best_epoch": 1, "val_loss": 1.1639873522102453, "train_loss": 2.111433172225952}
{"epoch": 2, "val_accuracy": 0.6846138535031847, "train_accuracy": 0.7442708373069763, "f1_macro": 0.683614704591911, "pre_macro": 0.6998432734009453, "re_macro": 0.6839999999999999, "best_epoch": 2, "val_loss": 0.9011759393534083, "train_loss": 1.2534971714019776}
{"epoch": 3, "val_accuracy": 0.7181528662420382, "train_accuracy": 0.8244791686534881, "f1_macro": 0.7143103100542337, "pre_macro": 0.7169382983905888, "re_macro": 0.7177, "best_epoch": 3, "val_loss": 0.8171024443996939, "train_loss": 0.9752892971038818}
{"epoch": 4, "val_accuracy": 0.7180533439490446, "train_accuracy": 0.8817708373069764, "f1_macro": 0.7188795666441646, "pre_macro": 0.7266127052789031, "re_macro": 0.7179000000000001, "best_epoch": 3, "val_loss": 0.7814485218114914, "train_loss": 0.8366326749324798}
{"epoch": 5, "val_accuracy": 0.7380573248407644, "train_accuracy": 0.928125, "f1_macro": 0.7342070209790813, "pre_macro": 0.7341841533210405, "re_macro": 0.7377, "best_epoch": 5, "val_loss": 0.7568120952624424, "train_loss": 0.7298686385154725}
{"epoch": 6, "val_accuracy": 0.7395501592356688, "train_accuracy": 0.9453125, "f1_macro": 0.7390452675526602, "pre_macro": 0.7400901334273321, "re_macro": 0.7392000000000001, "best_epoch": 6, "val_loss": 0.7449790983443048, "train_loss": 0.6634934186935425}
{"epoch": 7, "val_accuracy": 0.7413415605095541, "train_accuracy": 0.965625, "f1_macro": 0.7405626402297201, "pre_macro": 0.7411565625387919, "re_macro": 0.741, "best_epoch": 7, "val_loss": 0.73815295555789, "train_loss": 0.6202666401863098}
{"epoch": 8, "val_accuracy": 0.7436305732484076, "train_accuracy": 0.9734375, "f1_macro": 0.7428929293860369, "pre_macro": 0.7437361134308089, "re_macro": 0.7433000000000001, "best_epoch": 8, "val_loss": 0.7330139567897578, "train_loss": 0.5922418981790543}
{"epoch": 9, "val_accuracy": 0.744327229299363, "train_accuracy": 0.975, "f1_macro": 0.7429890813379059, "pre_macro": 0.7434465914067949, "re_macro": 0.7437, "best_epoch": 9, "val_loss": 0.730389734362341, "train_loss": 0.5732833594083786}
{"epoch": 10, "val_accuracy": 0.7455214968152867, "train_accuracy": 0.978125, "f1_macro": 0.7441677654073205, "pre_macro": 0.7446941450691001, "re_macro": 0.7449000000000001, "best_epoch": 10, "val_loss": 0.7282941106018747, "train_loss": 0.5594726860523224}
{"epoch": 11, "val_accuracy": 0.7452229299363057, "train_accuracy": 0.98125, "f1_macro": 0.7440083829054954, "pre_macro": 0.744595820031002, "re_macro": 0.7446, "best_epoch": 10, "val_loss": 0.7265975604391401, "train_loss": 0.5496419191360473}
{"epoch": 12, "val_accuracy": 0.7455214968152867, "train_accuracy": 0.984375, "f1_macro": 0.7442119719879077, "pre_macro": 0.7447204402207277, "re_macro": 0.7449000000000001, "best_epoch": 10, "val_loss": 0.7254666898660599, "train_loss": 0.542157205939293}
{"epoch": 13, "val_accuracy": 0.7456210191082803, "train_accuracy": 0.9859375, "f1_macro": 0.7442509073144882, "pre_macro": 0.7447365942036376, "re_macro": 0.7450000000000001, "best_epoch": 13, "val_loss": 0.7245787420090596, "train_loss": 0.536482161283493}
{"epoch": 14, "val_accuracy": 0.7459195859872612, "train_accuracy": 0.9859375, "f1_macro": 0.7446088916307514, "pre_macro": 0.7451335332520848, "re_macro": 0.7453, "best_epoch": 14, "val_loss": 0.723853056218214, "train_loss": 0.53204605281353}
{"epoch": 15, "val_accuracy": 0.7458200636942676, "train_accuracy": 0.9859375, "f1_macro": 0.7445237030286157, "pre_macro": 0.7450647807799323, "re_macro": 0.7452, "best_epoch": 14, "val_loss": 0.7232786874482586, "train_loss": 0.5285387963056565}
{"epoch": 16, "val_accuracy": 0.7459195859872612, "train_accuracy": 0.9859375, "f1_macro": 0.7446576156397218, "pre_macro": 0.7452417424081754, "re_macro": 0.7453000000000001, "best_epoch": 14, "val_loss": 0.722823221402563, "train_loss": 0.5257597804069519}
{"epoch": 17, "val_accuracy": 0.7459195859872612, "train_accuracy": 0.9859375, "f1_macro": 0.7446562013544027, "pre_macro": 0.7452494710646644, "re_macro": 0.7453000000000001, "best_epoch": 14, "val_loss": 0.7224585913169156, "train_loss": 0.5235462039709091}
{"epoch": 18, "val_accuracy": 0.746218152866242, "train_accuracy": 0.9859375, "f1_macro": 0.7449602594450557, "pre_macro": 0.7455507388229015, "re_macro": 0.7455999999999999, "best_epoch": 18, "val_loss": 0.7221655046484273, "train_loss": 0.5217733323574066}
{"epoch": 19, "val_accuracy": 0.746218152866242, "train_accuracy": 0.9859375, "f1_macro": 0.744966109116173, "pre_macro": 0.745559758430259, "re_macro": 0.7455999999999999, "best_epoch": 18, "val_loss": 0.7219292980850123, "train_loss": 0.5203487575054169}
{"epoch": 20, "val_accuracy": 0.7464171974522293, "train_accuracy": 0.9859375, "f1_macro": 0.7451852456179813, "pre_macro": 0.7457904084106932, "re_macro": 0.7457999999999999, "best_epoch": 20, "val_loss": 0.7217384740045876, "train_loss": 0.5192016929388046}
{"epoch": 21, "val_accuracy": 0.7465167197452229, "train_accuracy": 0.9859375, "f1_macro": 0.7453211851602384, "pre_macro": 0.7459552847681615, "re_macro": 0.7459, "best_epoch": 21, "val_loss": 0.7215840161606005, "train_loss": 0.5182766884565353}
{"epoch": 22, "val_accuracy": 0.7465167197452229, "train_accuracy": 0.9859375, "f1_macro": 0.745326157426301, "pre_macro": 0.7459808050481291, "re_macro": 0.7459, "best_epoch": 21, "val_loss": 0.7214588084418303, "train_loss": 0.51752989590168}
{"epoch": 23, "val_accuracy": 0.7465167197452229, "train_accuracy": 0.9859375, "f1_macro": 0.7453358894383587, "pre_macro": 0.7459955257433954, "re_macro": 0.7459, "best_epoch": 21, "val_loss": 0.7213572886339419, "train_loss": 0.5169263869524002}
{"epoch": 24, "val_accuracy": 0.7465167197452229, "train_accuracy": 0.9859375, "f1_macro": 0.7453358894383587, "pre_macro": 0.7459955257433954, "re_macro": 0.7459, "best_epoch": 21, "val_loss": 0.7212749674062061, "train_loss": 0.5164384007453918}
{"epoch": 25, "val_accuracy": 0.7466162420382165, "train_accuracy": 0.9859375, "f1_macro": 0.7454205423988854, "pre_macro": 0.7460673936588764, "re_macro": 0.746, "best_epoch": 25, "val_loss": 0.7212082033704041, "train_loss": 0.5160435825586319}
{"training time": 24.278796195983887}
