{"epoch": 1, "val_accuracy": 0.8156847133757962, "train_accuracy": 0.7945762260127932, "f1_macro": 0.8178719456746345, "pre_macro": 0.8320359450470723, "re_macro": 0.8157, "best_epoch": 1, "val_loss": 0.497821768093261, "train_loss": 0.9204895695897816}
{"epoch": 2, "val_accuracy": 0.8259355095541401, "train_accuracy": 0.8625399786780383, "f1_macro": 0.8285069405926787, "pre_macro": 0.8456227121501019, "re_macro": 0.826, "best_epoch": 2, "val_loss": 0.4730446110865113, "train_loss": 0.6689055298945543}
{"epoch": 3, "val_accuracy": 0.839968152866242, "train_accuracy": 0.8791644456289979, "f1_macro": 0.8424026704699944, "pre_macro": 0.8533342096949198, "re_macro": 0.8401, "best_epoch": 3, "val_loss": 0.4364655965073094, "train_loss": 0.574883754065296}
{"epoch": 4, "val_accuracy": 0.8444466560509554, "train_accuracy": 0.8909803660693707, "f1_macro": 0.8468432348203567, "pre_macro": 0.8549154284530323, "re_macro": 0.8442999999999999, "best_epoch": 4, "val_loss": 0.419935428128121, "train_loss": 0.5169467758268181}
{"epoch": 5, "val_accuracy": 0.8512141719745223, "train_accuracy": 0.8998645167869291, "f1_macro": 0.8531265097616766, "pre_macro": 0.8594314183861916, "re_macro": 0.8511, "best_epoch": 5, "val_loss": 0.40840453887061706, "train_loss": 0.4788808726044352}
{"epoch": 6, "val_accuracy": 0.8524084394904459, "train_accuracy": 0.907926883524669, "f1_macro": 0.8544393861043847, "pre_macro": 0.8610810266332619, "re_macro": 0.8523, "best_epoch": 6, "val_loss": 0.4044598365665241, "train_loss": 0.4515494063718995}
{"epoch": 7, "val_accuracy": 0.8525079617834395, "train_accuracy": 0.9143678927218227, "f1_macro": 0.8542070144657133, "pre_macro": 0.8603105240818602, "re_macro": 0.8521000000000001, "best_epoch": 7, "val_loss": 0.40296445872373643, "train_loss": 0.4307505680935215}
{"epoch": 8, "val_accuracy": 0.8536027070063694, "train_accuracy": 0.9205423773987207, "f1_macro": 0.8548080814159793, "pre_macro": 0.8594426751134984, "re_macro": 0.8532, "best_epoch": 8, "val_loss": 0.4034970294518076, "train_loss": 0.4141699807730311}
{"epoch": 9, "val_accuracy": 0.8556926751592356, "train_accuracy": 0.9255730277185501, "f1_macro": 0.8562231710850208, "pre_macro": 0.8590330432505885, "re_macro": 0.8553000000000001, "best_epoch": 9, "val_loss": 0.3950468526714167, "train_loss": 0.40065997553024213}
{"epoch": 10, "val_accuracy": 0.8597730891719745, "train_accuracy": 0.9310034648187633, "f1_macro": 0.8595713346143645, "pre_macro": 0.8605610080929053, "re_macro": 0.8594000000000002, "best_epoch": 10, "val_loss": 0.3842325833193056, "train_loss": 0.38878987897942063}
{"epoch": 11, "val_accuracy": 0.8605692675159236, "train_accuracy": 0.9357675906183369, "f1_macro": 0.8601884101703495, "pre_macro": 0.861116345964424, "re_macro": 0.8605, "best_epoch": 11, "val_loss": 0.38053942115823175, "train_loss": 0.3785360498405469}
{"epoch": 12, "val_accuracy": 0.8616640127388535, "train_accuracy": 0.9402985074626866, "f1_macro": 0.8609610534569316, "pre_macro": 0.8619518499224339, "re_macro": 0.8615999999999999, "best_epoch": 12, "val_loss": 0.3800092693536904, "train_loss": 0.3697252146788497}
{"epoch": 13, "val_accuracy": 0.8625597133757962, "train_accuracy": 0.9442963752665245, "f1_macro": 0.861838408229952, "pre_macro": 0.8627954152234032, "re_macro": 0.8625, "best_epoch": 13, "val_loss": 0.3791783551691444, "train_loss": 0.36206702195378}
{"epoch": 14, "val_accuracy": 0.8630573248407644, "train_accuracy": 0.947328091684435, "f1_macro": 0.862145115015297, "pre_macro": 0.8629941230073402, "re_macro": 0.8627, "best_epoch": 14, "val_loss": 0.37823905183631146, "train_loss": 0.35587396525116616}
{"epoch": 15, "val_accuracy": 0.8624601910828026, "train_accuracy": 0.9499267057569296, "f1_macro": 0.8619033132692822, "pre_macro": 0.8625970568565308, "re_macro": 0.8624, "best_epoch": 14, "val_loss": 0.3769055301216757, "train_loss": 0.3509584961097632}
{"epoch": 16, "val_accuracy": 0.8640525477707006, "train_accuracy": 0.951192697228145, "f1_macro": 0.8636952011822074, "pre_macro": 0.8644101553138628, "re_macro": 0.8640000000000001, "best_epoch": 16, "val_loss": 0.3756690591953363, "train_loss": 0.34708687227799184}
{"epoch": 17, "val_accuracy": 0.8646496815286624, "train_accuracy": 0.9523920575692963, "f1_macro": 0.8644202761587705, "pre_macro": 0.8651026801777182, "re_macro": 0.8646, "best_epoch": 17, "val_loss": 0.3746735064467047, "train_loss": 0.3439401417398758}
{"epoch": 18, "val_accuracy": 0.8653463375796179, "train_accuracy": 0.9532249466950959, "f1_macro": 0.865036967747027, "pre_macro": 0.8654833311973874, "re_macro": 0.8653000000000001, "best_epoch": 18, "val_loss": 0.3738465202841789, "train_loss": 0.34141636851118573}
{"epoch": 19, "val_accuracy": 0.8656449044585988, "train_accuracy": 0.9543243603411514, "f1_macro": 0.8653274871637832, "pre_macro": 0.865783171114409, "re_macro": 0.8656, "best_epoch": 19, "val_loss": 0.37300102317788797, "train_loss": 0.33944081799434955}
{"epoch": 20, "val_accuracy": 0.8657444267515924, "train_accuracy": 0.9548240938166311, "f1_macro": 0.8653737310451005, "pre_macro": 0.8656594036755058, "re_macro": 0.8657, "best_epoch": 20, "val_loss": 0.37217223995430454, "train_loss": 0.3378230945260794}
{"epoch": 21, "val_accuracy": 0.8660429936305732, "train_accuracy": 0.9556902985074627, "f1_macro": 0.865542130809047, "pre_macro": 0.8656461198660546, "re_macro": 0.866, "best_epoch": 21, "val_loss": 0.3715105990695346, "train_loss": 0.3364761774537406}
{"epoch": 22, "val_accuracy": 0.8661425159235668, "train_accuracy": 0.9563899253731343, "f1_macro": 0.8655297850321413, "pre_macro": 0.8655277418117068, "re_macro": 0.8661, "best_epoch": 22, "val_loss": 0.3710486377310601, "train_loss": 0.3353574961614507}
{"epoch": 23, "val_accuracy": 0.8664410828025477, "train_accuracy": 0.95698960554371, "f1_macro": 0.8657846893655293, "pre_macro": 0.8657181653806099, "re_macro": 0.8664, "best_epoch": 23, "val_loss": 0.3707502776650107, "train_loss": 0.33440882542621353}
{"epoch": 24, "val_accuracy": 0.8667396496815286, "train_accuracy": 0.9573893923240938, "f1_macro": 0.8660552878697783, "pre_macro": 0.8659868112149025, "re_macro": 0.8667, "best_epoch": 24, "val_loss": 0.37056289954929594, "train_loss": 0.3335979429961268}
{"epoch": 25, "val_accuracy": 0.8669386942675159, "train_accuracy": 0.9575226545842217, "f1_macro": 0.8662322215300294, "pre_macro": 0.8661330398849568, "re_macro": 0.8669, "best_epoch": 25, "val_loss": 0.3704454145234102, "train_loss": 0.3329071200796282}
{"training time": 132.9049632549286}
