{"epoch": 1, "val_accuracy": 0.7117834394904459, "train_accuracy": 0.6458016722760302, "f1_macro": 0.717331619407104, "pre_macro": 0.7571718892729217, "re_macro": 0.7113000000000002, "best_epoch": 1, "val_loss": 0.7500709037112582, "train_loss": 1.4166767394289057}
{"epoch": 2, "val_accuracy": 0.7505971337579618, "train_accuracy": 0.7997245446164557, "f1_macro": 0.7566588221947864, "pre_macro": 0.7977125445872609, "re_macro": 0.7502999999999999, "best_epoch": 2, "val_loss": 0.6487550078683598, "train_loss": 0.9377882366484784}
{"epoch": 3, "val_accuracy": 0.7852308917197452, "train_accuracy": 0.8579027361058175, "f1_macro": 0.7886323438092344, "pre_macro": 0.8057556949807783, "re_macro": 0.7847999999999999, "best_epoch": 3, "val_loss": 0.579458501878058, "train_loss": 0.799680399133804}
{"epoch": 4, "val_accuracy": 0.7945859872611465, "train_accuracy": 0.8876329799915882, "f1_macro": 0.7984874062112388, "pre_macro": 0.8103188335340095, "re_macro": 0.7942, "best_epoch": 4, "val_loss": 0.5614353205747665, "train_loss": 0.7187522624401336}
{"epoch": 5, "val_accuracy": 0.7997611464968153, "train_accuracy": 0.914418693552626, "f1_macro": 0.8031858722864748, "pre_macro": 0.8121427349698818, "re_macro": 0.7994, "best_epoch": 5, "val_loss": 0.5450584846697036, "train_loss": 0.6619513770367237}
{"epoch": 6, "val_accuracy": 0.8008558917197452, "train_accuracy": 0.929046353127094, "f1_macro": 0.803656610812306, "pre_macro": 0.8125801255365577, "re_macro": 0.8005000000000001, "best_epoch": 6, "val_loss": 0.5412916662586722, "train_loss": 0.6234730799147423}
{"epoch": 7, "val_accuracy": 0.8039410828025477, "train_accuracy": 0.9380699091769279, "f1_macro": 0.8054910932384004, "pre_macro": 0.8141553792352536, "re_macro": 0.8036000000000001, "best_epoch": 7, "val_loss": 0.5411101082328019, "train_loss": 0.5978843170277616}
{"epoch": 8, "val_accuracy": 0.8062300955414012, "train_accuracy": 0.9477108666237365, "f1_macro": 0.8062699756834372, "pre_macro": 0.8133685515678888, "re_macro": 0.8056000000000001, "best_epoch": 8, "val_loss": 0.5404297756920954, "train_loss": 0.5752182571177787}
{"epoch": 9, "val_accuracy": 0.8097133757961783, "train_accuracy": 0.9546922496024598, "f1_macro": 0.8098835513468945, "pre_macro": 0.8151747146923303, "re_macro": 0.8090999999999999, "best_epoch": 9, "val_loss": 0.5316044961570934, "train_loss": 0.5547068600958966}
{"epoch": 10, "val_accuracy": 0.8096138535031847, "train_accuracy": 0.9593939984098394, "f1_macro": 0.8104195985357894, "pre_macro": 0.8155891091084813, "re_macro": 0.8093, "best_epoch": 9, "val_loss": 0.5280036799087646, "train_loss": 0.5392709596359984}
{"epoch": 11, "val_accuracy": 0.8101114649681529, "train_accuracy": 0.9643807005374989, "f1_macro": 0.8111167164824586, "pre_macro": 0.8158028036818588, "re_macro": 0.8098000000000001, "best_epoch": 11, "val_loss": 0.523754281792671, "train_loss": 0.528182568702292}
{"epoch": 12, "val_accuracy": 0.810609076433121, "train_accuracy": 0.9667553191489362, "f1_macro": 0.8115152456189726, "pre_macro": 0.8147472994303715, "re_macro": 0.8102999999999998, "best_epoch": 12, "val_loss": 0.518543121921029, "train_loss": 0.5197753360930909}
{"epoch": 13, "val_accuracy": 0.8142914012738853, "train_accuracy": 0.9704122340425532, "f1_macro": 0.8149182180405992, "pre_macro": 0.8167811269452792, "re_macro": 0.8140000000000001, "best_epoch": 13, "val_loss": 0.514279440519916, "train_loss": 0.5121186058571998}
{"epoch": 14, "val_accuracy": 0.8149880573248408, "train_accuracy": 0.9730718085106383, "f1_macro": 0.8147375028296302, "pre_macro": 0.8157488271732806, "re_macro": 0.8144, "best_epoch": 14, "val_loss": 0.5123364460316433, "train_loss": 0.5049152754722758}
{"epoch": 15, "val_accuracy": 0.8150875796178344, "train_accuracy": 0.9773936170212766, "f1_macro": 0.8144485014427909, "pre_macro": 0.8151849546399367, "re_macro": 0.8145000000000001, "best_epoch": 15, "val_loss": 0.511629375682515, "train_loss": 0.4988870639750298}
{"epoch": 16, "val_accuracy": 0.8149880573248408, "train_accuracy": 0.979720744680851, "f1_macro": 0.8141838035588963, "pre_macro": 0.8147946142396748, "re_macro": 0.8144, "best_epoch": 15, "val_loss": 0.5111086427406141, "train_loss": 0.4941355249983199}
{"epoch": 17, "val_accuracy": 0.8148885350318471, "train_accuracy": 0.980718085106383, "f1_macro": 0.8141436551242685, "pre_macro": 0.81471159485929, "re_macro": 0.8142999999999999, "best_epoch": 15, "val_loss": 0.5106670478726648, "train_loss": 0.49031955003738403}
{"epoch": 18, "val_accuracy": 0.815187101910828, "train_accuracy": 0.9820478723404256, "f1_macro": 0.8144644922875255, "pre_macro": 0.8149820050198876, "re_macro": 0.8145999999999999, "best_epoch": 18, "val_loss": 0.5104264210743509, "train_loss": 0.4873078979076223}
{"epoch": 19, "val_accuracy": 0.8156847133757962, "train_accuracy": 0.9827127659574468, "f1_macro": 0.8150032171276813, "pre_macro": 0.8155358918042689, "re_macro": 0.8150999999999999, "best_epoch": 19, "val_loss": 0.5103139089550942, "train_loss": 0.48497137427330017}
{"epoch": 20, "val_accuracy": 0.8158837579617835, "train_accuracy": 0.9830452127659575, "f1_macro": 0.815233547834423, "pre_macro": 0.8157550558065985, "re_macro": 0.8153, "best_epoch": 20, "val_loss": 0.5102635443590249, "train_loss": 0.483149749801514}
{"epoch": 21, "val_accuracy": 0.8157842356687898, "train_accuracy": 0.984375, "f1_macro": 0.8151643149089873, "pre_macro": 0.8156939398142915, "re_macro": 0.8152000000000001, "best_epoch": 20, "val_loss": 0.5102444215185323, "train_loss": 0.481714000093176}
{"epoch": 22, "val_accuracy": 0.8154856687898089, "train_accuracy": 0.9850398936170213, "f1_macro": 0.8149304015787756, "pre_macro": 0.8154965203565933, "re_macro": 0.8149, "best_epoch": 20, "val_loss": 0.5102406607312002, "train_loss": 0.4805734354130765}
{"epoch": 23, "val_accuracy": 0.8152866242038217, "train_accuracy": 0.9850398936170213, "f1_macro": 0.8147668279156118, "pre_macro": 0.8153681284036262, "re_macro": 0.8147, "best_epoch": 20, "val_loss": 0.5102441620295215, "train_loss": 0.47966229218117734}
{"epoch": 24, "val_accuracy": 0.8153861464968153, "train_accuracy": 0.9850398936170213, "f1_macro": 0.8148879542156994, "pre_macro": 0.8154914489343806, "re_macro": 0.8148, "best_epoch": 20, "val_loss": 0.5102507942801069, "train_loss": 0.4789315734771972}
{"epoch": 25, "val_accuracy": 0.815187101910828, "train_accuracy": 0.9850398936170213, "f1_macro": 0.8147064716642983, "pre_macro": 0.8153272789875302, "re_macro": 0.8146000000000001, "best_epoch": 20, "val_loss": 0.5102584325963524, "train_loss": 0.4783438894342869}
{"training time": 32.91721200942993}
