{"epoch": 100, "loss": 0.1366935670375824}
{"epoch": 200, "loss": 0.05992477387189865}
{"epoch": 300, "loss": 0.05303601920604706}
{"epoch": 400, "loss": 0.047720883041620255}
{"epoch": 500, "loss": 0.04338258132338524}
{"epoch": 600, "loss": 0.03999507054686546}
{"epoch": 700, "loss": 0.03738885372877121}
{"epoch": 800, "loss": 0.03533198684453964}
{"epoch": 900, "loss": 0.033607397228479385}
{"epoch": 1000, "loss": 0.032077427953481674}
{"training_time:": "1.8373s", "final_loss": 0.032077427953481674}
