{"epoch": 100, "loss": 7772.99560546875}
{"epoch": 200, "loss": 7770.177734375}
{"epoch": 300, "loss": 7767.7685546875}
{"epoch": 400, "loss": 7764.81884765625}
{"epoch": 500, "loss": 7761.56640625}
{"epoch": 600, "loss": 7758.29833984375}
{"epoch": 700, "loss": 7755.15283203125}
{"epoch": 800, "loss": 7752.150390625}
{"epoch": 900, "loss": 7749.23779296875}
{"epoch": 1000, "loss": 7746.32373046875}
{"training_time:": "1.8599s", "final_loss": 7746.32373046875}
