{"epoch": 1, "val_accuracy": 0.8782842356687898, "train_accuracy": 0.8207668441407224, "f1_macro": 0.8751541316588847, "pre_macro": 0.8850211040428076, "re_macro": 0.8763338442396373, "best_epoch": 1, "val_loss": 0.4073886706903102, "train_loss": 6.757896967137113}
{"epoch": 2, "val_accuracy": 0.8921178343949044, "train_accuracy": 0.9097074468085107, "f1_macro": 0.889889364084542, "pre_macro": 0.8977091467701127, "re_macro": 0.8908448087315302, "best_epoch": 2, "val_loss": 0.35410375279748135, "train_loss": 5.4147169052286355}
{"epoch": 3, "val_accuracy": 0.8928144904458599, "train_accuracy": 0.9310726952045522, "f1_macro": 0.8895975650961138, "pre_macro": 0.9001829066983271, "re_macro": 0.8918483670793609, "best_epoch": 3, "val_loss": 0.3456672707892907, "train_loss": 4.705598973213358}
{"epoch": 4, "val_accuracy": 0.9091361464968153, "train_accuracy": 0.9450132978723405, "f1_macro": 0.9076782088804822, "pre_macro": 0.9128176690435534, "re_macro": 0.9075123494455559, "best_epoch": 4, "val_loss": 0.297874107517919, "train_loss": 4.239047536444157}
{"epoch": 5, "val_accuracy": 0.9140127388535032, "train_accuracy": 0.9553191489361702, "f1_macro": 0.9128263427155169, "pre_macro": 0.9165324845742466, "re_macro": 0.91283887813611, "best_epoch": 5, "val_loss": 0.2755858625825139, "train_loss": 3.913787085959252}
{"epoch": 6, "val_accuracy": 0.9156050955414012, "train_accuracy": 0.9630319148936171, "f1_macro": 0.9140631698745649, "pre_macro": 0.9170224539387652, "re_macro": 0.9148571272550186, "best_epoch": 6, "val_loss": 0.2645559996829196, "train_loss": 3.676529037191513}
{"epoch": 7, "val_accuracy": 0.9174960191082803, "train_accuracy": 0.9688829787234042, "f1_macro": 0.9157578316840024, "pre_macro": 0.9187104879549759, "re_macro": 0.916889218803534, "best_epoch": 7, "val_loss": 0.2582585923433019, "train_loss": 3.4990210573723974}
{"epoch": 8, "val_accuracy": 0.9263535031847133, "train_accuracy": 0.9721409574468085, "f1_macro": 0.9247041782429652, "pre_macro": 0.9261215227424385, "re_macro": 0.925175037913462, "best_epoch": 8, "val_loss": 0.23752433670815198, "train_loss": 3.3635434120259387}
{"epoch": 9, "val_accuracy": 0.9316281847133758, "train_accuracy": 0.9746675531914893, "f1_macro": 0.9302233013743549, "pre_macro": 0.9314268031377535, "re_macro": 0.9301652915201535, "best_epoch": 9, "val_loss": 0.22845192394177816, "train_loss": 3.2568888725118432}
{"epoch": 10, "val_accuracy": 0.9351114649681529, "train_accuracy": 0.9776595744680852, "f1_macro": 0.9337548748874858, "pre_macro": 0.9351351450073194, "re_macro": 0.9334694119501229, "best_epoch": 10, "val_loss": 0.2214389121231095, "train_loss": 3.1729813829381417}
{"epoch": 11, "val_accuracy": 0.9355095541401274, "train_accuracy": 0.979654255319149, "f1_macro": 0.934168537429817, "pre_macro": 0.9356068616466336, "re_macro": 0.9338649559229086, "best_epoch": 11, "val_loss": 0.21595324404466493, "train_loss": 3.1069361209869384}
{"epoch": 12, "val_accuracy": 0.9375995222929936, "train_accuracy": 0.9811170212765957, "f1_macro": 0.9363302598068246, "pre_macro": 0.9376669507684883, "re_macro": 0.9360566199889726, "best_epoch": 12, "val_loss": 0.21295524052801026, "train_loss": 3.0540019806395184}
{"epoch": 13, "val_accuracy": 0.9375995222929936, "train_accuracy": 0.9824468085106383, "f1_macro": 0.9363833606150201, "pre_macro": 0.9375107293485702, "re_macro": 0.9361455523807157, "best_epoch": 12, "val_loss": 0.21023759554929225, "train_loss": 3.010792446136475}
{"epoch": 14, "val_accuracy": 0.9381966560509554, "train_accuracy": 0.9836436170212766, "f1_macro": 0.9370160482755405, "pre_macro": 0.9379364260511951, "re_macro": 0.9367991645575113, "best_epoch": 14, "val_loss": 0.20666186862097236, "train_loss": 2.975654920618585}
{"epoch": 15, "val_accuracy": 0.9399880573248408, "train_accuracy": 0.9850398936170213, "f1_macro": 0.9388389412923098, "pre_macro": 0.9393786174666461, "re_macro": 0.9387244692593774, "best_epoch": 15, "val_loss": 0.2033876876945898, "train_loss": 2.9472640017245677}
{"training time": 50.16177177429199}
