{"epoch": 1, "val_accuracy": 0.4789012738853503, "train_accuracy": 0.3130208343267441, "f1_macro": 0.4453657797959715, "pre_macro": 0.6199266632753765, "re_macro": 0.4711815143547907, "best_epoch": 1, "val_loss": 1.65873169139692, "train_loss": 8.963841342926026}
{"epoch": 2, "val_accuracy": 0.6721735668789809, "train_accuracy": 0.6739583373069763, "f1_macro": 0.6638796684535037, "pre_macro": 0.6958868424454377, "re_macro": 0.6650830619490373, "best_epoch": 2, "val_loss": 1.2038801437730242, "train_loss": 8.11598825454712}
{"epoch": 3, "val_accuracy": 0.7390525477707006, "train_accuracy": 0.834375, "f1_macro": 0.7332097220064963, "pre_macro": 0.7484788767550931, "re_macro": 0.7346021168492165, "best_epoch": 3, "val_loss": 0.9685011716784945, "train_loss": 7.602528047561646}
{"epoch": 4, "val_accuracy": 0.7648288216560509, "train_accuracy": 0.8802083373069763, "f1_macro": 0.7594074595384963, "pre_macro": 0.7664048513346392, "re_macro": 0.7602044004057924, "best_epoch": 4, "val_loss": 0.8440927069657927, "train_loss": 7.342550897598267}
{"epoch": 5, "val_accuracy": 0.7818471337579618, "train_accuracy": 0.8895833373069764, "f1_macro": 0.7769141499630884, "pre_macro": 0.7848695752539695, "re_macro": 0.7776245510715472, "best_epoch": 5, "val_loss": 0.7823481404097976, "train_loss": 7.1738769054412845}
{"epoch": 6, "val_accuracy": 0.7931926751592356, "train_accuracy": 0.9208333373069764, "f1_macro": 0.7884279922052431, "pre_macro": 0.7926317500034893, "re_macro": 0.788902471401536, "best_epoch": 6, "val_loss": 0.7373055595501213, "train_loss": 7.0602575778961185}
{"epoch": 7, "val_accuracy": 0.7960788216560509, "train_accuracy": 0.9427083373069763, "f1_macro": 0.792359343469742, "pre_macro": 0.7971708589445579, "re_macro": 0.7924000742190692, "best_epoch": 7, "val_loss": 0.7143905112507997, "train_loss": 6.9834953308105465}
{"epoch": 8, "val_accuracy": 0.8013535031847133, "train_accuracy": 0.95625, "f1_macro": 0.7971263484636449, "pre_macro": 0.8014552092708189, "re_macro": 0.7972579307845737, "best_epoch": 8, "val_loss": 0.6983482457080464, "train_loss": 6.929077577590943}
{"epoch": 9, "val_accuracy": 0.8050358280254777, "train_accuracy": 0.96875, "f1_macro": 0.8010447447797973, "pre_macro": 0.8051529722658625, "re_macro": 0.8013398445237918, "best_epoch": 9, "val_loss": 0.6860196896988875, "train_loss": 6.888902568817139}
{"epoch": 10, "val_accuracy": 0.8070262738853503, "train_accuracy": 0.9734375, "f1_macro": 0.8031158857198095, "pre_macro": 0.8072038164487537, "re_macro": 0.8033479095647362, "best_epoch": 10, "val_loss": 0.6784777418253528, "train_loss": 6.857333374023438}
{"epoch": 11, "val_accuracy": 0.8077229299363057, "train_accuracy": 0.975, "f1_macro": 0.8038729640243034, "pre_macro": 0.8081315770266831, "re_macro": 0.8040152925978961, "best_epoch": 11, "val_loss": 0.6730522088184479, "train_loss": 6.834815168380738}
{"epoch": 12, "val_accuracy": 0.8083200636942676, "train_accuracy": 0.9765625, "f1_macro": 0.8044391900708938, "pre_macro": 0.8085748547154079, "re_macro": 0.8046457294521963, "best_epoch": 12, "val_loss": 0.6683345347832722, "train_loss": 6.817418956756592}
{"epoch": 13, "val_accuracy": 0.808718152866242, "train_accuracy": 0.978125, "f1_macro": 0.8048938611491403, "pre_macro": 0.8089885119932543, "re_macro": 0.8050886637083288, "best_epoch": 13, "val_loss": 0.6649182849818733, "train_loss": 6.803747463226318}
{"epoch": 14, "val_accuracy": 0.8092157643312102, "train_accuracy": 0.978125, "f1_macro": 0.805406095276361, "pre_macro": 0.8095335689535881, "re_macro": 0.8056010294342053, "best_epoch": 14, "val_loss": 0.6623309509010072, "train_loss": 6.793130159378052}
{"epoch": 15, "val_accuracy": 0.8095143312101911, "train_accuracy": 0.978125, "f1_macro": 0.8057383433027054, "pre_macro": 0.8098377358601411, "re_macro": 0.8059071451529061, "best_epoch": 15, "val_loss": 0.6602221545140454, "train_loss": 6.78471302986145}
{"training time": 17.322431564331055}
