{"epoch": 1, "val_accuracy": 0.8182722929936306, "train_accuracy": 0.58501139853863, "f1_macro": 0.8149865271341886, "pre_macro": 0.8209547506314626, "re_macro": 0.8143492438721598, "best_epoch": 1, "val_loss": 0.6682194776026307, "train_loss": 8.068916199055124}
{"epoch": 2, "val_accuracy": 0.841062898089172, "train_accuracy": 0.8617496211478051, "f1_macro": 0.8383742996667273, "pre_macro": 0.85390754981466, "re_macro": 0.8372769447752704, "best_epoch": 2, "val_loss": 0.5074984161717118, "train_loss": 6.957611641985305}
{"epoch": 3, "val_accuracy": 0.8621616242038217, "train_accuracy": 0.9030680098432176, "f1_macro": 0.8615563204923194, "pre_macro": 0.8707687236068642, "re_macro": 0.8601245704644764, "best_epoch": 3, "val_loss": 0.4381263290003986, "train_loss": 6.596140962965945}
{"epoch": 4, "val_accuracy": 0.8851512738853503, "train_accuracy": 0.9326557758006644, "f1_macro": 0.8834345936790085, "pre_macro": 0.8853862983507437, "re_macro": 0.8833009071078237, "best_epoch": 4, "val_loss": 0.39002461570083713, "train_loss": 6.3526429216912454}
{"epoch": 5, "val_accuracy": 0.8870421974522293, "train_accuracy": 0.943958967290026, "f1_macro": 0.8851483920292897, "pre_macro": 0.8867238864316367, "re_macro": 0.8850023829016985, "best_epoch": 5, "val_loss": 0.3732117365594882, "train_loss": 6.1811138213949}
{"epoch": 6, "val_accuracy": 0.8910230891719745, "train_accuracy": 0.9569718850419876, "f1_macro": 0.888942201758403, "pre_macro": 0.8920277152053604, "re_macro": 0.8888979087953424, "best_epoch": 6, "val_loss": 0.37075167762673206, "train_loss": 6.04946930865024}
{"epoch": 7, "val_accuracy": 0.8884355095541401, "train_accuracy": 0.9636208212122004, "f1_macro": 0.8868782272196631, "pre_macro": 0.8916328884495845, "re_macro": 0.8869622700107213, "best_epoch": 6, "val_loss": 0.37281228934124017, "train_loss": 5.950014976744956}
{"epoch": 8, "val_accuracy": 0.8930135350318471, "train_accuracy": 0.9679901219428854, "f1_macro": 0.8913204218451476, "pre_macro": 0.8948675703142716, "re_macro": 0.8912868842199385, "best_epoch": 8, "val_loss": 0.3610705689283883, "train_loss": 5.869672481049883}
{"epoch": 9, "val_accuracy": 0.8958996815286624, "train_accuracy": 0.9756838920268607, "f1_macro": 0.8942466535348647, "pre_macro": 0.8964154657857157, "re_macro": 0.8942765042493782, "best_epoch": 9, "val_loss": 0.34830554201012587, "train_loss": 5.80182765392547}
{"epoch": 10, "val_accuracy": 0.8958996815286624, "train_accuracy": 0.9789608666237365, "f1_macro": 0.8939985449599194, "pre_macro": 0.8964969572822037, "re_macro": 0.8938925727017031, "best_epoch": 9, "val_loss": 0.3466394393093837, "train_loss": 5.749923756782045}
{"epoch": 11, "val_accuracy": 0.8950039808917197, "train_accuracy": 0.9813354877715416, "f1_macro": 0.8928987067448645, "pre_macro": 0.8959769310142865, "re_macro": 0.8928147577462827, "best_epoch": 9, "val_loss": 0.34741287687971334, "train_loss": 5.711279585006389}
{"epoch": 12, "val_accuracy": 0.8948049363057324, "train_accuracy": 0.9829977218140947, "f1_macro": 0.8926706201581716, "pre_macro": 0.8960070682889464, "re_macro": 0.892599861722189, "best_epoch": 9, "val_loss": 0.34883074726980584, "train_loss": 5.680632652120387}
{"epoch": 13, "val_accuracy": 0.8968949044585988, "train_accuracy": 0.9810030409630309, "f1_macro": 0.8948914848818722, "pre_macro": 0.897456729654729, "re_macro": 0.8949100998001338, "best_epoch": 13, "val_loss": 0.34519242680376505, "train_loss": 5.657357459372663}
{"epoch": 14, "val_accuracy": 0.897890127388535, "train_accuracy": 0.9823328281970735, "f1_macro": 0.8957932356722494, "pre_macro": 0.8973674680790114, "re_macro": 0.8959717683932757, "best_epoch": 14, "val_loss": 0.3396290136252049, "train_loss": 5.63768399015386}
{"epoch": 15, "val_accuracy": 0.9000796178343949, "train_accuracy": 0.983662615431116, "f1_macro": 0.8980422738228089, "pre_macro": 0.8989174757478497, "re_macro": 0.8982789310852567, "best_epoch": 15, "val_loss": 0.3350532023580211, "train_loss": 5.620655780142926}
{"training time": 21.50186038017273}
