{"epoch": 1, "val_accuracy": 0.9211783439490446, "train_accuracy": 0.8822961087420043, "f1_macro": 0.9205448092677194, "pre_macro": 0.9235132021509471, "re_macro": 0.9199520548741512, "best_epoch": 1, "val_loss": 0.25438266198868587, "train_loss": 5.166833815544145}
{"epoch": 2, "val_accuracy": 0.9363057324840764, "train_accuracy": 0.9323027718550106, "f1_macro": 0.9354312544859157, "pre_macro": 0.9375699679289531, "re_macro": 0.935281721144529, "best_epoch": 2, "val_loss": 0.20794314118754711, "train_loss": 3.0357840432287024}
{"epoch": 3, "val_accuracy": 0.9490445859872612, "train_accuracy": 0.947311433901919, "f1_macro": 0.9484253556538638, "pre_macro": 0.949530770245806, "re_macro": 0.9481230148585695, "best_epoch": 3, "val_loss": 0.1705892605908737, "train_loss": 2.2426862747176117}
{"epoch": 4, "val_accuracy": 0.9527269108280255, "train_accuracy": 0.9558901918976546, "f1_macro": 0.9521142363571791, "pre_macro": 0.9531735165130462, "re_macro": 0.9517074154003176, "best_epoch": 4, "val_loss": 0.15642098905400012, "train_loss": 1.8168503928032003}
{"epoch": 5, "val_accuracy": 0.9549164012738853, "train_accuracy": 0.9624200426439232, "f1_macro": 0.9543323632390337, "pre_macro": 0.9552598610967129, "re_macro": 0.954083062262101, "best_epoch": 5, "val_loss": 0.1445503278196475, "train_loss": 1.547489371635258}
{"epoch": 6, "val_accuracy": 0.9599920382165605, "train_accuracy": 0.9672008262260128, "f1_macro": 0.9595006845396549, "pre_macro": 0.960402647601794, "re_macro": 0.9593232794683748, "best_epoch": 6, "val_loss": 0.13393355181861882, "train_loss": 1.362942677571067}
{"epoch": 7, "val_accuracy": 0.9620820063694268, "train_accuracy": 0.9709988006396588, "f1_macro": 0.9616839565167462, "pre_macro": 0.9624883571121536, "re_macro": 0.9615014786048025, "best_epoch": 7, "val_loss": 0.12907500096869648, "train_loss": 1.2306498716126626}
{"epoch": 8, "val_accuracy": 0.9654657643312102, "train_accuracy": 0.9740305170575693, "f1_macro": 0.9651440445132552, "pre_macro": 0.9658004046869927, "re_macro": 0.9649068514308711, "best_epoch": 8, "val_loss": 0.12017116025327497, "train_loss": 1.1333040863211983}
{"epoch": 9, "val_accuracy": 0.9679538216560509, "train_accuracy": 0.9762959754797441, "f1_macro": 0.9676560526459298, "pre_macro": 0.9680804547774416, "re_macro": 0.967480968737811, "best_epoch": 9, "val_loss": 0.1095708147563325, "train_loss": 1.0605480817716513}
{"epoch": 10, "val_accuracy": 0.9705414012738853, "train_accuracy": 0.9783781982942431, "f1_macro": 0.9702523383666477, "pre_macro": 0.9704786683080096, "re_macro": 0.9701152630651088, "best_epoch": 10, "val_loss": 0.10176381076964888, "train_loss": 1.005318841128461}
{"epoch": 11, "val_accuracy": 0.9717356687898089, "train_accuracy": 0.9796608475479744, "f1_macro": 0.971476096377917, "pre_macro": 0.9716612562512653, "re_macro": 0.971348041144027, "best_epoch": 11, "val_loss": 0.09730772567159574, "train_loss": 0.962838669448519}
{"epoch": 12, "val_accuracy": 0.9726313694267515, "train_accuracy": 0.9809434968017058, "f1_macro": 0.972380903170105, "pre_macro": 0.9725578731235046, "re_macro": 0.972256461225605, "best_epoch": 12, "val_loss": 0.09523125873748095, "train_loss": 0.9298671201220962}
{"epoch": 13, "val_accuracy": 0.9732285031847133, "train_accuracy": 0.9821428571428571, "f1_macro": 0.9729745525073634, "pre_macro": 0.973171357880361, "re_macro": 0.972850699187782, "best_epoch": 13, "val_loss": 0.09429339344678506, "train_loss": 0.9041224463916282}
{"epoch": 14, "val_accuracy": 0.9723328025477707, "train_accuracy": 0.9830590351812367, "f1_macro": 0.9720387629769777, "pre_macro": 0.9723108548452899, "re_macro": 0.9718851808441442, "best_epoch": 13, "val_loss": 0.09365808755414454, "train_loss": 0.8839506604778233}
{"epoch": 15, "val_accuracy": 0.9729299363057324, "train_accuracy": 0.9839085820895522, "f1_macro": 0.9726390578006583, "pre_macro": 0.9729081145398828, "re_macro": 0.9724970551539298, "best_epoch": 13, "val_loss": 0.09288655275295067, "train_loss": 0.8681078074075012}
{"training time": 169.5921711921692}
