{"epoch": 1, "val_accuracy": 0.8126990445859873, "train_accuracy": 0.7844016335227273, "f1_macro": 0.8078486373120757, "pre_macro": 0.8207734315432388, "re_macro": 0.8127000000000001, "best_epoch": 1, "val_loss": 0.5205462871083788, "train_loss": 2.523764170028947}
{"epoch": 2, "val_accuracy": 0.8374800955414012, "train_accuracy": 0.8447265625, "f1_macro": 0.8353250593510841, "pre_macro": 0.8411242508370178, "re_macro": 0.8372999999999999, "best_epoch": 2, "val_loss": 0.4437982980043266, "train_loss": 1.1142451084134253}
{"epoch": 3, "val_accuracy": 0.8390724522292994, "train_accuracy": 0.8579323508522727, "f1_macro": 0.8355656024514581, "pre_macro": 0.8427388217605143, "re_macro": 0.8389000000000001, "best_epoch": 3, "val_loss": 0.443074258744337, "train_loss": 0.749301613139158}
{"epoch": 4, "val_accuracy": 0.8433519108280255, "train_accuracy": 0.8678533380681818, "f1_macro": 0.8414407786278181, "pre_macro": 0.8476214318827114, "re_macro": 0.8432000000000001, "best_epoch": 4, "val_loss": 0.4306792217265269, "train_loss": 0.5974703629247167}
{"epoch": 5, "val_accuracy": 0.8414609872611465, "train_accuracy": 0.8744007457386364, "f1_macro": 0.8400829886474537, "pre_macro": 0.8448260990105961, "re_macro": 0.841, "best_epoch": 4, "val_loss": 0.42726640147008715, "train_loss": 0.5227840878069401}
{"epoch": 6, "val_accuracy": 0.8480294585987261, "train_accuracy": 0.8795498934659091, "f1_macro": 0.8469130931053337, "pre_macro": 0.8516162742552821, "re_macro": 0.8473, "best_epoch": 6, "val_loss": 0.4144519731687133, "train_loss": 0.47798384277319367}
{"epoch": 7, "val_accuracy": 0.8517117834394905, "train_accuracy": 0.8848987926136364, "f1_macro": 0.8508282836353388, "pre_macro": 0.8547303537472659, "re_macro": 0.851, "best_epoch": 7, "val_loss": 0.4030728146528742, "train_loss": 0.44768261386674235}
{"epoch": 8, "val_accuracy": 0.8534036624203821, "train_accuracy": 0.8895374644886364, "f1_macro": 0.8526580762549963, "pre_macro": 0.8570080296311182, "re_macro": 0.853, "best_epoch": 8, "val_loss": 0.3955287720747055, "train_loss": 0.4255791543771259}
{"epoch": 9, "val_accuracy": 0.8578821656050956, "train_accuracy": 0.8940873579545454, "f1_macro": 0.8571172582791448, "pre_macro": 0.8603573629231954, "re_macro": 0.8575000000000002, "best_epoch": 9, "val_loss": 0.38329607561515394, "train_loss": 0.4077014163856141}
{"epoch": 10, "val_accuracy": 0.8635549363057324, "train_accuracy": 0.8978826349431818, "f1_macro": 0.862342173961369, "pre_macro": 0.8650429285985917, "re_macro": 0.8632, "best_epoch": 10, "val_loss": 0.37542657668043855, "train_loss": 0.39336732057431206}
{"epoch": 11, "val_accuracy": 0.8652468152866242, "train_accuracy": 0.9013227982954546, "f1_macro": 0.8634944127680448, "pre_macro": 0.8659603381093568, "re_macro": 0.8649000000000001, "best_epoch": 11, "val_loss": 0.36940317662658206, "train_loss": 0.38200472024354065}
{"epoch": 12, "val_accuracy": 0.8690286624203821, "train_accuracy": 0.9043412642045454, "f1_macro": 0.86694686224532, "pre_macro": 0.8689498128354745, "re_macro": 0.8684, "best_epoch": 12, "val_loss": 0.36363045301786656, "train_loss": 0.3730097988789732}
{"epoch": 13, "val_accuracy": 0.8698248407643312, "train_accuracy": 0.9065385298295454, "f1_macro": 0.8678845860899402, "pre_macro": 0.8692584385773214, "re_macro": 0.8692, "best_epoch": 13, "val_loss": 0.35939783825995814, "train_loss": 0.365550494287163}
{"epoch": 14, "val_accuracy": 0.8709195859872612, "train_accuracy": 0.9088689630681818, "f1_macro": 0.8692483979900123, "pre_macro": 0.8704296956006699, "re_macro": 0.8703000000000001, "best_epoch": 14, "val_loss": 0.3563236848563905, "train_loss": 0.35948224120180716}
{"epoch": 15, "val_accuracy": 0.8708200636942676, "train_accuracy": 0.9107111150568182, "f1_macro": 0.8692040468521354, "pre_macro": 0.8703134157416879, "re_macro": 0.8702, "best_epoch": 14, "val_loss": 0.35391571415457757, "train_loss": 0.35447365176779305}
{"epoch": 16, "val_accuracy": 0.8711186305732485, "train_accuracy": 0.9121315696022727, "f1_macro": 0.8696149459414073, "pre_macro": 0.8706502456513375, "re_macro": 0.8705, "best_epoch": 16, "val_loss": 0.35185518462187165, "train_loss": 0.35036712019196287}
{"epoch": 17, "val_accuracy": 0.8716162420382165, "train_accuracy": 0.9133078835227273, "f1_macro": 0.8701539331421528, "pre_macro": 0.8709408667301328, "re_macro": 0.8710000000000001, "best_epoch": 17, "val_loss": 0.35001544208283636, "train_loss": 0.3469553029968996}
{"epoch": 18, "val_accuracy": 0.8725119426751592, "train_accuracy": 0.9139737215909091, "f1_macro": 0.8710729941615428, "pre_macro": 0.8716299155751794, "re_macro": 0.8718999999999999, "best_epoch": 18, "val_loss": 0.34825593271073263, "train_loss": 0.34418421234427526}
{"epoch": 19, "val_accuracy": 0.8732085987261147, "train_accuracy": 0.9147283380681818, "f1_macro": 0.8718082003214261, "pre_macro": 0.8721618132686307, "re_macro": 0.8726, "best_epoch": 19, "val_loss": 0.3467488725473926, "train_loss": 0.34194713460535486}
{"epoch": 20, "val_accuracy": 0.8732085987261147, "train_accuracy": 0.9151944247159091, "f1_macro": 0.8719376154218231, "pre_macro": 0.8721224493134162, "re_macro": 0.8725999999999999, "best_epoch": 19, "val_loss": 0.34562164013552815, "train_loss": 0.3401422879489308}
{"epoch": 21, "val_accuracy": 0.8732085987261147, "train_accuracy": 0.9159046519886364, "f1_macro": 0.8719126707373144, "pre_macro": 0.871989034352684, "re_macro": 0.8725999999999999, "best_epoch": 19, "val_loss": 0.3448526901993782, "train_loss": 0.3386873306113888}
{"epoch": 22, "val_accuracy": 0.8735071656050956, "train_accuracy": 0.9166592684659091, "f1_macro": 0.8722372009839793, "pre_macro": 0.8722597081653479, "re_macro": 0.8728999999999999, "best_epoch": 22, "val_loss": 0.3443530397430347, "train_loss": 0.33751049635677854}
{"epoch": 23, "val_accuracy": 0.87390525477707, "train_accuracy": 0.9168368252840909, "f1_macro": 0.8726211038237184, "pre_macro": 0.8726188564316646, "re_macro": 0.8733000000000001, "best_epoch": 23, "val_loss": 0.34402692147121305, "train_loss": 0.33655303198082204}
{"epoch": 24, "val_accuracy": 0.8749004777070064, "train_accuracy": 0.917236328125, "f1_macro": 0.8735967157735324, "pre_macro": 0.8735805741223486, "re_macro": 0.8743000000000001, "best_epoch": 24, "val_loss": 0.34379061487070317, "train_loss": 0.335769519823688}
{"epoch": 25, "val_accuracy": 0.8751990445859873, "train_accuracy": 0.9175470525568182, "f1_macro": 0.8738898464693134, "pre_macro": 0.8738803777419349, "re_macro": 0.8746, "best_epoch": 25, "val_loss": 0.3435912569806834, "train_loss": 0.3351257396861911}
{"training time": 175.32866024971008}
