{"epoch": 1, "val_accuracy": 0.8184713375796179, "train_accuracy": 0.7979577558635395, "f1_macro": 0.8136136905231485, "pre_macro": 0.8328023969140798, "re_macro": 0.8182, "best_epoch": 1, "val_loss": 0.5051229020972161, "train_loss": 2.138058077679006}
{"epoch": 2, "val_accuracy": 0.8390724522292994, "train_accuracy": 0.8490138592750534, "f1_macro": 0.8349998140172776, "pre_macro": 0.8414504525186114, "re_macro": 0.8389, "best_epoch": 2, "val_loss": 0.45585399581368563, "train_loss": 0.8456270382729675}
{"epoch": 3, "val_accuracy": 0.84375, "train_accuracy": 0.857542643923241, "f1_macro": 0.8401882513990424, "pre_macro": 0.8452007195969001, "re_macro": 0.8432999999999999, "best_epoch": 3, "val_loss": 0.436144686808252, "train_loss": 0.6020776422293201}
{"epoch": 4, "val_accuracy": 0.8497213375796179, "train_accuracy": 0.8661380597014925, "f1_macro": 0.8474897405980544, "pre_macro": 0.8523426884699392, "re_macro": 0.8492999999999998, "best_epoch": 4, "val_loss": 0.42044517265003956, "train_loss": 0.5126011303620044}
{"epoch": 5, "val_accuracy": 0.8540007961783439, "train_accuracy": 0.8734841417910447, "f1_macro": 0.8523986982933259, "pre_macro": 0.8586598892236342, "re_macro": 0.8535999999999999, "best_epoch": 5, "val_loss": 0.4112832655382764, "train_loss": 0.4666840566246748}
{"epoch": 6, "val_accuracy": 0.8557921974522293, "train_accuracy": 0.8793976545842217, "f1_macro": 0.8544100139750451, "pre_macro": 0.8594533034232317, "re_macro": 0.8557, "best_epoch": 6, "val_loss": 0.401736436660882, "train_loss": 0.43573362232525464}
{"epoch": 7, "val_accuracy": 0.86046974522293, "train_accuracy": 0.8841617803837953, "f1_macro": 0.8590434196281231, "pre_macro": 0.8606066453040633, "re_macro": 0.8603999999999999, "best_epoch": 7, "val_loss": 0.38571524790897493, "train_loss": 0.4131957185484453}
{"epoch": 8, "val_accuracy": 0.8647492038216561, "train_accuracy": 0.8898587420042644, "f1_macro": 0.8637011735473713, "pre_macro": 0.8648361291940944, "re_macro": 0.865, "best_epoch": 8, "val_loss": 0.3781944152655875, "train_loss": 0.39484243935295765}
{"epoch": 9, "val_accuracy": 0.865843949044586, "train_accuracy": 0.89457289445629, "f1_macro": 0.8648991392949388, "pre_macro": 0.8662216785462921, "re_macro": 0.8661, "best_epoch": 9, "val_loss": 0.371836410396418, "train_loss": 0.3804011861843341}
{"epoch": 10, "val_accuracy": 0.8680334394904459, "train_accuracy": 0.8983542110874201, "f1_macro": 0.8666029404379051, "pre_macro": 0.8678181207564529, "re_macro": 0.868, "best_epoch": 10, "val_loss": 0.3647066541727941, "train_loss": 0.3684866924815849}
{"epoch": 11, "val_accuracy": 0.8703224522292994, "train_accuracy": 0.9018856609808102, "f1_macro": 0.8678766584985164, "pre_macro": 0.8701942322110527, "re_macro": 0.8703000000000001, "best_epoch": 11, "val_loss": 0.3595766897793788, "train_loss": 0.3587015216220925}
{"epoch": 12, "val_accuracy": 0.8722133757961783, "train_accuracy": 0.9041511194029851, "f1_macro": 0.86859958678113, "pre_macro": 0.8729599048478779, "re_macro": 0.8718999999999999, "best_epoch": 12, "val_loss": 0.3573494647528715, "train_loss": 0.3507232557672427}
{"epoch": 13, "val_accuracy": 0.8716162420382165, "train_accuracy": 0.9072328091684435, "f1_macro": 0.8677421944204772, "pre_macro": 0.8719949561058359, "re_macro": 0.8709999999999999, "best_epoch": 12, "val_loss": 0.3537543066747629, "train_loss": 0.3439223410319418}
{"epoch": 14, "val_accuracy": 0.873109076433121, "train_accuracy": 0.9095815565031983, "f1_macro": 0.8698202824324921, "pre_macro": 0.8731349694857847, "re_macro": 0.8724999999999999, "best_epoch": 14, "val_loss": 0.34836197203131997, "train_loss": 0.3382780311712578}
{"epoch": 15, "val_accuracy": 0.8748009554140127, "train_accuracy": 0.9116970948827292, "f1_macro": 0.87223161069842, "pre_macro": 0.8738139795549624, "re_macro": 0.8742000000000001, "best_epoch": 15, "val_loss": 0.34359807820077154, "train_loss": 0.3334883847184527}
{"epoch": 16, "val_accuracy": 0.8758957006369427, "train_accuracy": 0.9132795842217484, "f1_macro": 0.873854713484814, "pre_macro": 0.8745079637016774, "re_macro": 0.8753, "best_epoch": 16, "val_loss": 0.3400177985999235, "train_loss": 0.32952367566796}
{"epoch": 17, "val_accuracy": 0.8773885350318471, "train_accuracy": 0.9144956023454158, "f1_macro": 0.8757543323680255, "pre_macro": 0.8760873692708071, "re_macro": 0.8768, "best_epoch": 17, "val_loss": 0.33759989470812923, "train_loss": 0.32627037777575346}
{"epoch": 18, "val_accuracy": 0.8775875796178344, "train_accuracy": 0.9153618070362474, "f1_macro": 0.876135716757441, "pre_macro": 0.8763251726513042, "re_macro": 0.877, "best_epoch": 18, "val_loss": 0.3360251173092301, "train_loss": 0.32362820590927655}
{"epoch": 19, "val_accuracy": 0.8784832802547771, "train_accuracy": 0.9163446162046909, "f1_macro": 0.8771407246194682, "pre_macro": 0.8771796867000516, "re_macro": 0.8779, "best_epoch": 19, "val_loss": 0.3348330441553881, "train_loss": 0.3214968096758765}
{"epoch": 20, "val_accuracy": 0.8786823248407644, "train_accuracy": 0.9173274253731343, "f1_macro": 0.8774011123949059, "pre_macro": 0.8773775744886543, "re_macro": 0.8780999999999999, "best_epoch": 20, "val_loss": 0.3338039552520035, "train_loss": 0.31978166827769167}
{"epoch": 21, "val_accuracy": 0.8786823248407644, "train_accuracy": 0.917793843283582, "f1_macro": 0.8774388236492241, "pre_macro": 0.8773897734051392, "re_macro": 0.8781000000000001, "best_epoch": 20, "val_loss": 0.3328889081622385, "train_loss": 0.31840544757939604}
{"epoch": 22, "val_accuracy": 0.8788813694267515, "train_accuracy": 0.9180603678038379, "f1_macro": 0.8776422786221059, "pre_macro": 0.8775614379894435, "re_macro": 0.8783, "best_epoch": 22, "val_loss": 0.3320946479868737, "train_loss": 0.31729989203372233}
{"epoch": 23, "val_accuracy": 0.8793789808917197, "train_accuracy": 0.917977078891258, "f1_macro": 0.878163883305022, "pre_macro": 0.878069239874921, "re_macro": 0.8787999999999998, "best_epoch": 23, "val_loss": 0.33142624700525003, "train_loss": 0.3164064405219896}
{"epoch": 24, "val_accuracy": 0.8801751592356688, "train_accuracy": 0.9182602611940298, "f1_macro": 0.8789770174877332, "pre_macro": 0.8788725139207532, "re_macro": 0.8795999999999999, "best_epoch": 24, "val_loss": 0.3308794646506097, "train_loss": 0.31567860084937327}
{"epoch": 25, "val_accuracy": 0.8807722929936306, "train_accuracy": 0.9184601545842217, "f1_macro": 0.8795689644694837, "pre_macro": 0.8794632772017732, "re_macro": 0.8802, "best_epoch": 25, "val_loss": 0.33044808656926367, "train_loss": 0.3150812797486655}
{"training time": 229.06079697608948}
