{"epoch": 1, "val_accuracy": 0.7905055732484076, "train_accuracy": 0.7284574468085107, "f1_macro": 0.7893593132216351, "pre_macro": 0.8002997102142031, "re_macro": 0.7904, "best_epoch": 1, "val_loss": 0.5847226273102365, "train_loss": 3.5885666755919763}
{"epoch": 2, "val_accuracy": 0.8176751592356688, "train_accuracy": 0.8198359930768926, "f1_macro": 0.8156617728085902, "pre_macro": 0.8217400835680457, "re_macro": 0.8177, "best_epoch": 2, "val_loss": 0.5177880781850998, "train_loss": 2.140441099633562}
{"epoch": 3, "val_accuracy": 0.8210589171974523, "train_accuracy": 0.8437721632896585, "f1_macro": 0.8165768380560904, "pre_macro": 0.8289379694003408, "re_macro": 0.8208, "best_epoch": 3, "val_loss": 0.5044989344800354, "train_loss": 1.6306559400355563}
{"epoch": 4, "val_accuracy": 0.8214570063694268, "train_accuracy": 0.8560283688788718, "f1_macro": 0.8167013382962554, "pre_macro": 0.8274949464585049, "re_macro": 0.8211999999999999, "best_epoch": 4, "val_loss": 0.4952868872387394, "train_loss": 1.3491511182582125}
{"epoch": 5, "val_accuracy": 0.8272292993630573, "train_accuracy": 0.8664893617021276, "f1_macro": 0.8217869998809535, "pre_macro": 0.8351156006605048, "re_macro": 0.827, "best_epoch": 5, "val_loss": 0.48981299142169343, "train_loss": 1.1702270690430987}
{"epoch": 6, "val_accuracy": 0.8324044585987261, "train_accuracy": 0.8709219859001485, "f1_macro": 0.8285749461431061, "pre_macro": 0.8375070201458581, "re_macro": 0.8325000000000001, "best_epoch": 6, "val_loss": 0.4718708486124209, "train_loss": 1.0489611998517463}
{"epoch": 7, "val_accuracy": 0.8392714968152867, "train_accuracy": 0.8755097518575953, "f1_macro": 0.836448236857364, "pre_macro": 0.8425182460158123, "re_macro": 0.8391, "best_epoch": 7, "val_loss": 0.457624107883994, "train_loss": 0.9635147541127307}
{"epoch": 8, "val_accuracy": 0.8428542993630573, "train_accuracy": 0.8803856382978723, "f1_macro": 0.8403865726335251, "pre_macro": 0.8440818009122072, "re_macro": 0.8427, "best_epoch": 8, "val_loss": 0.444538577821604, "train_loss": 0.9002066325634084}
{"epoch": 9, "val_accuracy": 0.8443471337579618, "train_accuracy": 0.8838209220703612, "f1_macro": 0.8420950028025498, "pre_macro": 0.8449439681067092, "re_macro": 0.8442000000000001, "best_epoch": 9, "val_loss": 0.43729290489558204, "train_loss": 0.8532296173115994}
{"epoch": 10, "val_accuracy": 0.8432523885350318, "train_accuracy": 0.8876773050490846, "f1_macro": 0.8413292456421253, "pre_macro": 0.8435903241547796, "re_macro": 0.8431000000000001, "best_epoch": 9, "val_loss": 0.4356994720021631, "train_loss": 0.8163157288064348}
{"epoch": 11, "val_accuracy": 0.8439490445859873, "train_accuracy": 0.8927304965384463, "f1_macro": 0.8423539424427984, "pre_macro": 0.8440872480077155, "re_macro": 0.8437999999999999, "best_epoch": 9, "val_loss": 0.43406860995444524, "train_loss": 0.7880719902667593}
{"epoch": 12, "val_accuracy": 0.8476313694267515, "train_accuracy": 0.8937943263256803, "f1_macro": 0.8459015847579053, "pre_macro": 0.8470393885095385, "re_macro": 0.8474999999999999, "best_epoch": 12, "val_loss": 0.42794428936615114, "train_loss": 0.7659938703192041}
{"epoch": 13, "val_accuracy": 0.848328025477707, "train_accuracy": 0.8963874114320634, "f1_macro": 0.8466191879628117, "pre_macro": 0.847315801653617, "re_macro": 0.8482000000000001, "best_epoch": 13, "val_loss": 0.42366449582348964, "train_loss": 0.7488724051637853}
{"epoch": 14, "val_accuracy": 0.8492237261146497, "train_accuracy": 0.897251773134191, "f1_macro": 0.8475654958376794, "pre_macro": 0.8478624102108986, "re_macro": 0.8491, "best_epoch": 14, "val_loss": 0.4202181276432268, "train_loss": 0.7353161416155227}
{"epoch": 15, "val_accuracy": 0.8500199044585988, "train_accuracy": 0.8995124114320633, "f1_macro": 0.8484432832364558, "pre_macro": 0.8485810550600588, "re_macro": 0.8499000000000001, "best_epoch": 15, "val_loss": 0.4178104265859932, "train_loss": 0.7240946447595636}
{"epoch": 16, "val_accuracy": 0.8516122611464968, "train_accuracy": 0.9016400710065314, "f1_macro": 0.8499865457827477, "pre_macro": 0.8500592502281462, "re_macro": 0.8515, "best_epoch": 16, "val_loss": 0.41623477210664445, "train_loss": 0.7150951667034879}
{"epoch": 17, "val_accuracy": 0.8531050955414012, "train_accuracy": 0.9021054965384463, "f1_macro": 0.851437502087108, "pre_macro": 0.8514281370212778, "re_macro": 0.853, "best_epoch": 17, "val_loss": 0.4149535885851854, "train_loss": 0.7079465120396715}
{"epoch": 18, "val_accuracy": 0.8517117834394905, "train_accuracy": 0.9031693263256804, "f1_macro": 0.8503758579424596, "pre_macro": 0.8501868505914254, "re_macro": 0.8519, "best_epoch": 17, "val_loss": 0.41396699001075354, "train_loss": 0.7020729633087808}
{"epoch": 19, "val_accuracy": 0.8512141719745223, "train_accuracy": 0.9037677305809995, "f1_macro": 0.8499924367998952, "pre_macro": 0.8496817695195873, "re_macro": 0.8514000000000002, "best_epoch": 17, "val_loss": 0.41321410400092984, "train_loss": 0.6973230326429326}
{"epoch": 20, "val_accuracy": 0.8522093949044586, "train_accuracy": 0.904033688027808, "f1_macro": 0.8509364510287893, "pre_macro": 0.850597352182034, "re_macro": 0.8521000000000001, "best_epoch": 17, "val_loss": 0.4126556299294636, "train_loss": 0.6934510593718671}
{"epoch": 21, "val_accuracy": 0.8523089171974523, "train_accuracy": 0.9052083335024246, "f1_macro": 0.8512632942092511, "pre_macro": 0.8509409056360628, "re_macro": 0.8522000000000001, "best_epoch": 17, "val_loss": 0.41227732750640556, "train_loss": 0.6902985993852007}
{"epoch": 22, "val_accuracy": 0.8531050955414012, "train_accuracy": 0.9056072696726373, "f1_macro": 0.8522466833866211, "pre_macro": 0.8519333304999108, "re_macro": 0.8530000000000001, "best_epoch": 17, "val_loss": 0.4120217144109641, "train_loss": 0.6877409770133648}
{"epoch": 23, "val_accuracy": 0.8524084394904459, "train_accuracy": 0.9058067377577437, "f1_macro": 0.85167348514031, "pre_macro": 0.8514055966661989, "re_macro": 0.8523, "best_epoch": 17, "val_loss": 0.41182848545396405, "train_loss": 0.6856700004415309}
{"epoch": 24, "val_accuracy": 0.8524084394904459, "train_accuracy": 0.9063386526513607, "f1_macro": 0.8517244737258582, "pre_macro": 0.8514750743591157, "re_macro": 0.8523, "best_epoch": 17, "val_loss": 0.4116636782315127, "train_loss": 0.6839926790683828}
{"epoch": 25, "val_accuracy": 0.8527070063694268, "train_accuracy": 0.9064051420130628, "f1_macro": 0.8520598995163384, "pre_macro": 0.851814257242949, "re_macro": 0.8526000000000001, "best_epoch": 17, "val_loss": 0.4115219157023035, "train_loss": 0.6826313939500362}
{"training time": 72.05261492729187}
