{"epoch": 1, "val_accuracy": 0.6820262738853503, "train_accuracy": 0.5652545601763623, "f1_macro": 0.688972537337279, "pre_macro": 0.7274033063036698, "re_macro": 0.682, "best_epoch": 1, "val_loss": 0.8354691866856472, "train_loss": 5.003451215459945}
{"epoch": 2, "val_accuracy": 0.7392515923566879, "train_accuracy": 0.7433035716097406, "f1_macro": 0.7430453053424916, "pre_macro": 0.7689936146205932, "re_macro": 0.7389, "best_epoch": 2, "val_loss": 0.7030307172210353, "train_loss": 3.8381191365262297}
{"epoch": 3, "val_accuracy": 0.7554737261146497, "train_accuracy": 0.7882313842469073, "f1_macro": 0.7576758460073758, "pre_macro": 0.7773908770860982, "re_macro": 0.7552, "best_epoch": 3, "val_loss": 0.6607865503259526, "train_loss": 3.3555824350803456}
{"epoch": 4, "val_accuracy": 0.7714968152866242, "train_accuracy": 0.8029540282614688, "f1_macro": 0.7756655198252524, "pre_macro": 0.7900093723350538, "re_macro": 0.7713, "best_epoch": 4, "val_loss": 0.6190156765804169, "train_loss": 3.049854486546618}
{"epoch": 5, "val_accuracy": 0.7740843949044586, "train_accuracy": 0.8250854865033576, "f1_macro": 0.7792373941558514, "pre_macro": 0.7939960296855952, "re_macro": 0.7739, "best_epoch": 5, "val_loss": 0.6086804350470282, "train_loss": 2.8251549538145673}
{"epoch": 6, "val_accuracy": 0.7816480891719745, "train_accuracy": 0.8402830552547536, "f1_macro": 0.7853086154168446, "pre_macro": 0.7969199156549598, "re_macro": 0.7815000000000001, "best_epoch": 6, "val_loss": 0.5898025451572078, "train_loss": 2.6618393938592138}
{"epoch": 7, "val_accuracy": 0.7902070063694268, "train_accuracy": 0.8482617786590089, "f1_macro": 0.7920462367739047, "pre_macro": 0.7982661345419894, "re_macro": 0.7901, "best_epoch": 7, "val_loss": 0.5773504272008397, "train_loss": 2.5480690205350833}
{"epoch": 8, "val_accuracy": 0.7917993630573248, "train_accuracy": 0.8572853347088428, "f1_macro": 0.7937750023149364, "pre_macro": 0.8011011465783637, "re_macro": 0.7917, "best_epoch": 8, "val_loss": 0.5721490819742725, "train_loss": 2.457623436095867}
{"epoch": 9, "val_accuracy": 0.7958797770700637, "train_accuracy": 0.8593275090481373, "f1_macro": 0.7978122162369197, "pre_macro": 0.8039720867581268, "re_macro": 0.7958000000000001, "best_epoch": 9, "val_loss": 0.5658834422849546, "train_loss": 2.390268341023871}
{"epoch": 10, "val_accuracy": 0.7975716560509554, "train_accuracy": 0.8656439984098394, "f1_macro": 0.7981830691475439, "pre_macro": 0.8022059568697675, "re_macro": 0.7975000000000001, "best_epoch": 10, "val_loss": 0.562543456531634, "train_loss": 2.335921328118507}
{"epoch": 11, "val_accuracy": 0.7990644904458599, "train_accuracy": 0.8692534198152259, "f1_macro": 0.7986404994688433, "pre_macro": 0.8014446145559679, "re_macro": 0.7989999999999999, "best_epoch": 11, "val_loss": 0.5551023386466275, "train_loss": 2.2905576736369033}
{"epoch": 12, "val_accuracy": 0.8023487261146497, "train_accuracy": 0.8705832070492684, "f1_macro": 0.8010655241915824, "pre_macro": 0.8026974285317848, "re_macro": 0.8023, "best_epoch": 12, "val_loss": 0.5496659857831943, "train_loss": 2.2527316580427454}
{"epoch": 13, "val_accuracy": 0.8045382165605095, "train_accuracy": 0.8735277361058175, "f1_macro": 0.8027970532280475, "pre_macro": 0.8039834286533949, "re_macro": 0.8045, "best_epoch": 13, "val_loss": 0.5446823239326477, "train_loss": 2.2230903899416012}
{"epoch": 14, "val_accuracy": 0.8050358280254777, "train_accuracy": 0.8768996964109704, "f1_macro": 0.8028796561679373, "pre_macro": 0.8037495822730024, "re_macro": 0.805, "best_epoch": 14, "val_loss": 0.5420985381314709, "train_loss": 2.199466542994722}
{"epoch": 15, "val_accuracy": 0.8059315286624203, "train_accuracy": 0.882883738964162, "f1_macro": 0.8040148341037794, "pre_macro": 0.8045191721599876, "re_macro": 0.8059, "best_epoch": 15, "val_loss": 0.5396865741082817, "train_loss": 2.180066407995021}
{"epoch": 16, "val_accuracy": 0.8054339171974523, "train_accuracy": 0.8858757602407578, "f1_macro": 0.8037878104660516, "pre_macro": 0.8040850314177552, "re_macro": 0.8053999999999999, "best_epoch": 15, "val_loss": 0.5382713918473311, "train_loss": 2.163737819549885}
{"epoch": 17, "val_accuracy": 0.8050358280254777, "train_accuracy": 0.8879179345800522, "f1_macro": 0.8036531912167225, "pre_macro": 0.8037646309728792, "re_macro": 0.8049999999999999, "best_epoch": 15, "val_loss": 0.5372753665325748, "train_loss": 2.150155239916862}
{"epoch": 18, "val_accuracy": 0.8047372611464968, "train_accuracy": 0.8905775090481373, "f1_macro": 0.8037145110009438, "pre_macro": 0.8038297484797153, "re_macro": 0.8046999999999999, "best_epoch": 15, "val_loss": 0.5366647564301825, "train_loss": 2.1392648422971683}
{"epoch": 19, "val_accuracy": 0.8048367834394905, "train_accuracy": 0.8915748494736692, "f1_macro": 0.8039707513190141, "pre_macro": 0.8041135305437331, "re_macro": 0.8048, "best_epoch": 15, "val_loss": 0.5362607810148008, "train_loss": 2.130569102916312}
{"epoch": 20, "val_accuracy": 0.8045382165605095, "train_accuracy": 0.8922397430906904, "f1_macro": 0.8037559488241296, "pre_macro": 0.8039297315374604, "re_macro": 0.8045, "best_epoch": 15, "val_loss": 0.5359690434234158, "train_loss": 2.1236112523586193}
{"epoch": 21, "val_accuracy": 0.8045382165605095, "train_accuracy": 0.8922397430906904, "f1_macro": 0.8038232926997664, "pre_macro": 0.8039958759817782, "re_macro": 0.8045000000000002, "best_epoch": 15, "val_loss": 0.5357486803060884, "train_loss": 2.1180271797991814}
{"epoch": 22, "val_accuracy": 0.8048367834394905, "train_accuracy": 0.8922397430906904, "f1_macro": 0.8041755040782496, "pre_macro": 0.8043833646380628, "re_macro": 0.8048, "best_epoch": 15, "val_loss": 0.535578034485981, "train_loss": 2.113530453215254}
{"epoch": 23, "val_accuracy": 0.8044386942675159, "train_accuracy": 0.8925721898992011, "f1_macro": 0.803867048570466, "pre_macro": 0.8041200004984546, "re_macro": 0.8044, "best_epoch": 15, "val_loss": 0.5354440377396383, "train_loss": 2.1099016133775104}
{"epoch": 24, "val_accuracy": 0.8042396496815286, "train_accuracy": 0.8929046367077117, "f1_macro": 0.8036729837860623, "pre_macro": 0.803911814912986, "re_macro": 0.8042, "best_epoch": 15, "val_loss": 0.5353378655424543, "train_loss": 2.106969102900079}
{"epoch": 25, "val_accuracy": 0.804140127388535, "train_accuracy": 0.8932370835162223, "f1_macro": 0.8035902423349622, "pre_macro": 0.8038244310457017, "re_macro": 0.8041, "best_epoch": 15, "val_loss": 0.5352533406512753, "train_loss": 2.104597106893012}
{"training time": 34.722121715545654}
