{"epoch": 1, "val_accuracy": 0.8644506369426752, "train_accuracy": 0.7687278369639782, "f1_macro": 0.86235899401806, "pre_macro": 0.8694983445663921, "re_macro": 0.8622695388701578, "best_epoch": 1, "val_loss": 0.6561249604650364, "train_loss": 1.1701027347686443}
{"epoch": 2, "val_accuracy": 0.8756966560509554, "train_accuracy": 0.9033687944107868, "f1_macro": 0.8729887219161998, "pre_macro": 0.8822101300969296, "re_macro": 0.8726097455972178, "best_epoch": 2, "val_loss": 0.5179370307618645, "train_loss": 0.5759416450845435}
{"epoch": 3, "val_accuracy": 0.8943073248407644, "train_accuracy": 0.9246232271194458, "f1_macro": 0.8917037628109071, "pre_macro": 0.8942946076940583, "re_macro": 0.8914903921290696, "best_epoch": 3, "val_loss": 0.44150513040412004, "train_loss": 0.4887422357467895}
{"epoch": 4, "val_accuracy": 0.8930135350318471, "train_accuracy": 0.9395833335024245, "f1_macro": 0.8909731893388502, "pre_macro": 0.8931037819559418, "re_macro": 0.8913874058883705, "best_epoch": 3, "val_loss": 0.4573881876696447, "train_loss": 0.43502949831333565}
{"epoch": 5, "val_accuracy": 0.9008757961783439, "train_accuracy": 0.9521941489361702, "f1_macro": 0.8990119457562665, "pre_macro": 0.9004960277160343, "re_macro": 0.899425994071489, "best_epoch": 5, "val_loss": 0.3898854842706091, "train_loss": 0.3937680839224065}
{"epoch": 6, "val_accuracy": 0.9017714968152867, "train_accuracy": 0.964561170212766, "f1_macro": 0.8993572783622856, "pre_macro": 0.9008694115635407, "re_macro": 0.900172831832063, "best_epoch": 6, "val_loss": 0.3767500610393324, "train_loss": 0.34341684370598896}
{"epoch": 7, "val_accuracy": 0.8931130573248408, "train_accuracy": 0.972406914893617, "f1_macro": 0.8912702771312822, "pre_macro": 0.8942492222405021, "re_macro": 0.8919374995865361, "best_epoch": 6, "val_loss": 0.3739524778382034, "train_loss": 0.30532920373247024}
{"epoch": 8, "val_accuracy": 0.902468152866242, "train_accuracy": 0.9809175531914893, "f1_macro": 0.9005275555802339, "pre_macro": 0.9019368548595033, "re_macro": 0.9010172528400583, "best_epoch": 8, "val_loss": 0.33952331813467534, "train_loss": 0.27293402007285583}
{"epoch": 9, "val_accuracy": 0.9084394904458599, "train_accuracy": 0.9866356382978724, "f1_macro": 0.9063055147407288, "pre_macro": 0.9070752448389804, "re_macro": 0.9068915931062562, "best_epoch": 9, "val_loss": 0.3213190892177403, "train_loss": 0.2500382666258102}
{"epoch": 10, "val_accuracy": 0.9112261146496815, "train_accuracy": 0.9907579787234042, "f1_macro": 0.9091094546785208, "pre_macro": 0.9096458338948912, "re_macro": 0.9094722841300497, "best_epoch": 10, "val_loss": 0.3059924021600538, "train_loss": 0.23539612889289857}
{"epoch": 11, "val_accuracy": 0.9148089171974523, "train_accuracy": 0.9936170212765958, "f1_macro": 0.912815347677513, "pre_macro": 0.9133051925895364, "re_macro": 0.9128367588004839, "best_epoch": 11, "val_loss": 0.2902973033369157, "train_loss": 0.22381196681489335}
{"epoch": 12, "val_accuracy": 0.9179936305732485, "train_accuracy": 0.9948138297872341, "f1_macro": 0.9161653379452812, "pre_macro": 0.9166979693714197, "re_macro": 0.9160985722221445, "best_epoch": 12, "val_loss": 0.28195336570215834, "train_loss": 0.21448177390910209}
{"epoch": 13, "val_accuracy": 0.9203821656050956, "train_accuracy": 0.9960771276595745, "f1_macro": 0.9186720476424531, "pre_macro": 0.9191472824462661, "re_macro": 0.9186001209666301, "best_epoch": 13, "val_loss": 0.27828580396143116, "train_loss": 0.20702256458870907}
{"epoch": 14, "val_accuracy": 0.9197850318471338, "train_accuracy": 0.996343085106383, "f1_macro": 0.9181492125533983, "pre_macro": 0.9185104810978967, "re_macro": 0.9181183790695616, "best_epoch": 13, "val_loss": 0.2760586886886199, "train_loss": 0.20115557769511608}
{"epoch": 15, "val_accuracy": 0.9201831210191083, "train_accuracy": 0.9968085106382979, "f1_macro": 0.9185272694856497, "pre_macro": 0.9189146019982039, "re_macro": 0.9185033912170064, "best_epoch": 13, "val_loss": 0.27373257931915057, "train_loss": 0.19649223526741597}
{"training time": 43.647979497909546}
