{"epoch": 100, "loss": 1.9760723114013672}
{"epoch": 200, "loss": 0.9497743844985962}
{"epoch": 300, "loss": 0.6044815182685852}
{"epoch": 400, "loss": 0.5068227052688599}
{"epoch": 500, "loss": 0.44661253690719604}
{"epoch": 600, "loss": 0.40616244077682495}
{"epoch": 700, "loss": 0.3813997209072113}
{"epoch": 800, "loss": 0.36195120215415955}
{"epoch": 900, "loss": 0.3416878283023834}
{"epoch": 1000, "loss": 0.32091715931892395}
{"training_time:": "3.7445s", "final_loss": 0.32091715931892395}
