{"epoch": 1, "val_accuracy": 0.7836385350318471, "train_accuracy": 0.7646421908315565, "f1_macro": 0.7727577911216988, "pre_macro": 0.7753995067044788, "re_macro": 0.7828999999999999, "best_epoch": 1, "val_loss": 0.6665690275514202, "train_loss": 0.9584104316448098}
{"epoch": 2, "val_accuracy": 0.8051353503184714, "train_accuracy": 0.8116004797441365, "f1_macro": 0.8027250060008312, "pre_macro": 0.8036524516864357, "re_macro": 0.8054, "best_epoch": 2, "val_loss": 0.6032419857705474, "train_loss": 0.8341287635028489}
{"epoch": 3, "val_accuracy": 0.807921974522293, "train_accuracy": 0.8279084488272921, "f1_macro": 0.8028161289850733, "pre_macro": 0.8061104896613525, "re_macro": 0.8076000000000001, "best_epoch": 3, "val_loss": 0.5876983711673955, "train_loss": 0.7630454281499899}
{"epoch": 4, "val_accuracy": 0.8184713375796179, "train_accuracy": 0.8404017857142857, "f1_macro": 0.814784898536834, "pre_macro": 0.8156398833645122, "re_macro": 0.8185, "best_epoch": 4, "val_loss": 0.543317808277288, "train_loss": 0.7045798277232185}
{"epoch": 5, "val_accuracy": 0.8231488853503185, "train_accuracy": 0.8498467484008528, "f1_macro": 0.8198219147876976, "pre_macro": 0.820491561468453, "re_macro": 0.8229, "best_epoch": 5, "val_loss": 0.5157164451043317, "train_loss": 0.6547866563108176}
{"epoch": 6, "val_accuracy": 0.828125, "train_accuracy": 0.8587919776119403, "f1_macro": 0.8260205569103821, "pre_macro": 0.8268889947286171, "re_macro": 0.8288, "best_epoch": 6, "val_loss": 0.490266989940291, "train_loss": 0.6107190526815366}
{"epoch": 7, "val_accuracy": 0.8366839171974523, "train_accuracy": 0.8664545575692963, "f1_macro": 0.8341241900632144, "pre_macro": 0.8357854445819297, "re_macro": 0.8371000000000001, "best_epoch": 7, "val_loss": 0.4682999348184865, "train_loss": 0.5735792990114643}
{"epoch": 8, "val_accuracy": 0.8400676751592356, "train_accuracy": 0.8728511460554371, "f1_macro": 0.8383972078927112, "pre_macro": 0.8384968415576106, "re_macro": 0.8402, "best_epoch": 8, "val_loss": 0.4575572239745195, "train_loss": 0.543957878595222}
{"epoch": 9, "val_accuracy": 0.8365843949044586, "train_accuracy": 0.8814798773987207, "f1_macro": 0.8358248208555418, "pre_macro": 0.8355784963190047, "re_macro": 0.837, "best_epoch": 8, "val_loss": 0.4536092187378817, "train_loss": 0.5148026214987993}
{"epoch": 10, "val_accuracy": 0.8386743630573248, "train_accuracy": 0.8898753997867804, "f1_macro": 0.8382321893778016, "pre_macro": 0.8380726059281575, "re_macro": 0.8391, "best_epoch": 8, "val_loss": 0.4476389581230795, "train_loss": 0.48588419843838415}
{"epoch": 11, "val_accuracy": 0.8442476114649682, "train_accuracy": 0.9001532515991472, "f1_macro": 0.8431569855314537, "pre_macro": 0.8429636860427381, "re_macro": 0.8441000000000001, "best_epoch": 11, "val_loss": 0.4428920802796722, "train_loss": 0.460808949811118}
{"epoch": 12, "val_accuracy": 0.8436504777070064, "train_accuracy": 0.9076825692963753, "f1_macro": 0.8425451045548078, "pre_macro": 0.8423540347701113, "re_macro": 0.8435, "best_epoch": 11, "val_loss": 0.4395117317415347, "train_loss": 0.4405984252945446}
{"epoch": 13, "val_accuracy": 0.8455414012738853, "train_accuracy": 0.9124300373134329, "f1_macro": 0.8439654963526267, "pre_macro": 0.8436221325038817, "re_macro": 0.8450999999999999, "best_epoch": 13, "val_loss": 0.4360786564410872, "train_loss": 0.4263506484692539}
{"epoch": 14, "val_accuracy": 0.8481289808917197, "train_accuracy": 0.9172441364605544, "f1_macro": 0.8468564988706729, "pre_macro": 0.8467071734835491, "re_macro": 0.8477, "best_epoch": 14, "val_loss": 0.432823024168136, "train_loss": 0.4147615971278026}
{"epoch": 15, "val_accuracy": 0.8492237261146497, "train_accuracy": 0.9206256663113006, "f1_macro": 0.8480981984912587, "pre_macro": 0.8479937512628132, "re_macro": 0.8488, "best_epoch": 15, "val_loss": 0.4312345358027015, "train_loss": 0.4054298904785978}
{"epoch": 16, "val_accuracy": 0.8512141719745223, "train_accuracy": 0.9231909648187633, "f1_macro": 0.8500997223692822, "pre_macro": 0.8499984234548673, "re_macro": 0.8508000000000001, "best_epoch": 16, "val_loss": 0.4297933557610603, "train_loss": 0.3988218630300656}
{"epoch": 17, "val_accuracy": 0.8514132165605095, "train_accuracy": 0.9247567963752665, "f1_macro": 0.8503622505517342, "pre_macro": 0.8503092779725374, "re_macro": 0.851, "best_epoch": 17, "val_loss": 0.42869940276738183, "train_loss": 0.39286934603442514}
{"epoch": 18, "val_accuracy": 0.8514132165605095, "train_accuracy": 0.9268223614072495, "f1_macro": 0.8504257151319828, "pre_macro": 0.8504215844587664, "re_macro": 0.851, "best_epoch": 17, "val_loss": 0.42780701740152516, "train_loss": 0.38817707789160294}
{"epoch": 19, "val_accuracy": 0.8511146496815286, "train_accuracy": 0.9280883528784648, "f1_macro": 0.850121924785055, "pre_macro": 0.8500942026741631, "re_macro": 0.8507, "best_epoch": 17, "val_loss": 0.42708672554629623, "train_loss": 0.3844466661212287}
{"epoch": 20, "val_accuracy": 0.8516122611464968, "train_accuracy": 0.9293543443496801, "f1_macro": 0.8507359996602444, "pre_macro": 0.8506963394124194, "re_macro": 0.8512000000000001, "best_epoch": 20, "val_loss": 0.42629148104008596, "train_loss": 0.3813894655086847}
{"epoch": 21, "val_accuracy": 0.8511146496815286, "train_accuracy": 0.9301872334754797, "f1_macro": 0.850246550312576, "pre_macro": 0.8501771455913252, "re_macro": 0.8507, "best_epoch": 20, "val_loss": 0.4253812267142496, "train_loss": 0.37887231176341774}
{"epoch": 22, "val_accuracy": 0.8508160828025477, "train_accuracy": 0.9309201759061834, "f1_macro": 0.8499896077031439, "pre_macro": 0.8498775980023417, "re_macro": 0.8504000000000002, "best_epoch": 20, "val_loss": 0.42455146846118247, "train_loss": 0.37682829987901106}
{"epoch": 23, "val_accuracy": 0.8508160828025477, "train_accuracy": 0.9314199093816631, "f1_macro": 0.8499835891473424, "pre_macro": 0.8498632544870974, "re_macro": 0.8504000000000002, "best_epoch": 20, "val_loss": 0.42386848569675617, "train_loss": 0.3751726801048464}
{"epoch": 24, "val_accuracy": 0.8509156050955414, "train_accuracy": 0.9317863805970149, "f1_macro": 0.8500574293706504, "pre_macro": 0.8498885315858745, "re_macro": 0.8504999999999999, "best_epoch": 20, "val_loss": 0.4233335021195138, "train_loss": 0.37382933473599744}
{"epoch": 25, "val_accuracy": 0.8511146496815286, "train_accuracy": 0.9323860607675906, "f1_macro": 0.8501256412571804, "pre_macro": 0.8498732590624389, "re_macro": 0.8507, "best_epoch": 20, "val_loss": 0.4229254681783117, "train_loss": 0.3727396171230243}
{"training time": 218.02664017677307}
{"epoch": 1, "val_accuracy": 0.7882165605095541, "train_accuracy": 0.765674973347548, "f1_macro": 0.7845751295584243, "pre_macro": 0.7859707999236345, "re_macro": 0.7880999999999999, "best_epoch": 1, "val_loss": 0.6981897164302268, "train_loss": 0.9547439143220499}
{"epoch": 2, "val_accuracy": 0.8149880573248408, "train_accuracy": 0.8123500799573561, "f1_macro": 0.8108662644826078, "pre_macro": 0.8108794667806778, "re_macro": 0.8150000000000001, "best_epoch": 2, "val_loss": 0.5635143484279608, "train_loss": 0.8206222805895531}
{"epoch": 3, "val_accuracy": 0.8246417197452229, "train_accuracy": 0.8314398987206824, "f1_macro": 0.8199181640244699, "pre_macro": 0.8206490838048855, "re_macro": 0.8244, "best_epoch": 3, "val_loss": 0.5480028538946893, "train_loss": 0.7513346740686054}
{"epoch": 4, "val_accuracy": 0.8284235668789809, "train_accuracy": 0.8433168976545842, "f1_macro": 0.8261248508005707, "pre_macro": 0.826386089362213, "re_macro": 0.8279, "best_epoch": 4, "val_loss": 0.5170452835833191, "train_loss": 0.6990328411430692}
{"epoch": 5, "val_accuracy": 0.8333996815286624, "train_accuracy": 0.8513626066098081, "f1_macro": 0.83042353350324, "pre_macro": 0.8307641083703239, "re_macro": 0.8329000000000001, "best_epoch": 5, "val_loss": 0.493377465351372, "train_loss": 0.6537091509302033}
{"epoch": 6, "val_accuracy": 0.8367834394904459, "train_accuracy": 0.8582089552238806, "f1_macro": 0.8352104656532464,