{"epoch": 1, "val_accuracy": 0.7024283439490446, "train_accuracy": 0.5505794083818476, "f1_macro": 0.6943093930576525, "pre_macro": 0.6927183607159063, "re_macro": 0.7019, "best_epoch": 1, "val_loss": 1.3313874666857872, "train_loss": 1.799632506167635}
{"epoch": 2, "val_accuracy": 0.7402468152866242, "train_accuracy": 0.7579787246724392, "f1_macro": 0.7290926679007896, "pre_macro": 0.7275845349373977, "re_macro": 0.7402, "best_epoch": 2, "val_loss": 0.9981220079835054, "train_loss": 1.161227525548732}
{"epoch": 3, "val_accuracy": 0.7509952229299363, "train_accuracy": 0.8159194537933837, "f1_macro": 0.746679954411712, "pre_macro": 0.746107928173268, "re_macro": 0.7506999999999999, "best_epoch": 3, "val_loss": 0.8745664806122992, "train_loss": 0.8924902652172332}
{"epoch": 4, "val_accuracy": 0.7613455414012739, "train_accuracy": 0.8496390581130981, "f1_macro": 0.7572987064546647, "pre_macro": 0.7570070932455872, "re_macro": 0.7614000000000001, "best_epoch": 4, "val_loss": 0.7966807936407199, "train_loss": 0.7411906389479942}
{"epoch": 5, "val_accuracy": 0.7640326433121019, "train_accuracy": 0.87485752333986, "f1_macro": 0.7567056315267506, "pre_macro": 0.7575385598622122, "re_macro": 0.7638, "best_epoch": 5, "val_loss": 0.7458903398483422, "train_loss": 0.6482614304157014}
{"epoch": 6, "val_accuracy": 0.7686106687898089, "train_accuracy": 0.8981762921556513, "f1_macro": 0.7627537576537426, "pre_macro": 0.7630502386605708, "re_macro": 0.7684, "best_epoch": 6, "val_loss": 0.7231846366338669, "train_loss": 0.5783618815401768}
{"epoch": 7, "val_accuracy": 0.7730891719745223, "train_accuracy": 0.9212101076511626, "f1_macro": 0.7705811335050201, "pre_macro": 0.7720962752826367, "re_macro": 0.7728999999999999, "best_epoch": 7, "val_loss": 0.6937921459128142, "train_loss": 0.5102969877263333}
{"epoch": 8, "val_accuracy": 0.7768710191082803, "train_accuracy": 0.9340330552547536, "f1_macro": 0.7752326992362757, "pre_macro": 0.7762229597288751, "re_macro": 0.7767, "best_epoch": 8, "val_loss": 0.6759538200630504, "train_loss": 0.46670755617162013}
{"epoch": 9, "val_accuracy": 0.7790605095541401, "train_accuracy": 0.9460011403611366, "f1_macro": 0.777552633067871, "pre_macro": 0.7784912474261871, "re_macro": 0.7789, "best_epoch": 9, "val_loss": 0.6612410843372345, "train_loss": 0.42452482467002056}
{"epoch": 10, "val_accuracy": 0.7806528662420382, "train_accuracy": 0.9556420978079451, "f1_macro": 0.7791324267732708, "pre_macro": 0.7801435820655501, "re_macro": 0.7805, "best_epoch": 10, "val_loss": 0.6523373104204797, "train_loss": 0.3930424020645466}
{"epoch": 11, "val_accuracy": 0.7815485668789809, "train_accuracy": 0.9653305474748003, "f1_macro": 0.7794340848584242, "pre_macro": 0.7802831050248479, "re_macro": 0.7814, "best_epoch": 11, "val_loss": 0.6458888386085535, "train_loss": 0.3660350524364634}
{"epoch": 12, "val_accuracy": 0.7834394904458599, "train_accuracy": 0.9663278879003322, "f1_macro": 0.7814176805751945, "pre_macro": 0.7818564367956965, "re_macro": 0.7833, "best_epoch": 12, "val_loss": 0.640800280555798, "train_loss": 0.35041030417097374}
{"epoch": 13, "val_accuracy": 0.7843351910828026, "train_accuracy": 0.9689874623684173, "f1_macro": 0.7818648964495093, "pre_macro": 0.7816859413639113, "re_macro": 0.7842, "best_epoch": 13, "val_loss": 0.6375808197601586, "train_loss": 0.3407364157920188}
{"epoch": 14, "val_accuracy": 0.7846337579617835, "train_accuracy": 0.9713620835162223, "f1_macro": 0.7815724793797878, "pre_macro": 0.7809045599180263, "re_macro": 0.7845, "best_epoch": 14, "val_loss": 0.6357793191056342, "train_loss": 0.33241041036362345}
{"epoch": 15, "val_accuracy": 0.7836385350318471, "train_accuracy": 0.9747340425531915, "f1_macro": 0.7805020059456668, "pre_macro": 0.7796251035329491, "re_macro": 0.7835, "best_epoch": 14, "val_loss": 0.633404516300578, "train_loss": 0.32366521688217814}
{"epoch": 16, "val_accuracy": 0.7846337579617835, "train_accuracy": 0.9773936170212766, "f1_macro": 0.7816505132356589, "pre_macro": 0.7806489118579476, "re_macro": 0.7845000000000001, "best_epoch": 14, "val_loss": 0.6309418701062537, "train_loss": 0.31599894926903094}
{"epoch": 17, "val_accuracy": 0.7854299363057324, "train_accuracy": 0.9793882978723404, "f1_macro": 0.7829261197387453, "pre_macro": 0.7819884531491494, "re_macro": 0.7853, "best_epoch": 17, "val_loss": 0.6288329535608839, "train_loss": 0.308100883948042}
{"epoch": 18, "val_accuracy": 0.7866242038216561, "train_accuracy": 0.9810505319148937, "f1_macro": 0.7843375921966071, "pre_macro": 0.7833323522400184, "re_macro": 0.7865, "best_epoch": 18, "val_loss": 0.6273057379160717, "train_loss": 0.3013209710095791}
{"epoch": 19, "val_accuracy": 0.788515127388535, "train_accuracy": 0.9817154255319149, "f1_macro": 0.7865027389902408, "pre_macro": 0.7855833143292427, "re_macro": 0.7884, "best_epoch": 19, "val_loss": 0.6263705585033271, "train_loss": 0.2959465390824257}
{"epoch": 20, "val_accuracy": 0.788515127388535, "train_accuracy": 0.9823803191489362, "f1_macro": 0.7866798359369729, "pre_macro": 0.7858942926185393, "re_macro": 0.7884, "best_epoch": 19, "val_loss": 0.6258016460260768, "train_loss": 0.2919219786182363}
{"epoch": 21, "val_accuracy": 0.7886146496815286, "train_accuracy": 0.9833776595744681, "f1_macro": 0.7868990849643374, "pre_macro": 0.786203322665543, "re_macro": 0.7885, "best_epoch": 21, "val_loss": 0.625421917742225, "train_loss": 0.28891726852731503}
{"epoch": 22, "val_accuracy": 0.788515127388535, "train_accuracy": 0.9837101063829787, "f1_macro": 0.7868574694508431, "pre_macro": 0.7861598728416613, "re_macro": 0.7884, "best_epoch": 21, "val_loss": 0.6251505482348667, "train_loss": 0.2866281400969688}
{"epoch": 23, "val_accuracy": 0.7887141719745223, "train_accuracy": 0.9840425531914894, "f1_macro": 0.7871363183526048, "pre_macro": 0.7864976179916843, "re_macro": 0.7886, "best_epoch": 23, "val_loss": 0.6249485429684827, "train_loss": 0.28485520310858464}
{"epoch": 24, "val_accuracy": 0.7891122611464968, "train_accuracy": 0.9840425531914894, "f1_macro": 0.7875787777309593, "pre_macro": 0.7869643330186338, "re_macro": 0.7889999999999999, "best_epoch": 24, "val_loss": 0.624794162003098, "train_loss": 0.28346622338954436}
{"epoch": 25, "val_accuracy": 0.7889132165605095, "train_accuracy": 0.984375, "f1_macro": 0.7873903617284583, "pre_macro": 0.7867881608246927, "re_macro": 0.7888, "best_epoch": 24, "val_loss": 0.6246741011643865, "train_loss": 0.282369002382806}
{"training time": 33.36243438720703}
{"epoch": 1, "val_accuracy": 0.6514729299363057, "train_accuracy": 0.5050341956158901, "f1_macro": 0.6438853351571008, "pre_macro": 0.6486452791140647, "re_macro": 0.6513, "best_epoch": 1, "val_loss": 1.4123300382286121, "train_loss": 1.8460991382598877}
{"epoch": 2, "val_accuracy": 0.7265127388535032, "train_accuracy": 0.7359422496024598, "f1_macro": 0.7194590665725313, "pre_macro": 0.7201649884161687, "re_macro": 0.7266999999999999, "best_epoch": 2, "val_loss": 1.0648619878064296, "train_loss": 1.232032281287173}
{"epoch": 3, "val_accuracy": 0.7449243630573248, "train_accuracy": 0.8015292565873329, "f1_macro": 0.7405989011885751, "pre_macro": 0.7414624668417847, "re_macro": 0.7449, "best_epoch": 3, "val_loss": 0.9220385642568018, "train_loss": 0.9533488014911083}
{"epoch": 4, "val_accuracy": 0.7625398089171974, "train_accuracy": 0.8414703658286561, "f1_macro": 0.7590314770397778, "pre_macro": 0.7585728848036835, "re_macro": 0.7623, "best_epoch": 4, "val_loss": 0.8174400929432766, "train_loss": 0.7915145754814148}
{"epoch": 5, "val_accuracy": 0.7706011146496815, "train_accuracy": 0.878514438233477, "f1_macro": 0.7682029906871589, "pre_macro": 0.7682314534428301, "re_macro": 0.7704, "best_epoch": 5, "val_loss": 0.7641169998296506, "train_loss": 0.6681625779638899}
{"epoch": 6, "val_accuracy": 0.7729896496815286, "train_accuracy": 0.8971314595100728, "f1_macro": 0.7691785525387556, "pre_macro": 0.7680270048603572, "re_macro": 0.7727999999999999, "best_epoch": 6,