{"epoch": 1, "val_accuracy": 0.8913216560509554, "train_accuracy": 0.8546475497159091, "f1_macro": 0.890224636879203, "pre_macro": 0.89823581174108, "re_macro": 0.8913390578489345, "best_epoch": 1, "val_loss": 0.36682559435914275, "train_loss": 5.6611097468571225}
{"epoch": 2, "val_accuracy": 0.9019705414012739, "train_accuracy": 0.9240500710227273, "f1_macro": 0.9002562509916151, "pre_macro": 0.9052957341089662, "re_macro": 0.9012012299849868, "best_epoch": 2, "val_loss": 0.338376978115671, "train_loss": 3.750038832764734}
{"epoch": 3, "val_accuracy": 0.9031648089171974, "train_accuracy": 0.9332386363636364, "f1_macro": 0.9013017441772085, "pre_macro": 0.9048153038525697, "re_macro": 0.9023538548460435, "best_epoch": 3, "val_loss": 0.3514084617138668, "train_loss": 3.0163206959312614}
{"epoch": 4, "val_accuracy": 0.9173964968152867, "train_accuracy": 0.9378995028409091, "f1_macro": 0.9160181965801645, "pre_macro": 0.9195623676896622, "re_macro": 0.9165556242216137, "best_epoch": 4, "val_loss": 0.2945229930055749, "train_loss": 2.5938302515582605}
{"epoch": 5, "val_accuracy": 0.9259554140127388, "train_accuracy": 0.9423828125, "f1_macro": 0.925115381810359, "pre_macro": 0.9281824866196976, "re_macro": 0.9251956470121889, "best_epoch": 5, "val_loss": 0.2612483000774292, "train_loss": 2.299565298652107}
{"epoch": 6, "val_accuracy": 0.9222730891719745, "train_accuracy": 0.9486638849431818, "f1_macro": 0.9210974496099057, "pre_macro": 0.924691532733284, "re_macro": 0.9211484343625669, "best_epoch": 5, "val_loss": 0.27428624959318504, "train_loss": 2.0845320942727}
{"epoch": 7, "val_accuracy": 0.9243630573248408, "train_accuracy": 0.9555442116477273, "f1_macro": 0.9231833235465284, "pre_macro": 0.9269425411410379, "re_macro": 0.9231227711868664, "best_epoch": 5, "val_loss": 0.2633844171383768, "train_loss": 1.9192788785492831}
{"epoch": 8, "val_accuracy": 0.9205812101910829, "train_accuracy": 0.9599387428977273, "f1_macro": 0.9193649225546942, "pre_macro": 0.9246292419714782, "re_macro": 0.9193294761248065, "best_epoch": 5, "val_loss": 0.27442614181311265, "train_loss": 1.7982592841779643}
{"epoch": 9, "val_accuracy": 0.9179936305732485, "train_accuracy": 0.9642666903409091, "f1_macro": 0.9162686865685732, "pre_macro": 0.9213831931837901, "re_macro": 0.9165878418387899, "best_epoch": 5, "val_loss": 0.2747842633420495, "train_loss": 1.7047542792490937}
{"epoch": 10, "val_accuracy": 0.9316281847133758, "train_accuracy": 0.9661532315340909, "f1_macro": 0.9304247816367747, "pre_macro": 0.9328687993193154, "re_macro": 0.9303323302962353, "best_epoch": 10, "val_loss": 0.23687144050932235, "train_loss": 1.6295476714995774}
{"epoch": 11, "val_accuracy": 0.9446656050955414, "train_accuracy": 0.969970703125, "f1_macro": 0.9436311343279309, "pre_macro": 0.9447999633995326, "re_macro": 0.9433349628298705, "best_epoch": 11, "val_loss": 0.19634794074875914, "train_loss": 1.5675914013250307}
{"epoch": 12, "val_accuracy": 0.9505374203821656, "train_accuracy": 0.9734330610795454, "f1_macro": 0.9495660386563575, "pre_macro": 0.9500577279694591, "re_macro": 0.9494251828008397, "best_epoch": 12, "val_loss": 0.17329770140349865, "train_loss": 1.518147090788592}
{"epoch": 13, "val_accuracy": 0.9529259554140127, "train_accuracy": 0.9753639914772727, "f1_macro": 0.9519722429193429, "pre_macro": 0.9523542770909387, "re_macro": 0.9518477698026017, "best_epoch": 13, "val_loss": 0.16239046109662314, "train_loss": 1.4791416320949793}
{"epoch": 14, "val_accuracy": 0.9543192675159236, "train_accuracy": 0.9769176136363636, "f1_macro": 0.9534198942760128, "pre_macro": 0.9537194946607805, "re_macro": 0.9533387741432622, "best_epoch": 14, "val_loss": 0.15555046671989617, "train_loss": 1.4480902036143974}
{"epoch": 15, "val_accuracy": 0.9553144904458599, "train_accuracy": 0.9779163707386364, "f1_macro": 0.9544772262314417, "pre_macro": 0.9547145803748032, "re_macro": 0.954448891324645, "best_epoch": 15, "val_loss": 0.15146094881543878, "train_loss": 1.4232578026977452}
{"training time": 111.28743815422058}
