{"epoch": 1, "val_accuracy": 0.7139729299363057, "train_accuracy": 0.5058890581130981, "f1_macro": 0.7005393971985407, "pre_macro": 0.738123055590987, "re_macro": 0.7070229237769784, "best_epoch": 1, "val_loss": 1.4946409813158072, "train_loss": 8.313755045545863}
{"epoch": 2, "val_accuracy": 0.8142914012738853, "train_accuracy": 0.8155870069848731, "f1_macro": 0.8054759220929075, "pre_macro": 0.824608628795, "re_macro": 0.8102348582973089, "best_epoch": 2, "val_loss": 1.047927184469381, "train_loss": 7.346782684326172}
{"epoch": 3, "val_accuracy": 0.8443471337579618, "train_accuracy": 0.897653876466954, "f1_macro": 0.8400870735878305, "pre_macro": 0.8522496255789097, "re_macro": 0.8403574703997213, "best_epoch": 3, "val_loss": 0.8490077262851083, "train_loss": 6.762124518130688}
{"epoch": 4, "val_accuracy": 0.8545979299363057, "train_accuracy": 0.9343180098432176, "f1_macro": 0.8511998594085555, "pre_macro": 0.8629320232518477, "re_macro": 0.8506729522046858, "best_epoch": 4, "val_loss": 0.7221273709634307, "train_loss": 6.415456315304371}
{"epoch": 5, "val_accuracy": 0.8735071656050956, "train_accuracy": 0.9486607148292217, "f1_macro": 0.8710395815478449, "pre_macro": 0.8742175536858138, "re_macro": 0.8710582764341069, "best_epoch": 5, "val_loss": 0.6269947098698586, "train_loss": 6.169971679119354}
{"epoch": 6, "val_accuracy": 0.8773885350318471, "train_accuracy": 0.9682750765313494, "f1_macro": 0.8754785704625341, "pre_macro": 0.8779455573083478, "re_macro": 0.8748598416610518, "best_epoch": 6, "val_loss": 0.5810753535123387, "train_loss": 5.983868872865718}
{"epoch": 7, "val_accuracy": 0.8741042993630573, "train_accuracy": 0.9780110196864351, "f1_macro": 0.8729644083395044, "pre_macro": 0.8772195881335169, "re_macro": 0.8722225553789317, "best_epoch": 6, "val_loss": 0.5534326748293676, "train_loss": 5.852267417501896}
{"epoch": 8, "val_accuracy": 0.8794785031847133, "train_accuracy": 0.983947568751396, "f1_macro": 0.8772567166015349, "pre_macro": 0.8797216641532668, "re_macro": 0.8776148715804861, "best_epoch": 8, "val_loss": 0.5181388678444419, "train_loss": 5.756744019528653}
{"epoch": 9, "val_accuracy": 0.882265127388535, "train_accuracy": 0.9869395900279918, "f1_macro": 0.87998398742299, "pre_macro": 0.8823301300421903, "re_macro": 0.8803205525755157, "best_epoch": 9, "val_loss": 0.5045719029037816, "train_loss": 5.681284163860565}
{"epoch": 10, "val_accuracy": 0.8829617834394905, "train_accuracy": 0.9889342708790556, "f1_macro": 0.8804789404203459, "pre_macro": 0.883275686685797, "re_macro": 0.8809424110885079, "best_epoch": 10, "val_loss": 0.48980782271190815, "train_loss": 5.627156409811466}
{"epoch": 11, "val_accuracy": 0.8834593949044586, "train_accuracy": 0.9906439984098394, "f1_macro": 0.8809818463897885, "pre_macro": 0.8838422862803006, "re_macro": 0.881475081877762, "best_epoch": 11, "val_loss": 0.4781467337517222, "train_loss": 5.5838073466686495}
{"epoch": 12, "val_accuracy": 0.8857484076433121, "train_accuracy": 0.9940159574468085, "f1_macro": 0.8834645045896465, "pre_macro": 0.8854400647819821, "re_macro": 0.8838866921650658, "best_epoch": 12, "val_loss": 0.46634461137519523, "train_loss": 5.54694938659668}
{"epoch": 13, "val_accuracy": 0.8865445859872612, "train_accuracy": 0.9950132978723404, "f1_macro": 0.8843363789818379, "pre_macro": 0.8860305391702159, "re_macro": 0.884692133808807, "best_epoch": 13, "val_loss": 0.4618488684011872, "train_loss": 5.518149264315341}
{"epoch": 14, "val_accuracy": 0.8876393312101911, "train_accuracy": 0.995345744680851, "f1_macro": 0.8854875939742367, "pre_macro": 0.8873638688533759, "re_macro": 0.8857905524318154, "best_epoch": 14, "val_loss": 0.45916656760653113, "train_loss": 5.497716579031437}
{"epoch": 15, "val_accuracy": 0.8869426751592356, "train_accuracy": 0.9956781914893617, "f1_macro": 0.8848075447344893, "pre_macro": 0.8868727091057487, "re_macro": 0.885089251531976, "best_epoch": 14, "val_loss": 0.45638347587957506, "train_loss": 5.482423234493174}
{"training time": 18.558792114257812}
