{"epoch": 1, "val_accuracy": 0.8719148089171974, "train_accuracy": 0.77788120584285, "f1_macro": 0.8698189715084459, "pre_macro": 0.8742748695920263, "re_macro": 0.8700642490565752, "best_epoch": 1, "val_loss": 0.5980044929844559, "train_loss": 6.952424865073346}
{"epoch": 2, "val_accuracy": 0.897890127388535, "train_accuracy": 0.9108377659574468, "f1_macro": 0.895994768538339, "pre_macro": 0.9011393100232779, "re_macro": 0.8951917260540017, "best_epoch": 2, "val_loss": 0.3760635104433746, "train_loss": 5.3770430990990175}
{"epoch": 3, "val_accuracy": 0.910031847133758, "train_accuracy": 0.938031914893617, "f1_macro": 0.908070490528121, "pre_macro": 0.9128859834491598, "re_macro": 0.9072658030206355, "best_epoch": 3, "val_loss": 0.3486840284079503, "train_loss": 4.691382308716469}
{"epoch": 4, "val_accuracy": 0.9231687898089171, "train_accuracy": 0.9554521276595744, "f1_macro": 0.9217834686411701, "pre_macro": 0.9231358808207014, "re_macro": 0.9213183127291333, "best_epoch": 4, "val_loss": 0.3019505496474968, "train_loss": 4.26661065284242}
{"epoch": 5, "val_accuracy": 0.9242635350318471, "train_accuracy": 0.9634530143534884, "f1_macro": 0.922708607907721, "pre_macro": 0.9244332762119623, "re_macro": 0.9226081130084168, "best_epoch": 5, "val_loss": 0.27636988634231746, "train_loss": 3.9685203278318366}
{"epoch": 6, "val_accuracy": 0.9230692675159236, "train_accuracy": 0.9733599292471053, "f1_macro": 0.9214050272398955, "pre_macro": 0.9227039464504025, "re_macro": 0.9218399943920902, "best_epoch": 5, "val_loss": 0.2682125581914832, "train_loss": 3.744892718944144}
{"epoch": 7, "val_accuracy": 0.9153065286624203, "train_accuracy": 0.9786790781832756, "f1_macro": 0.9136062643090138, "pre_macro": 0.9166673369415228, "re_macro": 0.9144806545782067, "best_epoch": 5, "val_loss": 0.29154487808418883, "train_loss": 3.5751413984501617}
{"epoch": 8, "val_accuracy": 0.919187898089172, "train_accuracy": 0.9841755319148936, "f1_macro": 0.9177805004545491, "pre_macro": 0.9199495410521086, "re_macro": 0.9186599627632142, "best_epoch": 5, "val_loss": 0.271537333679427, "train_loss": 3.4441522699721316}
{"epoch": 9, "val_accuracy": 0.9333200636942676, "train_accuracy": 0.9870345744680851, "f1_macro": 0.9319520085784635, "pre_macro": 0.9322523092091457, "re_macro": 0.9323811663748909, "best_epoch": 9, "val_loss": 0.22927806871664372, "train_loss": 3.338442630970732}
{"epoch": 10, "val_accuracy": 0.9347133757961783, "train_accuracy": 0.9903590425531915, "f1_macro": 0.9334812732155171, "pre_macro": 0.934085529372447, "re_macro": 0.9335999317222358, "best_epoch": 10, "val_loss": 0.21667972379690334, "train_loss": 3.253928007978074}
{"epoch": 11, "val_accuracy": 0.934812898089172, "train_accuracy": 0.9920877659574469, "f1_macro": 0.9336852402056447, "pre_macro": 0.9346367574604028, "re_macro": 0.9336894804601424, "best_epoch": 11, "val_loss": 0.2135385604112581, "train_loss": 3.1862830943249643}
{"epoch": 12, "val_accuracy": 0.9386942675159236, "train_accuracy": 0.9934175531914894, "f1_macro": 0.9374886964034719, "pre_macro": 0.9382126094030158, "re_macro": 0.9373875069603104, "best_epoch": 12, "val_loss": 0.20605647406736566, "train_loss": 3.1323176647754427}
{"epoch": 13, "val_accuracy": 0.941281847133758, "train_accuracy": 0.9948138297872341, "f1_macro": 0.9400469903073635, "pre_macro": 0.9408118891258906, "re_macro": 0.9398595759880832, "best_epoch": 13, "val_loss": 0.20297109315492165, "train_loss": 3.088675285907502}
{"epoch": 14, "val_accuracy": 0.9400875796178344, "train_accuracy": 0.9956781914893617, "f1_macro": 0.938830039966543, "pre_macro": 0.9395682845205305, "re_macro": 0.9386084655886974, "best_epoch": 13, "val_loss": 0.20102160914569714, "train_loss": 3.053489532876522}
{"epoch": 15, "val_accuracy": 0.9404856687898089, "train_accuracy": 0.996343085106383, "f1_macro": 0.9393246532569741, "pre_macro": 0.9399962996266786, "re_macro": 0.9390886935618894, "best_epoch": 13, "val_loss": 0.19802396869061478, "train_loss": 3.024553682449016}
{"training time": 46.213491678237915}
