{"epoch": 1, "val_accuracy": 0.9070461783439491, "train_accuracy": 0.8731843017057569, "f1_macro": 0.9053152761954916, "pre_macro": 0.9142402285271813, "re_macro": 0.9041987407246422, "best_epoch": 1, "val_loss": 0.32429671278045435, "train_loss": 5.254303986583945}
{"epoch": 2, "val_accuracy": 0.9169984076433121, "train_accuracy": 0.918043710021322, "f1_macro": 0.9156727620523066, "pre_macro": 0.9171954699031222, "re_macro": 0.9157207369886986, "best_epoch": 2, "val_loss": 0.3031488308908453, "train_loss": 3.3348453944680023}
{"epoch": 3, "val_accuracy": 0.8942078025477707, "train_accuracy": 0.9276552505330491, "f1_macro": 0.8958084216177813, "pre_macro": 0.9051032954308613, "re_macro": 0.894155226396696, "best_epoch": 2, "val_loss": 0.3584768867986217, "train_loss": 2.5974237695177482}
{"epoch": 4, "val_accuracy": 0.9182921974522293, "train_accuracy": 0.9380663646055437, "f1_macro": 0.9170582035426496, "pre_macro": 0.9192026804594005, "re_macro": 0.9179166490422022, "best_epoch": 4, "val_loss": 0.281775273216568, "train_loss": 2.165455784497739}
{"epoch": 5, "val_accuracy": 0.9306329617834395, "train_accuracy": 0.9455457089552238, "f1_macro": 0.929705014197666, "pre_macro": 0.9310252980027773, "re_macro": 0.9300455265539638, "best_epoch": 5, "val_loss": 0.23944617166023724, "train_loss": 1.883453732106223}
{"epoch": 6, "val_accuracy": 0.9373009554140127, "train_accuracy": 0.9519256396588486, "f1_macro": 0.9362288725790349, "pre_macro": 0.9372435517782153, "re_macro": 0.9364502530505969, "best_epoch": 6, "val_loss": 0.2158983487600259, "train_loss": 1.687894245200574}
{"epoch": 7, "val_accuracy": 0.9421775477707006, "train_accuracy": 0.9560567697228145, "f1_macro": 0.9412083591349066, "pre_macro": 0.9416626116968813, "re_macro": 0.9415117799511348, "best_epoch": 7, "val_loss": 0.19820165948550791, "train_loss": 1.5464531750058823}
{"epoch": 8, "val_accuracy": 0.946656050955414, "train_accuracy": 0.9623200959488273, "f1_macro": 0.9457967631353631, "pre_macro": 0.9461388467961825, "re_macro": 0.9459665764284523, "best_epoch": 8, "val_loss": 0.18168013007231767, "train_loss": 1.4360772777976258}
{"epoch": 9, "val_accuracy": 0.9502388535031847, "train_accuracy": 0.9656349946695096, "f1_macro": 0.9494132195128939, "pre_macro": 0.9497199906220496, "re_macro": 0.9494855650882048, "best_epoch": 9, "val_loss": 0.1747486917005413, "train_loss": 1.3527681167954322}
{"epoch": 10, "val_accuracy": 0.9491441082802548, "train_accuracy": 0.9677338752665245, "f1_macro": 0.948294203877318, "pre_macro": 0.9487356117010595, "re_macro": 0.9485176605737771, "best_epoch": 9, "val_loss": 0.1796711309854487, "train_loss": 1.2891054698653313}
{"epoch": 11, "val_accuracy": 0.9505374203821656, "train_accuracy": 0.9697994402985075, "f1_macro": 0.9497211970620663, "pre_macro": 0.9501877434042395, "re_macro": 0.9498780884751465, "best_epoch": 11, "val_loss": 0.17456502228334642, "train_loss": 1.238535999616326}
{"epoch": 12, "val_accuracy": 0.9567078025477707, "train_accuracy": 0.9716817697228145, "f1_macro": 0.9560346247406883, "pre_macro": 0.95628216614259, "re_macro": 0.9559942506303785, "best_epoch": 12, "val_loss": 0.15590035644875969, "train_loss": 1.1982833801556243}
{"epoch": 13, "val_accuracy": 0.9581011146496815, "train_accuracy": 0.9735307835820896, "f1_macro": 0.9574434137478793, "pre_macro": 0.9576304512316556, "re_macro": 0.9573565876835183, "best_epoch": 13, "val_loss": 0.14657130004292365, "train_loss": 1.1655779900327166}
{"epoch": 14, "val_accuracy": 0.9592953821656051, "train_accuracy": 0.9748634061833689, "f1_macro": 0.9586811529907472, "pre_macro": 0.9588196337671114, "re_macro": 0.9586128977737577, "best_epoch": 14, "val_loss": 0.1409666421052045, "train_loss": 1.1390462186036587}
{"epoch": 15, "val_accuracy": 0.9605891719745223, "train_accuracy": 0.9763126332622601, "f1_macro": 0.9600093763492262, "pre_macro": 0.9601437447739025, "re_macro": 0.9599402266827216, "best_epoch": 15, "val_loss": 0.1364391098854838, "train_loss": 1.1174893707100517}
{"training time": 144.31522703170776}
