{"epoch": 1, "val_accuracy": 0.3564888535031847, "train_accuracy": 0.21927083432674407, "f1_macro": 0.2941353700883741, "pre_macro": 0.44108545775355096, "re_macro": 0.3441740094376661, "best_epoch": 1, "val_loss": 2.0397214616180226, "train_loss": 8.848699855804444}
{"epoch": 2, "val_accuracy": 0.5238853503184714, "train_accuracy": 0.5854166686534882, "f1_macro": 0.4684098521770662, "pre_macro": 0.5845894459341695, "re_macro": 0.5120175596954936, "best_epoch": 2, "val_loss": 1.8682561027016609, "train_loss": 8.378422832489013}
{"epoch": 3, "val_accuracy": 0.5980294585987261, "train_accuracy": 0.7755208373069763, "f1_macro": 0.564324133843007, "pre_macro": 0.6226592973283187, "re_macro": 0.588115852991804, "best_epoch": 3, "val_loss": 1.7745884907473424, "train_loss": 8.085068225860596}
{"epoch": 4, "val_accuracy": 0.6407245222929936, "train_accuracy": 0.8104166686534882, "f1_macro": 0.6073454854101914, "pre_macro": 0.6618992708945394, "re_macro": 0.6306833705526245, "best_epoch": 4, "val_loss": 1.6576235537316388, "train_loss": 7.906381607055664}
{"epoch": 5, "val_accuracy": 0.6838176751592356, "train_accuracy": 0.8786458373069763, "f1_macro": 0.6643831467522275, "pre_macro": 0.7054780258736836, "re_macro": 0.6745750107409446, "best_epoch": 5, "val_loss": 1.5767742015753583, "train_loss": 7.7296265125274655}
{"epoch": 6, "val_accuracy": 0.6930732484076433, "train_accuracy": 0.8927083373069763, "f1_macro": 0.6714070885829287, "pre_macro": 0.720454670667903, "re_macro": 0.6845489866022036, "best_epoch": 6, "val_loss": 1.4855413300216578, "train_loss": 7.584621715545654}
{"epoch": 7, "val_accuracy": 0.70203025477707, "train_accuracy": 0.9270833373069763, "f1_macro": 0.6830233571223147, "pre_macro": 0.7246378587716927, "re_macro": 0.6936771443717067, "best_epoch": 7, "val_loss": 1.4258310908724547, "train_loss": 7.457415580749512}
{"epoch": 8, "val_accuracy": 0.7186504777070064, "train_accuracy": 0.9427083373069763, "f1_macro": 0.7006669563108449, "pre_macro": 0.7385700079793815, "re_macro": 0.710676891839231, "best_epoch": 8, "val_loss": 1.3777888208437876, "train_loss": 7.307261037826538}
{"epoch": 9, "val_accuracy": 0.7294984076433121, "train_accuracy": 0.9546875, "f1_macro": 0.7154065441653972, "pre_macro": 0.7429018538310286, "re_macro": 0.7225775074897175, "best_epoch": 9, "val_loss": 1.347846236198571, "train_loss": 7.224082374572754}
{"epoch": 10, "val_accuracy": 0.7341759554140127, "train_accuracy": 0.9640625, "f1_macro": 0.7203218693047373, "pre_macro": 0.747789935041662, "re_macro": 0.7271037773370158, "best_epoch": 10, "val_loss": 1.323296164251437, "train_loss": 7.159451627731324}
{"epoch": 11, "val_accuracy": 0.7369625796178344, "train_accuracy": 0.9671875, "f1_macro": 0.7239381231754842, "pre_macro": 0.7480475645875265, "re_macro": 0.7302682339630513, "best_epoch": 11, "val_loss": 1.3098324142443907, "train_loss": 7.112431287765503}
{"epoch": 12, "val_accuracy": 0.7387539808917197, "train_accuracy": 0.9671875, "f1_macro": 0.7259991961967204, "pre_macro": 0.7495384190125332, "re_macro": 0.732022005715585, "best_epoch": 12, "val_loss": 1.2975553129888644, "train_loss": 7.078646039962768}
{"epoch": 13, "val_accuracy": 0.741640127388535, "train_accuracy": 0.9734375, "f1_macro": 0.7294941678405399, "pre_macro": 0.752118738006897, "re_macro": 0.7350583631328013, "best_epoch": 13, "val_loss": 1.2885700935011457, "train_loss": 7.052051782608032}
{"epoch": 14, "val_accuracy": 0.7431329617834395, "train_accuracy": 0.975, "f1_macro": 0.7313635924824045, "pre_macro": 0.7531638173906983, "re_macro": 0.7366470350371297, "best_epoch": 14, "val_loss": 1.2815858049757163, "train_loss": 7.031596994400024}
{"epoch": 15, "val_accuracy": 0.7440286624203821, "train_accuracy": 0.975, "f1_macro": 0.7323609691220677, "pre_macro": 0.7538385359408831, "re_macro": 0.7375774770142818, "best_epoch": 15, "val_loss": 1.2760504309538823, "train_loss": 7.015578365325927}
{"training time": 15.836020708084106}
