{"epoch": 1, "val_accuracy": 0.9076433121019108, "train_accuracy": 0.8700526385927505, "f1_macro": 0.9060477952260966, "pre_macro": 0.909977640919941, "re_macro": 0.9063367779324665, "best_epoch": 1, "val_loss": 0.3032534991266431, "train_loss": 0.7412844508377983}
{"epoch": 2, "val_accuracy": 0.921875, "train_accuracy": 0.9214752132196162, "f1_macro": 0.9207819740089143, "pre_macro": 0.9231315188805362, "re_macro": 0.9209417447997656, "best_epoch": 2, "val_loss": 0.25043839916800426, "train_loss": 0.4920472830279804}
{"epoch": 3, "val_accuracy": 0.9268511146496815, "train_accuracy": 0.9352845149253731, "f1_macro": 0.9258829220181832, "pre_macro": 0.9279653413550903, "re_macro": 0.9260159800433027, "best_epoch": 3, "val_loss": 0.23184690474396108, "train_loss": 0.42228968544746004}
{"epoch": 4, "val_accuracy": 0.93859474522293, "train_accuracy": 0.9428471481876333, "f1_macro": 0.9378476217504342, "pre_macro": 0.9387788905486503, "re_macro": 0.9379021730635586, "best_epoch": 4, "val_loss": 0.19962476066960272, "train_loss": 0.3840286066886713}
{"epoch": 5, "val_accuracy": 0.9443670382165605, "train_accuracy": 0.9500932835820896, "f1_macro": 0.9436444931572705, "pre_macro": 0.944302503077586, "re_macro": 0.9436041690629636, "best_epoch": 5, "val_loss": 0.1837423284045735, "train_loss": 0.3575469175063725}
{"epoch": 6, "val_accuracy": 0.9499402866242038, "train_accuracy": 0.9544909381663113, "f1_macro": 0.9492976637343233, "pre_macro": 0.9499419029850242, "re_macro": 0.9491117516287548, "best_epoch": 6, "val_loss": 0.17053183561463833, "train_loss": 0.3381289826559105}
{"epoch": 7, "val_accuracy": 0.9535230891719745, "train_accuracy": 0.9584221748400853, "f1_macro": 0.9529199706658418, "pre_macro": 0.9532956895402738, "re_macro": 0.952785763602191, "best_epoch": 7, "val_loss": 0.15973926321336418, "train_loss": 0.32254802694579937}
{"epoch": 8, "val_accuracy": 0.955015923566879, "train_accuracy": 0.9622368070362474, "f1_macro": 0.9544161700964799, "pre_macro": 0.9545886390953802, "re_macro": 0.9544539687424758, "best_epoch": 8, "val_loss": 0.1552129400164411, "train_loss": 0.3102534741703381}
{"epoch": 9, "val_accuracy": 0.957703025477707, "train_accuracy": 0.9653018390191898, "f1_macro": 0.9571203983332325, "pre_macro": 0.9571970433516643, "re_macro": 0.9572131488865926, "best_epoch": 9, "val_loss": 0.1501612788078132, "train_loss": 0.3003715885791189}
{"epoch": 10, "val_accuracy": 0.9581011146496815, "train_accuracy": 0.9679337686567164, "f1_macro": 0.9575309347824199, "pre_macro": 0.9575948694083263, "re_macro": 0.9576041988064727, "best_epoch": 10, "val_loss": 0.14662936357128772, "train_loss": 0.2923147856140696}
{"epoch": 11, "val_accuracy": 0.9582006369426752, "train_accuracy": 0.9696495202558635, "f1_macro": 0.9576081346590122, "pre_macro": 0.9577180545701702, "re_macro": 0.9576574613014278, "best_epoch": 11, "val_loss": 0.14457358939240977, "train_loss": 0.2858228916361896}
{"epoch": 12, "val_accuracy": 0.9582006369426752, "train_accuracy": 0.9712486673773987, "f1_macro": 0.9576110852085584, "pre_macro": 0.9577965467854301, "re_macro": 0.957612941926528, "best_epoch": 11, "val_loss": 0.14300359231212242, "train_loss": 0.28068245661411206}
{"epoch": 13, "val_accuracy": 0.9592953821656051, "train_accuracy": 0.9722814498933902, "f1_macro": 0.9587397967314955, "pre_macro": 0.9590106428684203, "re_macro": 0.9586980725422489, "best_epoch": 13, "val_loss": 0.14164026878821623, "train_loss": 0.2765820836588772}
{"epoch": 14, "val_accuracy": 0.9589968152866242, "train_accuracy": 0.9734474946695096, "f1_macro": 0.9584026977333684, "pre_macro": 0.9586756398134894, "re_macro": 0.9583550260478905, "best_epoch": 13, "val_loss": 0.14019040871340377, "train_loss": 0.2732663676619276}
{"epoch": 15, "val_accuracy": 0.9599920382165605, "train_accuracy": 0.9744802771855011, "f1_macro": 0.9594051372629734, "pre_macro": 0.9596392040703371, "re_macro": 0.9593696990918721, "best_epoch": 15, "val_loss": 0.13880478529330748, "train_loss": 0.2705898699698164}
{"training time": 142.62357115745544}
