{"epoch": 1, "val_accuracy": 0.47870222929936307, "train_accuracy": 0.27552083432674407, "f1_macro": 0.4262920532067236, "pre_macro": 0.5357904001663789, "re_macro": 0.4653553395086468, "best_epoch": 1, "val_loss": 1.7378473509648802, "train_loss": 2.519913911819458}
{"epoch": 2, "val_accuracy": 0.6159434713375797, "train_accuracy": 0.6744791686534881, "f1_macro": 0.6087419990461453, "pre_macro": 0.675522392363914, "re_macro": 0.60812660291901, "best_epoch": 2, "val_loss": 1.292930032417273, "train_loss": 1.7188872337341308}
{"epoch": 3, "val_accuracy": 0.7123805732484076, "train_accuracy": 0.7994791686534881, "f1_macro": 0.7032686062470723, "pre_macro": 0.7142532946332902, "re_macro": 0.705657598531085, "best_epoch": 3, "val_loss": 1.052417594536095, "train_loss": 1.3050116896629333}
{"epoch": 4, "val_accuracy": 0.7449243630573248, "train_accuracy": 0.8557291686534881, "f1_macro": 0.7320255408355172, "pre_macro": 0.7444840912798296, "re_macro": 0.7375990674219504, "best_epoch": 4, "val_loss": 0.9252166949260007, "train_loss": 1.0918875813484192}
{"epoch": 5, "val_accuracy": 0.7560708598726115, "train_accuracy": 0.8911458373069763, "f1_macro": 0.7495260367083876, "pre_macro": 0.75829198245694, "re_macro": 0.7506225706596928, "best_epoch": 5, "val_loss": 0.865901312820471, "train_loss": 0.9369813799858093}
{"epoch": 6, "val_accuracy": 0.7648288216560509, "train_accuracy": 0.9098958373069763, "f1_macro": 0.7572477082609002, "pre_macro": 0.7625906386769775, "re_macro": 0.7592553642280873, "best_epoch": 6, "val_loss": 0.8209383635763909, "train_loss": 0.8477738201618195}
{"epoch": 7, "val_accuracy": 0.7753781847133758, "train_accuracy": 0.9333333373069763, "f1_macro": 0.7694722471871944, "pre_macro": 0.7740475243222185, "re_macro": 0.7703527892733929, "best_epoch": 7, "val_loss": 0.7932480095298426, "train_loss": 0.7815940916538239}
{"epoch": 8, "val_accuracy": 0.7772691082802548, "train_accuracy": 0.9458333373069763, "f1_macro": 0.7712539140880812, "pre_macro": 0.776102065408083, "re_macro": 0.7722541934496012, "best_epoch": 8, "val_loss": 0.7731185690232902, "train_loss": 0.7397116303443909}
{"epoch": 9, "val_accuracy": 0.7814490445859873, "train_accuracy": 0.9609375, "f1_macro": 0.7761793447962151, "pre_macro": 0.7809148425818778, "re_macro": 0.7768305657301657, "best_epoch": 9, "val_loss": 0.7621716776281405, "train_loss": 0.7083781480789184}
{"epoch": 10, "val_accuracy": 0.7828423566878981, "train_accuracy": 0.9640625, "f1_macro": 0.7773824582792257, "pre_macro": 0.7821118763322141, "re_macro": 0.7780638580859222, "best_epoch": 10, "val_loss": 0.7530490564312905, "train_loss": 0.6859231412410736}
{"epoch": 11, "val_accuracy": 0.7844347133757962, "train_accuracy": 0.965625, "f1_macro": 0.7793218024569165, "pre_macro": 0.7838143322107023, "re_macro": 0.7798523497108023, "best_epoch": 11, "val_loss": 0.7460003202887857, "train_loss": 0.6696036040782929}
{"epoch": 12, "val_accuracy": 0.7868232484076433, "train_accuracy": 0.9703125, "f1_macro": 0.7817662546426414, "pre_macro": 0.7864099101895121, "re_macro": 0.782256280001333, "best_epoch": 12, "val_loss": 0.7408677827400766, "train_loss": 0.6572995066642762}
{"epoch": 13, "val_accuracy": 0.7867237261146497, "train_accuracy": 0.975, "f1_macro": 0.7816679364185037, "pre_macro": 0.7864135719472329, "re_macro": 0.7821563061352212, "best_epoch": 12, "val_loss": 0.7370961371121133, "train_loss": 0.647977077960968}
{"epoch": 14, "val_accuracy": 0.7881170382165605, "train_accuracy": 0.975, "f1_macro": 0.783177667482167, "pre_macro": 0.7879355588731933, "re_macro": 0.7836193459159666, "best_epoch": 14, "val_loss": 0.7340387125873262, "train_loss": 0.6406626343727112}
{"epoch": 15, "val_accuracy": 0.7889132165605095, "train_accuracy": 0.975, "f1_macro": 0.7840497787956707, "pre_macro": 0.788794299169367, "re_macro": 0.7844335333418722, "best_epoch": 15, "val_loss": 0.7315893594626408, "train_loss": 0.6349265873432159}
{"training time": 17.831209897994995}
