{"epoch": 1, "val_accuracy": 0.806031050955414, "train_accuracy": 0.6243351076511626, "f1_macro": 0.8036228424510752, "pre_macro": 0.8146690933990002, "re_macro": 0.8024786243638979, "best_epoch": 1, "val_loss": 0.6766289896835946, "train_loss": 1.606117973936365}
{"epoch": 2, "val_accuracy": 0.8461385350318471, "train_accuracy": 0.8577602594456775, "f1_macro": 0.8451562245092894, "pre_macro": 0.8556471524362094, "re_macro": 0.8438292470317414, "best_epoch": 2, "val_loss": 0.5041098256304766, "train_loss": 0.856943316916202}
{"epoch": 3, "val_accuracy": 0.8616640127388535, "train_accuracy": 0.9126614750699794, "f1_macro": 0.8605641100869228, "pre_macro": 0.8658194721504152, "re_macro": 0.8594631625498252, "best_epoch": 3, "val_loss": 0.4457144239430974, "train_loss": 0.7074274902648114}
{"epoch": 4, "val_accuracy": 0.8716162420382165, "train_accuracy": 0.9333206694176857, "f1_macro": 0.8705001061374478, "pre_macro": 0.8737511657202163, "re_macro": 0.8699095650812355, "best_epoch": 4, "val_loss": 0.41996768705404486, "train_loss": 0.6412525088229077}
{"epoch": 5, "val_accuracy": 0.8710191082802548, "train_accuracy": 0.9430091190845409, "f1_macro": 0.869818025917161, "pre_macro": 0.8741187271777434, "re_macro": 0.8698891656984784, "best_epoch": 4, "val_loss": 0.4151401019589916, "train_loss": 0.5932026270856249}
{"epoch": 6, "val_accuracy": 0.8778861464968153, "train_accuracy": 0.9533149701483706, "f1_macro": 0.8768730816275576, "pre_macro": 0.880279973643432, "re_macro": 0.8771051293273558, "best_epoch": 6, "val_loss": 0.39956515437810664, "train_loss": 0.5662936511191916}
{"epoch": 7, "val_accuracy": 0.884156050955414, "train_accuracy": 0.9586341190845409, "f1_macro": 0.8830541740729704, "pre_macro": 0.8849218388862491, "re_macro": 0.8832566747792298, "best_epoch": 7, "val_loss": 0.3831077148295512, "train_loss": 0.542701080124429}
{"epoch": 8, "val_accuracy": 0.8850517515923567, "train_accuracy": 0.9630034198152259, "f1_macro": 0.8836494171031468, "pre_macro": 0.8871278403730128, "re_macro": 0.8837688082723121, "best_epoch": 8, "val_loss": 0.3843003641339434, "train_loss": 0.5239263703214362}
{"epoch": 9, "val_accuracy": 0.8809713375796179, "train_accuracy": 0.9677051686226054, "f1_macro": 0.880049002157695, "pre_macro": 0.8864890301654519, "re_macro": 0.8801663987622771, "best_epoch": 8, "val_loss": 0.39221071822058623, "train_loss": 0.5120911851842352}
{"epoch": 10, "val_accuracy": 0.8827627388535032, "train_accuracy": 0.9713620835162223, "f1_macro": 0.881867128811215, "pre_macro": 0.8871327302838867, "re_macro": 0.8820004010990493, "best_epoch": 8, "val_loss": 0.38663241821252237, "train_loss": 0.49973812255453554}
{"epoch": 11, "val_accuracy": 0.8854498407643312, "train_accuracy": 0.9750189984098394, "f1_macro": 0.8839620388500607, "pre_macro": 0.8872475429115478, "re_macro": 0.8840271224492653, "best_epoch": 11, "val_loss": 0.3790332817110666, "train_loss": 0.4877631493071292}
{"epoch": 12, "val_accuracy": 0.8854498407643312, "train_accuracy": 0.976348785643882, "f1_macro": 0.8838426320811511, "pre_macro": 0.8872633973752595, "re_macro": 0.8838539057241419, "best_epoch": 11, "val_loss": 0.37636320810219287, "train_loss": 0.4796008841788515}
{"epoch": 13, "val_accuracy": 0.8872412420382165, "train_accuracy": 0.9770136792609032, "f1_macro": 0.8853421639617516, "pre_macro": 0.8884985358165247, "re_macro": 0.885365692547053, "best_epoch": 13, "val_loss": 0.3729016400019454, "train_loss": 0.47476827083749973}
{"epoch": 14, "val_accuracy": 0.888734076433121, "train_accuracy": 0.9780110196864351, "f1_macro": 0.8864409318858122, "pre_macro": 0.8890045390333142, "re_macro": 0.8865627891674999, "best_epoch": 14, "val_loss": 0.36827451951659407, "train_loss": 0.4707843521808056}
{"epoch": 15, "val_accuracy": 0.8900278662420382, "train_accuracy": 0.979008360111967, "f1_macro": 0.8880051829258371, "pre_macro": 0.8898163456856836, "re_macro": 0.888198006756526, "best_epoch": 15, "val_loss": 0.36399855881122645, "train_loss": 0.46666971863584317}
{"training time": 23.126434087753296}
