{"epoch": 1, "val_accuracy": 0.9015724522292994, "train_accuracy": 0.8604181463068182, "f1_macro": 0.8993005085848992, "pre_macro": 0.904238195984988, "re_macro": 0.9001055992085167, "best_epoch": 1, "val_loss": 0.33367269652284637, "train_loss": 0.7891692513684657}
{"epoch": 2, "val_accuracy": 0.9121218152866242, "train_accuracy": 0.9197665127840909, "f1_macro": 0.9106598524733152, "pre_macro": 0.9150062372766552, "re_macro": 0.9111460758542826, "best_epoch": 2, "val_loss": 0.2877396929795575, "train_loss": 0.5231689997017384}
{"epoch": 3, "val_accuracy": 0.9216759554140127, "train_accuracy": 0.9334383877840909, "f1_macro": 0.9204877322914742, "pre_macro": 0.9240498816474547, "re_macro": 0.9207243062692465, "best_epoch": 3, "val_loss": 0.25783760387711463, "train_loss": 0.4448750788261267}
{"epoch": 4, "val_accuracy": 0.9298367834394905, "train_accuracy": 0.9422496448863636, "f1_macro": 0.9290082174014479, "pre_macro": 0.9323228239820436, "re_macro": 0.9287545701971769, "best_epoch": 4, "val_loss": 0.2291709402528633, "train_loss": 0.4011021581139754}
{"epoch": 5, "val_accuracy": 0.9345143312101911, "train_accuracy": 0.9498401988636364, "f1_macro": 0.9338689867895722, "pre_macro": 0.9367979240809416, "re_macro": 0.9335231386710585, "best_epoch": 5, "val_loss": 0.21401796136407336, "train_loss": 0.37088346504606307}
{"epoch": 6, "val_accuracy": 0.940187101910828, "train_accuracy": 0.9546342329545454, "f1_macro": 0.9396700197652403, "pre_macro": 0.9414501707161562, "re_macro": 0.9391509867474597, "best_epoch": 6, "val_loss": 0.1973413496491778, "train_loss": 0.34987183355472307}
{"epoch": 7, "val_accuracy": 0.9438694267515924, "train_accuracy": 0.9587624289772727, "f1_macro": 0.9433950829495382, "pre_macro": 0.9445330065189763, "re_macro": 0.9429542702626197, "best_epoch": 7, "val_loss": 0.18390655401311104, "train_loss": 0.3337173079860143}
{"epoch": 8, "val_accuracy": 0.9473527070063694, "train_accuracy": 0.9613591974431818, "f1_macro": 0.9468302670654559, "pre_macro": 0.9475769978195169, "re_macro": 0.9465546527611007, "best_epoch": 8, "val_loss": 0.17526830028991697, "train_loss": 0.32141816861588846}
{"epoch": 9, "val_accuracy": 0.9508359872611465, "train_accuracy": 0.9645774147727273, "f1_macro": 0.9502592976626151, "pre_macro": 0.9507640829899742, "re_macro": 0.9500495447343699, "best_epoch": 9, "val_loss": 0.1685117198373814, "train_loss": 0.310974197906696}
{"epoch": 10, "val_accuracy": 0.9538216560509554, "train_accuracy": 0.9670854048295454, "f1_macro": 0.9531924919762131, "pre_macro": 0.953575377437778, "re_macro": 0.953021289443593, "best_epoch": 10, "val_loss": 0.16283586256467042, "train_loss": 0.3025441338646818}
{"epoch": 11, "val_accuracy": 0.9553144904458599, "train_accuracy": 0.9695712002840909, "f1_macro": 0.954617045034022, "pre_macro": 0.954913695769223, "re_macro": 0.9544825220856004, "best_epoch": 11, "val_loss": 0.1583777100832504, "train_loss": 0.29572202102281153}
{"epoch": 12, "val_accuracy": 0.9552149681528662, "train_accuracy": 0.9713023792613636, "f1_macro": 0.9545384229188935, "pre_macro": 0.9547593256988897, "re_macro": 0.9544307297689221, "best_epoch": 11, "val_loss": 0.15564990352696864, "train_loss": 0.29018425378440454}
{"epoch": 13, "val_accuracy": 0.9557125796178344, "train_accuracy": 0.9730557528409091, "f1_macro": 0.9550664707739862, "pre_macro": 0.9552472173355513, "re_macro": 0.9549836535920825, "best_epoch": 13, "val_loss": 0.15388989827898183, "train_loss": 0.28574433442289854}
{"epoch": 14, "val_accuracy": 0.9562101910828026, "train_accuracy": 0.9737215909090909, "f1_macro": 0.9555764266862139, "pre_macro": 0.9557586690114874, "re_macro": 0.9554954521242994, "best_epoch": 14, "val_loss": 0.15327721979219916, "train_loss": 0.2820754176302051}
{"epoch": 15, "val_accuracy": 0.9564092356687898, "train_accuracy": 0.9746315696022727, "f1_macro": 0.9557864250052809, "pre_macro": 0.9559622170785078, "re_macro": 0.9557062041324291, "best_epoch": 15, "val_loss": 0.15238882571601184, "train_loss": 0.2791492860679599}
{"training time": 110.2413341999054}
