{"epoch": 1, "val_accuracy": 0.556827229299363, "train_accuracy": 0.38802083730697634, "f1_macro": 0.5518923336210597, "pre_macro": 0.6099118592308089, "re_macro": 0.5568, "best_epoch": 1, "val_loss": 1.2965177441858182, "train_loss": 2.249128007888794}
{"epoch": 2, "val_accuracy": 0.6914808917197452, "train_accuracy": 0.7177083373069764, "f1_macro": 0.6802092238279013, "pre_macro": 0.6818789526997449, "re_macro": 0.6912, "best_epoch": 2, "val_loss": 0.9548282201882381, "train_loss": 1.3453429698944093}
{"epoch": 3, "val_accuracy": 0.7142714968152867, "train_accuracy": 0.8130208373069763, "f1_macro": 0.7072857500491868, "pre_macro": 0.7109823606756854, "re_macro": 0.7138000000000001, "best_epoch": 3, "val_loss": 0.8483924254490312, "train_loss": 1.0544275522232056}
{"epoch": 4, "val_accuracy": 0.7329816878980892, "train_accuracy": 0.8703125, "f1_macro": 0.729589111045045, "pre_macro": 0.7291135781653795, "re_macro": 0.7325999999999999, "best_epoch": 4, "val_loss": 0.7889545464971263, "train_loss": 0.8706050753593445}
{"epoch": 5, "val_accuracy": 0.7379578025477707, "train_accuracy": 0.9140625, "f1_macro": 0.7347561525659583, "pre_macro": 0.7345447799659492, "re_macro": 0.7373000000000001, "best_epoch": 5, "val_loss": 0.7689025876628366, "train_loss": 0.7591202855110168}
{"epoch": 6, "val_accuracy": 0.7426353503184714, "train_accuracy": 0.9453125, "f1_macro": 0.7391886850006161, "pre_macro": 0.7388067258670021, "re_macro": 0.7423, "best_epoch": 6, "val_loss": 0.7573697967514111, "train_loss": 0.6881951987743378}
{"epoch": 7, "val_accuracy": 0.745421974522293, "train_accuracy": 0.9703125, "f1_macro": 0.7424449838904486, "pre_macro": 0.7421702981234546, "re_macro": 0.7448, "best_epoch": 7, "val_loss": 0.7489474273411332, "train_loss": 0.640624213218689}
{"epoch": 8, "val_accuracy": 0.7477109872611465, "train_accuracy": 0.9765625, "f1_macro": 0.7447897993238087, "pre_macro": 0.7446367564467175, "re_macro": 0.7471, "best_epoch": 8, "val_loss": 0.7426306311112301, "train_loss": 0.6107631742954254}
{"epoch": 9, "val_accuracy": 0.7474124203821656, "train_accuracy": 0.9796875, "f1_macro": 0.7446528533393634, "pre_macro": 0.7445664283902571, "re_macro": 0.7468, "best_epoch": 8, "val_loss": 0.7387558273069418, "train_loss": 0.5895691245794297}
{"epoch": 10, "val_accuracy": 0.7477109872611465, "train_accuracy": 0.98125, "f1_macro": 0.7450277030865142, "pre_macro": 0.7449979346299034, "re_macro": 0.7471, "best_epoch": 8, "val_loss": 0.7361941094611101, "train_loss": 0.5747865229845047}
{"epoch": 11, "val_accuracy": 0.7485071656050956, "train_accuracy": 0.984375, "f1_macro": 0.7458879939778097, "pre_macro": 0.7459353235218588, "re_macro": 0.7479, "best_epoch": 11, "val_loss": 0.7342122517953253, "train_loss": 0.564107820391655}
{"epoch": 12, "val_accuracy": 0.7486066878980892, "train_accuracy": 0.9859375, "f1_macro": 0.7459975287923474, "pre_macro": 0.7460387583013876, "re_macro": 0.748, "best_epoch": 12, "val_loss": 0.7327256567159276, "train_loss": 0.5560322135686875}
{"epoch": 13, "val_accuracy": 0.7492038216560509, "train_accuracy": 0.9859375, "f1_macro": 0.7466818340990685, "pre_macro": 0.7467939174696416, "re_macro": 0.7485999999999999, "best_epoch": 13, "val_loss": 0.7315254655613261, "train_loss": 0.5498871445655823}
{"epoch": 14, "val_accuracy": 0.7497014331210191, "train_accuracy": 0.9859375, "f1_macro": 0.747183857818772, "pre_macro": 0.7473171601866191, "re_macro": 0.7491000000000001, "best_epoch": 14, "val_loss": 0.7305214317740908, "train_loss": 0.5451275944709778}
{"epoch": 15, "val_accuracy": 0.7499004777070064, "train_accuracy": 0.9875, "f1_macro": 0.7474133123671917, "pre_macro": 0.7475536333079028, "re_macro": 0.7493000000000001, "best_epoch": 15, "val_loss": 0.7297306930183605, "train_loss": 0.5413886070251465}
{"epoch": 16, "val_accuracy": 0.7501990445859873, "train_accuracy": 0.9875, "f1_macro": 0.7477522886806944, "pre_macro": 0.747921605363476, "re_macro": 0.7495999999999999, "best_epoch": 16, "val_loss": 0.7291056844079571, "train_loss": 0.5384306579828262}
{"epoch": 17, "val_accuracy": 0.7500995222929936, "train_accuracy": 0.9875, "f1_macro": 0.7477103434261146, "pre_macro": 0.7479227432276019, "re_macro": 0.7495, "best_epoch": 16, "val_loss": 0.7285998150421555, "train_loss": 0.5360777795314788}
{"epoch": 18, "val_accuracy": 0.7500995222929936, "train_accuracy": 0.9875, "f1_macro": 0.7477232722020523, "pre_macro": 0.7479588223393889, "re_macro": 0.7495, "best_epoch": 16, "val_loss": 0.7281891126541575, "train_loss": 0.5341973185539246}
{"epoch": 19, "val_accuracy": 0.7503980891719745, "train_accuracy": 0.9875, "f1_macro": 0.7480022409405025, "pre_macro": 0.7482340087582023, "re_macro": 0.7497999999999999, "best_epoch": 19, "val_loss": 0.7278570642896519, "train_loss": 0.5326887875795364}
{"epoch": 20, "val_accuracy": 0.7505971337579618, "train_accuracy": 0.9875, "f1_macro": 0.7482058748836793, "pre_macro": 0.7484478408775342, "re_macro": 0.7499999999999999, "best_epoch": 20, "val_loss": 0.7275889198871175, "train_loss": 0.5314753979444504}
{"epoch": 21, "val_accuracy": 0.7506966560509554, "train_accuracy": 0.9875, "f1_macro": 0.7483027688717351, "pre_macro": 0.7485543927868857, "re_macro": 0.7501, "best_epoch": 21, "val_loss": 0.727372100778446, "train_loss": 0.5304975926876068}
{"epoch": 22, "val_accuracy": 0.7505971337579618, "train_accuracy": 0.9875, "f1_macro": 0.7481735140006337, "pre_macro": 0.7483971209357051, "re_macro": 0.75, "best_epoch": 21, "val_loss": 0.7271965859801905, "train_loss": 0.5297085374593735}
{"epoch": 23, "val_accuracy": 0.7504976114649682, "train_accuracy": 0.9875, "f1_macro": 0.7480841695439409, "pre_macro": 0.748306582497667, "re_macro": 0.7499, "best_epoch": 21, "val_loss": 0.7270543953036047, "train_loss": 0.5290710896253585}
{"epoch": 24, "val_accuracy": 0.7503980891719745, "train_accuracy": 0.9875, "f1_macro": 0.7479877518358629, "pre_macro": 0.7482084480901265, "re_macro": 0.7497999999999999, "best_epoch": 21, "val_loss": 0.7269391850301414, "train_loss": 0.5285557627677917}
{"epoch": 25, "val_accuracy": 0.7504976114649682, "train_accuracy": 0.9875, "f1_macro": 0.7480841695439409, "pre_macro": 0.748306582497667, "re_macro": 0.7499, "best_epoch": 21, "val_loss": 0.7268458209979306, "train_loss": 0.5281389772891998}
{"training time": 25.466362714767456}
