{"epoch": 1, "val_accuracy": 0.8365843949044586, "train_accuracy": 0.8212286780383795, "f1_macro": 0.834617825667847, "pre_macro": 0.8446436548966748, "re_macro": 0.8366999999999999, "best_epoch": 1, "val_loss": 0.4514479908593901, "train_loss": 0.8106434061519627}
{"epoch": 2, "val_accuracy": 0.8535031847133758, "train_accuracy": 0.8688199626865671, "f1_macro": 0.8519406665499047, "pre_macro": 0.856399320002826, "re_macro": 0.8533999999999999, "best_epoch": 2, "val_loss": 0.41271348990452517, "train_loss": 0.5703957064001799}
{"epoch": 3, "val_accuracy": 0.857484076433121, "train_accuracy": 0.8800806236673774, "f1_macro": 0.8560280897701738, "pre_macro": 0.8591923872733572, "re_macro": 0.8573999999999999, "best_epoch": 3, "val_loss": 0.40335772618366655, "train_loss": 0.4965885581492361}
{"epoch": 4, "val_accuracy": 0.8597730891719745, "train_accuracy": 0.8883761993603412, "f1_macro": 0.8580635371413579, "pre_macro": 0.8600448769230347, "re_macro": 0.8596999999999999, "best_epoch": 4, "val_loss": 0.38897657963880305, "train_loss": 0.4597426605885471}
{"epoch": 5, "val_accuracy": 0.8638535031847133, "train_accuracy": 0.8954390991471215, "f1_macro": 0.8620349333346647, "pre_macro": 0.8635602552737314, "re_macro": 0.8638, "best_epoch": 5, "val_loss": 0.3836110456354299, "train_loss": 0.43530351501792225}
{"epoch": 6, "val_accuracy": 0.8654458598726115, "train_accuracy": 0.902352078891258, "f1_macro": 0.8635649047583447, "pre_macro": 0.8655213924304622, "re_macro": 0.8657, "best_epoch": 6, "val_loss": 0.37882025169718797, "train_loss": 0.4164840228903268}
{"epoch": 7, "val_accuracy": 0.8694267515923567, "train_accuracy": 0.9089152452025586, "f1_macro": 0.8670600125108058, "pre_macro": 0.869912647302136, "re_macro": 0.8696999999999999, "best_epoch": 7, "val_loss": 0.36722883287888425, "train_loss": 0.40010074140039337}
{"epoch": 8, "val_accuracy": 0.8687300955414012, "train_accuracy": 0.9152618603411514, "f1_macro": 0.8657594824704351, "pre_macro": 0.8697153931880471, "re_macro": 0.869, "best_epoch": 7, "val_loss": 0.3614260352151409, "train_loss": 0.38543401845990977}
{"epoch": 9, "val_accuracy": 0.871218152866242, "train_accuracy": 0.921858342217484, "f1_macro": 0.8678791282158214, "pre_macro": 0.8727085147765183, "re_macro": 0.8712, "best_epoch": 9, "val_loss": 0.36067427410061953, "train_loss": 0.37208605606927037}
{"epoch": 10, "val_accuracy": 0.8727109872611465, "train_accuracy": 0.9273054371002132, "f1_macro": 0.870023846364071, "pre_macro": 0.8731849114810624, "re_macro": 0.8727, "best_epoch": 10, "val_loss": 0.3559073436601906, "train_loss": 0.3605120218575382}
{"epoch": 11, "val_accuracy": 0.8736066878980892, "train_accuracy": 0.9320362473347548, "f1_macro": 0.8717087397193856, "pre_macro": 0.8731164009135398, "re_macro": 0.8735999999999999, "best_epoch": 11, "val_loss": 0.3513746218886345, "train_loss": 0.3503097479086695}
{"epoch": 12, "val_accuracy": 0.8753980891719745, "train_accuracy": 0.9367337420042644, "f1_macro": 0.874210982396666, "pre_macro": 0.8745916698121778, "re_macro": 0.8754, "best_epoch": 12, "val_loss": 0.3481194934078083, "train_loss": 0.34189166665585563}
{"epoch": 13, "val_accuracy": 0.8753980891719745, "train_accuracy": 0.9404817430703625, "f1_macro": 0.8746597872463605, "pre_macro": 0.8747152263311057, "re_macro": 0.8754, "best_epoch": 12, "val_loss": 0.3467423296088626, "train_loss": 0.33448822375363124}
{"epoch": 14, "val_accuracy": 0.8757961783439491, "train_accuracy": 0.9439132462686567, "f1_macro": 0.8754583592971358, "pre_macro": 0.8756193264262399, "re_macro": 0.8757999999999999, "best_epoch": 14, "val_loss": 0.3461955793344291, "train_loss": 0.32864300876474584}
{"epoch": 15, "val_accuracy": 0.8765923566878981, "train_accuracy": 0.9459954690831557, "f1_macro": 0.8764183933469172, "pre_macro": 0.8766731903247734, "re_macro": 0.8766, "best_epoch": 15, "val_loss": 0.34643188659932206, "train_loss": 0.32392180906429985}
{"epoch": 16, "val_accuracy": 0.8770899681528662, "train_accuracy": 0.9476779051172708, "f1_macro": 0.8768389893674206, "pre_macro": 0.8769963817292303, "re_macro": 0.8771000000000001, "best_epoch": 16, "val_loss": 0.34603714520574375, "train_loss": 0.3202503416012091}
{"epoch": 17, "val_accuracy": 0.87609474522293, "train_accuracy": 0.949277052238806, "f1_macro": 0.8758142717968906, "pre_macro": 0.8759389182619914, "re_macro": 0.8760999999999999, "best_epoch": 16, "val_loss": 0.34533516341333936, "train_loss": 0.31747613400856317}
{"epoch": 18, "val_accuracy": 0.8761942675159236, "train_accuracy": 0.9502931769722814, "f1_macro": 0.8758701456887771, "pre_macro": 0.875945892571346, "re_macro": 0.8762000000000001, "best_epoch": 16, "val_loss": 0.344753036928025, "train_loss": 0.31527812273771777}
{"epoch": 19, "val_accuracy": 0.8766918789808917, "train_accuracy": 0.9507929104477612, "f1_macro": 0.8763443711261987, "pre_macro": 0.8763783486353365, "re_macro": 0.8766999999999999, "best_epoch": 16, "val_loss": 0.3442112827187131, "train_loss": 0.3135358077376636}
{"epoch": 20, "val_accuracy": 0.876890923566879, "train_accuracy": 0.951342617270789, "f1_macro": 0.8764502560356491, "pre_macro": 0.8764165526102126, "re_macro": 0.8768999999999998, "best_epoch": 16, "val_loss": 0.34383395712846404, "train_loss": 0.31215255070469783}
{"epoch": 21, "val_accuracy": 0.8767914012738853, "train_accuracy": 0.9521088752665245, "f1_macro": 0.8762779947976116, "pre_macro": 0.8761696607474588, "re_macro": 0.8767999999999999, "best_epoch": 16, "val_loss": 0.34360232749942005, "train_loss": 0.3110286417736936}
{"epoch": 22, "val_accuracy": 0.8764928343949044, "train_accuracy": 0.9523420842217484, "f1_macro": 0.8759117709538531, "pre_macro": 0.8757566386285471, "re_macro": 0.8765000000000001, "best_epoch": 16, "val_loss": 0.3434151892259622, "train_loss": 0.31010993992659586}
{"epoch": 23, "val_accuracy": 0.8766918789808917, "train_accuracy": 0.9529417643923241, "f1_macro": 0.8761418683469145, "pre_macro": 0.87599892851501, "re_macro": 0.8766999999999999, "best_epoch": 16, "val_loss": 0.3432747834142606, "train_loss": 0.30932279590414025}
{"epoch": 24, "val_accuracy": 0.876890923566879, "train_accuracy": 0.9529917377398721, "f1_macro": 0.8762895762800241, "pre_macro": 0.8761384866376435, "re_macro": 0.8769, "best_epoch": 16, "val_loss": 0.3431911794053521, "train_loss": 0.3086271069959791}
{"epoch": 25, "val_accuracy": 0.8771894904458599, "train_accuracy": 0.9534581556503199, "f1_macro": 0.8765631479825287, "pre_macro": 0.8764133780894536, "re_macro": 0.8772, "best_epoch": 25, "val_loss": 0.343160825882368, "train_loss": 0.30800716169099057}
{"training time": 246.84995460510254}
