{"epoch": 1, "val_accuracy": 0.7068073248407644, "train_accuracy": 0.6527355630347069, "f1_macro": 0.7091235186840574, "pre_macro": 0.7600740229096002, "re_macro": 0.7062999999999999, "best_epoch": 1, "val_loss": 0.7570223193259755, "train_loss": 1.4090207548851663}
{"epoch": 2, "val_accuracy": 0.7620421974522293, "train_accuracy": 0.8036664140985367, "f1_macro": 0.7671321343224256, "pre_macro": 0.7960020016158798, "re_macro": 0.7618, "best_epoch": 2, "val_loss": 0.6321273396728905, "train_loss": 0.9356175800587269}
{"epoch": 3, "val_accuracy": 0.7840366242038217, "train_accuracy": 0.8528685417581112, "f1_macro": 0.7851830277276468, "pre_macro": 0.8049048508000999, "re_macro": 0.7836000000000001, "best_epoch": 3, "val_loss": 0.5839838004036314, "train_loss": 0.8146634444277338}
{"epoch": 4, "val_accuracy": 0.8050358280254777, "train_accuracy": 0.882883738964162, "f1_macro": 0.8067602458981785, "pre_macro": 0.8140129472816853, "re_macro": 0.8047000000000001, "best_epoch": 4, "val_loss": 0.5435726268655935, "train_loss": 0.7266194300448641}
{"epoch": 5, "val_accuracy": 0.8034434713375797, "train_accuracy": 0.910334347410405, "f1_macro": 0.8069137260990666, "pre_macro": 0.816935491876977, "re_macro": 0.8031, "best_epoch": 4, "val_loss": 0.5411975539413987, "train_loss": 0.6662209528557798}
{"epoch": 6, "val_accuracy": 0.8043391719745223, "train_accuracy": 0.925674392821941, "f1_macro": 0.8088832834425398, "pre_macro": 0.8197290482153266, "re_macro": 0.8039999999999999, "best_epoch": 4, "val_loss": 0.5398840359441793, "train_loss": 0.6222639844772664}
{"epoch": 7, "val_accuracy": 0.806827229299363, "train_accuracy": 0.9410619304535237, "f1_macro": 0.8105035523012191, "pre_macro": 0.8199392217925162, "re_macro": 0.8065000000000001, "best_epoch": 7, "val_loss": 0.5335739439080476, "train_loss": 0.5936144856696434}
{"epoch": 8, "val_accuracy": 0.8124004777070064, "train_accuracy": 0.9466660339781579, "f1_macro": 0.8133607143655203, "pre_macro": 0.8180672432032923, "re_macro": 0.8121, "best_epoch": 8, "val_loss": 0.5255015393730941, "train_loss": 0.5748855427224585}
{"epoch": 9, "val_accuracy": 0.8152866242038217, "train_accuracy": 0.9546447573824132, "f1_macro": 0.8156488254467524, "pre_macro": 0.8191720445688915, "re_macro": 0.8150000000000001, "best_epoch": 9, "val_loss": 0.5230832965510666, "train_loss": 0.5558839713005309}
{"epoch": 10, "val_accuracy": 0.8166799363057324, "train_accuracy": 0.96001139853863, "f1_macro": 0.8173216816555126, "pre_macro": 0.8214978484536324, "re_macro": 0.8164, "best_epoch": 10, "val_loss": 0.5219774101949801, "train_loss": 0.5411824203552084}
{"epoch": 11, "val_accuracy": 0.8172770700636943, "train_accuracy": 0.9653305474748003, "f1_macro": 0.8179161028842008, "pre_macro": 0.8220238504286982, "re_macro": 0.817, "best_epoch": 11, "val_loss": 0.5197462057042274, "train_loss": 0.5289705478130503}
{"epoch": 12, "val_accuracy": 0.8178742038216561, "train_accuracy": 0.968037615431116, "f1_macro": 0.8184520297011344, "pre_macro": 0.8220423989272195, "re_macro": 0.8176, "best_epoch": 12, "val_loss": 0.5161690066574486, "train_loss": 0.520406500456181}
{"epoch": 13, "val_accuracy": 0.8174761146496815, "train_accuracy": 0.9703647430906904, "f1_macro": 0.8177984651456438, "pre_macro": 0.8200854057557537, "re_macro": 0.8172, "best_epoch": 12, "val_loss": 0.5121679117155683, "train_loss": 0.5131541630055042}
{"epoch": 14, "val_accuracy": 0.8183718152866242, "train_accuracy": 0.9723119304535237, "f1_macro": 0.8185598740716069, "pre_macro": 0.8200571009623214, "re_macro": 0.8181, "best_epoch": 14, "val_loss": 0.5090111596569135, "train_loss": 0.5071434543487874}
{"epoch": 15, "val_accuracy": 0.8184713375796179, "train_accuracy": 0.9760163388353713, "f1_macro": 0.818448030797007, "pre_macro": 0.8194650419669646, "re_macro": 0.8182, "best_epoch": 15, "val_loss": 0.5075535003546696, "train_loss": 0.5013675657992668}
{"epoch": 16, "val_accuracy": 0.818172770700637, "train_accuracy": 0.9783909574468085, "f1_macro": 0.8180230179555579, "pre_macro": 0.8188804482959897, "re_macro": 0.8179000000000001, "best_epoch": 15, "val_loss": 0.5069409785376993, "train_loss": 0.49652239933927006}
{"epoch": 17, "val_accuracy": 0.8182722929936306, "train_accuracy": 0.9800531914893617, "f1_macro": 0.818162792508839, "pre_macro": 0.8190080642424915, "re_macro": 0.818, "best_epoch": 15, "val_loss": 0.5065672900646355, "train_loss": 0.49262733281926907}
{"epoch": 18, "val_accuracy": 0.8183718152866242, "train_accuracy": 0.980718085106383, "f1_macro": 0.8182631067896555, "pre_macro": 0.8191041657332641, "re_macro": 0.8181, "best_epoch": 15, "val_loss": 0.5063164048134141, "train_loss": 0.4896058459231194}
{"epoch": 19, "val_accuracy": 0.8184713375796179, "train_accuracy": 0.9810505319148937, "f1_macro": 0.8184046711288071, "pre_macro": 0.8192457033983584, "re_macro": 0.8182, "best_epoch": 15, "val_loss": 0.5061676411112402, "train_loss": 0.48726860196032423}
{"epoch": 20, "val_accuracy": 0.8184713375796179, "train_accuracy": 0.9820478723404256, "f1_macro": 0.8184736831294186, "pre_macro": 0.8193625698484374, "re_macro": 0.8182, "best_epoch": 15, "val_loss": 0.5060805646097584, "train_loss": 0.48544985563197035}
{"epoch": 21, "val_accuracy": 0.8185708598726115, "train_accuracy": 0.9820478723404256, "f1_macro": 0.8186379078518172, "pre_macro": 0.8195883734494881, "re_macro": 0.8183, "best_epoch": 21, "val_loss": 0.5060288127820203, "train_loss": 0.48401953501904266}
{"epoch": 22, "val_accuracy": 0.8184713375796179, "train_accuracy": 0.9820478723404256, "f1_macro": 0.818548577681123, "pre_macro": 0.8195047296389324, "re_macro": 0.8182, "best_epoch": 21, "val_loss": 0.505997661002882, "train_loss": 0.4828853981291994}
{"epoch": 23, "val_accuracy": 0.8187699044585988, "train_accuracy": 0.9820478723404256, "f1_macro": 0.8188928839077724, "pre_macro": 0.8198892280314688, "re_macro": 0.8185, "best_epoch": 23, "val_loss": 0.505978725898038, "train_loss": 0.4819807936536505}
{"epoch": 24, "val_accuracy": 0.8187699044585988, "train_accuracy": 0.9827127659574468, "f1_macro": 0.8188921955481396, "pre_macro": 0.8198792954905784, "re_macro": 0.8185, "best_epoch": 23, "val_loss": 0.5059671411468725, "train_loss": 0.48125623134856527}
{"epoch": 25, "val_accuracy": 0.818968949044586, "train_accuracy": 0.9827127659574468, "f1_macro": 0.8191117490785297, "pre_macro": 0.8201221643211571, "re_macro": 0.8187000000000001, "best_epoch": 25, "val_loss": 0.5059599650513594, "train_loss": 0.4806741032194584}
{"training time": 32.52198314666748}
