{"epoch": 1, "val_accuracy": 0.8101114649681529, "train_accuracy": 0.7660904255319149, "f1_macro": 0.8043764009914837, "pre_macro": 0.8178575376424346, "re_macro": 0.8104000000000001, "best_epoch": 1, "val_loss": 0.5203117499495767, "train_loss": 1.0309279457051703}
{"epoch": 2, "val_accuracy": 0.8177746815286624, "train_accuracy": 0.8537012412192974, "f1_macro": 0.811631807856139, "pre_macro": 0.8309535181930622, "re_macro": 0.8181, "best_epoch": 2, "val_loss": 0.517484301119853, "train_loss": 0.7474225866033676}
{"epoch": 3, "val_accuracy": 0.8285230891719745, "train_accuracy": 0.8775044327086591, "f1_macro": 0.8243699044128692, "pre_macro": 0.8385599334775755, "re_macro": 0.8289, "best_epoch": 3, "val_loss": 0.4913516842825398, "train_loss": 0.6512902886309522}
{"epoch": 4, "val_accuracy": 0.8318073248407644, "train_accuracy": 0.8957890071767441, "f1_macro": 0.82768262332973, "pre_macro": 0.8414221439588674, "re_macro": 0.8322, "best_epoch": 4, "val_loss": 0.47539288640781574, "train_loss": 0.5862373338100758}
{"epoch": 5, "val_accuracy": 0.8366839171974523, "train_accuracy": 0.909663120736467, "f1_macro": 0.8343710048704713, "pre_macro": 0.8424592695557566, "re_macro": 0.8371000000000001, "best_epoch": 5, "val_loss": 0.45725004403454483, "train_loss": 0.5364131583812389}
{"epoch": 6, "val_accuracy": 0.8416600318471338, "train_accuracy": 0.9222960994598713, "f1_macro": 0.8405674793251876, "pre_macro": 0.8456949577115805, "re_macro": 0.8421, "best_epoch": 6, "val_loss": 0.4463005302248487, "train_loss": 0.5012937897063316}
{"epoch": 7, "val_accuracy": 0.8420581210191083, "train_accuracy": 0.9326684398854033, "f1_macro": 0.8411860259603252, "pre_macro": 0.8453560551869366, "re_macro": 0.8425, "best_epoch": 7, "val_loss": 0.4382816149740462, "train_loss": 0.4734841914887124}
{"epoch": 8, "val_accuracy": 0.8457404458598726, "train_accuracy": 0.9381870569066798, "f1_macro": 0.8448456683701767, "pre_macro": 0.8478758283678621, "re_macro": 0.8462, "best_epoch": 8, "val_loss": 0.43189995446402557, "train_loss": 0.4529520758923064}
{"epoch": 9, "val_accuracy": 0.8491242038216561, "train_accuracy": 0.9438386526513607, "f1_macro": 0.8482605187793528, "pre_macro": 0.8501606897185982, "re_macro": 0.8496, "best_epoch": 9, "val_loss": 0.42643988426703555, "train_loss": 0.43657544065029064}
{"epoch": 10, "val_accuracy": 0.851015127388535, "train_accuracy": 0.9502659574468085, "f1_macro": 0.8502769769025912, "pre_macro": 0.8515157785817372, "re_macro": 0.8515, "best_epoch": 10, "val_loss": 0.42037325290737637, "train_loss": 0.4227823592246847}
{"epoch": 11, "val_accuracy": 0.852109872611465, "train_accuracy": 0.9534574468085106, "f1_macro": 0.8516443734612787, "pre_macro": 0.8525291284314825, "re_macro": 0.8523, "best_epoch": 11, "val_loss": 0.41635899758263, "train_loss": 0.41200977804812977}
{"epoch": 12, "val_accuracy": 0.8530055732484076, "train_accuracy": 0.957247340425532, "f1_macro": 0.8529048263370903, "pre_macro": 0.8537992234230091, "re_macro": 0.8532, "best_epoch": 12, "val_loss": 0.4156343401617305, "train_loss": 0.4028843492903608}
{"epoch": 13, "val_accuracy": 0.853702229299363, "train_accuracy": 0.9603058510638298, "f1_macro": 0.8529394099325198, "pre_macro": 0.8536901828443609, "re_macro": 0.8533, "best_epoch": 13, "val_loss": 0.41496289260448166, "train_loss": 0.3954444459144105}
{"epoch": 14, "val_accuracy": 0.8532046178343949, "train_accuracy": 0.9625664893617021, "f1_macro": 0.8526075880467594, "pre_macro": 0.8530509818331001, "re_macro": 0.8530999999999999, "best_epoch": 13, "val_loss": 0.41341570684104967, "train_loss": 0.38936053260843806}
{"epoch": 15, "val_accuracy": 0.8523089171974523, "train_accuracy": 0.9644946808510638, "f1_macro": 0.851891994433909, "pre_macro": 0.8521458785419529, "re_macro": 0.8525, "best_epoch": 13, "val_loss": 0.412431272161994, "train_loss": 0.38435146161850464}
{"epoch": 16, "val_accuracy": 0.8533041401273885, "train_accuracy": 0.9662898936170212, "f1_macro": 0.8528848288026062, "pre_macro": 0.8529947643474436, "re_macro": 0.8535, "best_epoch": 13, "val_loss": 0.4116761771736631, "train_loss": 0.3802062746058119}
{"epoch": 17, "val_accuracy": 0.8528065286624203, "train_accuracy": 0.9675531914893617, "f1_macro": 0.8525030162491248, "pre_macro": 0.8525943630725777, "re_macro": 0.853, "best_epoch": 13, "val_loss": 0.41104030011186177, "train_loss": 0.3769350510962466}
{"epoch": 18, "val_accuracy": 0.8527070063694268, "train_accuracy": 0.9682845744680851, "f1_macro": 0.8525958942591766, "pre_macro": 0.8527000898249731, "re_macro": 0.8529, "best_epoch": 13, "val_loss": 0.4106514592459247, "train_loss": 0.3742845856128855}
{"epoch": 19, "val_accuracy": 0.8535031847133758, "train_accuracy": 0.9691489361702128, "f1_macro": 0.8535127430834928, "pre_macro": 0.8536532746212737, "re_macro": 0.8537000000000001, "best_epoch": 13, "val_loss": 0.41043521606238786, "train_loss": 0.3720619376669539}
{"epoch": 20, "val_accuracy": 0.8533041401273885, "train_accuracy": 0.9698138297872341, "f1_macro": 0.8534496521358671, "pre_macro": 0.8536572318609142, "re_macro": 0.8535, "best_epoch": 13, "val_loss": 0.41030493995566275, "train_loss": 0.37018000356694486}
{"epoch": 21, "val_accuracy": 0.8541003184713376, "train_accuracy": 0.9706117021276596, "f1_macro": 0.8543639601394126, "pre_macro": 0.8546321739647448, "re_macro": 0.8543, "best_epoch": 21, "val_loss": 0.4102138763969871, "train_loss": 0.3685764116175631}
{"epoch": 22, "val_accuracy": 0.8539012738853503, "train_accuracy": 0.9714095744680851, "f1_macro": 0.8542098255737367, "pre_macro": 0.8544895061847164, "re_macro": 0.8541000000000001, "best_epoch": 21, "val_loss": 0.41014115863544925, "train_loss": 0.367209640842803}
{"epoch": 23, "val_accuracy": 0.853702229299363, "train_accuracy": 0.9719414893617021, "f1_macro": 0.8540360362156063, "pre_macro": 0.8543458890304034, "re_macro": 0.8539, "best_epoch": 21, "val_loss": 0.4100828353956247, "train_loss": 0.3660506121655728}
{"epoch": 24, "val_accuracy": 0.8538017515923567, "train_accuracy": 0.972406914893617, "f1_macro": 0.8541210828396745, "pre_macro": 0.8544120783121386, "re_macro": 0.8539999999999999, "best_epoch": 21, "val_loss": 0.41004918060105316, "train_loss": 0.36507379780424404}
{"epoch": 25, "val_accuracy": 0.8530055732484076, "train_accuracy": 0.9730053191489362, "f1_macro": 0.8532756670815227, "pre_macro": 0.8535389550743817, "re_macro": 0.8532, "best_epoch": 21, "val_loss": 0.410048403178051, "train_loss": 0.36425493904884826}
{"training time": 75.35983872413635}
