{"epoch": 1, "val_accuracy": 0.8359872611464968, "train_accuracy": 0.8135209517045454, "f1_macro": 0.8367908860560982, "pre_macro": 0.839067411081085, "re_macro": 0.8360999999999998, "best_epoch": 1, "val_loss": 0.44391884317823277, "train_loss": 0.8640336672436785}
{"epoch": 2, "val_accuracy": 0.8411624203821656, "train_accuracy": 0.8663219105113636, "f1_macro": 0.8417006012153836, "pre_macro": 0.8475322917896688, "re_macro": 0.841, "best_epoch": 2, "val_loss": 0.42667712593913837, "train_loss": 0.615923047573729}
{"epoch": 3, "val_accuracy": 0.8443471337579618, "train_accuracy": 0.8799493963068182, "f1_macro": 0.8444239880198385, "pre_macro": 0.8511097383490748, "re_macro": 0.8442000000000001, "best_epoch": 3, "val_loss": 0.41982561577657224, "train_loss": 0.5292240920561281}
{"epoch": 4, "val_accuracy": 0.8460390127388535, "train_accuracy": 0.8893599076704546, "f1_macro": 0.845770548836273, "pre_macro": 0.8527523622818244, "re_macro": 0.8455999999999999, "best_epoch": 4, "val_loss": 0.41712780894747203, "train_loss": 0.48196148622611706}
{"epoch": 5, "val_accuracy": 0.8519108280254777, "train_accuracy": 0.8978604403409091, "f1_macro": 0.851252952731171, "pre_macro": 0.8568492906387496, "re_macro": 0.8515, "best_epoch": 5, "val_loss": 0.4033017970953777, "train_loss": 0.4518282924440097}
{"epoch": 6, "val_accuracy": 0.8606687898089171, "train_accuracy": 0.9051846590909091, "f1_macro": 0.8601547986130322, "pre_macro": 0.8630547654917325, "re_macro": 0.8603, "best_epoch": 6, "val_loss": 0.3782951127571665, "train_loss": 0.42944515485909174}
{"epoch": 7, "val_accuracy": 0.8680334394904459, "train_accuracy": 0.9115545099431818, "f1_macro": 0.8674913958917795, "pre_macro": 0.8692869049378112, "re_macro": 0.8676999999999999, "best_epoch": 7, "val_loss": 0.36464841217751714, "train_loss": 0.4112958052534271}
{"epoch": 8, "val_accuracy": 0.8692277070063694, "train_accuracy": 0.9172141335227273, "f1_macro": 0.8682333280480089, "pre_macro": 0.8691298625308417, "re_macro": 0.8689, "best_epoch": 8, "val_loss": 0.35701940668995974, "train_loss": 0.39584885543974285}
{"epoch": 9, "val_accuracy": 0.871218152866242, "train_accuracy": 0.9231400923295454, "f1_macro": 0.8698199462132287, "pre_macro": 0.870254739944356, "re_macro": 0.8705999999999999, "best_epoch": 9, "val_loss": 0.3531368047378625, "train_loss": 0.3819805137093433}
{"epoch": 10, "val_accuracy": 0.8705214968152867, "train_accuracy": 0.9290438565340909, "f1_macro": 0.8692918824547832, "pre_macro": 0.8694254071666853, "re_macro": 0.8699, "best_epoch": 9, "val_loss": 0.3516978177295369, "train_loss": 0.37023569882678037}
{"epoch": 11, "val_accuracy": 0.8714171974522293, "train_accuracy": 0.9342373934659091, "f1_macro": 0.8702863704518687, "pre_macro": 0.8706153011128123, "re_macro": 0.8708, "best_epoch": 11, "val_loss": 0.3516976166113167, "train_loss": 0.3595057201402431}
{"epoch": 12, "val_accuracy": 0.8738057324840764, "train_accuracy": 0.9400523792613636, "f1_macro": 0.8725458460786417, "pre_macro": 0.8731156713141859, "re_macro": 0.8732, "best_epoch": 12, "val_loss": 0.3513895953726617, "train_loss": 0.3504325137050314}
{"epoch": 13, "val_accuracy": 0.8740047770700637, "train_accuracy": 0.9438698508522727, "f1_macro": 0.8725405459757877, "pre_macro": 0.8734000564071008, "re_macro": 0.8734, "best_epoch": 13, "val_loss": 0.3511746904462766, "train_loss": 0.34271683558737015}
{"epoch": 14, "val_accuracy": 0.8734076433121019, "train_accuracy": 0.9475319602272727, "f1_macro": 0.8720220837747494, "pre_macro": 0.8731820744672752, "re_macro": 0.8731, "best_epoch": 13, "val_loss": 0.35113370105339464, "train_loss": 0.33656940507617866}
{"epoch": 15, "val_accuracy": 0.87390525477707, "train_accuracy": 0.9499289772727273, "f1_macro": 0.8724577873022445, "pre_macro": 0.8735406618739905, "re_macro": 0.8736, "best_epoch": 13, "val_loss": 0.35080873975708227, "train_loss": 0.33169073687697}
{"epoch": 16, "val_accuracy": 0.875, "train_accuracy": 0.9520596590909091, "f1_macro": 0.8732531456170509, "pre_macro": 0.8738472063872751, "re_macro": 0.8744, "best_epoch": 16, "val_loss": 0.3497807048498445, "train_loss": 0.3277578779115257}
{"epoch": 17, "val_accuracy": 0.8749004777070064, "train_accuracy": 0.9535688920454546, "f1_macro": 0.8732630403303416, "pre_macro": 0.8734778684511948, "re_macro": 0.8743000000000001, "best_epoch": 16, "val_loss": 0.3488644034050073, "train_loss": 0.32469934984956955}
{"epoch": 18, "val_accuracy": 0.8755971337579618, "train_accuracy": 0.9546342329545454, "f1_macro": 0.8740117611896915, "pre_macro": 0.8740479898758734, "re_macro": 0.875, "best_epoch": 18, "val_loss": 0.34834884657601645, "train_loss": 0.322415676581758}
{"epoch": 19, "val_accuracy": 0.8749004777070064, "train_accuracy": 0.9556773792613636, "f1_macro": 0.8732855495465831, "pre_macro": 0.8732015726651123, "re_macro": 0.8743000000000001, "best_epoch": 18, "val_loss": 0.34805045775167504, "train_loss": 0.3207238923800601}
{"epoch": 20, "val_accuracy": 0.8748009554140127, "train_accuracy": 0.956298828125, "f1_macro": 0.8732222955901637, "pre_macro": 0.8731143509421455, "re_macro": 0.8741999999999999, "best_epoch": 18, "val_loss": 0.34797243375307435, "train_loss": 0.31939964155158534}
{"epoch": 21, "val_accuracy": 0.8749004777070064, "train_accuracy": 0.9564763849431818, "f1_macro": 0.8733349416617855, "pre_macro": 0.8732565473661928, "re_macro": 0.8743000000000001, "best_epoch": 18, "val_loss": 0.34810668913422116, "train_loss": 0.3182892630046064}
{"epoch": 22, "val_accuracy": 0.8744028662420382, "train_accuracy": 0.9566539417613636, "f1_macro": 0.8728491446566597, "pre_macro": 0.8727832426818193, "re_macro": 0.8737999999999999, "best_epoch": 18, "val_loss": 0.3482643535752205, "train_loss": 0.3173581300811334}
{"epoch": 23, "val_accuracy": 0.8744028662420382, "train_accuracy": 0.9571200284090909, "f1_macro": 0.8728923180895034, "pre_macro": 0.8728079638740815, "re_macro": 0.8737999999999999, "best_epoch": 18, "val_loss": 0.34833758068122683, "train_loss": 0.31655651656910777}
{"epoch": 24, "val_accuracy": 0.8741042993630573, "train_accuracy": 0.9575861150568182, "f1_macro": 0.8726669824682134, "pre_macro": 0.8725783567247868, "re_macro": 0.8734999999999999, "best_epoch": 18, "val_loss": 0.34833301404479206, "train_loss": 0.31584969019009307}
{"epoch": 25, "val_accuracy": 0.8742038216560509, "train_accuracy": 0.9578302556818182, "f1_macro": 0.8728111140300981, "pre_macro": 0.8726860982271939, "re_macro": 0.8736, "best_epoch": 18, "val_loss": 0.34828524732855476, "train_loss": 0.31521989455954597}
{"training time": 185.76986622810364}
