{"epoch": 100, "loss": 7771.00048828125}
{"epoch": 200, "loss": 7766.62744140625}
{"epoch": 300, "loss": 7762.2890625}
{"epoch": 400, "loss": 7757.669921875}
{"epoch": 500, "loss": 7752.80126953125}
{"epoch": 600, "loss": 7747.89404296875}
{"epoch": 700, "loss": 7743.080078125}
{"epoch": 800, "loss": 7738.2666015625}
{"epoch": 900, "loss": 7733.37841796875}
{"epoch": 1000, "loss": 7728.45263671875}
{"training_time:": "2.7632s", "final_loss": 7728.45263671875}
