{"epoch": 1, "val_accuracy": 0.9058519108280255, "train_accuracy": 0.8706523187633263, "f1_macro": 0.9058662477153977, "pre_macro": 0.9143658193619422, "re_macro": 0.90396845765503, "best_epoch": 1, "val_loss": 0.29839162835791994, "train_loss": 5.236972273285709}
{"epoch": 2, "val_accuracy": 0.9265525477707006, "train_accuracy": 0.9211087420042644, "f1_macro": 0.9255834935705082, "pre_macro": 0.9291902714020074, "re_macro": 0.9246172482700394, "best_epoch": 2, "val_loss": 0.23969094487868106, "train_loss": 3.1465791631609137}
{"epoch": 3, "val_accuracy": 0.9249601910828026, "train_accuracy": 0.9358508795309168, "f1_macro": 0.9236500468762067, "pre_macro": 0.9283638402665643, "re_macro": 0.9234187024985714, "best_epoch": 2, "val_loss": 0.24859793638442731, "train_loss": 2.352337894409196}
{"epoch": 4, "val_accuracy": 0.9241640127388535, "train_accuracy": 0.9441964285714286, "f1_macro": 0.9226539456621055, "pre_macro": 0.9280596121965546, "re_macro": 0.9231997104181305, "best_epoch": 2, "val_loss": 0.24242858029308784, "train_loss": 1.9193366900690074}
{"epoch": 5, "val_accuracy": 0.9316281847133758, "train_accuracy": 0.9505597014925373, "f1_macro": 0.9304371168375478, "pre_macro": 0.9341417009639772, "re_macro": 0.9306491112911817, "best_epoch": 5, "val_loss": 0.2159648870479814, "train_loss": 1.641957160760599}
{"epoch": 6, "val_accuracy": 0.9450636942675159, "train_accuracy": 0.9568896588486141, "f1_macro": 0.9445857957458109, "pre_macro": 0.946095291552974, "re_macro": 0.9442390939838446, "best_epoch": 6, "val_loss": 0.17611836396442476, "train_loss": 1.4493230027176425}
{"epoch": 7, "val_accuracy": 0.955015923566879, "train_accuracy": 0.9618536780383795, "f1_macro": 0.954526178601815, "pre_macro": 0.9551689604931919, "re_macro": 0.9542613360576538, "best_epoch": 7, "val_loss": 0.1506540250110256, "train_loss": 1.3104646446099921}
{"epoch": 8, "val_accuracy": 0.9568073248407644, "train_accuracy": 0.964852078891258, "f1_macro": 0.9564149037726508, "pre_macro": 0.9569969839366339, "re_macro": 0.9562767003139289, "best_epoch": 8, "val_loss": 0.1417587187206432, "train_loss": 1.2078666365477069}
{"epoch": 9, "val_accuracy": 0.9582006369426752, "train_accuracy": 0.9677338752665245, "f1_macro": 0.9577401044166993, "pre_macro": 0.9582645905114182, "re_macro": 0.9577387017608121, "best_epoch": 9, "val_loss": 0.13664807909862345, "train_loss": 1.13002782729643}
{"epoch": 10, "val_accuracy": 0.9605891719745223, "train_accuracy": 0.9698494136460555, "f1_macro": 0.960149241297316, "pre_macro": 0.9606852436041192, "re_macro": 0.9601607946584547, "best_epoch": 10, "val_loss": 0.13237373460718924, "train_loss": 1.0704828643722575}
{"epoch": 11, "val_accuracy": 0.9611863057324841, "train_accuracy": 0.9724480277185501, "f1_macro": 0.960689489255096, "pre_macro": 0.9611104578093134, "re_macro": 0.9608217659662166, "best_epoch": 11, "val_loss": 0.12737320946487984, "train_loss": 1.024222640912416}
{"epoch": 12, "val_accuracy": 0.9635748407643312, "train_accuracy": 0.9742304104477612, "f1_macro": 0.9630809285307429, "pre_macro": 0.9632741484727456, "re_macro": 0.9632769972091291, "best_epoch": 12, "val_loss": 0.121213115963812, "train_loss": 0.988119586190181}
{"epoch": 13, "val_accuracy": 0.9646695859872612, "train_accuracy": 0.9758961886993603, "f1_macro": 0.9641857076350597, "pre_macro": 0.9642597174339087, "re_macro": 0.964379986481737, "best_epoch": 13, "val_loss": 0.11664264653601748, "train_loss": 0.9598886876472278}
{"epoch": 14, "val_accuracy": 0.9671576433121019, "train_accuracy": 0.9771455223880597, "f1_macro": 0.9667191260973148, "pre_macro": 0.9667183939731497, "re_macro": 0.9668857984774416, "best_epoch": 14, "val_loss": 0.11310625404184743, "train_loss": 0.9377545173615535}
{"epoch": 15, "val_accuracy": 0.9677547770700637, "train_accuracy": 0.978511460554371, "f1_macro": 0.9673188975717564, "pre_macro": 0.9673298386575103, "re_macro": 0.9674491802698292, "best_epoch": 15, "val_loss": 0.11013433224207182, "train_loss": 0.9202735040233587}
{"training time": 160.1333131790161}
