{"epoch": 1, "val_accuracy": 0.79578025477707, "train_accuracy": 0.6260448339137625, "f1_macro": 0.7929417555874176, "pre_macro": 0.8118168146233637, "re_macro": 0.79121383294638, "best_epoch": 1, "val_loss": 0.6720524492916787, "train_loss": 7.94823449723264}
{"epoch": 2, "val_accuracy": 0.8349920382165605, "train_accuracy": 0.8701557758006644, "f1_macro": 0.832415886671382, "pre_macro": 0.8501947266898761, "re_macro": 0.8312706889300507, "best_epoch": 2, "val_loss": 0.5195397961955921, "train_loss": 6.937969603437058}
{"epoch": 3, "val_accuracy": 0.8394705414012739, "train_accuracy": 0.9144661857726726, "f1_macro": 0.8352966313648225, "pre_macro": 0.8546481022388711, "re_macro": 0.8352542786112085, "best_epoch": 3, "val_loss": 0.5066598954189355, "train_loss": 6.585151266544424}
{"epoch": 4, "val_accuracy": 0.8724124203821656, "train_accuracy": 0.9257218850419876, "f1_macro": 0.8705734229519552, "pre_macro": 0.8758824730879912, "re_macro": 0.8698497919409434, "best_epoch": 4, "val_loss": 0.41407103098596737, "train_loss": 6.369960480547966}
{"epoch": 5, "val_accuracy": 0.8867436305732485, "train_accuracy": 0.9457161857726726, "f1_macro": 0.8847273393717456, "pre_macro": 0.8867242555986097, "re_macro": 0.8843455075316147, "best_epoch": 5, "val_loss": 0.3817108197339401, "train_loss": 6.194045665416311}
{"epoch": 6, "val_accuracy": 0.8904259554140127, "train_accuracy": 0.9550246964109704, "f1_macro": 0.8892047919205087, "pre_macro": 0.8909638778370349, "re_macro": 0.8890660613807653, "best_epoch": 6, "val_loss": 0.36996286685109897, "train_loss": 6.0653022299421595}
{"epoch": 7, "val_accuracy": 0.8862460191082803, "train_accuracy": 0.9620535728779245, "f1_macro": 0.8848742388226197, "pre_macro": 0.8894182551623298, "re_macro": 0.8852200513950141, "best_epoch": 6, "val_loss": 0.3816462159275439, "train_loss": 5.967764884867567}
{"epoch": 8, "val_accuracy": 0.8819665605095541, "train_accuracy": 0.9643332070492684, "f1_macro": 0.8804775881937577, "pre_macro": 0.8872083458453579, "re_macro": 0.8811517811821808, "best_epoch": 6, "val_loss": 0.3968127153956207, "train_loss": 5.8948989929036895}
{"epoch": 9, "val_accuracy": 0.8865445859872612, "train_accuracy": 0.9720269771332436, "f1_macro": 0.8853160551694137, "pre_macro": 0.8897966247776796, "re_macro": 0.8859162684868116, "best_epoch": 6, "val_loss": 0.37912240391893753, "train_loss": 5.830597055719254}
{"epoch": 10, "val_accuracy": 0.8911226114649682, "train_accuracy": 0.9760163388353713, "f1_macro": 0.8901645334471485, "pre_macro": 0.8922290572416381, "re_macro": 0.8905005939205675, "best_epoch": 10, "val_loss": 0.36188801559530626, "train_loss": 5.774343693510015}
{"epoch": 11, "val_accuracy": 0.8898288216560509, "train_accuracy": 0.9783434664949457, "f1_macro": 0.8887940957915916, "pre_macro": 0.8912435273612609, "re_macro": 0.8890215422078978, "best_epoch": 10, "val_loss": 0.3623023729439184, "train_loss": 5.731625780146173}
{"epoch": 12, "val_accuracy": 0.8886345541401274, "train_accuracy": 0.9806705941545203, "f1_macro": 0.8871853225140531, "pre_macro": 0.8904585449194362, "re_macro": 0.8873844432547887, "best_epoch": 10, "val_loss": 0.36602921633251534, "train_loss": 5.700337227354658}
{"epoch": 13, "val_accuracy": 0.886046974522293, "train_accuracy": 0.9823328281970735, "f1_macro": 0.8844836814579204, "pre_macro": 0.888792617792767, "re_macro": 0.8845734035196224, "best_epoch": 10, "val_loss": 0.3694485132790105, "train_loss": 5.676523665164379}
{"epoch": 14, "val_accuracy": 0.8881369426751592, "train_accuracy": 0.9820003813885628, "f1_macro": 0.8862500130502851, "pre_macro": 0.8902115302182171, "re_macro": 0.886355209360597, "best_epoch": 10, "val_loss": 0.36766351582660417, "train_loss": 5.657880407698611}
{"epoch": 15, "val_accuracy": 0.8918192675159236, "train_accuracy": 0.9820003813885628, "f1_macro": 0.8896103599384242, "pre_macro": 0.8922640739885284, "re_macro": 0.8897931877948647, "best_epoch": 15, "val_loss": 0.3601171389388241, "train_loss": 5.642845904573481}
{"training time": 18.497273921966553}
