{"epoch": 1, "val_accuracy": 0.4419785031847134, "train_accuracy": 0.271875, "f1_macro": 0.3553870192121883, "pre_macro": 0.4927633964181119, "re_macro": 0.4302939044792051, "best_epoch": 1, "val_loss": 1.7178970575332642, "train_loss": 8.98797903060913}
{"epoch": 2, "val_accuracy": 0.6467953821656051, "train_accuracy": 0.6015625, "f1_macro": 0.6274082817379709, "pre_macro": 0.6599816295445586, "re_macro": 0.6375271562819452, "best_epoch": 2, "val_loss": 1.2457981868913979, "train_loss": 8.18197922706604}
{"epoch": 3, "val_accuracy": 0.7278065286624203, "train_accuracy": 0.790625, "f1_macro": 0.716969523886285, "pre_macro": 0.7308461100811077, "re_macro": 0.7214711428715949, "best_epoch": 3, "val_loss": 1.0054429537931067, "train_loss": 7.692832088470459}
{"epoch": 4, "val_accuracy": 0.7548765923566879, "train_accuracy": 0.8635416686534881, "f1_macro": 0.7431724099085572, "pre_macro": 0.7563997358040295, "re_macro": 0.748078611674521, "best_epoch": 4, "val_loss": 0.8839046628611862, "train_loss": 7.407904386520386}
{"epoch": 5, "val_accuracy": 0.7650278662420382, "train_accuracy": 0.8848958373069763, "f1_macro": 0.7587401766978683, "pre_macro": 0.7690805195923744, "re_macro": 0.760093713057536, "best_epoch": 5, "val_loss": 0.8159717558675511, "train_loss": 7.243150758743286}
{"epoch": 6, "val_accuracy": 0.7768710191082803, "train_accuracy": 0.9208333373069764, "f1_macro": 0.769794422972291, "pre_macro": 0.776468198647495, "re_macro": 0.7712022952783053, "best_epoch": 6, "val_loss": 0.7698876597699086, "train_loss": 7.127028560638427}
{"epoch": 7, "val_accuracy": 0.7864251592356688, "train_accuracy": 0.9286458373069764, "f1_macro": 0.7801366998113206, "pre_macro": 0.7862697785993457, "re_macro": 0.7815692462116566, "best_epoch": 7, "val_loss": 0.7425928709992937, "train_loss": 7.0419858455657955}
{"epoch": 8, "val_accuracy": 0.7898089171974523, "train_accuracy": 0.9427083373069763, "f1_macro": 0.7847174038171914, "pre_macro": 0.789314135139203, "re_macro": 0.7852656565498448, "best_epoch": 8, "val_loss": 0.7261485157498888, "train_loss": 6.982195425033569}
{"epoch": 9, "val_accuracy": 0.7936902866242038, "train_accuracy": 0.946875, "f1_macro": 0.7888531209751741, "pre_macro": 0.7935208424691309, "re_macro": 0.7894583143726789, "best_epoch": 9, "val_loss": 0.7126685879222906, "train_loss": 6.939416217803955}
{"epoch": 10, "val_accuracy": 0.7969745222929936, "train_accuracy": 0.9578125, "f1_macro": 0.792271751748197, "pre_macro": 0.7959274869611815, "re_macro": 0.792844811672762, "best_epoch": 10, "val_loss": 0.7025960307022568, "train_loss": 6.906510543823242}
{"epoch": 11, "val_accuracy": 0.79796974522293, "train_accuracy": 0.965625, "f1_macro": 0.7934590410411709, "pre_macro": 0.7974504364808599, "re_macro": 0.7938736109100601, "best_epoch": 11, "val_loss": 0.6964812350880568, "train_loss": 6.882471656799316}
{"epoch": 12, "val_accuracy": 0.798765923566879, "train_accuracy": 0.965625, "f1_macro": 0.7941962268292343, "pre_macro": 0.7980588292297652, "re_macro": 0.7946897466998146, "best_epoch": 12, "val_loss": 0.6912311027004461, "train_loss": 6.863899660110474}
{"epoch": 13, "val_accuracy": 0.8002587579617835, "train_accuracy": 0.96875, "f1_macro": 0.7957546490792691, "pre_macro": 0.7993440675998025, "re_macro": 0.7962136308073637, "best_epoch": 13, "val_loss": 0.6872196306658399, "train_loss": 6.8493987083435055}
{"epoch": 14, "val_accuracy": 0.8003582802547771, "train_accuracy": 0.9703125, "f1_macro": 0.795830552460971, "pre_macro": 0.799514203858022, "re_macro": 0.7962705699764161, "best_epoch": 14, "val_loss": 0.6841591354578164, "train_loss": 6.8380461692810055}
{"epoch": 15, "val_accuracy": 0.801453025477707, "train_accuracy": 0.9703125, "f1_macro": 0.7969941769118529, "pre_macro": 0.8005411388879151, "re_macro": 0.7974163379305976, "best_epoch": 15, "val_loss": 0.6816789236418002, "train_loss": 6.829059362411499}
{"training time": 14.352437257766724}
