{"epoch": 1, "val_accuracy": 0.8903264331210191, "train_accuracy": 0.8612393465909091, "f1_macro": 0.889012594105216, "pre_macro": 0.8995220365399353, "re_macro": 0.8894866104387585, "best_epoch": 1, "val_loss": 0.37079992613927193, "train_loss": 5.613624276762659}
{"epoch": 2, "val_accuracy": 0.9103304140127388, "train_accuracy": 0.9185901988636364, "f1_macro": 0.9080266662801822, "pre_macro": 0.9141402302165588, "re_macro": 0.9091437199930994, "best_epoch": 2, "val_loss": 0.3016239419982881, "train_loss": 3.6295502104542474}
{"epoch": 3, "val_accuracy": 0.9246616242038217, "train_accuracy": 0.9348810369318182, "f1_macro": 0.9231066150010052, "pre_macro": 0.9270543137230925, "re_macro": 0.9237985086333644, "best_epoch": 3, "val_loss": 0.2483449230848509, "train_loss": 2.8067624399607833}
{"epoch": 4, "val_accuracy": 0.9312300955414012, "train_accuracy": 0.9462224786931818, "f1_macro": 0.930366220890264, "pre_macro": 0.9337383858438562, "re_macro": 0.9307709345385522, "best_epoch": 4, "val_loss": 0.22051721974424307, "train_loss": 2.340005888180299}
{"epoch": 5, "val_accuracy": 0.9321257961783439, "train_accuracy": 0.9524591619318182, "f1_macro": 0.9312860763828485, "pre_macro": 0.9361774917156842, "re_macro": 0.9307824020208815, "best_epoch": 5, "val_loss": 0.21735095211963176, "train_loss": 2.0392748782919212}
{"epoch": 6, "val_accuracy": 0.9351114649681529, "train_accuracy": 0.959228515625, "f1_macro": 0.9343899599235732, "pre_macro": 0.9393081549971024, "re_macro": 0.9333940396043457, "best_epoch": 6, "val_loss": 0.20258831274903313, "train_loss": 1.826278553428975}
{"epoch": 7, "val_accuracy": 0.9505374203821656, "train_accuracy": 0.9642444957386364, "f1_macro": 0.9500797044428568, "pre_macro": 0.9521008968579432, "re_macro": 0.9494380235453125, "best_epoch": 7, "val_loss": 0.16754943583528423, "train_loss": 1.666809001260183}
{"epoch": 8, "val_accuracy": 0.9572054140127388, "train_accuracy": 0.9687943892045454, "f1_macro": 0.9568008007004677, "pre_macro": 0.9578573876119144, "re_macro": 0.9564501969451348, "best_epoch": 8, "val_loss": 0.14613365384922095, "train_loss": 1.545935004610907}
{"epoch": 9, "val_accuracy": 0.9607882165605095, "train_accuracy": 0.9716796875, "f1_macro": 0.9603379420259642, "pre_macro": 0.9609430765762517, "re_macro": 0.9601547939624652, "best_epoch": 9, "val_loss": 0.13483746145157868, "train_loss": 1.453735487535596}
{"epoch": 10, "val_accuracy": 0.9629777070063694, "train_accuracy": 0.9742320667613636, "f1_macro": 0.9625628298304474, "pre_macro": 0.9630341211909889, "re_macro": 0.9623985179221324, "best_epoch": 10, "val_loss": 0.1273269098189772, "train_loss": 1.3824221972714772}
{"epoch": 11, "val_accuracy": 0.9647691082802548, "train_accuracy": 0.9762961647727273, "f1_macro": 0.9643874450223802, "pre_macro": 0.9647340708166183, "re_macro": 0.9642504546631899, "best_epoch": 11, "val_loss": 0.12019663344872937, "train_loss": 1.3264611177146435}
{"epoch": 12, "val_accuracy": 0.9682523885350318, "train_accuracy": 0.9778719815340909, "f1_macro": 0.967934976196563, "pre_macro": 0.9681233089157931, "re_macro": 0.9678569055408722, "best_epoch": 12, "val_loss": 0.11348330035544694, "train_loss": 1.2822603920305318}
{"epoch": 13, "val_accuracy": 0.96875, "train_accuracy": 0.9791814630681818, "f1_macro": 0.9683962301729322, "pre_macro": 0.9685183559667013, "re_macro": 0.9683381771325941, "best_epoch": 13, "val_loss": 0.10957983514489784, "train_loss": 1.2469832895492965}
{"epoch": 14, "val_accuracy": 0.9697452229299363, "train_accuracy": 0.9801358309659091, "f1_macro": 0.969388027603294, "pre_macro": 0.9695171294513749, "re_macro": 0.9693224677822648, "best_epoch": 14, "val_loss": 0.10738597833403167, "train_loss": 1.2190032616596331}
{"epoch": 15, "val_accuracy": 0.96984474522293, "train_accuracy": 0.9810458096590909, "f1_macro": 0.9694569143453935, "pre_macro": 0.9696101309351347, "re_macro": 0.9693803877011039, "best_epoch": 15, "val_loss": 0.10617006649886063, "train_loss": 1.1968730225820432}
{"training time": 119.411123752594}
