{"epoch": 1, "val_accuracy": 0.8963972929936306, "train_accuracy": 0.8535669865384539, "f1_macro": 0.8957206095539048, "pre_macro": 0.9012540800842588, "re_macro": 0.8956806191466484, "best_epoch": 1, "val_loss": 0.34751572524001645, "train_loss": 6.0982724334131175}
{"epoch": 2, "val_accuracy": 0.9192874203821656, "train_accuracy": 0.9185434434968017, "f1_macro": 0.9189473975653456, "pre_macro": 0.9212948435789119, "re_macro": 0.9191547289396415, "best_epoch": 2, "val_loss": 0.2713555191186773, "train_loss": 4.344848539275147}
{"epoch": 3, "val_accuracy": 0.9355095541401274, "train_accuracy": 0.9345904406962364, "f1_macro": 0.934894262011744, "pre_macro": 0.9354088594014389, "re_macro": 0.9352979355311442, "best_epoch": 3, "val_loss": 0.22160858372641598, "train_loss": 3.525216486916613}
{"epoch": 4, "val_accuracy": 0.9339171974522293, "train_accuracy": 0.9456512082868548, "f1_macro": 0.9338183764268313, "pre_macro": 0.9347944253049985, "re_macro": 0.934693469353391, "best_epoch": 3, "val_loss": 0.2192716753572985, "train_loss": 3.0344869170361743}
{"epoch": 5, "val_accuracy": 0.9258558917197452, "train_accuracy": 0.954701936829573, "f1_macro": 0.9255294587399916, "pre_macro": 0.9293844098803543, "re_macro": 0.9266532869705099, "best_epoch": 3, "val_loss": 0.23132341678972076, "train_loss": 2.706194672249019}
{"epoch": 6, "val_accuracy": 0.9375, "train_accuracy": 0.9623756219329102, "f1_macro": 0.9364590757580613, "pre_macro": 0.938347396474138, "re_macro": 0.9372479576233707, "best_epoch": 6, "val_loss": 0.20539199093439778, "train_loss": 2.4690005631843355}
{"epoch": 7, "val_accuracy": 0.9423765923566879, "train_accuracy": 0.9676172707889126, "f1_macro": 0.9414948671977103, "pre_macro": 0.942597276173949, "re_macro": 0.9417932778106557, "best_epoch": 7, "val_loss": 0.1892231881535452, "train_loss": 2.2937645434316543}
{"epoch": 8, "val_accuracy": 0.9451632165605095, "train_accuracy": 0.9714818763326226, "f1_macro": 0.9442180510864656, "pre_macro": 0.9457364547625076, "re_macro": 0.9440129590470127, "best_epoch": 8, "val_loss": 0.18095979073743343, "train_loss": 2.1609068506562124}
{"epoch": 9, "val_accuracy": 0.9507364649681529, "train_accuracy": 0.9743136993603412, "f1_macro": 0.9498576230618371, "pre_macro": 0.9512952720216207, "re_macro": 0.9495424508509365, "best_epoch": 9, "val_loss": 0.1672347490319828, "train_loss": 2.057563364632857}
{"epoch": 10, "val_accuracy": 0.9535230891719745, "train_accuracy": 0.9764903163604899, "f1_macro": 0.9528106348961748, "pre_macro": 0.9540593144498605, "re_macro": 0.9525355673125903, "best_epoch": 10, "val_loss": 0.15707910645776874, "train_loss": 1.975344519371163}
{"epoch": 11, "val_accuracy": 0.9566082802547771, "train_accuracy": 0.9786114072494669, "f1_macro": 0.9559754967122162, "pre_macro": 0.9568086885261993, "re_macro": 0.9558010077457306, "best_epoch": 11, "val_loss": 0.1485744087873798, "train_loss": 1.909906618122353}
{"epoch": 12, "val_accuracy": 0.9594944267515924, "train_accuracy": 0.9801994492250211, "f1_macro": 0.9588734136970493, "pre_macro": 0.9594136400358376, "re_macro": 0.9587807163502073, "best_epoch": 12, "val_loss": 0.14204215442696527, "train_loss": 1.857650838172766}
{"epoch": 13, "val_accuracy": 0.9602906050955414, "train_accuracy": 0.9813988095661724, "f1_macro": 0.9596905410223426, "pre_macro": 0.9601180315982795, "re_macro": 0.9596656250771503, "best_epoch": 13, "val_loss": 0.13833044971202968, "train_loss": 1.8159254654638295}
{"epoch": 14, "val_accuracy": 0.9607882165605095, "train_accuracy": 0.9823649609520999, "f1_macro": 0.9601567059274396, "pre_macro": 0.9604445680094708, "re_macro": 0.9601902843537691, "best_epoch": 14, "val_loss": 0.13492143875326085, "train_loss": 1.78244822264226}
{"epoch": 15, "val_accuracy": 0.9629777070063694, "train_accuracy": 0.9828869048466307, "f1_macro": 0.962327647114489, "pre_macro": 0.9625195565223343, "re_macro": 0.9623819834989618, "best_epoch": 15, "val_loss": 0.1316765434476458, "train_loss": 1.7553884129026043}
{"training time": 82.09652829170227}
