{"epoch": 1, "val_accuracy": 0.8953025477707006, "train_accuracy": 0.8686079545454546, "f1_macro": 0.8931390420438025, "pre_macro": 0.9015018592821529, "re_macro": 0.8936196825954561, "best_epoch": 1, "val_loss": 0.3401647770575657, "train_loss": 0.49580051828260446}
{"epoch": 2, "val_accuracy": 0.9211783439490446, "train_accuracy": 0.9236727627840909, "f1_macro": 0.9199663736195601, "pre_macro": 0.9244616582022502, "re_macro": 0.9193332984855008, "best_epoch": 2, "val_loss": 0.25681678222338106, "train_loss": 0.3291834803001786}
{"epoch": 3, "val_accuracy": 0.941281847133758, "train_accuracy": 0.9394975142045454, "f1_macro": 0.9405610159844905, "pre_macro": 0.9425660155787213, "re_macro": 0.9398732313315084, "best_epoch": 3, "val_loss": 0.20374837824422273, "train_loss": 0.28463802979835734}
{"epoch": 4, "val_accuracy": 0.9479498407643312, "train_accuracy": 0.9491077769886364, "f1_macro": 0.9475261067264658, "pre_macro": 0.9489384293363216, "re_macro": 0.9468925797720626, "best_epoch": 4, "val_loss": 0.17658972565772807, "train_loss": 0.2575653875458308}
{"epoch": 5, "val_accuracy": 0.9514331210191083, "train_accuracy": 0.955322265625, "f1_macro": 0.9512879438888451, "pre_macro": 0.9526156932175333, "re_macro": 0.9506635459865231, "best_epoch": 5, "val_loss": 0.1639541879231051, "train_loss": 0.23928732009054246}
{"epoch": 6, "val_accuracy": 0.9535230891719745, "train_accuracy": 0.9598721590909091, "f1_macro": 0.9534924726647201, "pre_macro": 0.9547755424731343, "re_macro": 0.9528771599215011, "best_epoch": 6, "val_loss": 0.15667087694179196, "train_loss": 0.22606791730504483}
{"epoch": 7, "val_accuracy": 0.9572054140127388, "train_accuracy": 0.9629794034090909, "f1_macro": 0.9570255173726329, "pre_macro": 0.9580028130003937, "re_macro": 0.956544510744528, "best_epoch": 7, "val_loss": 0.14838522550454186, "train_loss": 0.21615978713486006}
{"epoch": 8, "val_accuracy": 0.960390127388535, "train_accuracy": 0.9646883877840909, "f1_macro": 0.9601049835498372, "pre_macro": 0.9608041752654518, "re_macro": 0.959741776976224, "best_epoch": 8, "val_loss": 0.14062202924115072, "train_loss": 0.2084085769020021}
{"epoch": 9, "val_accuracy": 0.9616839171974523, "train_accuracy": 0.9666637073863636, "f1_macro": 0.9612964522860624, "pre_macro": 0.961864875102529, "re_macro": 0.9610084661629978, "best_epoch": 9, "val_loss": 0.13451091710857715, "train_loss": 0.20221959660888056}
{"epoch": 10, "val_accuracy": 0.9631767515923567, "train_accuracy": 0.9679066051136364, "f1_macro": 0.9627946810204795, "pre_macro": 0.9632986334223071, "re_macro": 0.9625448011272952, "best_epoch": 10, "val_loss": 0.13009299621116488, "train_loss": 0.19732095977418462}
{"epoch": 11, "val_accuracy": 0.9642714968152867, "train_accuracy": 0.969482421875, "f1_macro": 0.9638399644195553, "pre_macro": 0.9642233330434413, "re_macro": 0.9636652277176976, "best_epoch": 11, "val_loss": 0.12717269727912772, "train_loss": 0.19346272620499472}
{"epoch": 12, "val_accuracy": 0.9648686305732485, "train_accuracy": 0.9704811789772727, "f1_macro": 0.9644475885493108, "pre_macro": 0.9647821280182931, "re_macro": 0.9642952905056486, "best_epoch": 12, "val_loss": 0.12517162844253954, "train_loss": 0.19040548786605624}
{"epoch": 13, "val_accuracy": 0.9656648089171974, "train_accuracy": 0.9711026278409091, "f1_macro": 0.9652468658704454, "pre_macro": 0.9655455891472634, "re_macro": 0.9651128544968094, "best_epoch": 13, "val_loss": 0.12366361385152029, "train_loss": 0.18797464629592883}
{"epoch": 14, "val_accuracy": 0.9658638535031847, "train_accuracy": 0.9715687144886364, "f1_macro": 0.9654384870435146, "pre_macro": 0.9657095175693187, "re_macro": 0.9653120853984248, "best_epoch": 14, "val_loss": 0.1224866978005524, "train_loss": 0.1860453554280949}
{"epoch": 15, "val_accuracy": 0.966062898089172, "train_accuracy": 0.9720126065340909, "f1_macro": 0.9656307314645313, "pre_macro": 0.9658635003289554, "re_macro": 0.9655272440751153, "best_epoch": 15, "val_loss": 0.12157414651291955, "train_loss": 0.18451921995305878}
{"training time": 94.34997820854187}
