{"epoch": 1, "val_accuracy": 0.8101114649681529, "train_accuracy": 0.6448043318504982, "f1_macro": 0.8077189777393705, "pre_macro": 0.8353616810922974, "re_macro": 0.8048810779974099, "best_epoch": 1, "val_loss": 0.6381921875438873, "train_loss": 1.248676393894439}
{"epoch": 2, "val_accuracy": 0.85828025477707, "train_accuracy": 0.863459347410405, "f1_macro": 0.8564775972068894, "pre_macro": 0.8621625175416687, "re_macro": 0.8560890022508302, "best_epoch": 2, "val_loss": 0.48993806265721657, "train_loss": 0.5495203029602131}
{"epoch": 3, "val_accuracy": 0.8727109872611465, "train_accuracy": 0.8867306240061497, "f1_macro": 0.8711990097914667, "pre_macro": 0.8737273305629902, "re_macro": 0.8714581015189852, "best_epoch": 3, "val_loss": 0.44104839775972304, "train_loss": 0.4555203489800717}
{"epoch": 4, "val_accuracy": 0.8783837579617835, "train_accuracy": 0.8977013686870007, "f1_macro": 0.8771079365690138, "pre_macro": 0.8796050864070699, "re_macro": 0.8777283099019655, "best_epoch": 4, "val_loss": 0.4233298103331001, "train_loss": 0.41421551400042594}
{"epoch": 5, "val_accuracy": 0.8817675159235668, "train_accuracy": 0.9026880708146603, "f1_macro": 0.8802046574614947, "pre_macro": 0.8837263169160223, "re_macro": 0.8805843086371287, "best_epoch": 5, "val_loss": 0.4070082482211529, "train_loss": 0.39026539820305844}
{"epoch": 6, "val_accuracy": 0.8817675159235668, "train_accuracy": 0.9130414140985367, "f1_macro": 0.8797063697960514, "pre_macro": 0.8844792074778907, "re_macro": 0.8801074220742567, "best_epoch": 5, "val_loss": 0.4018487374826222, "train_loss": 0.37102779175372835}
{"epoch": 7, "val_accuracy": 0.8840565286624203, "train_accuracy": 0.91470364814109, "f1_macro": 0.8825912466594648, "pre_macro": 0.8861162540212225, "re_macro": 0.8829316305373947, "best_epoch": 7, "val_loss": 0.3924206992623153, "train_loss": 0.35535057649967516}
{"epoch": 8, "val_accuracy": 0.8876393312101911, "train_accuracy": 0.9233472651623665, "f1_macro": 0.8864202800737567, "pre_macro": 0.8894377512200622, "re_macro": 0.8867101662619946, "best_epoch": 8, "val_loss": 0.3862879080757214, "train_loss": 0.34370585863894604}
{"epoch": 9, "val_accuracy": 0.8871417197452229, "train_accuracy": 0.925674392821941, "f1_macro": 0.8855102488089164, "pre_macro": 0.8890691408268442, "re_macro": 0.8858067997530371, "best_epoch": 8, "val_loss": 0.3850754707766946, "train_loss": 0.3366389810404879}
{"epoch": 10, "val_accuracy": 0.8859474522292994, "train_accuracy": 0.9260068396304516, "f1_macro": 0.8843164579229972, "pre_macro": 0.8882480823350904, "re_macro": 0.88460343493348, "best_epoch": 8, "val_loss": 0.3848604390480716, "train_loss": 0.3324387165460181}
{"epoch": 11, "val_accuracy": 0.8871417197452229, "train_accuracy": 0.9289988609070473, "f1_macro": 0.8854530413309252, "pre_macro": 0.8889969581306986, "re_macro": 0.8857941506060719, "best_epoch": 8, "val_loss": 0.3814968279070535, "train_loss": 0.32985256168436494}
{"epoch": 12, "val_accuracy": 0.8899283439490446, "train_accuracy": 0.9273366268644941, "f1_macro": 0.8882704362639302, "pre_macro": 0.8906233872193056, "re_macro": 0.8887177857165597, "best_epoch": 12, "val_loss": 0.3745342195034027, "train_loss": 0.3276119625314753}
{"epoch": 13, "val_accuracy": 0.8914211783439491, "train_accuracy": 0.9273841190845409, "f1_macro": 0.8898113266919132, "pre_macro": 0.891138365321769, "re_macro": 0.8902157055582174, "best_epoch": 13, "val_loss": 0.36857328343258544, "train_loss": 0.32442396149990405}
{"epoch": 14, "val_accuracy": 0.8924164012738853, "train_accuracy": 0.9283814595100728, "f1_macro": 0.8908102995717257, "pre_macro": 0.8915540762293415, "re_macro": 0.8912188113392047, "best_epoch": 14, "val_loss": 0.36540313696215865, "train_loss": 0.32060906925099963}
{"epoch": 15, "val_accuracy": 0.893312101910828, "train_accuracy": 0.929046353127094, "f1_macro": 0.8917734926163735, "pre_macro": 0.8923191059878779, "re_macro": 0.892198653171626, "best_epoch": 15, "val_loss": 0.36371127117401475, "train_loss": 0.3174022841960826}
{"training time": 17.879393577575684}
