{"epoch": 1, "val_accuracy": 0.586484872611465, "train_accuracy": 0.2703125, "f1_macro": 0.5290435731993561, "pre_macro": 0.5916246095591438, "re_macro": 0.5745762463986586, "best_epoch": 1, "val_loss": 1.7405842018734878, "train_loss": 2.142991006374359}
{"epoch": 2, "val_accuracy": 0.6701831210191083, "train_accuracy": 0.6880208373069763, "f1_macro": 0.6227074158735991, "pre_macro": 0.6538754478512785, "re_macro": 0.6577600406146089, "best_epoch": 2, "val_loss": 1.298950137226445, "train_loss": 1.4539274334907533}
{"epoch": 3, "val_accuracy": 0.7105891719745223, "train_accuracy": 0.7442708373069763, "f1_macro": 0.6668979474245276, "pre_macro": 0.6592726169192566, "re_macro": 0.6995742783795473, "best_epoch": 3, "val_loss": 1.0918901684177909, "train_loss": 1.0890408158302307}
{"epoch": 4, "val_accuracy": 0.742734872611465, "train_accuracy": 0.7927083373069763, "f1_macro": 0.6972588904973234, "pre_macro": 0.6697156131341533, "re_macro": 0.7322463000204689, "best_epoch": 4, "val_loss": 0.9928758618937936, "train_loss": 0.9123026072978974}
{"epoch": 5, "val_accuracy": 0.7440286624203821, "train_accuracy": 0.8036458373069764, "f1_macro": 0.698927429915046, "pre_macro": 0.6747868656451056, "re_macro": 0.7331499840723226, "best_epoch": 5, "val_loss": 0.9430946738097319, "train_loss": 0.8245350420475006}
{"epoch": 6, "val_accuracy": 0.7532842356687898, "train_accuracy": 0.8171875, "f1_macro": 0.7090187151758218, "pre_macro": 0.6811445217349259, "re_macro": 0.7427877652905506, "best_epoch": 6, "val_loss": 0.9085523835413015, "train_loss": 0.7686385333538055}
{"epoch": 7, "val_accuracy": 0.7571656050955414, "train_accuracy": 0.825, "f1_macro": 0.712020914453108, "pre_macro": 0.6828620234579642, "re_macro": 0.7466270287804664, "best_epoch": 7, "val_loss": 0.884901760679901, "train_loss": 0.7327414870262146}
{"epoch": 8, "val_accuracy": 0.7617436305732485, "train_accuracy": 0.83125, "f1_macro": 0.7168609492488929, "pre_macro": 0.6874414748484028, "re_macro": 0.7513114759019355, "best_epoch": 8, "val_loss": 0.8692948702414325, "train_loss": 0.7085385918617249}
{"epoch": 9, "val_accuracy": 0.7623407643312102, "train_accuracy": 0.8369791686534882, "f1_macro": 0.7172390214753028, "pre_macro": 0.6874919999783878, "re_macro": 0.7518968074576045, "best_epoch": 9, "val_loss": 0.8573223010749574, "train_loss": 0.6902529418468475}
{"epoch": 10, "val_accuracy": 0.7647292993630573, "train_accuracy": 0.8401041686534881, "f1_macro": 0.7195976963785788, "pre_macro": 0.6894957635281932, "re_macro": 0.7543115768417787, "best_epoch": 10, "val_loss": 0.8482833371800222, "train_loss": 0.676820182800293}
{"epoch": 11, "val_accuracy": 0.7657245222929936, "train_accuracy": 0.8510416686534882, "f1_macro": 0.7206421822379437, "pre_macro": 0.6904858079293877, "re_macro": 0.7553323754897845, "best_epoch": 11, "val_loss": 0.8416154097979236, "train_loss": 0.6666246294975281}
{"epoch": 12, "val_accuracy": 0.7660230891719745, "train_accuracy": 0.8510416686534882, "f1_macro": 0.720925078158518, "pre_macro": 0.6906744517616802, "re_macro": 0.7556401277908467, "best_epoch": 12, "val_loss": 0.8363465712328625, "train_loss": 0.6587108820676804}
{"epoch": 13, "val_accuracy": 0.7671178343949044, "train_accuracy": 0.8494791686534882, "f1_macro": 0.7217121621875802, "pre_macro": 0.6914548095422266, "re_macro": 0.7564382000059633, "best_epoch": 13, "val_loss": 0.8322739840313128, "train_loss": 0.6525492131710052}
{"epoch": 14, "val_accuracy": 0.7682125796178344, "train_accuracy": 0.8494791686534882, "f1_macro": 0.7228009397402168, "pre_macro": 0.6925183440086278, "re_macro": 0.7575362939195915, "best_epoch": 14, "val_loss": 0.8290967755256944, "train_loss": 0.6476998895406723}
{"epoch": 15, "val_accuracy": 0.7689092356687898, "train_accuracy": 0.8494791686534882, "f1_macro": 0.7234979537834902, "pre_macro": 0.6931583169987682, "re_macro": 0.7582490254696397, "best_epoch": 15, "val_loss": 0.8265775776213142, "train_loss": 0.6438641577959061}
{"training time": 12.33600902557373}
