{"epoch": 100, "loss": 0.07951964437961578}
{"epoch": 200, "loss": 0.02216980792582035}
{"epoch": 300, "loss": 0.01843271404504776}
{"epoch": 400, "loss": 0.016985133290290833}
{"epoch": 500, "loss": 0.015850700438022614}
{"epoch": 600, "loss": 0.014940940774977207}
{"epoch": 700, "loss": 0.014216898009181023}
{"epoch": 800, "loss": 0.013630891218781471}
{"epoch": 900, "loss": 0.013115294277668}
{"epoch": 1000, "loss": 0.012575441040098667}
{"training_time:": "7.2106s", "final_loss": 0.012575441040098667}
