{"epoch": 1, "val_accuracy": 0.7456210191082803, "train_accuracy": 0.5210391346444475, "f1_macro": 0.7267695756808117, "pre_macro": 0.7591073152452499, "re_macro": 0.738192238722717, "best_epoch": 1, "val_loss": 1.4833815811545985, "train_loss": 8.330829265269827}
{"epoch": 2, "val_accuracy": 0.8024482484076433, "train_accuracy": 0.8235182381690817, "f1_macro": 0.7966400734746883, "pre_macro": 0.8210006957617109, "re_macro": 0.7969383581910859, "best_epoch": 2, "val_loss": 1.088388616112387, "train_loss": 7.35092327442575}
{"epoch": 3, "val_accuracy": 0.8451433121019108, "train_accuracy": 0.8951842708790556, "f1_macro": 0.8419728825207805, "pre_macro": 0.850626958291101, "re_macro": 0.8413926028247886, "best_epoch": 3, "val_loss": 0.8184286097812045, "train_loss": 6.779048118185489}
{"epoch": 4, "val_accuracy": 0.862062101910828, "train_accuracy": 0.9377374623684173, "f1_macro": 0.8601971895563182, "pre_macro": 0.8631365279610023, "re_macro": 0.8597669340069954, "best_epoch": 4, "val_loss": 0.6949804981423032, "train_loss": 6.397110076660805}
{"epoch": 5, "val_accuracy": 0.8722133757961783, "train_accuracy": 0.9513202892973068, "f1_macro": 0.8704017900753266, "pre_macro": 0.8730918372984485, "re_macro": 0.8698795748725752, "best_epoch": 5, "val_loss": 0.6225465023593538, "train_loss": 6.159832386260337}
{"epoch": 6, "val_accuracy": 0.8764928343949044, "train_accuracy": 0.9666603347088428, "f1_macro": 0.8748504870638916, "pre_macro": 0.8791399675665053, "re_macro": 0.8739790211016084, "best_epoch": 6, "val_loss": 0.5704871697031009, "train_loss": 5.9723976520781825}
{"epoch": 7, "val_accuracy": 0.8867436305732485, "train_accuracy": 0.9753039517301194, "f1_macro": 0.8842662297467809, "pre_macro": 0.886057347125296, "re_macro": 0.8842319567140601, "best_epoch": 7, "val_loss": 0.51216228230364, "train_loss": 5.83986234664917}
{"epoch": 8, "val_accuracy": 0.8866441082802548, "train_accuracy": 0.9819528879003322, "f1_macro": 0.884334915445488, "pre_macro": 0.8852943756006175, "re_macro": 0.8844917215061313, "best_epoch": 7, "val_loss": 0.486789643005201, "train_loss": 5.744573075720605}
{"epoch": 9, "val_accuracy": 0.8880374203821656, "train_accuracy": 0.9859897430906904, "f1_macro": 0.8857208697373846, "pre_macro": 0.8870281983668425, "re_macro": 0.8858262350530749, "best_epoch": 9, "val_loss": 0.4743050073931931, "train_loss": 5.673799717679937}
{"epoch": 10, "val_accuracy": 0.8869426751592356, "train_accuracy": 0.987319530324733, "f1_macro": 0.8845620794033359, "pre_macro": 0.8861608730529273, "re_macro": 0.8848335317671392, "best_epoch": 9, "val_loss": 0.46507241107096337, "train_loss": 5.618688593519495}
{"epoch": 11, "val_accuracy": 0.887937898089172, "train_accuracy": 0.9896466579843075, "f1_macro": 0.8855414677723903, "pre_macro": 0.8875155067516761, "re_macro": 0.8858199083487358, "best_epoch": 9, "val_loss": 0.45703015424263704, "train_loss": 5.574917154109224}
{"epoch": 12, "val_accuracy": 0.887937898089172, "train_accuracy": 0.9926386792609032, "f1_macro": 0.8855744815408428, "pre_macro": 0.887462733600945, "re_macro": 0.8858098665219811, "best_epoch": 9, "val_loss": 0.4510586260800149, "train_loss": 5.539943644341002}
{"epoch": 13, "val_accuracy": 0.8874402866242038, "train_accuracy": 0.9950132978723404, "f1_macro": 0.8850852957794265, "pre_macro": 0.8870632995215624, "re_macro": 0.8853218550735047, "best_epoch": 9, "val_loss": 0.448076081788464, "train_loss": 5.512759513043343}
{"epoch": 14, "val_accuracy": 0.8875398089171974, "train_accuracy": 0.9960106382978723, "f1_macro": 0.8854769897668717, "pre_macro": 0.8877205199672454, "re_macro": 0.8856909798415348, "best_epoch": 9, "val_loss": 0.4464283878826032, "train_loss": 5.492598310429999}
{"epoch": 15, "val_accuracy": 0.8861464968152867, "train_accuracy": 0.9960106382978723, "f1_macro": 0.8839632041429193, "pre_macro": 0.886524594330167, "re_macro": 0.8841793161514344, "best_epoch": 9, "val_loss": 0.445227017210927, "train_loss": 5.477090013788102}
{"training time": 18.38197350502014}
