{"epoch": 1, "val_accuracy": 0.8894307324840764, "train_accuracy": 0.8755996801705757, "f1_macro": 0.88822078962071, "pre_macro": 0.898435656999862, "re_macro": 0.8864830737843429, "best_epoch": 1, "val_loss": 0.3850669473599476, "train_loss": 5.244254071575238}
{"epoch": 2, "val_accuracy": 0.8905254777070064, "train_accuracy": 0.9176439232409381, "f1_macro": 0.8882551674567484, "pre_macro": 0.8997564136524014, "re_macro": 0.8867572826437116, "best_epoch": 2, "val_loss": 0.38837399210330026, "train_loss": 3.326340350515044}
{"epoch": 3, "val_accuracy": 0.8592754777070064, "train_accuracy": 0.9288046375266524, "f1_macro": 0.8591926444265843, "pre_macro": 0.8772299808639878, "re_macro": 0.8564889193091142, "best_epoch": 2, "val_loss": 0.4628769199654555, "train_loss": 2.5938882365155576}
{"epoch": 4, "val_accuracy": 0.908140923566879, "train_accuracy": 0.9343350213219617, "f1_macro": 0.9076941099056398, "pre_macro": 0.9146927589117834, "re_macro": 0.9064637161977261, "best_epoch": 4, "val_loss": 0.31304869440141, "train_loss": 2.1808678769607788}
{"epoch": 5, "val_accuracy": 0.9161027070063694, "train_accuracy": 0.9390658315565032, "f1_macro": 0.9145868917165855, "pre_macro": 0.9185628871283068, "re_macro": 0.9152830892231261, "best_epoch": 5, "val_loss": 0.2762452728903977, "train_loss": 1.9033085026466516}
{"epoch": 6, "val_accuracy": 0.9136146496815286, "train_accuracy": 0.9452125533049041, "f1_macro": 0.9123084796377903, "pre_macro": 0.9175584099594966, "re_macro": 0.9127859021369321, "best_epoch": 5, "val_loss": 0.2784501588221189, "train_loss": 1.705855400069182}
{"epoch": 7, "val_accuracy": 0.930234872611465, "train_accuracy": 0.9502265458422174, "f1_macro": 0.9292720301943186, "pre_macro": 0.9312862607037807, "re_macro": 0.9297805382274582, "best_epoch": 7, "val_loss": 0.23006067553143592, "train_loss": 1.5632559329207771}
{"epoch": 8, "val_accuracy": 0.9387937898089171, "train_accuracy": 0.9549406982942431, "f1_macro": 0.9375951304231733, "pre_macro": 0.9386119353835941, "re_macro": 0.9381136915127477, "best_epoch": 8, "val_loss": 0.20541196953576463, "train_loss": 1.4561061800670014}
{"epoch": 9, "val_accuracy": 0.9425756369426752, "train_accuracy": 0.9582555970149254, "f1_macro": 0.9415566923212552, "pre_macro": 0.9423225866276651, "re_macro": 0.9419674797703266, "best_epoch": 9, "val_loss": 0.19215084609403543, "train_loss": 1.3742435340688173}
{"epoch": 10, "val_accuracy": 0.9382961783439491, "train_accuracy": 0.9616371268656716, "f1_macro": 0.9376132127271631, "pre_macro": 0.9390759178926192, "re_macro": 0.9380397596956364, "best_epoch": 9, "val_loss": 0.20096960816840836, "train_loss": 1.3093924128424639}
{"epoch": 11, "val_accuracy": 0.9338176751592356, "train_accuracy": 0.9641357942430704, "f1_macro": 0.9332246252045119, "pre_macro": 0.935375514872858, "re_macro": 0.9338225104013314, "best_epoch": 9, "val_loss": 0.20783156628726393, "train_loss": 1.258583098840612}
{"epoch": 12, "val_accuracy": 0.9473527070063694, "train_accuracy": 0.9671675106609808, "f1_macro": 0.9469001583135037, "pre_macro": 0.9476695369284203, "re_macro": 0.946931246192235, "best_epoch": 12, "val_loss": 0.17426453482739296, "train_loss": 1.2179702703378348}
{"epoch": 13, "val_accuracy": 0.9546178343949044, "train_accuracy": 0.9695662313432836, "f1_macro": 0.9539657770681202, "pre_macro": 0.9543307398672619, "re_macro": 0.9538211765182453, "best_epoch": 13, "val_loss": 0.1561373046830676, "train_loss": 1.1847191552109302}
{"epoch": 14, "val_accuracy": 0.9555135350318471, "train_accuracy": 0.9717650586353944, "f1_macro": 0.9548300326350525, "pre_macro": 0.9550870067315728, "re_macro": 0.954748701681593, "best_epoch": 14, "val_loss": 0.15116309906967032, "train_loss": 1.1577001710944592}
{"epoch": 15, "val_accuracy": 0.9576035031847133, "train_accuracy": 0.9727978411513859, "f1_macro": 0.956982003071856, "pre_macro": 0.9571622304299019, "re_macro": 0.9569700820540786, "best_epoch": 15, "val_loss": 0.14788647854083758, "train_loss": 1.136326632520029}
{"training time": 146.35121941566467}
