{"epoch": 1, "val_accuracy": 0.8709195859872612, "train_accuracy": 0.8578657670454546, "f1_macro": 0.86876807534359, "pre_macro": 0.8772624785459907, "re_macro": 0.869891043955265, "best_epoch": 1, "val_loss": 0.47776076786077704, "train_loss": 5.64657933535901}
{"epoch": 2, "val_accuracy": 0.90515525477707, "train_accuracy": 0.9145285866477273, "f1_macro": 0.9040499583066992, "pre_macro": 0.9092057371723037, "re_macro": 0.9045150913535167, "best_epoch": 2, "val_loss": 0.3663251014651766, "train_loss": 3.8096061450513927}
{"epoch": 3, "val_accuracy": 0.8947054140127388, "train_accuracy": 0.9262917258522727, "f1_macro": 0.8935644323079014, "pre_macro": 0.8982436150041675, "re_macro": 0.8937717483717117, "best_epoch": 2, "val_loss": 0.4132079488247823, "train_loss": 3.0804454924708065}
{"epoch": 4, "val_accuracy": 0.9214769108280255, "train_accuracy": 0.9320623224431818, "f1_macro": 0.9200865688355593, "pre_macro": 0.9219573140946821, "re_macro": 0.9205200623099504, "best_epoch": 4, "val_loss": 0.2883957336852505, "train_loss": 2.6427540237253364}
{"epoch": 5, "val_accuracy": 0.92078025477707, "train_accuracy": 0.9404296875, "f1_macro": 0.9196426308992688, "pre_macro": 0.921043247748009, "re_macro": 0.9198006319482692, "best_epoch": 4, "val_loss": 0.2804534716685866, "train_loss": 2.3389602371237497}
{"epoch": 6, "val_accuracy": 0.9241640127388535, "train_accuracy": 0.9452237215909091, "f1_macro": 0.9233207295220808, "pre_macro": 0.9251760292963788, "re_macro": 0.9231853896630546, "best_epoch": 6, "val_loss": 0.25889093585454737, "train_loss": 2.1298005120320753}
{"epoch": 7, "val_accuracy": 0.9167993630573248, "train_accuracy": 0.9500177556818182, "f1_macro": 0.9157705854187472, "pre_macro": 0.9188828042588566, "re_macro": 0.9156475132332993, "best_epoch": 6, "val_loss": 0.2796585013627247, "train_loss": 1.9692868385463953}
{"epoch": 8, "val_accuracy": 0.9235668789808917, "train_accuracy": 0.9537020596590909, "f1_macro": 0.9223452507074252, "pre_macro": 0.9240793249271192, "re_macro": 0.9224295313703811, "best_epoch": 6, "val_loss": 0.2609890002733583, "train_loss": 1.8461173711852594}
{"epoch": 9, "val_accuracy": 0.9193869426751592, "train_accuracy": 0.9575639204545454, "f1_macro": 0.9182238664937981, "pre_macro": 0.9211466074177069, "re_macro": 0.9183298301847931, "best_epoch": 6, "val_loss": 0.2728344787885049, "train_loss": 1.749453047121113}
{"epoch": 10, "val_accuracy": 0.9221735668789809, "train_accuracy": 0.9614923650568182, "f1_macro": 0.9209533100201629, "pre_macro": 0.9237983482903414, "re_macro": 0.9211242267492452, "best_epoch": 6, "val_loss": 0.2688182038106736, "train_loss": 1.672312664037401}
{"epoch": 11, "val_accuracy": 0.9395899681528662, "train_accuracy": 0.964599609375, "f1_macro": 0.9384531541687366, "pre_macro": 0.9393007258067808, "re_macro": 0.9384000137917032, "best_epoch": 11, "val_loss": 0.20731721476764436, "train_loss": 1.6110402833331714}
{"epoch": 12, "val_accuracy": 0.9445660828025477, "train_accuracy": 0.96728515625, "f1_macro": 0.943530426275242, "pre_macro": 0.944016215983579, "re_macro": 0.9435359178112229, "best_epoch": 12, "val_loss": 0.18967101171873746, "train_loss": 1.559624599631537}
{"epoch": 13, "val_accuracy": 0.9471536624203821, "train_accuracy": 0.9703036221590909, "f1_macro": 0.9461991382549723, "pre_macro": 0.9465933804600895, "re_macro": 0.9461745972654709, "best_epoch": 13, "val_loss": 0.18115665064828032, "train_loss": 1.5194572874090888}
{"epoch": 14, "val_accuracy": 0.950437898089172, "train_accuracy": 0.9720126065340909, "f1_macro": 0.9495873125981884, "pre_macro": 0.9498445866606924, "re_macro": 0.94958564654371, "best_epoch": 14, "val_loss": 0.17396300941539608, "train_loss": 1.4876921539279548}
{"epoch": 15, "val_accuracy": 0.9525278662420382, "train_accuracy": 0.9734774502840909, "f1_macro": 0.9516655360650315, "pre_macro": 0.9518331557504573, "re_macro": 0.9517409327686878, "best_epoch": 15, "val_loss": 0.1662935415567581, "train_loss": 1.4621906754645435}
{"training time": 110.66414594650269}
