{"epoch": 1, "val_accuracy": 0.3196656050955414, "train_accuracy": 0.1765625, "f1_macro": 0.2706332139373909, "pre_macro": 0.33150997866908544, "re_macro": 0.31563377137319526, "best_epoch": 1, "val_loss": 2.127415994170365, "train_loss": 8.87455644607544}
{"epoch": 2, "val_accuracy": 0.4901472929936306, "train_accuracy": 0.4703125, "f1_macro": 0.4518807180947748, "pre_macro": 0.5746605606931712, "re_macro": 0.47954230117226937, "best_epoch": 2, "val_loss": 1.9031217462697607, "train_loss": 8.492294216156006}
{"epoch": 3, "val_accuracy": 0.5353304140127388, "train_accuracy": 0.6838541686534881, "f1_macro": 0.5046639616493906, "pre_macro": 0.6245419064323122, "re_macro": 0.5228115348961676, "best_epoch": 3, "val_loss": 1.8229936908005149, "train_loss": 8.184015655517578}
{"epoch": 4, "val_accuracy": 0.605593152866242, "train_accuracy": 0.790625, "f1_macro": 0.554884446235696, "pre_macro": 0.6703166349309383, "re_macro": 0.5950710946971002, "best_epoch": 4, "val_loss": 1.706931199997094, "train_loss": 8.008219718933105}
{"epoch": 5, "val_accuracy": 0.6579418789808917, "train_accuracy": 0.815625, "f1_macro": 0.6334425842334122, "pre_macro": 0.7127266574092525, "re_macro": 0.6472931205811089, "best_epoch": 5, "val_loss": 1.5898384372140193, "train_loss": 7.828819656372071}
{"epoch": 6, "val_accuracy": 0.6959593949044586, "train_accuracy": 0.8723958373069763, "f1_macro": 0.6642551256786271, "pre_macro": 0.736351703725382, "re_macro": 0.6861903834281913, "best_epoch": 6, "val_loss": 1.5023854416646776, "train_loss": 7.657635068893432}
{"epoch": 7, "val_accuracy": 0.7205414012738853, "train_accuracy": 0.9036458373069763, "f1_macro": 0.6987229652056874, "pre_macro": 0.746132505745797, "re_macro": 0.711843696590859, "best_epoch": 7, "val_loss": 1.4179888629609612, "train_loss": 7.480547094345093}
{"epoch": 8, "val_accuracy": 0.722531847133758, "train_accuracy": 0.9359375, "f1_macro": 0.7002558026433038, "pre_macro": 0.7499393720544215, "re_macro": 0.7141736736907194, "best_epoch": 8, "val_loss": 1.3771167036834036, "train_loss": 7.351674795150757}
{"epoch": 9, "val_accuracy": 0.7300955414012739, "train_accuracy": 0.9484375, "f1_macro": 0.7084059096328076, "pre_macro": 0.7532424527071921, "re_macro": 0.7215579781415377, "best_epoch": 9, "val_loss": 1.3476679165651844, "train_loss": 7.268481159210205}
{"epoch": 10, "val_accuracy": 0.7365644904458599, "train_accuracy": 0.9515625, "f1_macro": 0.716447527452542, "pre_macro": 0.7566339300786945, "re_macro": 0.7281768514286291, "best_epoch": 10, "val_loss": 1.3259677985671219, "train_loss": 7.201543617248535}
{"epoch": 11, "val_accuracy": 0.7414410828025477, "train_accuracy": 0.959375, "f1_macro": 0.7222702020754425, "pre_macro": 0.7596245612092204, "re_macro": 0.7332922083929139, "best_epoch": 11, "val_loss": 1.31056646594576, "train_loss": 7.156004524230957}
{"epoch": 12, "val_accuracy": 0.744327229299363, "train_accuracy": 0.9640625, "f1_macro": 0.7259256821972886, "pre_macro": 0.7609857948018519, "re_macro": 0.7362742883585712, "best_epoch": 12, "val_loss": 1.2984788076133484, "train_loss": 7.119787549972534}
{"epoch": 13, "val_accuracy": 0.7476114649681529, "train_accuracy": 0.9640625, "f1_macro": 0.7303915936840527, "pre_macro": 0.7635759239813564, "re_macro": 0.7398029617631643, "best_epoch": 13, "val_loss": 1.288407206155692, "train_loss": 7.092276668548584}
{"epoch": 14, "val_accuracy": 0.7485071656050956, "train_accuracy": 0.96875, "f1_macro": 0.7313585170011284, "pre_macro": 0.7645646661819482, "re_macro": 0.7407164509525395, "best_epoch": 14, "val_loss": 1.2812376276702637, "train_loss": 7.070874309539795}
{"epoch": 15, "val_accuracy": 0.7496019108280255, "train_accuracy": 0.96875, "f1_macro": 0.7328529837932274, "pre_macro": 0.7647990794126205, "re_macro": 0.7418861159700821, "best_epoch": 15, "val_loss": 1.2752437109400512, "train_loss": 7.053846454620361}
{"training time": 14.0402512550354}
