{"epoch": 1, "val_accuracy": 0.8854498407643312, "train_accuracy": 0.7832446808510638, "f1_macro": 0.884300098981404, "pre_macro": 0.887404708062698, "re_macro": 0.8838661509527462, "best_epoch": 1, "val_loss": 0.5363642161439179, "train_loss": 6.951168139437412}
{"epoch": 2, "val_accuracy": 0.8993829617834395, "train_accuracy": 0.9130984042553192, "f1_macro": 0.8975303266095498, "pre_macro": 0.9035670326486471, "re_macro": 0.8967866687808475, "best_epoch": 2, "val_loss": 0.40631479523174324, "train_loss": 5.360023559407985}
{"epoch": 3, "val_accuracy": 0.9039609872611465, "train_accuracy": 0.9402925531914894, "f1_macro": 0.90199859700394, "pre_macro": 0.9066136836326407, "re_macro": 0.9016380675621349, "best_epoch": 3, "val_loss": 0.34788103517927943, "train_loss": 4.696838313975233}
{"epoch": 4, "val_accuracy": 0.9161027070063694, "train_accuracy": 0.9560505319148936, "f1_macro": 0.9144668255747067, "pre_macro": 0.9168910187030009, "re_macro": 0.9141652413435889, "best_epoch": 4, "val_loss": 0.311526651476409, "train_loss": 4.264479852229991}
{"epoch": 5, "val_accuracy": 0.9087380573248408, "train_accuracy": 0.9678191489361702, "f1_macro": 0.9069925780658583, "pre_macro": 0.9112643266320124, "re_macro": 0.9068123670636041, "best_epoch": 4, "val_loss": 0.32388059113910245, "train_loss": 3.9695959547732738}
{"epoch": 6, "val_accuracy": 0.8941082802547771, "train_accuracy": 0.9736037234042553, "f1_macro": 0.8921591707555878, "pre_macro": 0.9025884887171582, "re_macro": 0.8920971907844208, "best_epoch": 4, "val_loss": 0.3464180240585546, "train_loss": 3.7547215268967}
{"epoch": 7, "val_accuracy": 0.9232683121019108, "train_accuracy": 0.9769946808510638, "f1_macro": 0.9219345425281442, "pre_macro": 0.9231739514159603, "re_macro": 0.9222454197650711, "best_epoch": 7, "val_loss": 0.26186369033233753, "train_loss": 3.5906132931404926}
{"epoch": 8, "val_accuracy": 0.9209792993630573, "train_accuracy": 0.979654255319149, "f1_macro": 0.9198796595065184, "pre_macro": 0.9217664467005424, "re_macro": 0.9200945327487151, "best_epoch": 7, "val_loss": 0.2657452498793982, "train_loss": 3.4615503169120627}
{"epoch": 9, "val_accuracy": 0.9260549363057324, "train_accuracy": 0.9845744680851064, "f1_macro": 0.9244946704887642, "pre_macro": 0.9256055322117162, "re_macro": 0.9249074777049454, "best_epoch": 9, "val_loss": 0.2479948571224691, "train_loss": 3.355094171077647}
{"epoch": 10, "val_accuracy": 0.9274482484076433, "train_accuracy": 0.9875, "f1_macro": 0.9259143744778588, "pre_macro": 0.9266296415831233, "re_macro": 0.9261987832044267, "best_epoch": 10, "val_loss": 0.236989228778584, "train_loss": 3.2694817664775444}
{"epoch": 11, "val_accuracy": 0.9335191082802548, "train_accuracy": 0.9910904255319148, "f1_macro": 0.9320415274674229, "pre_macro": 0.9326736490102705, "re_macro": 0.9319244034418508, "best_epoch": 11, "val_loss": 0.21862551651800136, "train_loss": 3.2004506851764436}
{"epoch": 12, "val_accuracy": 0.9355095541401274, "train_accuracy": 0.9928856382978724, "f1_macro": 0.9339042394459314, "pre_macro": 0.9348982276056278, "re_macro": 0.9336901353710637, "best_epoch": 12, "val_loss": 0.21176424346698128, "train_loss": 3.1454898134190987}
{"epoch": 13, "val_accuracy": 0.9362062101910829, "train_accuracy": 0.9941489361702127, "f1_macro": 0.9345636965032575, "pre_macro": 0.9355672988839918, "re_macro": 0.9343914290856763, "best_epoch": 13, "val_loss": 0.2079633979814922, "train_loss": 3.101660273937469}
{"epoch": 14, "val_accuracy": 0.9374004777070064, "train_accuracy": 0.9954122340425532, "f1_macro": 0.9358647089511629, "pre_macro": 0.9367074648003854, "re_macro": 0.9357107857612451, "best_epoch": 14, "val_loss": 0.20425019114260462, "train_loss": 3.0663459189394686}
{"epoch": 15, "val_accuracy": 0.9386942675159236, "train_accuracy": 0.9959441489361702, "f1_macro": 0.9372381099101524, "pre_macro": 0.937948266146104, "re_macro": 0.9370907957331195, "best_epoch": 15, "val_loss": 0.2011668178887599, "train_loss": 3.0376217963847707}
{"training time": 46.21649241447449}
