{"epoch": 100, "loss": 13.61772346496582}
{"epoch": 200, "loss": 11.106400489807129}
{"epoch": 300, "loss": 6.86814022064209}
{"epoch": 400, "loss": 4.068861484527588}
{"epoch": 500, "loss": 2.98361873626709}
{"epoch": 600, "loss": 2.3764326572418213}
{"epoch": 700, "loss": 1.968237042427063}
{"epoch": 800, "loss": 1.6654349565505981}
{"epoch": 900, "loss": 1.4266483783721924}
{"epoch": 1000, "loss": 1.2438457012176514}
{"training_time:": "3.8534s", "final_loss": 1.2438457012176514}
