{"epoch": 1, "val_accuracy": 0.8661425159235668, "train_accuracy": 0.7522606382978724, "f1_macro": 0.8633653729302019, "pre_macro": 0.8764692742834566, "re_macro": 0.8635113637405357, "best_epoch": 1, "val_loss": 0.446235040760344, "train_loss": 3.4506400321392303}
{"epoch": 2, "val_accuracy": 0.8754976114649682, "train_accuracy": 0.8881648936170212, "f1_macro": 0.873381500106647, "pre_macro": 0.8854295189312165, "re_macro": 0.8734405105740803, "best_epoch": 2, "val_loss": 0.4092969668281686, "train_loss": 1.8547188784213777}
{"epoch": 3, "val_accuracy": 0.8912221337579618, "train_accuracy": 0.9050088654173182, "f1_macro": 0.8900425584842775, "pre_macro": 0.8981847151340101, "re_macro": 0.8900009918048044, "best_epoch": 3, "val_loss": 0.3589902129142907, "train_loss": 1.3942284842754933}
{"epoch": 4, "val_accuracy": 0.896297770700637, "train_accuracy": 0.9134086880278081, "f1_macro": 0.894873722925991, "pre_macro": 0.9014417295048249, "re_macro": 0.8956872308773693, "best_epoch": 4, "val_loss": 0.34532742096692515, "train_loss": 1.1439307020065632}
{"epoch": 5, "val_accuracy": 0.8979896496815286, "train_accuracy": 0.9254654255319149, "f1_macro": 0.8953722314771907, "pre_macro": 0.8997972137933129, "re_macro": 0.8972367998847905, "best_epoch": 5, "val_loss": 0.3297127079883009, "train_loss": 0.9805115037776054}
{"epoch": 6, "val_accuracy": 0.9040605095541401, "train_accuracy": 0.9290558510638298, "f1_macro": 0.9015459700374885, "pre_macro": 0.9052413696507602, "re_macro": 0.9034122214965203, "best_epoch": 6, "val_loss": 0.31906097313495957, "train_loss": 0.8741111268388464}
{"epoch": 7, "val_accuracy": 0.9080414012738853, "train_accuracy": 0.9347739361702128, "f1_macro": 0.9060059017088138, "pre_macro": 0.9083957697066186, "re_macro": 0.9071106927018906, "best_epoch": 7, "val_loss": 0.30060301365176584, "train_loss": 0.797798974716917}
{"epoch": 8, "val_accuracy": 0.9155055732484076, "train_accuracy": 0.9392952127659574, "f1_macro": 0.9142362306155096, "pre_macro": 0.9155439419456451, "re_macro": 0.9145779944277889, "best_epoch": 8, "val_loss": 0.2835364183114403, "train_loss": 0.7403390481116924}
{"epoch": 9, "val_accuracy": 0.9217754777070064, "train_accuracy": 0.9422872340425532, "f1_macro": 0.9201351583419196, "pre_macro": 0.9213485968446516, "re_macro": 0.9200965777904063, "best_epoch": 9, "val_loss": 0.26820652342288737, "train_loss": 0.6961120630832429}
{"epoch": 10, "val_accuracy": 0.9234673566878981, "train_accuracy": 0.9456117021276595, "f1_macro": 0.9219011815571123, "pre_macro": 0.9230967850313097, "re_macro": 0.9217683475683568, "best_epoch": 10, "val_loss": 0.26352696718683666, "train_loss": 0.6623154216624321}
{"epoch": 11, "val_accuracy": 0.9257563694267515, "train_accuracy": 0.9478058510638298, "f1_macro": 0.9242653066243447, "pre_macro": 0.925240830094535, "re_macro": 0.9241153246304764, "best_epoch": 11, "val_loss": 0.2594468597631166, "train_loss": 0.6350025374838646}
{"epoch": 12, "val_accuracy": 0.9274482484076433, "train_accuracy": 0.9504654255319149, "f1_macro": 0.926039525348887, "pre_macro": 0.9268898501791382, "re_macro": 0.9259163442249434, "best_epoch": 12, "val_loss": 0.2555174931148245, "train_loss": 0.6139726216488696}
{"epoch": 13, "val_accuracy": 0.9290406050955414, "train_accuracy": 0.9530585106382978, "f1_macro": 0.9276797522039896, "pre_macro": 0.9283267929554505, "re_macro": 0.9275814279060144, "best_epoch": 13, "val_loss": 0.2510377385054424, "train_loss": 0.5967123890176732}
{"epoch": 14, "val_accuracy": 0.9296377388535032, "train_accuracy": 0.9544547872340425, "f1_macro": 0.9283087801238044, "pre_macro": 0.928792306144745, "re_macro": 0.9282351347315438, "best_epoch": 14, "val_loss": 0.24762744416192078, "train_loss": 0.5832225571287439}
{"epoch": 15, "val_accuracy": 0.9311305732484076, "train_accuracy": 0.9558510638297872, "f1_macro": 0.9298291394337304, "pre_macro": 0.9301486703083646, "re_macro": 0.9297851887006015, "best_epoch": 15, "val_loss": 0.24457294674246174, "train_loss": 0.5722377044089297}
{"training time": 47.25570321083069}
