{"epoch": 1, "val_accuracy": 0.32145700636942676, "train_accuracy": 0.21770833432674408, "f1_macro": 0.26498066450737284, "pre_macro": 0.4271714369484331, "re_macro": 0.31463735856826835, "best_epoch": 1, "val_loss": 2.0037721448643193, "train_loss": 6.308026075363159}
{"epoch": 2, "val_accuracy": 0.47611464968152867, "train_accuracy": 0.4828125, "f1_macro": 0.48044072904694224, "pre_macro": 0.5537330312763846, "re_macro": 0.47401172575176515, "best_epoch": 2, "val_loss": 1.595733029067896, "train_loss": 5.438559484481812}
{"epoch": 3, "val_accuracy": 0.5963375796178344, "train_accuracy": 0.6375, "f1_macro": 0.574691890697907, "pre_macro": 0.6050664783979439, "re_macro": 0.5880628742155077, "best_epoch": 3, "val_loss": 1.327568878034118, "train_loss": 4.955329036712646}
{"epoch": 4, "val_accuracy": 0.6458001592356688, "train_accuracy": 0.7552083373069763, "f1_macro": 0.6310865133253587, "pre_macro": 0.6445192259430204, "re_macro": 0.6379302492914369, "best_epoch": 4, "val_loss": 1.1971534608276027, "train_loss": 4.577911281585694}
{"epoch": 5, "val_accuracy": 0.67078025477707, "train_accuracy": 0.8067708373069763, "f1_macro": 0.6579030163615049, "pre_macro": 0.67704326272311, "re_macro": 0.6631270137335368, "best_epoch": 5, "val_loss": 1.10120672367181, "train_loss": 4.34332046508789}
{"epoch": 6, "val_accuracy": 0.6937699044585988, "train_accuracy": 0.8458333373069763, "f1_macro": 0.6836412742220952, "pre_macro": 0.6892171670451512, "re_macro": 0.6869522034713349, "best_epoch": 6, "val_loss": 1.0391929248336014, "train_loss": 4.16797947883606}
{"epoch": 7, "val_accuracy": 0.699343152866242, "train_accuracy": 0.8671875, "f1_macro": 0.6892153162730223, "pre_macro": 0.6991145520470992, "re_macro": 0.6922889505118708, "best_epoch": 7, "val_loss": 1.0069588417080557, "train_loss": 4.048064851760865}
{"epoch": 8, "val_accuracy": 0.7085987261146497, "train_accuracy": 0.8796875, "f1_macro": 0.6988174280918883, "pre_macro": 0.707032702914748, "re_macro": 0.7018524537675476, "best_epoch": 8, "val_loss": 0.981679137535156, "train_loss": 3.9582573652267454}
{"epoch": 9, "val_accuracy": 0.7135748407643312, "train_accuracy": 0.8932291686534881, "f1_macro": 0.704513479923971, "pre_macro": 0.7116624078306302, "re_macro": 0.7070156052412687, "best_epoch": 9, "val_loss": 0.9630642246668506, "train_loss": 3.891806435585022}
{"epoch": 10, "val_accuracy": 0.7179538216560509, "train_accuracy": 0.9010416686534881, "f1_macro": 0.7090386876912124, "pre_macro": 0.7157768385933928, "re_macro": 0.7115226540020567, "best_epoch": 10, "val_loss": 0.9485149007693977, "train_loss": 3.841338586807251}
{"epoch": 11, "val_accuracy": 0.7210390127388535, "train_accuracy": 0.9057291686534882, "f1_macro": 0.7125238821975015, "pre_macro": 0.7187597825577675, "re_macro": 0.7147661878074627, "best_epoch": 11, "val_loss": 0.9383094358216425, "train_loss": 3.8014059543609617}
{"epoch": 12, "val_accuracy": 0.7232285031847133, "train_accuracy": 0.9088541686534881, "f1_macro": 0.7145965287206377, "pre_macro": 0.7208374493924687, "re_macro": 0.716951142582688, "best_epoch": 12, "val_loss": 0.930291340609265, "train_loss": 3.770437240600586}
{"epoch": 13, "val_accuracy": 0.7246218152866242, "train_accuracy": 0.9104166686534881, "f1_macro": 0.7161353010660171, "pre_macro": 0.7223667542057225, "re_macro": 0.7184006187894931, "best_epoch": 13, "val_loss": 0.9239282890869553, "train_loss": 3.7459035873413087}
{"epoch": 14, "val_accuracy": 0.7256170382165605, "train_accuracy": 0.9119791686534882, "f1_macro": 0.7171858522949914, "pre_macro": 0.7232117257774273, "re_macro": 0.7194356596825403, "best_epoch": 14, "val_loss": 0.9187655242005731, "train_loss": 3.7264028787612915}
{"epoch": 15, "val_accuracy": 0.727109872611465, "train_accuracy": 0.9135416686534882, "f1_macro": 0.7188147375023107, "pre_macro": 0.7246613723079389, "re_macro": 0.7209787083135456, "best_epoch": 15, "val_loss": 0.9147093022704884, "train_loss": 3.710832214355469}
{"training time": 15.220784664154053}
