{"epoch": 1, "val_accuracy": 0.8958001592356688, "train_accuracy": 0.8562266791044776, "f1_macro": 0.8947766049119037, "pre_macro": 0.9020294372654203, "re_macro": 0.8940794340720263, "best_epoch": 1, "val_loss": 0.33684147476770315, "train_loss": 1.852202800545357}
{"epoch": 2, "val_accuracy": 0.9178941082802548, "train_accuracy": 0.912180170575693, "f1_macro": 0.9168270339650848, "pre_macro": 0.9199915921313201, "re_macro": 0.9163172289752349, "best_epoch": 2, "val_loss": 0.27296343889490815, "train_loss": 0.6901542134185844}
{"epoch": 3, "val_accuracy": 0.9290406050955414, "train_accuracy": 0.9271222014925373, "f1_macro": 0.9281953500311614, "pre_macro": 0.9298873007633631, "re_macro": 0.9281485843285997, "best_epoch": 3, "val_loss": 0.23131085079827696, "train_loss": 0.47994285253192315}
{"epoch": 4, "val_accuracy": 0.9353105095541401, "train_accuracy": 0.9391657782515992, "f1_macro": 0.9347187016946285, "pre_macro": 0.9367064049065437, "re_macro": 0.9345745858239359, "best_epoch": 4, "val_loss": 0.2109469071528904, "train_loss": 0.384682784901499}
{"epoch": 5, "val_accuracy": 0.9419785031847133, "train_accuracy": 0.9479610874200426, "f1_macro": 0.9416924493178943, "pre_macro": 0.9432568992595807, "re_macro": 0.9414444247509802, "best_epoch": 5, "val_loss": 0.1900976079391541, "train_loss": 0.3294166381012148}
{"epoch": 6, "val_accuracy": 0.9473527070063694, "train_accuracy": 0.9538912579957356, "f1_macro": 0.9468240938619166, "pre_macro": 0.9481490117651878, "re_macro": 0.9464784276189336, "best_epoch": 6, "val_loss": 0.17712886890716803, "train_loss": 0.2941565357609344}
{"epoch": 7, "val_accuracy": 0.9543192675159236, "train_accuracy": 0.9586054104477612, "f1_macro": 0.9537228471010966, "pre_macro": 0.9543874081177929, "re_macro": 0.9535282558027406, "best_epoch": 7, "val_loss": 0.16252375842564426, "train_loss": 0.2682976012688075}
{"epoch": 8, "val_accuracy": 0.9572054140127388, "train_accuracy": 0.9636860341151386, "f1_macro": 0.9566828590032799, "pre_macro": 0.9571956006837394, "re_macro": 0.9565114933865291, "best_epoch": 8, "val_loss": 0.15302332304418087, "train_loss": 0.24857626348606812}
{"epoch": 9, "val_accuracy": 0.9592953821656051, "train_accuracy": 0.9665011993603412, "f1_macro": 0.9587909643063657, "pre_macro": 0.9590388005700154, "re_macro": 0.9587542933372598, "best_epoch": 9, "val_loss": 0.14428702243277505, "train_loss": 0.2338296952945337}
{"epoch": 10, "val_accuracy": 0.9609872611464968, "train_accuracy": 0.9685501066098081, "f1_macro": 0.9604973286600913, "pre_macro": 0.960598693356232, "re_macro": 0.9605635142006111, "best_epoch": 10, "val_loss": 0.13932362119044372, "train_loss": 0.2224052138229423}
{"epoch": 11, "val_accuracy": 0.961484872611465, "train_accuracy": 0.9703991204690832, "f1_macro": 0.9609962301331292, "pre_macro": 0.9610590749094781, "re_macro": 0.9610956973047614, "best_epoch": 11, "val_loss": 0.13552227624021707, "train_loss": 0.21338788329411162}
{"epoch": 12, "val_accuracy": 0.9624800955414012, "train_accuracy": 0.9721148720682303, "f1_macro": 0.9620157973143677, "pre_macro": 0.9620719386071175, "re_macro": 0.9621014098554912, "best_epoch": 12, "val_loss": 0.13272276561956403, "train_loss": 0.20618041355345548}
{"epoch": 13, "val_accuracy": 0.9634753184713376, "train_accuracy": 0.9738639392324094, "f1_macro": 0.9630177023353046, "pre_macro": 0.9630656618193647, "re_macro": 0.9630810905486173, "best_epoch": 13, "val_loss": 0.13038382693757392, "train_loss": 0.2003708056756047}
{"epoch": 14, "val_accuracy": 0.9638734076433121, "train_accuracy": 0.9751299307036247, "f1_macro": 0.9634099180472562, "pre_macro": 0.9634834345980543, "re_macro": 0.9634136553246171, "best_epoch": 14, "val_loss": 0.12836552181749777, "train_loss": 0.1956827669605009}
{"epoch": 15, "val_accuracy": 0.964171974522293, "train_accuracy": 0.9761293976545842, "f1_macro": 0.9636984141815337, "pre_macro": 0.9637992706647116, "re_macro": 0.963663568624799, "best_epoch": 15, "val_loss": 0.1266313765559844, "train_loss": 0.19195822385677905}
{"training time": 130.44666051864624}
