{"epoch": 100, "loss": 1.0646140575408936}
{"epoch": 200, "loss": 0.6942638754844666}
{"epoch": 300, "loss": 0.6354531049728394}
{"epoch": 400, "loss": 0.5871191620826721}
{"epoch": 500, "loss": 0.5463109016418457}
{"epoch": 600, "loss": 0.5137816667556763}
{"epoch": 700, "loss": 0.4908444881439209}
{"epoch": 800, "loss": 0.47389841079711914}
{"epoch": 900, "loss": 0.45984286069869995}
{"epoch": 1000, "loss": 0.4454197883605957}
{"training_time:": "2.5634s", "final_loss": 0.4454197883605957}
