{"epoch": 1, "val_accuracy": 0.6914808917197452, "train_accuracy": 0.5123955176231709, "f1_macro": 0.6864123489204712, "pre_macro": 0.6884199087797146, "re_macro": 0.6912, "best_epoch": 1, "val_loss": 1.3287605912822067, "train_loss": 8.2122802734375}
{"epoch": 2, "val_accuracy": 0.7382563694267515, "train_accuracy": 0.7656250012681839, "f1_macro": 0.7303250131817354, "pre_macro": 0.7296613347222662, "re_macro": 0.7379, "best_epoch": 2, "val_loss": 0.9885212327264676, "train_loss": 7.2825535713358125}
{"epoch": 3, "val_accuracy": 0.755672770700637, "train_accuracy": 0.8182465814529581, "f1_macro": 0.7520580229033655, "pre_macro": 0.7511521261790147, "re_macro": 0.7551, "best_epoch": 3, "val_loss": 0.8671345874002785, "train_loss": 6.795896743206268}
{"epoch": 4, "val_accuracy": 0.7603503184713376, "train_accuracy": 0.8574753048572135, "f1_macro": 0.7600456775255113, "pre_macro": 0.76682899287311, "re_macro": 0.7601, "best_epoch": 4, "val_loss": 0.7752201188901428, "train_loss": 6.4899848471296595}
{"epoch": 5, "val_accuracy": 0.7744824840764332, "train_accuracy": 0.8834061559210432, "f1_macro": 0.7740509759748881, "pre_macro": 0.7854932705840884, "re_macro": 0.774, "best_epoch": 5, "val_loss": 0.7221841337574515, "train_loss": 6.275153636932373}
{"epoch": 6, "val_accuracy": 0.7884156050955414, "train_accuracy": 0.9048727218140947, "f1_macro": 0.7857506555848522, "pre_macro": 0.7876591018213087, "re_macro": 0.788, "best_epoch": 6, "val_loss": 0.6681647875886054, "train_loss": 6.113815388780959}
{"epoch": 7, "val_accuracy": 0.7935907643312102, "train_accuracy": 0.9262917942189156, "f1_macro": 0.7907972350945212, "pre_macro": 0.7922499683028876, "re_macro": 0.7932, "best_epoch": 7, "val_loss": 0.6349601195116711, "train_loss": 5.975371411506166}
{"epoch": 8, "val_accuracy": 0.7940883757961783, "train_accuracy": 0.9420117786590089, "f1_macro": 0.7929670562422039, "pre_macro": 0.7962100538629701, "re_macro": 0.794, "best_epoch": 8, "val_loss": 0.6204676089013458, "train_loss": 5.872377507230069}
{"epoch": 9, "val_accuracy": 0.79796974522293, "train_accuracy": 0.9523651219428854, "f1_macro": 0.7971674936904297, "pre_macro": 0.8011283170484585, "re_macro": 0.7976000000000001, "best_epoch": 9, "val_loss": 0.6028660199824413, "train_loss": 5.793259367029718}
{"epoch": 10, "val_accuracy": 0.7997611464968153, "train_accuracy": 0.96001139853863, "f1_macro": 0.7995664329304202, "pre_macro": 0.8040482696944146, "re_macro": 0.7994, "best_epoch": 10, "val_loss": 0.5912386220731553, "train_loss": 5.728881805501086}
{"epoch": 11, "val_accuracy": 0.8011544585987261, "train_accuracy": 0.9686550155599066, "f1_macro": 0.8008157728477444, "pre_macro": 0.8039810764012664, "re_macro": 0.8008000000000001, "best_epoch": 11, "val_loss": 0.5820917648494623, "train_loss": 5.676952473660733}
{"epoch": 12, "val_accuracy": 0.8042396496815286, "train_accuracy": 0.9720269771332436, "f1_macro": 0.8041913632148351, "pre_macro": 0.8074096533214506, "re_macro": 0.8039, "best_epoch": 12, "val_loss": 0.5775879630996923, "train_loss": 5.635179671835392}
{"epoch": 13, "val_accuracy": 0.8049363057324841, "train_accuracy": 0.9740216579843075, "f1_macro": 0.8047969337644142, "pre_macro": 0.8076145566838873, "re_macro": 0.8046, "best_epoch": 13, "val_loss": 0.5739891113369329, "train_loss": 5.606201080565757}
{"epoch": 14, "val_accuracy": 0.8046377388535032, "train_accuracy": 0.97535144521835, "f1_macro": 0.8044248078060121, "pre_macro": 0.8068926041576925, "re_macro": 0.8042999999999999, "best_epoch": 13, "val_loss": 0.5703032908925585, "train_loss": 5.584309172123037}
{"epoch": 15, "val_accuracy": 0.8047372611464968, "train_accuracy": 0.9783434664949457, "f1_macro": 0.8042293731172659, "pre_macro": 0.806065783311879, "re_macro": 0.8044, "best_epoch": 13, "val_loss": 0.5671635368827043, "train_loss": 5.565841116803758}
{"epoch": 16, "val_accuracy": 0.8038415605095541, "train_accuracy": 0.9800531914893617, "f1_macro": 0.8031569141368926, "pre_macro": 0.8044524129817425, "re_macro": 0.8035, "best_epoch": 13, "val_loss": 0.5647037668972258, "train_loss": 5.550058141667792}
{"epoch": 17, "val_accuracy": 0.8047372611464968, "train_accuracy": 0.9820478723404256, "f1_macro": 0.8040700457829344, "pre_macro": 0.8051242781224003, "re_macro": 0.8044, "best_epoch": 13, "val_loss": 0.5628870746512322, "train_loss": 5.536666088915886}
{"epoch": 18, "val_accuracy": 0.8046377388535032, "train_accuracy": 0.9827127659574468, "f1_macro": 0.80403141445635, "pre_macro": 0.8050413212018478, "re_macro": 0.8042999999999999, "best_epoch": 13, "val_loss": 0.5617244385989608, "train_loss": 5.5256016913880694}
{"epoch": 19, "val_accuracy": 0.8047372611464968, "train_accuracy": 0.9853723404255319, "f1_macro": 0.8041306436909235, "pre_macro": 0.8050692626599154, "re_macro": 0.8044, "best_epoch": 13, "val_loss": 0.561013214337598, "train_loss": 5.516727153291094}
{"epoch": 20, "val_accuracy": 0.8045382165605095, "train_accuracy": 0.9860372340425532, "f1_macro": 0.8039864904155373, "pre_macro": 0.8049798664334951, "re_macro": 0.8042, "best_epoch": 13, "val_loss": 0.5605428757940888, "train_loss": 5.509745415220869}
{"epoch": 21, "val_accuracy": 0.8038415605095541, "train_accuracy": 0.9860372340425532, "f1_macro": 0.8033842630514059, "pre_macro": 0.8045075467774983, "re_macro": 0.8035, "best_epoch": 13, "val_loss": 0.5602094248221938, "train_loss": 5.504264415578639}
{"epoch": 22, "val_accuracy": 0.8036425159235668, "train_accuracy": 0.9863696808510638, "f1_macro": 0.8032493122644466, "pre_macro": 0.8044377233733038, "re_macro": 0.8032999999999999, "best_epoch": 13, "val_loss": 0.559963120017082, "train_loss": 5.499934521127255}
{"epoch": 23, "val_accuracy": 0.8034434713375797, "train_accuracy": 0.9863696808510638, "f1_macro": 0.8030759334626432, "pre_macro": 0.8042931825074406, "re_macro": 0.8030999999999999, "best_epoch": 13, "val_loss": 0.5597761698589203, "train_loss": 5.496494039576104}
{"epoch": 24, "val_accuracy": 0.8036425159235668, "train_accuracy": 0.9867021276595744, "f1_macro": 0.8032928802902972, "pre_macro": 0.8045366576862036, "re_macro": 0.8032999999999999, "best_epoch": 13, "val_loss": 0.5596316356188172, "train_loss": 5.493748390928228}
{"epoch": 25, "val_accuracy": 0.8035429936305732, "train_accuracy": 0.9870345744680851, "f1_macro": 0.8032389053143332, "pre_macro": 0.8045273882176875, "re_macro": 0.8032, "best_epoch": 13, "val_loss": 0.559518466519702, "train_loss": 5.491551713740572}
{"training time": 33.90402555465698}
