{"epoch": 1, "val_accuracy": 0.7986664012738853, "train_accuracy": 0.7222296100981692, "f1_macro": 0.7914419685577346, "pre_macro": 0.7991916557206645, "re_macro": 0.7986000000000001, "best_epoch": 1, "val_loss": 0.6498337752500157, "train_loss": 6.952653690094643}
{"epoch": 2, "val_accuracy": 0.8214570063694268, "train_accuracy": 0.8333998228641266, "f1_macro": 0.8161314928147181, "pre_macro": 0.8276538179880012, "re_macro": 0.8218, "best_epoch": 2, "val_loss": 0.5240111455416224, "train_loss": 5.521724025239336}
{"epoch": 3, "val_accuracy": 0.8355891719745223, "train_accuracy": 0.8667774824385948, "f1_macro": 0.8332277376825354, "pre_macro": 0.8382475300686026, "re_macro": 0.8362999999999999, "best_epoch": 3, "val_loss": 0.46228667154053976, "train_loss": 4.83738963553246}
{"epoch": 4, "val_accuracy": 0.834593949044586, "train_accuracy": 0.8880984042553192, "f1_macro": 0.8329010347078301, "pre_macro": 0.8387752825911117, "re_macro": 0.835, "best_epoch": 3, "val_loss": 0.45986179077321554, "train_loss": 4.3895035277021694}
{"epoch": 5, "val_accuracy": 0.834593949044586, "train_accuracy": 0.9072030143534884, "f1_macro": 0.8344660553539919, "pre_macro": 0.8379400617322252, "re_macro": 0.8343999999999999, "best_epoch": 3, "val_loss": 0.45751667117616934, "train_loss": 4.077575074865463}
{"epoch": 6, "val_accuracy": 0.8402667197452229, "train_accuracy": 0.9190824468085106, "f1_macro": 0.8390581769241805, "pre_macro": 0.8427980720122885, "re_macro": 0.8401, "best_epoch": 6, "val_loss": 0.4546619141177767, "train_loss": 3.8515773803629774}
{"epoch": 7, "val_accuracy": 0.8385748407643312, "train_accuracy": 0.9279476952045522, "f1_macro": 0.8363319869640009, "pre_macro": 0.8443912560554645, "re_macro": 0.8384, "best_epoch": 6, "val_loss": 0.4480636575419432, "train_loss": 3.680253666005236}
{"epoch": 8, "val_accuracy": 0.8441480891719745, "train_accuracy": 0.9388519505237011, "f1_macro": 0.8416036965154374, "pre_macro": 0.846379978020275, "re_macro": 0.8437000000000001, "best_epoch": 8, "val_loss": 0.4350902954484247, "train_loss": 3.5428849666676623}
{"epoch": 9, "val_accuracy": 0.8492237261146497, "train_accuracy": 0.9462765957446808, "f1_macro": 0.8470586173358272, "pre_macro": 0.8501437878109375, "re_macro": 0.8488, "best_epoch": 9, "val_loss": 0.43124405033649155, "train_loss": 3.433905827745478}
{"epoch": 10, "val_accuracy": 0.8487261146496815, "train_accuracy": 0.9523936170212766, "f1_macro": 0.8472795792380818, "pre_macro": 0.8502200185299242, "re_macro": 0.8483, "best_epoch": 9, "val_loss": 0.42530454353542085, "train_loss": 3.346909251111619}
{"epoch": 11, "val_accuracy": 0.853702229299363, "train_accuracy": 0.9579787234042553, "f1_macro": 0.8523497123705477, "pre_macro": 0.8541883781997457, "re_macro": 0.853, "best_epoch": 11, "val_loss": 0.41851740933147963, "train_loss": 3.279097556053324}
{"epoch": 12, "val_accuracy": 0.8551950636942676, "train_accuracy": 0.9623005319148936, "f1_macro": 0.8538709747772035, "pre_macro": 0.8549427436118396, "re_macro": 0.8545, "best_epoch": 12, "val_loss": 0.41017053252572466, "train_loss": 3.224040431164681}
{"epoch": 13, "val_accuracy": 0.8549960191082803, "train_accuracy": 0.9662234042553192, "f1_macro": 0.8538299219563681, "pre_macro": 0.8544628767281275, "re_macro": 0.8543, "best_epoch": 12, "val_loss": 0.40454595749545247, "train_loss": 3.179098074486915}
{"epoch": 14, "val_accuracy": 0.8561902866242038, "train_accuracy": 0.9682845744680851, "f1_macro": 0.8550275014511509, "pre_macro": 0.8556513696960648, "re_macro": 0.8554999999999999, "best_epoch": 14, "val_loss": 0.4032580328595107, "train_loss": 3.143169318868759}
{"epoch": 15, "val_accuracy": 0.8576831210191083, "train_accuracy": 0.9706117021276596, "f1_macro": 0.8564861534911321, "pre_macro": 0.8573952440103383, "re_macro": 0.857, "best_epoch": 15, "val_loss": 0.4042802174949342, "train_loss": 3.114368408284289}
{"epoch": 16, "val_accuracy": 0.8576831210191083, "train_accuracy": 0.9726728723404255, "f1_macro": 0.8567688376415145, "pre_macro": 0.8577108604397129, "re_macro": 0.8573000000000001, "best_epoch": 15, "val_loss": 0.4041444722824036, "train_loss": 3.0911854216393}
{"epoch": 17, "val_accuracy": 0.8577826433121019, "train_accuracy": 0.9739361702127659, "f1_macro": 0.856773525487297, "pre_macro": 0.857558380559351, "re_macro": 0.8573999999999999, "best_epoch": 17, "val_loss": 0.40181266805928223, "train_loss": 3.0725287366420666}
{"epoch": 18, "val_accuracy": 0.8577826433121019, "train_accuracy": 0.9751329787234042, "f1_macro": 0.8566998254523094, "pre_macro": 0.857232517999155, "re_macro": 0.8573999999999999, "best_epoch": 17, "val_loss": 0.39884727984477003, "train_loss": 3.057400753142986}
{"epoch": 19, "val_accuracy": 0.8577826433121019, "train_accuracy": 0.9757313829787234, "f1_macro": 0.8565465991339088, "pre_macro": 0.8568463327097644, "re_macro": 0.8574000000000002, "best_epoch": 17, "val_loss": 0.39676004743120474, "train_loss": 3.0449992098706833}
{"epoch": 20, "val_accuracy": 0.8583797770700637, "train_accuracy": 0.9768617021276595, "f1_macro": 0.8571420308864285, "pre_macro": 0.8573769375821882, "re_macro": 0.858, "best_epoch": 20, "val_loss": 0.39550261977751544, "train_loss": 3.0348237575368677}
{"epoch": 21, "val_accuracy": 0.8590764331210191, "train_accuracy": 0.978125, "f1_macro": 0.8578612346911415, "pre_macro": 0.8580351068280239, "re_macro": 0.8587, "best_epoch": 21, "val_loss": 0.3945839076664797, "train_loss": 3.0265227662756087}
{"epoch": 22, "val_accuracy": 0.8584792993630573, "train_accuracy": 0.9781914893617021, "f1_macro": 0.8573843244489494, "pre_macro": 0.8574885095888203, "re_macro": 0.8581000000000001, "best_epoch": 21, "val_loss": 0.3938861474584622, "train_loss": 3.019772628013124}
{"epoch": 23, "val_accuracy": 0.8587778662420382, "train_accuracy": 0.9789893617021277, "f1_macro": 0.8578651343805699, "pre_macro": 0.8579433706240494, "re_macro": 0.8584000000000002, "best_epoch": 21, "val_loss": 0.3934236914394008, "train_loss": 3.014282909352729}
{"epoch": 24, "val_accuracy": 0.8596735668789809, "train_accuracy": 0.9795212765957447, "f1_macro": 0.8588954671863889, "pre_macro": 0.8589587492472568, "re_macro": 0.8593, "best_epoch": 24, "val_loss": 0.3931483426101648, "train_loss": 3.009813475101552}
{"epoch": 25, "val_accuracy": 0.8599721337579618, "train_accuracy": 0.9795877659574468, "f1_macro": 0.8593391387972493, "pre_macro": 0.8594607036665318, "re_macro": 0.8596, "best_epoch": 25, "val_loss": 0.39298779256404587, "train_loss": 3.0061745805943265}
{"training time": 75.64834499359131}
