{"epoch": 1, "val_accuracy": 0.40794187898089174, "train_accuracy": 0.30885416865348814, "f1_macro": 0.364402432607491, "pre_macro": 0.4390868074548641, "re_macro": 0.40750000000000003, "best_epoch": 1, "val_loss": 1.9454719807691634, "train_loss": 8.752134037017822}
{"epoch": 2, "val_accuracy": 0.5824044585987261, "train_accuracy": 0.5453125, "f1_macro": 0.5729179388354441, "pre_macro": 0.5875416193895984, "re_macro": 0.5813, "best_epoch": 2, "val_loss": 1.739096905015836, "train_loss": 8.344680118560792}
{"epoch": 3, "val_accuracy": 0.6094745222929936, "train_accuracy": 0.7614583373069763, "f1_macro": 0.6043772270016736, "pre_macro": 0.6203088308834083, "re_macro": 0.6085, "best_epoch": 3, "val_loss": 1.612170447969133, "train_loss": 8.029476356506347}
{"epoch": 4, "val_accuracy": 0.6342555732484076, "train_accuracy": 0.828125, "f1_macro": 0.6288204489089634, "pre_macro": 0.6408716044286809, "re_macro": 0.6331, "best_epoch": 4, "val_loss": 1.5036229054639294, "train_loss": 7.800107526779175}
{"epoch": 5, "val_accuracy": 0.6588375796178344, "train_accuracy": 0.8921875, "f1_macro": 0.6520281554546954, "pre_macro": 0.6576620311466939, "re_macro": 0.6580999999999999, "best_epoch": 5, "val_loss": 1.4156638232006389, "train_loss": 7.565702152252197}
{"epoch": 6, "val_accuracy": 0.676453025477707, "train_accuracy": 0.9171875, "f1_macro": 0.6728497861209835, "pre_macro": 0.6753068763853824, "re_macro": 0.6760999999999999, "best_epoch": 6, "val_loss": 1.357083735951952, "train_loss": 7.375919437408447}
{"epoch": 7, "val_accuracy": 0.6813296178343949, "train_accuracy": 0.9421875, "f1_macro": 0.6748996305939657, "pre_macro": 0.6755158420337175, "re_macro": 0.6807, "best_epoch": 7, "val_loss": 1.3159386997769593, "train_loss": 7.2365882396698}
{"epoch": 8, "val_accuracy": 0.6855095541401274, "train_accuracy": 0.9609375, "f1_macro": 0.6809802602474935, "pre_macro": 0.6817863554301348, "re_macro": 0.6849, "best_epoch": 8, "val_loss": 1.2859639225492052, "train_loss": 7.12458987236023}
{"epoch": 9, "val_accuracy": 0.690187101910828, "train_accuracy": 0.9703125, "f1_macro": 0.6854159870685133, "pre_macro": 0.6854307592622442, "re_macro": 0.6896, "best_epoch": 9, "val_loss": 1.269957774763654, "train_loss": 7.050724506378174}
{"epoch": 10, "val_accuracy": 0.6908837579617835, "train_accuracy": 0.978125, "f1_macro": 0.6861464904305701, "pre_macro": 0.6860741119635033, "re_macro": 0.6903, "best_epoch": 10, "val_loss": 1.2552930481114966, "train_loss": 6.995863008499145}
{"epoch": 11, "val_accuracy": 0.6941679936305732, "train_accuracy": 0.9796875, "f1_macro": 0.6894174985220646, "pre_macro": 0.6890121748093142, "re_macro": 0.6936, "best_epoch": 11, "val_loss": 1.2451234638311302, "train_loss": 6.957432413101197}
{"epoch": 12, "val_accuracy": 0.694765127388535, "train_accuracy": 0.9796875, "f1_macro": 0.6899738111491677, "pre_macro": 0.6895303760015878, "re_macro": 0.6942, "best_epoch": 12, "val_loss": 1.2369368683760333, "train_loss": 6.9275556087493895}
{"epoch": 13, "val_accuracy": 0.6960589171974523, "train_accuracy": 0.9796875, "f1_macro": 0.6914271455501887, "pre_macro": 0.6909781485851921, "re_macro": 0.6955, "best_epoch": 13, "val_loss": 1.23096754672421, "train_loss": 6.904771995544434}
{"epoch": 14, "val_accuracy": 0.6967555732484076, "train_accuracy": 0.9796875, "f1_macro": 0.6920210387094597, "pre_macro": 0.6913165761740809, "re_macro": 0.6961999999999999, "best_epoch": 14, "val_loss": 1.2260515078617509, "train_loss": 6.886839485168457}
{"epoch": 15, "val_accuracy": 0.6971536624203821, "train_accuracy": 0.9796875, "f1_macro": 0.6924177129807935, "pre_macro": 0.6916153566933911, "re_macro": 0.6966, "best_epoch": 15, "val_loss": 1.2222043404913252, "train_loss": 6.872779703140258}
{"epoch": 16, "val_accuracy": 0.6975517515923567, "train_accuracy": 0.9796875, "f1_macro": 0.6927627530230165, "pre_macro": 0.6919036048824444, "re_macro": 0.697, "best_epoch": 16, "val_loss": 1.219165275430983, "train_loss": 6.8616051197052}
{"epoch": 17, "val_accuracy": 0.6981488853503185, "train_accuracy": 0.9796875, "f1_macro": 0.6933761065353317, "pre_macro": 0.6924351382737143, "re_macro": 0.6976, "best_epoch": 17, "val_loss": 1.2166989457075763, "train_loss": 6.8526983737945555}
{"epoch": 18, "val_accuracy": 0.6981488853503185, "train_accuracy": 0.98125, "f1_macro": 0.6933834803439524, "pre_macro": 0.6924284247005261, "re_macro": 0.6976, "best_epoch": 17, "val_loss": 1.2147152271999675, "train_loss": 6.845593976974487}
{"epoch": 19, "val_accuracy": 0.6984474522292994, "train_accuracy": 0.98125, "f1_macro": 0.6936520709536593, "pre_macro": 0.692677918394369, "re_macro": 0.6979, "best_epoch": 19, "val_loss": 1.2131293313518452, "train_loss": 6.83991003036499}
{"epoch": 20, "val_accuracy": 0.6984474522292994, "train_accuracy": 0.98125, "f1_macro": 0.6936729906804289, "pre_macro": 0.6927409680212786, "re_macro": 0.6979, "best_epoch": 19, "val_loss": 1.2118587622976607, "train_loss": 6.83535213470459}
{"epoch": 21, "val_accuracy": 0.6984474522292994, "train_accuracy": 0.98125, "f1_macro": 0.6936932685484904, "pre_macro": 0.6927712716870276, "re_macro": 0.6979, "best_epoch": 19, "val_loss": 1.2108379898557238, "train_loss": 6.831694030761719}
{"epoch": 22, "val_accuracy": 0.698546974522293, "train_accuracy": 0.98125, "f1_macro": 0.6937968151908855, "pre_macro": 0.6928866769101146, "re_macro": 0.6980000000000001, "best_epoch": 22, "val_loss": 1.2100168432399725, "train_loss": 6.828754901885986}
{"epoch": 23, "val_accuracy": 0.698546974522293, "train_accuracy": 0.98125, "f1_macro": 0.6937849599897772, "pre_macro": 0.6928634337460761, "re_macro": 0.6980000000000001, "best_epoch": 22, "val_loss": 1.2093559955335726, "train_loss": 6.826393175125122}
{"epoch": 24, "val_accuracy": 0.6986464968152867, "train_accuracy": 0.98125, "f1_macro": 0.6938901896709753, "pre_macro": 0.6929723553679759, "re_macro": 0.6980999999999999, "best_epoch": 24, "val_loss": 1.208824059006515, "train_loss": 6.824493646621704}
{"epoch": 25, "val_accuracy": 0.698546974522293, "train_accuracy": 0.9828125, "f1_macro": 0.6937866676754195, "pre_macro": 0.6928569376644688, "re_macro": 0.6980000000000001, "best_epoch": 24, "val_loss": 1.208395826209123, "train_loss": 6.822965812683106}
{"training time": 27.01189637184143}
