{"epoch": 1, "val_accuracy": 0.8215565286624203, "train_accuracy": 0.7892400568181818, "f1_macro": 0.8200260904157555, "pre_macro": 0.8220754117004976, "re_macro": 0.821, "best_epoch": 1, "val_loss": 0.513918142409841, "train_loss": 5.740799840201031}
{"epoch": 2, "val_accuracy": 0.8394705414012739, "train_accuracy": 0.8505859375, "f1_macro": 0.8404825405423708, "pre_macro": 0.8440493638559587, "re_macro": 0.8389999999999999, "best_epoch": 2, "val_loss": 0.4568921814488757, "train_loss": 3.8460985381494868}
{"epoch": 3, "val_accuracy": 0.841859076433121, "train_accuracy": 0.8642800071022727, "f1_macro": 0.8417434694350658, "pre_macro": 0.845485258817534, "re_macro": 0.8417, "best_epoch": 3, "val_loss": 0.478482231877412, "train_loss": 3.0826447805897756}
{"epoch": 4, "val_accuracy": 0.8477308917197452, "train_accuracy": 0.875, "f1_macro": 0.8452296080650512, "pre_macro": 0.8503948126592249, "re_macro": 0.8473, "best_epoch": 4, "val_loss": 0.44352138877674274, "train_loss": 2.638890815390782}
{"epoch": 5, "val_accuracy": 0.846437101910828, "train_accuracy": 0.8831898082386364, "f1_macro": 0.842655049591239, "pre_macro": 0.8501436370651518, "re_macro": 0.8460000000000001, "best_epoch": 4, "val_loss": 0.44350733384964575, "train_loss": 2.34974754601717}
{"epoch": 6, "val_accuracy": 0.8562898089171974, "train_accuracy": 0.8912686434659091, "f1_macro": 0.8529555206698621, "pre_macro": 0.8579412205795351, "re_macro": 0.8555999999999999, "best_epoch": 6, "val_loss": 0.4127782199792801, "train_loss": 2.149705596268177}
{"epoch": 7, "val_accuracy": 0.8589769108280255, "train_accuracy": 0.8964399857954546, "f1_macro": 0.8564835277485658, "pre_macro": 0.8592675475947384, "re_macro": 0.8583000000000001, "best_epoch": 7, "val_loss": 0.395375989140219, "train_loss": 2.0070994117043237}
{"epoch": 8, "val_accuracy": 0.8605692675159236, "train_accuracy": 0.9009232954545454, "f1_macro": 0.8586504174215097, "pre_macro": 0.8595556615978136, "re_macro": 0.8599, "best_epoch": 8, "val_loss": 0.3862082637893926, "train_loss": 1.9003695916723122}
{"epoch": 9, "val_accuracy": 0.85828025477707, "train_accuracy": 0.9051402698863636, "f1_macro": 0.8560857243804773, "pre_macro": 0.8579923417959181, "re_macro": 0.8576, "best_epoch": 8, "val_loss": 0.3975419492763319, "train_loss": 1.8170705098997464}
{"epoch": 10, "val_accuracy": 0.8577826433121019, "train_accuracy": 0.9094904119318182, "f1_macro": 0.8558393042363098, "pre_macro": 0.8583481583810976, "re_macro": 0.8571, "best_epoch": 8, "val_loss": 0.39724296027687706, "train_loss": 1.7536424848843704}
{"epoch": 11, "val_accuracy": 0.8597730891719745, "train_accuracy": 0.912841796875, "f1_macro": 0.858600396443087, "pre_macro": 0.8601836250370571, "re_macro": 0.8591, "best_epoch": 8, "val_loss": 0.3839717148595555, "train_loss": 1.7038287428969687}
{"epoch": 12, "val_accuracy": 0.8656449044585988, "train_accuracy": 0.9155717329545454, "f1_macro": 0.8651186708766089, "pre_macro": 0.8663201955427915, "re_macro": 0.865, "best_epoch": 12, "val_loss": 0.37501285305828047, "train_loss": 1.6639438845555892}
{"epoch": 13, "val_accuracy": 0.8657444267515924, "train_accuracy": 0.91845703125, "f1_macro": 0.8653422263409978, "pre_macro": 0.8667472032048883, "re_macro": 0.8651, "best_epoch": 13, "val_loss": 0.371072062925928, "train_loss": 1.6323491497473284}
{"epoch": 14, "val_accuracy": 0.8665406050955414, "train_accuracy": 0.9205433238636364, "f1_macro": 0.86602440965819, "pre_macro": 0.8679146231886538, "re_macro": 0.8659000000000001, "best_epoch": 14, "val_loss": 0.3703968765059854, "train_loss": 1.607180699028752}
{"epoch": 15, "val_accuracy": 0.8672372611464968, "train_accuracy": 0.9213423295454546, "f1_macro": 0.8665115743014171, "pre_macro": 0.8685522301173799, "re_macro": 0.8666, "best_epoch": 15, "val_loss": 0.36945553897482575, "train_loss": 1.5869618095457554}
{"epoch": 16, "val_accuracy": 0.867734872611465, "train_accuracy": 0.9229181463068182, "f1_macro": 0.8669071118019115, "pre_macro": 0.8684686294941457, "re_macro": 0.8671, "best_epoch": 16, "val_loss": 0.36628878999287917, "train_loss": 1.5706595753065564}
{"epoch": 17, "val_accuracy": 0.8699243630573248, "train_accuracy": 0.9246049360795454, "f1_macro": 0.8690724977117983, "pre_macro": 0.8700785036951062, "re_macro": 0.8693000000000002, "best_epoch": 17, "val_loss": 0.36286670482082733, "train_loss": 1.5574912508441643}
{"epoch": 18, "val_accuracy": 0.8710191082802548, "train_accuracy": 0.9257146661931818, "f1_macro": 0.8703030848099147, "pre_macro": 0.8711009180754472, "re_macro": 0.8707, "best_epoch": 18, "val_loss": 0.3606954388747549, "train_loss": 1.5468765571713448}
{"epoch": 19, "val_accuracy": 0.8709195859872612, "train_accuracy": 0.9268465909090909, "f1_macro": 0.870097688069895, "pre_macro": 0.8708692646607916, "re_macro": 0.8705999999999999, "best_epoch": 18, "val_loss": 0.3592722665067691, "train_loss": 1.5383568910712546}
{"epoch": 20, "val_accuracy": 0.8713176751592356, "train_accuracy": 0.9279341264204546, "f1_macro": 0.8703546398736419, "pre_macro": 0.8711361825395574, "re_macro": 0.8709999999999999, "best_epoch": 20, "val_loss": 0.3579877857474764, "train_loss": 1.5315345952456647}
{"epoch": 21, "val_accuracy": 0.8719148089171974, "train_accuracy": 0.9287331321022727, "f1_macro": 0.8709312609363768, "pre_macro": 0.8716234383909016, "re_macro": 0.8715999999999999, "best_epoch": 21, "val_loss": 0.35650830620982843, "train_loss": 1.5260764384134249}
{"epoch": 22, "val_accuracy": 0.872312898089172, "train_accuracy": 0.9293767755681818, "f1_macro": 0.8713556595032312, "pre_macro": 0.8718762252272987, "re_macro": 0.8719999999999999, "best_epoch": 22, "val_loss": 0.3547906786393208, "train_loss": 1.5217165411873297}
{"epoch": 23, "val_accuracy": 0.8728105095541401, "train_accuracy": 0.9297096946022727, "f1_macro": 0.8719216748551469, "pre_macro": 0.8722334429862917, "re_macro": 0.8724999999999999, "best_epoch": 23, "val_loss": 0.35310256030339343, "train_loss": 1.5182315778325906}
{"epoch": 24, "val_accuracy": 0.8733081210191083, "train_accuracy": 0.9301979758522727, "f1_macro": 0.8724788099644046, "pre_macro": 0.8726630351379139, "re_macro": 0.873, "best_epoch": 24, "val_loss": 0.35169774170514123, "train_loss": 1.5154372521422126}
{"epoch": 25, "val_accuracy": 0.8737062101910829, "train_accuracy": 0.9303311434659091, "f1_macro": 0.8729153800222548, "pre_macro": 0.8729335804109468, "re_macro": 0.8734, "best_epoch": 25, "val_loss": 0.3506615995221837, "train_loss": 1.5131910213015296}
{"training time": 181.436749458313}
