{"epoch": 1, "val_accuracy": 0.8367834394904459, "train_accuracy": 0.8024220415778252, "f1_macro": 0.831363371915459, "pre_macro": 0.837354314262894, "re_macro": 0.8366, "best_epoch": 1, "val_loss": 0.4849281827355646, "train_loss": 5.352275652417751}
{"epoch": 2, "val_accuracy": 0.832703025477707, "train_accuracy": 0.8522121535181236, "f1_macro": 0.8274759656716842, "pre_macro": 0.8385311829316541, "re_macro": 0.8321999999999999, "best_epoch": 1, "val_loss": 0.4849232583288934, "train_loss": 3.380761912890843}
{"epoch": 3, "val_accuracy": 0.853702229299363, "train_accuracy": 0.8661713752665245, "f1_macro": 0.8518183891251645, "pre_macro": 0.8543718702985169, "re_macro": 0.8530000000000001, "best_epoch": 3, "val_loss": 0.42853116267805647, "train_loss": 2.637785041510169}
{"epoch": 4, "val_accuracy": 0.8493232484076433, "train_accuracy": 0.8741337953091685, "f1_macro": 0.8478657946443227, "pre_macro": 0.8532988283635572, "re_macro": 0.8492000000000001, "best_epoch": 3, "val_loss": 0.44073681125215664, "train_loss": 2.2306373819613508}
{"epoch": 5, "val_accuracy": 0.8422571656050956, "train_accuracy": 0.8806469882729211, "f1_macro": 0.8384359567336948, "pre_macro": 0.8498470992350622, "re_macro": 0.8421, "best_epoch": 3, "val_loss": 0.45257068667442174, "train_loss": 1.979152963995171}
{"epoch": 6, "val_accuracy": 0.853702229299363, "train_accuracy": 0.8845115938166311, "f1_macro": 0.8503835602459799, "pre_macro": 0.8571172778897566, "re_macro": 0.8535999999999999, "best_epoch": 3, "val_loss": 0.4194102095570534, "train_loss": 1.8093969477519298}
{"epoch": 7, "val_accuracy": 0.8626592356687898, "train_accuracy": 0.8895922174840085, "f1_macro": 0.8601733035145502, "pre_macro": 0.8616375295890879, "re_macro": 0.8623, "best_epoch": 7, "val_loss": 0.3950566146404121, "train_loss": 1.6882001218765275}
{"epoch": 8, "val_accuracy": 0.8623606687898089, "train_accuracy": 0.8927738539445629, "f1_macro": 0.8614985989451449, "pre_macro": 0.8632623158389782, "re_macro": 0.8620000000000001, "best_epoch": 7, "val_loss": 0.3885063408476532, "train_loss": 1.5995770267077856}
{"epoch": 9, "val_accuracy": 0.8584792993630573, "train_accuracy": 0.8962886460554371, "f1_macro": 0.8588045049306727, "pre_macro": 0.863809477412141, "re_macro": 0.8581000000000001, "best_epoch": 7, "val_loss": 0.4044706180786631, "train_loss": 1.5323102692805373}
{"epoch": 10, "val_accuracy": 0.8557921974522293, "train_accuracy": 0.8990538379530917, "f1_macro": 0.8558054119114831, "pre_macro": 0.8634163591066588, "re_macro": 0.8553999999999998, "best_epoch": 7, "val_loss": 0.409412180921834, "train_loss": 1.4798229435867847}
{"epoch": 11, "val_accuracy": 0.8615644904458599, "train_accuracy": 0.9024853411513859, "f1_macro": 0.8608440642886638, "pre_macro": 0.864553861829154, "re_macro": 0.8609, "best_epoch": 7, "val_loss": 0.3878897986594279, "train_loss": 1.4379280096432294}
{"epoch": 12, "val_accuracy": 0.8695262738853503, "train_accuracy": 0.9054337686567164, "f1_macro": 0.868575992284299, "pre_macro": 0.869754637245793, "re_macro": 0.8688999999999998, "best_epoch": 12, "val_loss": 0.3676981436219185, "train_loss": 1.4050374515275204}
{"epoch": 13, "val_accuracy": 0.8726114649681529, "train_accuracy": 0.9077492004264393, "f1_macro": 0.8713990646875907, "pre_macro": 0.871903790456955, "re_macro": 0.8723000000000001, "best_epoch": 13, "val_loss": 0.3566278500162112, "train_loss": 1.378868416301223}
{"epoch": 14, "val_accuracy": 0.8740047770700637, "train_accuracy": 0.9096815031982942, "f1_macro": 0.8721922179063798, "pre_macro": 0.8729167794778563, "re_macro": 0.8737, "best_epoch": 14, "val_loss": 0.3527137380876359, "train_loss": 1.3581032930915036}
{"epoch": 15, "val_accuracy": 0.8728105095541401, "train_accuracy": 0.9111640458422174, "f1_macro": 0.8704519922237397, "pre_macro": 0.8716773891399757, "re_macro": 0.8724999999999999, "best_epoch": 14, "val_loss": 0.3528584041603052, "train_loss": 1.3416393089141927}
{"epoch": 16, "val_accuracy": 0.8727109872611465, "train_accuracy": 0.9127631929637526, "f1_macro": 0.8700447415251944, "pre_macro": 0.8715841646054777, "re_macro": 0.8724000000000001, "best_epoch": 14, "val_loss": 0.3520690957262258, "train_loss": 1.3285482622412985}
{"epoch": 17, "val_accuracy": 0.8737062101910829, "train_accuracy": 0.9140958155650319, "f1_macro": 0.8711017927837471, "pre_macro": 0.8725877969146649, "re_macro": 0.8734, "best_epoch": 14, "val_loss": 0.349291762064217, "train_loss": 1.3180431968876039}
{"epoch": 18, "val_accuracy": 0.8748009554140127, "train_accuracy": 0.9153451492537313, "f1_macro": 0.872485430893877, "pre_macro": 0.8735838311171035, "re_macro": 0.8745, "best_epoch": 18, "val_loss": 0.3457159118098059, "train_loss": 1.3095766230941073}
{"epoch": 19, "val_accuracy": 0.8753980891719745, "train_accuracy": 0.915994802771855, "f1_macro": 0.8734042652486329, "pre_macro": 0.8739658287708135, "re_macro": 0.8751, "best_epoch": 19, "val_loss": 0.34235768864868554, "train_loss": 1.3027603147126465}
{"epoch": 20, "val_accuracy": 0.8777866242038217, "train_accuracy": 0.9167110874200426, "f1_macro": 0.8761337177648743, "pre_macro": 0.8763313111640926, "re_macro": 0.8775000000000001, "best_epoch": 20, "val_loss": 0.33987702581153556, "train_loss": 1.2972959605361354}
{"epoch": 21, "val_accuracy": 0.8777866242038217, "train_accuracy": 0.9176272654584222, "f1_macro": 0.8765139738972128, "pre_macro": 0.8764985149663154, "re_macro": 0.8775000000000001, "best_epoch": 20, "val_loss": 0.33834742465216644, "train_loss": 1.2929256849451614}
{"epoch": 22, "val_accuracy": 0.8775875796178344, "train_accuracy": 0.9182935767590619, "f1_macro": 0.8764438306507675, "pre_macro": 0.8763061670075196, "re_macro": 0.8773, "best_epoch": 20, "val_loss": 0.3375043321377153, "train_loss": 1.2894335112083695}
{"epoch": 23, "val_accuracy": 0.8770899681528662, "train_accuracy": 0.9182935767590619, "f1_macro": 0.8760658588272581, "pre_macro": 0.875958408180191, "re_macro": 0.8768, "best_epoch": 20, "val_loss": 0.3370405739280069, "train_loss": 1.286643307854626}
{"epoch": 24, "val_accuracy": 0.8775875796178344, "train_accuracy": 0.9186267324093816, "f1_macro": 0.8766666839369777, "pre_macro": 0.8765609844640346, "re_macro": 0.8773, "best_epoch": 20, "val_loss": 0.33674370255439906, "train_loss": 1.2844110798479906}
{"epoch": 25, "val_accuracy": 0.878781847133758, "train_accuracy": 0.9185434434968017, "f1_macro": 0.8779180541456345, "pre_macro": 0.8778228575348006, "re_macro": 0.8784999999999998, "best_epoch": 25, "val_loss": 0.33651006212280055, "train_loss": 1.282620715434109}
{"training time": 241.48837757110596}
