{"epoch": 1, "val_accuracy": 0.4121218152866242, "train_accuracy": 0.27604166716337203, "f1_macro": 0.34795303545226963, "pre_macro": 0.500062579241589, "re_macro": 0.3982408072960859, "best_epoch": 1, "val_loss": 1.7138438528510416, "train_loss": 8.94416160583496}
{"epoch": 2, "val_accuracy": 0.6241042993630573, "train_accuracy": 0.6505208373069763, "f1_macro": 0.5905541641285579, "pre_macro": 0.6878227637102876, "re_macro": 0.6154586557087135, "best_epoch": 2, "val_loss": 1.302848807945373, "train_loss": 8.147427654266357}
{"epoch": 3, "val_accuracy": 0.6899880573248408, "train_accuracy": 0.7697916686534881, "f1_macro": 0.6732285042429516, "pre_macro": 0.7118183827415263, "re_macro": 0.6812712156833205, "best_epoch": 3, "val_loss": 1.064888727133441, "train_loss": 7.700780820846558}
{"epoch": 4, "val_accuracy": 0.7368630573248408, "train_accuracy": 0.8463541686534881, "f1_macro": 0.7279751661438798, "pre_macro": 0.7394357518239038, "re_macro": 0.7311951307441091, "best_epoch": 4, "val_loss": 0.9386909672409106, "train_loss": 7.421072006225586}
{"epoch": 5, "val_accuracy": 0.7458200636942676, "train_accuracy": 0.8848958373069763, "f1_macro": 0.7377560382780882, "pre_macro": 0.7549228478856215, "re_macro": 0.7403402902201266, "best_epoch": 5, "val_loss": 0.8639420384814025, "train_loss": 7.246445035934448}
{"epoch": 6, "val_accuracy": 0.7679140127388535, "train_accuracy": 0.9130208373069764, "f1_macro": 0.7616082686922258, "pre_macro": 0.7671352057810766, "re_macro": 0.762889628027614, "best_epoch": 6, "val_loss": 0.816468914033501, "train_loss": 7.130460500717163}
{"epoch": 7, "val_accuracy": 0.7733877388535032, "train_accuracy": 0.934375, "f1_macro": 0.7677128527000059, "pre_macro": 0.7759269774540132, "re_macro": 0.7686257709977617, "best_epoch": 7, "val_loss": 0.7883250903172098, "train_loss": 7.050854444503784}
{"epoch": 8, "val_accuracy": 0.7806528662420382, "train_accuracy": 0.94375, "f1_macro": 0.7747605576837386, "pre_macro": 0.7812374619659364, "re_macro": 0.7758775260019741, "best_epoch": 8, "val_loss": 0.7676322936632072, "train_loss": 6.989197635650635}
{"epoch": 9, "val_accuracy": 0.783937101910828, "train_accuracy": 0.95, "f1_macro": 0.7789202749509895, "pre_macro": 0.7859807281237823, "re_macro": 0.7794970219182593, "best_epoch": 9, "val_loss": 0.7547141937123742, "train_loss": 6.946747636795044}
{"epoch": 10, "val_accuracy": 0.7870222929936306, "train_accuracy": 0.95625, "f1_macro": 0.7822694067420928, "pre_macro": 0.7889450062812142, "re_macro": 0.7827294611395438, "best_epoch": 10, "val_loss": 0.7438926810671569, "train_loss": 6.914562606811524}
{"epoch": 11, "val_accuracy": 0.7897093949044586, "train_accuracy": 0.9625, "f1_macro": 0.7851231077751911, "pre_macro": 0.7913892662947869, "re_macro": 0.7854998719720412, "best_epoch": 11, "val_loss": 0.7366817108574947, "train_loss": 6.889964771270752}
{"epoch": 12, "val_accuracy": 0.7897093949044586, "train_accuracy": 0.965625, "f1_macro": 0.7852889285589232, "pre_macro": 0.7916445643435731, "re_macro": 0.7855884337191426, "best_epoch": 11, "val_loss": 0.7307224364797021, "train_loss": 6.8713610649108885}
{"epoch": 13, "val_accuracy": 0.791202229299363, "train_accuracy": 0.9671875, "f1_macro": 0.7868384159412671, "pre_macro": 0.7930133280283853, "re_macro": 0.7871599251065389, "best_epoch": 13, "val_loss": 0.7262320002173163, "train_loss": 6.856716918945312}
{"epoch": 14, "val_accuracy": 0.7919984076433121, "train_accuracy": 0.96875, "f1_macro": 0.787667184356523, "pre_macro": 0.7938518019634917, "re_macro": 0.7879684749696704, "best_epoch": 14, "val_loss": 0.7227891070447909, "train_loss": 6.845201444625855}
{"epoch": 15, "val_accuracy": 0.792296974522293, "train_accuracy": 0.96875, "f1_macro": 0.7880054104829515, "pre_macro": 0.7942162133309103, "re_macro": 0.7882778555755394, "best_epoch": 15, "val_loss": 0.7200203875827181, "train_loss": 6.836129283905029}
{"training time": 17.308833122253418}
