{"epoch": 1, "val_accuracy": 0.9145103503184714, "train_accuracy": 0.8771988272921108, "f1_macro": 0.9128062891621983, "pre_macro": 0.9168557180627268, "re_macro": 0.9131089353422416, "best_epoch": 1, "val_loss": 0.2750698498978167, "train_loss": 5.172180664564755}
{"epoch": 2, "val_accuracy": 0.9332205414012739, "train_accuracy": 0.9295875533049041, "f1_macro": 0.9323268312967221, "pre_macro": 0.93456430333339, "re_macro": 0.9324195529760285, "best_epoch": 2, "val_loss": 0.20827514687731008, "train_loss": 3.0385194673721214}
{"epoch": 3, "val_accuracy": 0.9306329617834395, "train_accuracy": 0.9459121801705757, "f1_macro": 0.9303022266070377, "pre_macro": 0.9347033378009104, "re_macro": 0.9299790276087843, "best_epoch": 2, "val_loss": 0.21146164434089973, "train_loss": 2.244736593415234}
{"epoch": 4, "val_accuracy": 0.940187101910828, "train_accuracy": 0.9552905117270789, "f1_macro": 0.9400516958283971, "pre_macro": 0.9438772358817232, "re_macro": 0.9397469435208805, "best_epoch": 4, "val_loss": 0.18633014377159107, "train_loss": 1.817443623344527}
{"epoch": 5, "val_accuracy": 0.9433718152866242, "train_accuracy": 0.9619369669509595, "f1_macro": 0.9428262008649183, "pre_macro": 0.9463808084523894, "re_macro": 0.9428927756681214, "best_epoch": 5, "val_loss": 0.1723886152705664, "train_loss": 1.5457810998471306}
{"epoch": 6, "val_accuracy": 0.9480493630573248, "train_accuracy": 0.9670509061833689, "f1_macro": 0.9473501407019743, "pre_macro": 0.9505292066874353, "re_macro": 0.9475772785989834, "best_epoch": 6, "val_loss": 0.16437763292164465, "train_loss": 1.3595463075617482}
{"epoch": 7, "val_accuracy": 0.9551154458598726, "train_accuracy": 0.9704990671641791, "f1_macro": 0.9545445758193848, "pre_macro": 0.9565510039855261, "re_macro": 0.9546683152234594, "best_epoch": 7, "val_loss": 0.147121694314169, "train_loss": 1.2264608927627108}
{"epoch": 8, "val_accuracy": 0.9611863057324841, "train_accuracy": 0.9738805970149254, "f1_macro": 0.9607366393770194, "pre_macro": 0.9617510873164772, "re_macro": 0.9607844491310281, "best_epoch": 8, "val_loss": 0.12550991653334231, "train_loss": 1.1283154690951935}
{"epoch": 9, "val_accuracy": 0.9667595541401274, "train_accuracy": 0.9770289179104478, "f1_macro": 0.9663716761383474, "pre_macro": 0.966816629400973, "re_macro": 0.966415358212612, "best_epoch": 9, "val_loss": 0.11177208173907344, "train_loss": 1.054565670330133}
{"epoch": 10, "val_accuracy": 0.9697452229299363, "train_accuracy": 0.9789612206823027, "f1_macro": 0.9693677029497516, "pre_macro": 0.9695582895987978, "re_macro": 0.9694447468799885, "best_epoch": 10, "val_loss": 0.10241879247407767, "train_loss": 0.9988382683633995}
{"epoch": 11, "val_accuracy": 0.9719347133757962, "train_accuracy": 0.9811433901918977, "f1_macro": 0.9715896366250123, "pre_macro": 0.971670009392924, "re_macro": 0.9716521939185976, "best_epoch": 11, "val_loss": 0.09700239545541109, "train_loss": 0.9559808842408886}
{"epoch": 12, "val_accuracy": 0.9732285031847133, "train_accuracy": 0.9823260927505331, "f1_macro": 0.9728945440496879, "pre_macro": 0.9729484605028537, "re_macro": 0.972933116256614, "best_epoch": 12, "val_loss": 0.09403487118435608, "train_loss": 0.9227483804419097}
{"epoch": 13, "val_accuracy": 0.973328025477707, "train_accuracy": 0.9835254530916845, "f1_macro": 0.97300303071114, "pre_macro": 0.9730794268097076, "re_macro": 0.9730017397779653, "best_epoch": 13, "val_loss": 0.09213725861256859, "train_loss": 0.8969400850440393}
{"epoch": 14, "val_accuracy": 0.9740246815286624, "train_accuracy": 0.9842417377398721, "f1_macro": 0.9737131145874691, "pre_macro": 0.9738253789911371, "re_macro": 0.9736736581777226, "best_epoch": 14, "val_loss": 0.09088757883158222, "train_loss": 0.8768188573404162}
{"epoch": 15, "val_accuracy": 0.9738256369426752, "train_accuracy": 0.9849746801705757, "f1_macro": 0.9735291308902875, "pre_macro": 0.9736707137698908, "re_macro": 0.9734668910442187, "best_epoch": 14, "val_loss": 0.08993300817651781, "train_loss": 0.8610423381394668}
{"training time": 160.03351497650146}
