{"epoch": 1, "val_accuracy": 0.8888335987261147, "train_accuracy": 0.8534559346973769, "f1_macro": 0.8882705769804037, "pre_macro": 0.8967428786766218, "re_macro": 0.8886525450075234, "best_epoch": 1, "val_loss": 0.371805237499392, "train_loss": 6.101101899706224}
{"epoch": 2, "val_accuracy": 0.9156050955414012, "train_accuracy": 0.921619580752814, "f1_macro": 0.9150937384538995, "pre_macro": 0.9187528664570281, "re_macro": 0.9150602801160563, "best_epoch": 2, "val_loss": 0.284081546684644, "train_loss": 4.307464542673595}
{"epoch": 3, "val_accuracy": 0.9239649681528662, "train_accuracy": 0.9411313965884861, "f1_macro": 0.9235098743216946, "pre_macro": 0.9265083081207381, "re_macro": 0.9235090497292393, "best_epoch": 3, "val_loss": 0.2539218021378775, "train_loss": 3.475722332244743}
{"epoch": 4, "val_accuracy": 0.9305334394904459, "train_accuracy": 0.9516369048466307, "f1_macro": 0.9296347815550863, "pre_macro": 0.9328163684596864, "re_macro": 0.9298393780815826, "best_epoch": 4, "val_loss": 0.23648438815644401, "train_loss": 2.9840651254918273}
{"epoch": 5, "val_accuracy": 0.9355095541401274, "train_accuracy": 0.9593550106609808, "f1_macro": 0.9343300160755481, "pre_macro": 0.9368383661971871, "re_macro": 0.9347610441119809, "best_epoch": 5, "val_loss": 0.21867683538751806, "train_loss": 2.6588317199048204}
{"epoch": 6, "val_accuracy": 0.946656050955414, "train_accuracy": 0.9645522388059702, "f1_macro": 0.9459198882835583, "pre_macro": 0.9471851655388794, "re_macro": 0.9459477204597873, "best_epoch": 6, "val_loss": 0.18785521411188658, "train_loss": 2.429545743633181}
{"epoch": 7, "val_accuracy": 0.9488455414012739, "train_accuracy": 0.9692608387485496, "f1_macro": 0.9480693319933792, "pre_macro": 0.9493880396800394, "re_macro": 0.9477591402717271, "best_epoch": 7, "val_loss": 0.17303250863210887, "train_loss": 2.2591449706030806}
{"epoch": 8, "val_accuracy": 0.953125, "train_accuracy": 0.9724480277185501, "f1_macro": 0.9524294495133949, "pre_macro": 0.9531427989139157, "re_macro": 0.9521879599862508, "best_epoch": 8, "val_loss": 0.15714875830835692, "train_loss": 2.1288368844274266}
{"epoch": 9, "val_accuracy": 0.9570063694267515, "train_accuracy": 0.9751799040511727, "f1_macro": 0.956356213383248, "pre_macro": 0.9569039156073496, "re_macro": 0.9562095519420432, "best_epoch": 9, "val_loss": 0.14899205682490757, "train_loss": 2.0271003439482342}
{"epoch": 10, "val_accuracy": 0.9567078025477707, "train_accuracy": 0.9776452558635395, "f1_macro": 0.9560941101102017, "pre_macro": 0.9566581611106706, "re_macro": 0.9560237326518213, "best_epoch": 9, "val_loss": 0.1468017067772093, "train_loss": 1.9464097289896722}
{"epoch": 11, "val_accuracy": 0.9570063694267515, "train_accuracy": 0.9797774520255863, "f1_macro": 0.9564064160821426, "pre_macro": 0.9569488071093888, "re_macro": 0.9563778609609311, "best_epoch": 9, "val_loss": 0.14519311505915586, "train_loss": 1.8824580569765461}
{"epoch": 12, "val_accuracy": 0.9568073248407644, "train_accuracy": 0.9808102345415778, "f1_macro": 0.956250103511357, "pre_macro": 0.9567591340190902, "re_macro": 0.9562547916999407, "best_epoch": 9, "val_loss": 0.143936795904746, "train_loss": 1.8314541499497794}
{"epoch": 13, "val_accuracy": 0.9575039808917197, "train_accuracy": 0.9819429637526652, "f1_macro": 0.9569551627810439, "pre_macro": 0.9574632913802128, "re_macro": 0.9569777209708198, "best_epoch": 13, "val_loss": 0.14204826213532146, "train_loss": 1.790491717202323}
{"epoch": 14, "val_accuracy": 0.9582006369426752, "train_accuracy": 0.9835421108742004, "f1_macro": 0.9576626651690155, "pre_macro": 0.9580428634208239, "re_macro": 0.9576973358467576, "best_epoch": 14, "val_loss": 0.13825081273984569, "train_loss": 1.7574478138738603}
{"epoch": 15, "val_accuracy": 0.9593949044585988, "train_accuracy": 0.9852745202558635, "f1_macro": 0.9588524087471256, "pre_macro": 0.9591422655070841, "re_macro": 0.958877937207739, "best_epoch": 15, "val_loss": 0.13415386380959943, "train_loss": 1.730808848765359}
{"training time": 86.17400765419006}
