{"epoch": 1, "val_accuracy": 0.9169984076433121, "train_accuracy": 0.8691628196022727, "f1_macro": 0.9156315254045237, "pre_macro": 0.9182989035325594, "re_macro": 0.9156710779863545, "best_epoch": 1, "val_loss": 0.2847878818524776, "train_loss": 5.5754544111815365}
{"epoch": 2, "val_accuracy": 0.9233678343949044, "train_accuracy": 0.9251819957386364, "f1_macro": 0.9220337658126267, "pre_macro": 0.9255999424433957, "re_macro": 0.9219211675431286, "best_epoch": 2, "val_loss": 0.2525938502067973, "train_loss": 3.5676385296339337}
{"epoch": 3, "val_accuracy": 0.9247611464968153, "train_accuracy": 0.9436700994318182, "f1_macro": 0.9234221630915901, "pre_macro": 0.9279797627922891, "re_macro": 0.9234614889537666, "best_epoch": 3, "val_loss": 0.2406914248576115, "train_loss": 2.7334917008199473}
{"epoch": 4, "val_accuracy": 0.9323248407643312, "train_accuracy": 0.9539018110795454, "f1_macro": 0.9312127263156109, "pre_macro": 0.9348908260614646, "re_macro": 0.9313449019430887, "best_epoch": 4, "val_loss": 0.2172056980324304, "train_loss": 2.2679305130785163}
{"epoch": 5, "val_accuracy": 0.9368033439490446, "train_accuracy": 0.9602716619318182, "f1_macro": 0.9363138229560521, "pre_macro": 0.9397037975688128, "re_macro": 0.936006003205795, "best_epoch": 5, "val_loss": 0.199216880675429, "train_loss": 1.9694877586920152}
{"epoch": 6, "val_accuracy": 0.9455613057324841, "train_accuracy": 0.9651766690340909, "f1_macro": 0.9452860228991178, "pre_macro": 0.9471546544906934, "re_macro": 0.9451380919080344, "best_epoch": 6, "val_loss": 0.1770465130099113, "train_loss": 1.7613740876655688}
{"epoch": 7, "val_accuracy": 0.9532245222929936, "train_accuracy": 0.9701260653409091, "f1_macro": 0.9528965089615411, "pre_macro": 0.9539736337666144, "re_macro": 0.9527568139768243, "best_epoch": 7, "val_loss": 0.1551297795246978, "train_loss": 1.6078608081760732}
{"epoch": 8, "val_accuracy": 0.9562101910828026, "train_accuracy": 0.9735884232954546, "f1_macro": 0.9558936386060374, "pre_macro": 0.9567969312458956, "re_macro": 0.95562274888614, "best_epoch": 8, "val_loss": 0.1396508965771764, "train_loss": 1.4921111765910278}
{"epoch": 9, "val_accuracy": 0.9576035031847133, "train_accuracy": 0.9762961647727273, "f1_macro": 0.9572905194548978, "pre_macro": 0.9584180629421608, "re_macro": 0.9568794140299192, "best_epoch": 9, "val_loss": 0.13317499222874546, "train_loss": 1.40329556573521}
{"epoch": 10, "val_accuracy": 0.9629777070063694, "train_accuracy": 0.9783824573863636, "f1_macro": 0.9627006834313365, "pre_macro": 0.9633900741822872, "re_macro": 0.9623493825273852, "best_epoch": 10, "val_loss": 0.12333530536407877, "train_loss": 1.3344940301030874}
{"epoch": 11, "val_accuracy": 0.9673566878980892, "train_accuracy": 0.9805131392045454, "f1_macro": 0.9670444542577383, "pre_macro": 0.9675035769474161, "re_macro": 0.9667634583452802, "best_epoch": 11, "val_loss": 0.11432915996866906, "train_loss": 1.2804120313376188}
{"epoch": 12, "val_accuracy": 0.9690485668789809, "train_accuracy": 0.9820889559659091, "f1_macro": 0.9687208461868618, "pre_macro": 0.9690752468350826, "re_macro": 0.968495178243362, "best_epoch": 12, "val_loss": 0.10914558705808536, "train_loss": 1.2378271623429926}
{"epoch": 13, "val_accuracy": 0.9696457006369427, "train_accuracy": 0.9832430752840909, "f1_macro": 0.9693244054438239, "pre_macro": 0.9696438137210878, "re_macro": 0.9691081140077626, "best_epoch": 13, "val_loss": 0.10548979821792881, "train_loss": 1.2043544101444157}
{"epoch": 14, "val_accuracy": 0.9704418789808917, "train_accuracy": 0.9843971946022727, "f1_macro": 0.970119527770722, "pre_macro": 0.9703817223966645, "re_macro": 0.9699417853085638, "best_epoch": 14, "val_loss": 0.102883349814909, "train_loss": 1.1779284622858872}
{"epoch": 15, "val_accuracy": 0.9700437898089171, "train_accuracy": 0.9851740056818182, "f1_macro": 0.9697149023714562, "pre_macro": 0.9699774526681761, "re_macro": 0.9695460205115516, "best_epoch": 14, "val_loss": 0.10107020627274207, "train_loss": 1.1569766844199463}
{"training time": 120.069171667099}
