{"epoch": 1, "val_accuracy": 0.8695262738853503, "train_accuracy": 0.8109264186088075, "f1_macro": 0.8660641613836205, "pre_macro": 0.8813578975295929, "re_macro": 0.866216061075785, "best_epoch": 1, "val_loss": 0.41972457237873867, "train_loss": 6.80714551641586}
{"epoch": 2, "val_accuracy": 0.887937898089172, "train_accuracy": 0.9081338654173181, "f1_macro": 0.8848444335163796, "pre_macro": 0.8941291461986225, "re_macro": 0.8875948841904953, "best_epoch": 2, "val_loss": 0.3533680917469749, "train_loss": 5.428957373030642}
{"epoch": 3, "val_accuracy": 0.9077428343949044, "train_accuracy": 0.9343971632896586, "f1_macro": 0.9058482104230834, "pre_macro": 0.9103875330125419, "re_macro": 0.9073804328216143, "best_epoch": 3, "val_loss": 0.30183882749147095, "train_loss": 4.714095040585132}
{"epoch": 4, "val_accuracy": 0.9133160828025477, "train_accuracy": 0.9488253547790203, "f1_macro": 0.9121766470974499, "pre_macro": 0.915840897129623, "re_macro": 0.9128497948949148, "best_epoch": 4, "val_loss": 0.27774802321912184, "train_loss": 4.246837063038603}
{"epoch": 5, "val_accuracy": 0.9116242038216561, "train_accuracy": 0.9576019505237011, "f1_macro": 0.9106983339228865, "pre_macro": 0.9152077524718498, "re_macro": 0.9111467792337257, "best_epoch": 4, "val_loss": 0.27905818596363635, "train_loss": 3.9247421650176353}
{"epoch": 6, "val_accuracy": 0.9217754777070064, "train_accuracy": 0.9643617021276596, "f1_macro": 0.9207330553090245, "pre_macro": 0.9231543987119795, "re_macro": 0.9211354668685011, "best_epoch": 6, "val_loss": 0.2509828989577901, "train_loss": 3.6899136279491667}
{"epoch": 7, "val_accuracy": 0.9296377388535032, "train_accuracy": 0.9697473404255319, "f1_macro": 0.9285452931812135, "pre_macro": 0.9295242886410258, "re_macro": 0.9286536835024963, "best_epoch": 7, "val_loss": 0.2297093691422966, "train_loss": 3.5123821684654724}
{"epoch": 8, "val_accuracy": 0.9311305732484076, "train_accuracy": 0.9742686170212767, "f1_macro": 0.9296959326177541, "pre_macro": 0.9307395491468855, "re_macro": 0.9297277220720291, "best_epoch": 8, "val_loss": 0.22547336886073374, "train_loss": 3.374738574535289}
{"epoch": 9, "val_accuracy": 0.9315286624203821, "train_accuracy": 0.978125, "f1_macro": 0.9302279079072907, "pre_macro": 0.9313262224573254, "re_macro": 0.9301540495821398, "best_epoch": 9, "val_loss": 0.22342656696345775, "train_loss": 3.2673659182609396}
{"epoch": 10, "val_accuracy": 0.934812898089172, "train_accuracy": 0.9803856382978723, "f1_macro": 0.9336173942990698, "pre_macro": 0.9344924663515275, "re_macro": 0.9335131480010054, "best_epoch": 10, "val_loss": 0.21678485221876082, "train_loss": 3.183440576715672}
{"epoch": 11, "val_accuracy": 0.9371019108280255, "train_accuracy": 0.982247340425532, "f1_macro": 0.9359486217700722, "pre_macro": 0.9364800504578807, "re_macro": 0.9357868407683018, "best_epoch": 11, "val_loss": 0.2077642850055816, "train_loss": 3.1166360175355954}
{"epoch": 12, "val_accuracy": 0.9378980891719745, "train_accuracy": 0.9842420212765958, "f1_macro": 0.9367492763073793, "pre_macro": 0.9374240965809676, "re_macro": 0.9365157070977821, "best_epoch": 12, "val_loss": 0.20476602860518797, "train_loss": 3.062798799352443}
{"epoch": 13, "val_accuracy": 0.9383957006369427, "train_accuracy": 0.9853058510638298, "f1_macro": 0.937245571271237, "pre_macro": 0.938067967021141, "re_macro": 0.9370033621700097, "best_epoch": 13, "val_loss": 0.2041747246981616, "train_loss": 3.019196030434142}
{"epoch": 14, "val_accuracy": 0.93859474522293, "train_accuracy": 0.9867021276595744, "f1_macro": 0.9374036542194422, "pre_macro": 0.9382245891915144, "re_macro": 0.9371654766548648, "best_epoch": 14, "val_loss": 0.2023095347900774, "train_loss": 2.9840716098217253}
{"epoch": 15, "val_accuracy": 0.9397890127388535, "train_accuracy": 0.9872340425531915, "f1_macro": 0.938629035633842, "pre_macro": 0.9392759344116325, "re_macro": 0.9384279373225783, "best_epoch": 15, "val_loss": 0.19914823224186706, "train_loss": 2.955693846560539}
{"training time": 50.682812213897705}
