{"epoch": 1, "val_accuracy": 0.5241839171974523, "train_accuracy": 0.31041666865348816, "f1_macro": 0.4529446163382917, "pre_macro": 0.5484157782017423, "re_macro": 0.524, "best_epoch": 1, "val_loss": 1.4676861649106263, "train_loss": 1.9874956130981445}
{"epoch": 2, "val_accuracy": 0.6823248407643312, "train_accuracy": 0.6322916686534882, "f1_macro": 0.6799210212408908, "pre_macro": 0.6842424235224873, "re_macro": 0.6817, "best_epoch": 2, "val_loss": 1.0159836665839905, "train_loss": 1.207956212759018}
{"epoch": 3, "val_accuracy": 0.7105891719745223, "train_accuracy": 0.740625, "f1_macro": 0.7042569981968235, "pre_macro": 0.7077312318570157, "re_macro": 0.7101, "best_epoch": 3, "val_loss": 0.8526761786193605, "train_loss": 0.8929328203201294}
{"epoch": 4, "val_accuracy": 0.7338773885350318, "train_accuracy": 0.7791666686534882, "f1_macro": 0.7334279092647431, "pre_macro": 0.7374696386996494, "re_macro": 0.7335, "best_epoch": 4, "val_loss": 0.7947512329763667, "train_loss": 0.7560718357563019}
{"epoch": 5, "val_accuracy": 0.7441281847133758, "train_accuracy": 0.8041666686534882, "f1_macro": 0.7423508159716402, "pre_macro": 0.7438874162999716, "re_macro": 0.7432000000000001, "best_epoch": 5, "val_loss": 0.7616021803989532, "train_loss": 0.6909379839897156}
{"epoch": 6, "val_accuracy": 0.7493033439490446, "train_accuracy": 0.8151041686534881, "f1_macro": 0.7473811674496357, "pre_macro": 0.7486801728431075, "re_macro": 0.7484000000000001, "best_epoch": 6, "val_loss": 0.7435032702555322, "train_loss": 0.6489722311496735}
{"epoch": 7, "val_accuracy": 0.7533837579617835, "train_accuracy": 0.8333333373069763, "f1_macro": 0.7521188834624238, "pre_macro": 0.7538324570723478, "re_macro": 0.7525000000000001, "best_epoch": 7, "val_loss": 0.7315257597880759, "train_loss": 0.6208401560783386}
{"epoch": 8, "val_accuracy": 0.7568670382165605, "train_accuracy": 0.84375, "f1_macro": 0.7556328524840628, "pre_macro": 0.7569655322571347, "re_macro": 0.756, "best_epoch": 8, "val_loss": 0.721987114210797, "train_loss": 0.6005121022462845}
{"epoch": 9, "val_accuracy": 0.7584593949044586, "train_accuracy": 0.8515625, "f1_macro": 0.7573352297168018, "pre_macro": 0.7587723965487793, "re_macro": 0.7575999999999999, "best_epoch": 9, "val_loss": 0.7152487485651757, "train_loss": 0.5858029961585999}
{"epoch": 10, "val_accuracy": 0.7592555732484076, "train_accuracy": 0.853125, "f1_macro": 0.7581780453342704, "pre_macro": 0.7596537633369038, "re_macro": 0.7584000000000001, "best_epoch": 10, "val_loss": 0.7103564372867536, "train_loss": 0.5744213461875916}
{"epoch": 11, "val_accuracy": 0.7600517515923567, "train_accuracy": 0.85625, "f1_macro": 0.7589471868055094, "pre_macro": 0.7603822408257004, "re_macro": 0.7592000000000001, "best_epoch": 11, "val_loss": 0.7065790829005515, "train_loss": 0.5656137824058532}
{"epoch": 12, "val_accuracy": 0.7612460191082803, "train_accuracy": 0.85625, "f1_macro": 0.7602139632172895, "pre_macro": 0.7617115637338854, "re_macro": 0.7604000000000001, "best_epoch": 12, "val_loss": 0.7036405999189729, "train_loss": 0.5587943285703659}
{"epoch": 13, "val_accuracy": 0.7615445859872612, "train_accuracy": 0.859375, "f1_macro": 0.7605398313941911, "pre_macro": 0.7620227414271806, "re_macro": 0.7607, "best_epoch": 13, "val_loss": 0.7013548008955208, "train_loss": 0.5534510314464569}
{"epoch": 14, "val_accuracy": 0.7613455414012739, "train_accuracy": 0.8625, "f1_macro": 0.7603800401119346, "pre_macro": 0.7618871539760399, "re_macro": 0.7605000000000001, "best_epoch": 13, "val_loss": 0.699565475723546, "train_loss": 0.5492322206497192}
{"epoch": 15, "val_accuracy": 0.7613455414012739, "train_accuracy": 0.865625, "f1_macro": 0.7603867771488696, "pre_macro": 0.7619364544587496, "re_macro": 0.7605000000000001, "best_epoch": 13, "val_loss": 0.6981551969886586, "train_loss": 0.5458893239498138}
{"epoch": 16, "val_accuracy": 0.7617436305732485, "train_accuracy": 0.865625, "f1_macro": 0.7607674511035718, "pre_macro": 0.7623109932848349, "re_macro": 0.7609, "best_epoch": 16, "val_loss": 0.697038584074397, "train_loss": 0.5432336688041687}
{"epoch": 17, "val_accuracy": 0.7613455414012739, "train_accuracy": 0.865625, "f1_macro": 0.7603661292546716, "pre_macro": 0.761917512128012, "re_macro": 0.7605000000000001, "best_epoch": 16, "val_loss": 0.6961517916743163, "train_loss": 0.541119036078453}
{"epoch": 18, "val_accuracy": 0.7609474522292994, "train_accuracy": 0.865625, "f1_macro": 0.7600119311361823, "pre_macro": 0.7616152232384384, "re_macro": 0.7601, "best_epoch": 16, "val_loss": 0.6954458177469338, "train_loss": 0.5394321620464325}
{"epoch": 19, "val_accuracy": 0.7616441082802548, "train_accuracy": 0.865625, "f1_macro": 0.7607168010500109, "pre_macro": 0.7623157529447067, "re_macro": 0.7608, "best_epoch": 16, "val_loss": 0.6948827901843248, "train_loss": 0.5380846202373505}
{"epoch": 20, "val_accuracy": 0.7616441082802548, "train_accuracy": 0.865625, "f1_macro": 0.7607168010500109, "pre_macro": 0.7623157529447067, "re_macro": 0.7608, "best_epoch": 16, "val_loss": 0.6944331055993487, "train_loss": 0.5370070278644562}
{"epoch": 21, "val_accuracy": 0.761843152866242, "train_accuracy": 0.865625, "f1_macro": 0.7609198783913604, "pre_macro": 0.762522509063763, "re_macro": 0.761, "best_epoch": 21, "val_loss": 0.6940735510200452, "train_loss": 0.5361446142196655}
{"epoch": 22, "val_accuracy": 0.7616441082802548, "train_accuracy": 0.865625, "f1_macro": 0.7607299901238176, "pre_macro": 0.7623504175539628, "re_macro": 0.7608, "best_epoch": 21, "val_loss": 0.6937858386404195, "train_loss": 0.5354540467262268}
{"epoch": 23, "val_accuracy": 0.7617436305732485, "train_accuracy": 0.865625, "f1_macro": 0.7608320425645572, "pre_macro": 0.7624434738060994, "re_macro": 0.7609, "best_epoch": 21, "val_loss": 0.6935554661188915, "train_loss": 0.5349008411169052}
{"epoch": 24, "val_accuracy": 0.7617436305732485, "train_accuracy": 0.865625, "f1_macro": 0.7608320425645572, "pre_macro": 0.7624434738060994, "re_macro": 0.7609, "best_epoch": 21, "val_loss": 0.6933709166611836, "train_loss": 0.534457516670227}
{"epoch": 25, "val_accuracy": 0.7617436305732485, "train_accuracy": 0.865625, "f1_macro": 0.7608320425645572, "pre_macro": 0.7624434738060994, "re_macro": 0.7609, "best_epoch": 21, "val_loss": 0.693223030893666, "train_loss": 0.5341022223234176}
{"training time": 24.08179998397827}
