{"epoch": 1, "val_accuracy": 0.8253383757961783, "train_accuracy": 0.8079944957386364, "f1_macro": 0.8239378941794359, "pre_macro": 0.830731511228717, "re_macro": 0.8251, "best_epoch": 1, "val_loss": 0.48365734403680083, "train_loss": 0.5837630895813081}
{"epoch": 2, "val_accuracy": 0.8381767515923567, "train_accuracy": 0.8513627485795454, "f1_macro": 0.8367188606105807, "pre_macro": 0.8416057664948511, "re_macro": 0.8376999999999999, "best_epoch": 2, "val_loss": 0.4452632320155004, "train_loss": 0.47212343821725383}
{"epoch": 3, "val_accuracy": 0.8436504777070064, "train_accuracy": 0.8620383522727273, "f1_macro": 0.8424084084319287, "pre_macro": 0.8458399683344929, "re_macro": 0.8431999999999998, "best_epoch": 3, "val_loss": 0.42673050835254084, "train_loss": 0.44624638779681514}
{"epoch": 4, "val_accuracy": 0.8469347133757962, "train_accuracy": 0.8690296519886364, "f1_macro": 0.846158633709105, "pre_macro": 0.8493420581730484, "re_macro": 0.8465000000000001, "best_epoch": 4, "val_loss": 0.41726226563666274, "train_loss": 0.4284747841937298}
{"epoch": 5, "val_accuracy": 0.8500199044585988, "train_accuracy": 0.8742009943181818, "f1_macro": 0.8495587915905876, "pre_macro": 0.8524766687492953, "re_macro": 0.8496, "best_epoch": 5, "val_loss": 0.40805719460651374, "train_loss": 0.4150403476404873}
{"epoch": 6, "val_accuracy": 0.8563893312101911, "train_accuracy": 0.8778852982954546, "f1_macro": 0.8559823368989283, "pre_macro": 0.8577505166898967, "re_macro": 0.8560000000000001, "best_epoch": 6, "val_loss": 0.3961708994143328, "train_loss": 0.4047394854820926}
{"epoch": 7, "val_accuracy": 0.8611664012738853, "train_accuracy": 0.8815030184659091, "f1_macro": 0.8606117323908672, "pre_macro": 0.8619094294917721, "re_macro": 0.8608, "best_epoch": 7, "val_loss": 0.38749485443921605, "train_loss": 0.39661138282496144}
{"epoch": 8, "val_accuracy": 0.8636544585987261, "train_accuracy": 0.8841441761363636, "f1_macro": 0.8629189868063099, "pre_macro": 0.8641170624294421, "re_macro": 0.8633000000000001, "best_epoch": 8, "val_loss": 0.3833271908057723, "train_loss": 0.39002947896634316}
{"epoch": 9, "val_accuracy": 0.865047770700637, "train_accuracy": 0.8862970525568182, "f1_macro": 0.8641850166695733, "pre_macro": 0.8653960616125342, "re_macro": 0.8647, "best_epoch": 9, "val_loss": 0.3800232970410851, "train_loss": 0.38470951429652894}
{"epoch": 10, "val_accuracy": 0.866640127388535, "train_accuracy": 0.8880948153409091, "f1_macro": 0.8657651225595302, "pre_macro": 0.8666974145899518, "re_macro": 0.8663000000000001, "best_epoch": 10, "val_loss": 0.37693575745934893, "train_loss": 0.38044714682142844}
{"epoch": 11, "val_accuracy": 0.8681329617834395, "train_accuracy": 0.8896706321022727, "f1_macro": 0.8673139403078327, "pre_macro": 0.8682134237688102, "re_macro": 0.8678000000000001, "best_epoch": 11, "val_loss": 0.37449740936422043, "train_loss": 0.37703190580941737}
{"epoch": 12, "val_accuracy": 0.8705214968152867, "train_accuracy": 0.8915571732954546, "f1_macro": 0.8697151598897335, "pre_macro": 0.8704213344181252, "re_macro": 0.8702, "best_epoch": 12, "val_loss": 0.3722946545595576, "train_loss": 0.37428537563590164}
{"epoch": 13, "val_accuracy": 0.8709195859872612, "train_accuracy": 0.8929110440340909, "f1_macro": 0.8701182667801289, "pre_macro": 0.8707209545442488, "re_macro": 0.8706000000000002, "best_epoch": 13, "val_loss": 0.370299995040438, "train_loss": 0.3720715118953111}
{"epoch": 14, "val_accuracy": 0.8717157643312102, "train_accuracy": 0.8934215198863636, "f1_macro": 0.8708755829689743, "pre_macro": 0.871229298792849, "re_macro": 0.8713999999999998, "best_epoch": 14, "val_loss": 0.36870559627652927, "train_loss": 0.3702863109171052}
{"epoch": 15, "val_accuracy": 0.8718152866242038, "train_accuracy": 0.8943758877840909, "f1_macro": 0.8709591186164994, "pre_macro": 0.8712073047974223, "re_macro": 0.8714999999999999, "best_epoch": 15, "val_loss": 0.36748923992465254, "train_loss": 0.3688527347985655}
{"epoch": 16, "val_accuracy": 0.8721138535031847, "train_accuracy": 0.894775390625, "f1_macro": 0.8712786990803986, "pre_macro": 0.8714028905468858, "re_macro": 0.8718, "best_epoch": 16, "val_loss": 0.3665977746817716, "train_loss": 0.3677051349289038}
{"epoch": 17, "val_accuracy": 0.8724124203821656, "train_accuracy": 0.8950417258522727, "f1_macro": 0.8716086165497051, "pre_macro": 0.8716869594401757, "re_macro": 0.8721, "best_epoch": 17, "val_loss": 0.3660014275532619, "train_loss": 0.3667848060457883}
{"epoch": 18, "val_accuracy": 0.8727109872611465, "train_accuracy": 0.8952858664772727, "f1_macro": 0.8718751631181313, "pre_macro": 0.8719371168039899, "re_macro": 0.8724000000000001, "best_epoch": 18, "val_loss": 0.3656450304540859, "train_loss": 0.366042999190871}
{"epoch": 19, "val_accuracy": 0.8726114649681529, "train_accuracy": 0.895263671875, "f1_macro": 0.8717323576759741, "pre_macro": 0.871761539365721, "re_macro": 0.8723000000000001, "best_epoch": 18, "val_loss": 0.3654365263357284, "train_loss": 0.3654423865955323}
{"epoch": 20, "val_accuracy": 0.873109076433121, "train_accuracy": 0.8957297585227273, "f1_macro": 0.8718993241141098, "pre_macro": 0.8718948427909904, "re_macro": 0.8724999999999999, "best_epoch": 20, "val_loss": 0.365288281753944, "train_loss": 0.3649551537184214}
{"epoch": 21, "val_accuracy": 0.8730095541401274, "train_accuracy": 0.895751953125, "f1_macro": 0.8717757903340834, "pre_macro": 0.8717740553019567, "re_macro": 0.8724000000000001, "best_epoch": 20, "val_loss": 0.3651519985335648, "train_loss": 0.3645597572692416}
{"epoch": 22, "val_accuracy": 0.8727109872611465, "train_accuracy": 0.8958851207386364, "f1_macro": 0.871473906825709, "pre_macro": 0.8714482764470665, "re_macro": 0.8721, "best_epoch": 20, "val_loss": 0.36501774989115965, "train_loss": 0.3642386643808674}
{"epoch": 23, "val_accuracy": 0.8724124203821656, "train_accuracy": 0.8958185369318182, "f1_macro": 0.8711846262787117, "pre_macro": 0.8711339863003902, "re_macro": 0.8718, "best_epoch": 20, "val_loss": 0.36489467488922134, "train_loss": 0.36397733772173524}
{"epoch": 24, "val_accuracy": 0.8728105095541401, "train_accuracy": 0.8961070667613636, "f1_macro": 0.8716346881946428, "pre_macro": 0.8716007685675164, "re_macro": 0.8722000000000001, "best_epoch": 20, "val_loss": 0.36479314606470664, "train_loss": 0.36376393188468437}
{"epoch": 25, "val_accuracy": 0.8728105095541401, "train_accuracy": 0.8964621803977273, "f1_macro": 0.871626420103173, "pre_macro": 0.8715844038077452, "re_macro": 0.8722000000000001, "best_epoch": 20, "val_loss": 0.36471680233812637, "train_loss": 0.3635891540272331}
{"training time": 147.8262219429016}
