{"epoch": 1, "val_accuracy": 0.8309116242038217, "train_accuracy": 0.8151152718550106, "f1_macro": 0.8282005459110708, "pre_macro": 0.8344320520568521, "re_macro": 0.8303999999999998, "best_epoch": 1, "val_loss": 0.47312229482611273, "train_loss": 0.565909638254246}
{"epoch": 2, "val_accuracy": 0.8460390127388535, "train_accuracy": 0.8544942697228145, "f1_macro": 0.8440176295151541, "pre_macro": 0.8456891649578081, "re_macro": 0.8456000000000001, "best_epoch": 2, "val_loss": 0.4280674813469504, "train_loss": 0.4653145670890808}
{"epoch": 3, "val_accuracy": 0.8528065286624203, "train_accuracy": 0.8644722814498934, "f1_macro": 0.850697123226355, "pre_macro": 0.8508173720633447, "re_macro": 0.8524, "best_epoch": 3, "val_loss": 0.41041378116911387, "train_loss": 0.440714270654899}
{"epoch": 4, "val_accuracy": 0.8554936305732485, "train_accuracy": 0.871068763326226, "f1_macro": 0.8527363621521349, "pre_macro": 0.8528502684812427, "re_macro": 0.8551, "best_epoch": 4, "val_loss": 0.39941823691319506, "train_loss": 0.4244295986953066}
{"epoch": 5, "val_accuracy": 0.8601711783439491, "train_accuracy": 0.8758162313432836, "f1_macro": 0.857049178398887, "pre_macro": 0.8586033468991546, "re_macro": 0.8597999999999999, "best_epoch": 5, "val_loss": 0.3925783441514726, "train_loss": 0.4121279081047725}
{"epoch": 6, "val_accuracy": 0.8596735668789809, "train_accuracy": 0.8795475746268657, "f1_macro": 0.8562320732102379, "pre_macro": 0.8593655451645539, "re_macro": 0.859, "best_epoch": 5, "val_loss": 0.3890373419234707, "train_loss": 0.40242287408568456}
{"epoch": 7, "val_accuracy": 0.8632563694267515, "train_accuracy": 0.8831123400852878, "f1_macro": 0.8597516140378467, "pre_macro": 0.8641878533844212, "re_macro": 0.8625999999999999, "best_epoch": 7, "val_loss": 0.38510551403282556, "train_loss": 0.3946042166971194}
{"epoch": 8, "val_accuracy": 0.863953025477707, "train_accuracy": 0.8859108475479744, "f1_macro": 0.8602364440806287, "pre_macro": 0.8652777169937149, "re_macro": 0.8633, "best_epoch": 8, "val_loss": 0.37989983589026577, "train_loss": 0.38833401377584886}
{"epoch": 9, "val_accuracy": 0.8671377388535032, "train_accuracy": 0.8876099413646056, "f1_macro": 0.8638563586051156, "pre_macro": 0.8679876415393792, "re_macro": 0.8665, "best_epoch": 9, "val_loss": 0.3738891244124455, "train_loss": 0.38330972768159816}
{"epoch": 10, "val_accuracy": 0.8684315286624203, "train_accuracy": 0.8894422974413646, "f1_macro": 0.8658117137892074, "pre_macro": 0.8681093047035979, "re_macro": 0.8678000000000001, "best_epoch": 10, "val_loss": 0.36830057754258444, "train_loss": 0.37922465496225904}
{"epoch": 11, "val_accuracy": 0.8703224522292994, "train_accuracy": 0.8914412313432836, "f1_macro": 0.8682052338441167, "pre_macro": 0.8693965435553253, "re_macro": 0.8696999999999999, "best_epoch": 11, "val_loss": 0.3641939278051352, "train_loss": 0.3759011411463528}
{"epoch": 12, "val_accuracy": 0.8714171974522293, "train_accuracy": 0.8922241471215352, "f1_macro": 0.869650908790087, "pre_macro": 0.8703001140848882, "re_macro": 0.8707999999999998, "best_epoch": 12, "val_loss": 0.3613816191721114, "train_loss": 0.37322359716396597}
{"epoch": 13, "val_accuracy": 0.8710191082802548, "train_accuracy": 0.8932069562899787, "f1_macro": 0.8693685151156885, "pre_macro": 0.869804912107444, "re_macro": 0.8703999999999998, "best_epoch": 12, "val_loss": 0.3595185047312147, "train_loss": 0.3710769286065468}
{"epoch": 14, "val_accuracy": 0.8716162420382165, "train_accuracy": 0.89440631663113, "f1_macro": 0.8700714476934799, "pre_macro": 0.8703532466456295, "re_macro": 0.8710000000000001, "best_epoch": 14, "val_loss": 0.3583887332374123, "train_loss": 0.3693490584712547}
{"epoch": 15, "val_accuracy": 0.8722133757961783, "train_accuracy": 0.8950059968017058, "f1_macro": 0.8707099363194869, "pre_macro": 0.8709424827216463, "re_macro": 0.8715999999999999, "best_epoch": 15, "val_loss": 0.3576674033312281, "train_loss": 0.367957215287538}
{"epoch": 16, "val_accuracy": 0.8726114649681529, "train_accuracy": 0.8958388859275054, "f1_macro": 0.8711844169651808, "pre_macro": 0.8713636267881878, "re_macro": 0.8719999999999999, "best_epoch": 16, "val_loss": 0.35708345496540617, "train_loss": 0.3668390264325559}
{"epoch": 17, "val_accuracy": 0.8728105095541401, "train_accuracy": 0.8962386727078892, "f1_macro": 0.8714171009560279, "pre_macro": 0.8715504597923316, "re_macro": 0.8722, "best_epoch": 17, "val_loss": 0.35651796837900857, "train_loss": 0.36594059732931256}
{"epoch": 18, "val_accuracy": 0.8730095541401274, "train_accuracy": 0.896505197228145, "f1_macro": 0.871639862855849, "pre_macro": 0.8717491104373695, "re_macro": 0.8724000000000001, "best_epoch": 18, "val_loss": 0.35595636012827514, "train_loss": 0.365216188784093}
{"epoch": 19, "val_accuracy": 0.8732085987261147, "train_accuracy": 0.8967717217484008, "f1_macro": 0.8718829922142024, "pre_macro": 0.8719508423747262, "re_macro": 0.8726, "best_epoch": 19, "val_loss": 0.3554244410649986, "train_loss": 0.3646291803989583}
{"epoch": 20, "val_accuracy": 0.8737062101910829, "train_accuracy": 0.8971381929637526, "f1_macro": 0.8724325904086292, "pre_macro": 0.8724624897185093, "re_macro": 0.8731, "best_epoch": 20, "val_loss": 0.3549504397781032, "train_loss": 0.36415151908580684}
{"epoch": 21, "val_accuracy": 0.8741042993630573, "train_accuracy": 0.8970549040511727, "f1_macro": 0.8728331543830331, "pre_macro": 0.8728601183588305, "re_macro": 0.8735000000000002, "best_epoch": 21, "val_loss": 0.354550581686436, "train_loss": 0.3637620704387551}
{"epoch": 22, "val_accuracy": 0.87390525477707, "train_accuracy": 0.8971715085287847, "f1_macro": 0.8726464898686801, "pre_macro": 0.8726476108538062, "re_macro": 0.8733000000000001, "best_epoch": 21, "val_loss": 0.3542292699882179, "train_loss": 0.3634445913977969}
{"epoch": 23, "val_accuracy": 0.8740047770700637, "train_accuracy": 0.8972214818763327, "f1_macro": 0.8728055679309449, "pre_macro": 0.8728083396935131, "re_macro": 0.8734, "best_epoch": 21, "val_loss": 0.35398189737728447, "train_loss": 0.3631860715811695}
{"epoch": 24, "val_accuracy": 0.8741042993630573, "train_accuracy": 0.8972214818763327, "f1_macro": 0.8729167786930582, "pre_macro": 0.8729088745898913, "re_macro": 0.8734999999999999, "best_epoch": 21, "val_loss": 0.35379783605124543, "train_loss": 0.36297576536120635}
{"epoch": 25, "val_accuracy": 0.8741042993630573, "train_accuracy": 0.8973380863539445, "f1_macro": 0.8729446802675082, "pre_macro": 0.872927713587198, "re_macro": 0.8734999999999999, "best_epoch": 21, "val_loss": 0.35366451170793767, "train_loss": 0.3628046057149291}
{"training time": 197.97307896614075}
