{"epoch": 1, "val_accuracy": 0.7234275477707006, "train_accuracy": 0.6162139063185834, "f1_macro": 0.7311301707617286, "pre_macro": 0.7748847187264748, "re_macro": 0.7230000000000001, "best_epoch": 1, "val_loss": 0.7399664217499411, "train_loss": 1.1542803822679724}
{"epoch": 2, "val_accuracy": 0.7647292993630573, "train_accuracy": 0.7909384509350391, "f1_macro": 0.7695216648539355, "pre_macro": 0.7964054811096248, "re_macro": 0.7642, "best_epoch": 2, "val_loss": 0.6354675387880605, "train_loss": 0.6429128361509201}
{"epoch": 3, "val_accuracy": 0.7805533439490446, "train_accuracy": 0.8255604112401922, "f1_macro": 0.7847466362164969, "pre_macro": 0.8031048795118009, "re_macro": 0.7801, "best_epoch": 3, "val_loss": 0.595868251316107, "train_loss": 0.5693228707668629}
{"epoch": 4, "val_accuracy": 0.7887141719745223, "train_accuracy": 0.8365311559210432, "f1_macro": 0.7913063776110522, "pre_macro": 0.8052855519355713, "re_macro": 0.7879999999999999, "best_epoch": 4, "val_loss": 0.5774106351053638, "train_loss": 0.5318236991446069}
{"epoch": 5, "val_accuracy": 0.7967754777070064, "train_accuracy": 0.8455072197508304, "f1_macro": 0.798000486831452, "pre_macro": 0.8073341404754949, "re_macro": 0.7961, "best_epoch": 5, "val_loss": 0.5611173905384769, "train_loss": 0.5088743567466736}
{"epoch": 6, "val_accuracy": 0.8032444267515924, "train_accuracy": 0.8508263686870007, "f1_macro": 0.8035584561686052, "pre_macro": 0.809731889407875, "re_macro": 0.8026, "best_epoch": 6, "val_loss": 0.5496672215355429, "train_loss": 0.4923531026282209}
{"epoch": 7, "val_accuracy": 0.8048367834394905, "train_accuracy": 0.855148177197639, "f1_macro": 0.8050846180075306, "pre_macro": 0.8112231559503797, "re_macro": 0.8042, "best_epoch": 7, "val_loss": 0.5463484700318355, "train_loss": 0.4789008212850449}
{"epoch": 8, "val_accuracy": 0.8057324840764332, "train_accuracy": 0.8568104112401922, "f1_macro": 0.8058579272645426, "pre_macro": 0.8116420765900232, "re_macro": 0.8051, "best_epoch": 8, "val_loss": 0.5435396151937497, "train_loss": 0.4690809858606217}
{"epoch": 9, "val_accuracy": 0.8072253184713376, "train_accuracy": 0.8614646665593411, "f1_macro": 0.8071816046773075, "pre_macro": 0.8122055354363116, "re_macro": 0.8065999999999999, "best_epoch": 9, "val_loss": 0.5399091435465843, "train_loss": 0.4623132734856707}
{"epoch": 10, "val_accuracy": 0.8104100318471338, "train_accuracy": 0.8641717332474729, "f1_macro": 0.8100624514947861, "pre_macro": 0.8136688412304178, "re_macro": 0.8098000000000001, "best_epoch": 10, "val_loss": 0.5356033028690679, "train_loss": 0.45743358959542946}
{"epoch": 11, "val_accuracy": 0.8116042993630573, "train_accuracy": 0.8661664140985367, "f1_macro": 0.8109013463319423, "pre_macro": 0.8132371794894405, "re_macro": 0.8109999999999999, "best_epoch": 11, "val_loss": 0.5313237455620128, "train_loss": 0.4535631036504786}
{"epoch": 12, "val_accuracy": 0.8123009554140127, "train_accuracy": 0.8681610949496006, "f1_macro": 0.8111486880250662, "pre_macro": 0.8125136719433357, "re_macro": 0.8117000000000001, "best_epoch": 12, "val_loss": 0.5278948985846939, "train_loss": 0.45000968461341045}
{"epoch": 13, "val_accuracy": 0.8138933121019108, "train_accuracy": 0.8668313077155579, "f1_macro": 0.8125912882351273, "pre_macro": 0.8132608603782657, "re_macro": 0.8132999999999999, "best_epoch": 13, "val_loss": 0.5252456465724168, "train_loss": 0.4466793917595072}
{"epoch": 14, "val_accuracy": 0.8154856687898089, "train_accuracy": 0.8691584353751325, "f1_macro": 0.8142297533483681, "pre_macro": 0.8145750341042964, "re_macro": 0.8149, "best_epoch": 14, "val_loss": 0.5233421794548156, "train_loss": 0.4437518963154326}
{"epoch": 15, "val_accuracy": 0.8157842356687898, "train_accuracy": 0.8724829034602388, "f1_macro": 0.8145760604603822, "pre_macro": 0.8147787123568818, "re_macro": 0.8152000000000001, "best_epoch": 15, "val_loss": 0.5221700300076965, "train_loss": 0.4413182196464944}
{"epoch": 16, "val_accuracy": 0.8156847133757962, "train_accuracy": 0.8744775843113026, "f1_macro": 0.8145575521437607, "pre_macro": 0.8147534851885346, "re_macro": 0.8150999999999999, "best_epoch": 15, "val_loss": 0.521456435038026, "train_loss": 0.43940146996619855}
{"epoch": 17, "val_accuracy": 0.8166799363057324, "train_accuracy": 0.8748100311198133, "f1_macro": 0.8156020192763315, "pre_macro": 0.8157858625556503, "re_macro": 0.8160999999999999, "best_epoch": 17, "val_loss": 0.5209814790327838, "train_loss": 0.43792737608260296}
{"epoch": 18, "val_accuracy": 0.8164808917197452, "train_accuracy": 0.8754749247368346, "f1_macro": 0.8154559520958256, "pre_macro": 0.8156598576615472, "re_macro": 0.8159000000000001, "best_epoch": 17, "val_loss": 0.5206449876545342, "train_loss": 0.43678496365851543}
{"epoch": 19, "val_accuracy": 0.8163813694267515, "train_accuracy": 0.8761398183538559, "f1_macro": 0.8153974715235506, "pre_macro": 0.8156073224611674, "re_macro": 0.8158, "best_epoch": 17, "val_loss": 0.5203976760244673, "train_loss": 0.4358911603055102}
{"epoch": 20, "val_accuracy": 0.8164808917197452, "train_accuracy": 0.8765197573824132, "f1_macro": 0.8155172486186828, "pre_macro": 0.8157470958909855, "re_macro": 0.8159000000000001, "best_epoch": 17, "val_loss": 0.5202114147365473, "train_loss": 0.4351873702191292}
{"epoch": 21, "val_accuracy": 0.8164808917197452, "train_accuracy": 0.8768522041909238, "f1_macro": 0.8155421615331105, "pre_macro": 0.8157818047766673, "re_macro": 0.8159000000000001, "best_epoch": 17, "val_loss": 0.5200687764556544, "train_loss": 0.43463060386637425}
{"epoch": 22, "val_accuracy": 0.8167794585987261, "train_accuracy": 0.8771846509994344, "f1_macro": 0.8158820130843891, "pre_macro": 0.8161334112529834, "re_macro": 0.8162, "best_epoch": 22, "val_loss": 0.5199582988669158, "train_loss": 0.4341886753731586}
{"epoch": 23, "val_accuracy": 0.816281847133758, "train_accuracy": 0.8775170978079451, "f1_macro": 0.8154027522927756, "pre_macro": 0.8156776838287083, "re_macro": 0.8157, "best_epoch": 22, "val_loss": 0.5198719934293419, "train_loss": 0.433837059330433}
{"epoch": 24, "val_accuracy": 0.8161823248407644, "train_accuracy": 0.8778495446164557, "f1_macro": 0.8153144885226353, "pre_macro": 0.8155992523584092, "re_macro": 0.8156000000000001, "best_epoch": 22, "val_loss": 0.519804172834773, "train_loss": 0.43355677356111244}
{"epoch": 25, "val_accuracy": 0.8161823248407644, "train_accuracy": 0.8781819914249663, "f1_macro": 0.8153153499844523, "pre_macro": 0.8155968881532802, "re_macro": 0.8156000000000001, "best_epoch": 22, "val_loss": 0.5197506190105609, "train_loss": 0.4333330747929025}
{"training time": 29.09150242805481}
