{"epoch": 1, "val_accuracy": 0.8081210191082803, "train_accuracy": 0.776285461161999, "f1_macro": 0.8053264174344708, "pre_macro": 0.8167890344324433, "re_macro": 0.8081000000000002, "best_epoch": 1, "val_loss": 0.5543731824987254, "train_loss": 0.7059539400516672}
{"epoch": 2, "val_accuracy": 0.8306130573248408, "train_accuracy": 0.8508200356300841, "f1_macro": 0.8293812384130419, "pre_macro": 0.8369094244037217, "re_macro": 0.8307, "best_epoch": 2, "val_loss": 0.48890433047607446, "train_loss": 0.48708069362538925}
{"epoch": 3, "val_accuracy": 0.839968152866242, "train_accuracy": 0.8748670212765958, "f1_macro": 0.8388505541569842, "pre_macro": 0.8439880663637822, "re_macro": 0.8401, "best_epoch": 3, "val_loss": 0.4654171908167517, "train_loss": 0.42264449190586173}
{"epoch": 4, "val_accuracy": 0.8454418789808917, "train_accuracy": 0.8877659574468085, "f1_macro": 0.8441208883855825, "pre_macro": 0.848400231211013, "re_macro": 0.8452999999999999, "best_epoch": 4, "val_loss": 0.45212346619101845, "train_loss": 0.3796119494641081}
{"epoch": 5, "val_accuracy": 0.8446457006369427, "train_accuracy": 0.8986037234042553, "f1_macro": 0.8424170649206909, "pre_macro": 0.8478244921589125, "re_macro": 0.8445, "best_epoch": 4, "val_loss": 0.4498925524152768, "train_loss": 0.3505329259532563}
{"epoch": 6, "val_accuracy": 0.8509156050955414, "train_accuracy": 0.9073803191489361, "f1_macro": 0.8492176877041298, "pre_macro": 0.8529061096195948, "re_macro": 0.8507999999999999, "best_epoch": 6, "val_loss": 0.43552759916159756, "train_loss": 0.3260288294959576}
{"epoch": 7, "val_accuracy": 0.8544984076433121, "train_accuracy": 0.9146276595744681, "f1_macro": 0.8536463537252177, "pre_macro": 0.8562886709446186, "re_macro": 0.8544, "best_epoch": 7, "val_loss": 0.4290973059121211, "train_loss": 0.305398964881897}
{"epoch": 8, "val_accuracy": 0.8545979299363057, "train_accuracy": 0.9223404255319149, "f1_macro": 0.8541272007526739, "pre_macro": 0.8563020224851867, "re_macro": 0.8545, "best_epoch": 8, "val_loss": 0.4253583664347412, "train_loss": 0.28742520362138746}
{"epoch": 9, "val_accuracy": 0.8570859872611465, "train_accuracy": 0.9280585106382979, "f1_macro": 0.8569730253764944, "pre_macro": 0.8588053535546261, "re_macro": 0.857, "best_epoch": 9, "val_loss": 0.42021836682110075, "train_loss": 0.27469731845120166}
{"epoch": 10, "val_accuracy": 0.8584792993630573, "train_accuracy": 0.9318927305809995, "f1_macro": 0.8577860685134976, "pre_macro": 0.8592071824446397, "re_macro": 0.8581, "best_epoch": 10, "val_loss": 0.4168728580520411, "train_loss": 0.2624693290350285}
{"epoch": 11, "val_accuracy": 0.8575835987261147, "train_accuracy": 0.9378546100981692, "f1_macro": 0.8570053890652429, "pre_macro": 0.8586038717324966, "re_macro": 0.8572, "best_epoch": 10, "val_loss": 0.4177097714251014, "train_loss": 0.2524776057994112}
{"epoch": 12, "val_accuracy": 0.8579816878980892, "train_accuracy": 0.9413120569066799, "f1_macro": 0.8570055722312517, "pre_macro": 0.8580256516958276, "re_macro": 0.8576, "best_epoch": 10, "val_loss": 0.4144671396085411, "train_loss": 0.244222266337973}
{"epoch": 13, "val_accuracy": 0.8596735668789809, "train_accuracy": 0.9448359930768926, "f1_macro": 0.8586364214093182, "pre_macro": 0.8593473019978628, "re_macro": 0.8592999999999998, "best_epoch": 13, "val_loss": 0.41215924738319054, "train_loss": 0.23682381193688576}
{"epoch": 14, "val_accuracy": 0.8590764331210191, "train_accuracy": 0.945567376055616, "f1_macro": 0.8578471313816294, "pre_macro": 0.8584352607092798, "re_macro": 0.8587000000000001, "best_epoch": 13, "val_loss": 0.41140990993779175, "train_loss": 0.23063152841431028}
{"epoch": 15, "val_accuracy": 0.8592754777070064, "train_accuracy": 0.9482934398854033, "f1_macro": 0.8578785767333145, "pre_macro": 0.8585053256574554, "re_macro": 0.8589, "best_epoch": 13, "val_loss": 0.4107291376704623, "train_loss": 0.2252766197666209}
{"epoch": 16, "val_accuracy": 0.86046974522293, "train_accuracy": 0.9496232271194458, "f1_macro": 0.8590252175637152, "pre_macro": 0.8595189495421556, "re_macro": 0.8601000000000001, "best_epoch": 16, "val_loss": 0.40884293217188233, "train_loss": 0.22057515233755112}
{"epoch": 17, "val_accuracy": 0.8618630573248408, "train_accuracy": 0.9518838654173182, "f1_macro": 0.8605755305237064, "pre_macro": 0.8609455331024922, "re_macro": 0.8615, "best_epoch": 17, "val_loss": 0.4073722081579221, "train_loss": 0.21655277479836282}
{"epoch": 18, "val_accuracy": 0.8634554140127388, "train_accuracy": 0.9533466313747649, "f1_macro": 0.8623275466921172, "pre_macro": 0.8626457469544349, "re_macro": 0.8631, "best_epoch": 18, "val_loss": 0.40558409776277604, "train_loss": 0.2131693846367775}
{"epoch": 19, "val_accuracy": 0.8642515923566879, "train_accuracy": 0.9550088654173181, "f1_macro": 0.863303316184832, "pre_macro": 0.8635125052304199, "re_macro": 0.8638999999999999, "best_epoch": 19, "val_loss": 0.4039183630115667, "train_loss": 0.21039333533733448}
{"epoch": 20, "val_accuracy": 0.8640525477707006, "train_accuracy": 0.9564051420130628, "f1_macro": 0.8632259155919296, "pre_macro": 0.8632974769743565, "re_macro": 0.8637, "best_epoch": 19, "val_loss": 0.40270157604460505, "train_loss": 0.20811574541507882}
{"epoch": 21, "val_accuracy": 0.8651472929936306, "train_accuracy": 0.9576019505237011, "f1_macro": 0.8644579945688218, "pre_macro": 0.8645089266129224, "re_macro": 0.8648, "best_epoch": 21, "val_loss": 0.4019551120556084, "train_loss": 0.20621880911132123}
{"epoch": 22, "val_accuracy": 0.8655453821656051, "train_accuracy": 0.958532801587531, "f1_macro": 0.8649365074800761, "pre_macro": 0.8649852045226399, "re_macro": 0.8652000000000001, "best_epoch": 22, "val_loss": 0.4015702788427377, "train_loss": 0.20464371087703298}
{"epoch": 23, "val_accuracy": 0.8654458598726115, "train_accuracy": 0.9597296100981692, "f1_macro": 0.8649523044888185, "pre_macro": 0.8650280586729323, "re_macro": 0.8651, "best_epoch": 22, "val_loss": 0.40141122565147985, "train_loss": 0.20334547038408035}
{"epoch": 24, "val_accuracy": 0.865843949044586, "train_accuracy": 0.9599955675449777, "f1_macro": 0.8653959587061083, "pre_macro": 0.8654923459889418, "re_macro": 0.8654999999999999, "best_epoch": 24, "val_loss": 0.40137642669449947, "train_loss": 0.20228204324524454}
{"epoch": 25, "val_accuracy": 0.8661425159235668, "train_accuracy": 0.960128546268382, "f1_macro": 0.8657048600867997, "pre_macro": 0.8658066032864914, "re_macro": 0.8657999999999999, "best_epoch": 25, "val_loss": 0.4014051667634089, "train_loss": 0.20141404784740286}
{"training time": 105.22865343093872}
