{"epoch": 1, "val_accuracy": 0.8344944267515924, "train_accuracy": 0.8186479048295454, "f1_macro": 0.8336934335006794, "pre_macro": 0.8382254428638303, "re_macro": 0.834, "best_epoch": 1, "val_loss": 0.4687338353721959, "train_loss": 0.5782946471802213}
{"epoch": 2, "val_accuracy": 0.8441480891719745, "train_accuracy": 0.8644575639204546, "f1_macro": 0.8436774867455977, "pre_macro": 0.8477547240910057, "re_macro": 0.8436999999999999, "best_epoch": 2, "val_loss": 0.43226942296620385, "train_loss": 0.4418973583643409}
{"epoch": 3, "val_accuracy": 0.8535031847133758, "train_accuracy": 0.8818359375, "f1_macro": 0.8529492566536276, "pre_macro": 0.8562444550060354, "re_macro": 0.8528, "best_epoch": 3, "val_loss": 0.4088779669848217, "train_loss": 0.38880515786480496}
{"epoch": 4, "val_accuracy": 0.852906050955414, "train_accuracy": 0.8935324928977273, "f1_macro": 0.8523129266456063, "pre_macro": 0.8555241155891278, "re_macro": 0.8522000000000001, "best_epoch": 3, "val_loss": 0.4019152633133967, "train_loss": 0.3545638753778555}
{"epoch": 5, "val_accuracy": 0.86046974522293, "train_accuracy": 0.90380859375, "f1_macro": 0.8602137226695963, "pre_macro": 0.8631185709126769, "re_macro": 0.8597999999999999, "best_epoch": 5, "val_loss": 0.3875510214240688, "train_loss": 0.3303192054471848}
{"epoch": 6, "val_accuracy": 0.8630573248407644, "train_accuracy": 0.9109774502840909, "f1_macro": 0.8630870817154787, "pre_macro": 0.8658734546273742, "re_macro": 0.8624, "best_epoch": 6, "val_loss": 0.3759347242154893, "train_loss": 0.31019475107843225}
{"epoch": 7, "val_accuracy": 0.8689291401273885, "train_accuracy": 0.9173694957386364, "f1_macro": 0.8688832922676184, "pre_macro": 0.8710562831768067, "re_macro": 0.8683, "best_epoch": 7, "val_loss": 0.3625778998159299, "train_loss": 0.29524580224163155}
{"epoch": 8, "val_accuracy": 0.871218152866242, "train_accuracy": 0.9218528053977273, "f1_macro": 0.8709779237694558, "pre_macro": 0.8722853785818993, "re_macro": 0.8705999999999999, "best_epoch": 8, "val_loss": 0.3540940379166299, "train_loss": 0.28266960357061843}
{"epoch": 9, "val_accuracy": 0.8744028662420382, "train_accuracy": 0.9256702769886364, "f1_macro": 0.8739838883109533, "pre_macro": 0.8747925254820194, "re_macro": 0.8737999999999999, "best_epoch": 9, "val_loss": 0.34931648641255253, "train_loss": 0.2723247284514152}
{"epoch": 10, "val_accuracy": 0.8755971337579618, "train_accuracy": 0.9292436079545454, "f1_macro": 0.8754129190813525, "pre_macro": 0.8762087917952224, "re_macro": 0.875, "best_epoch": 10, "val_loss": 0.34483018754773836, "train_loss": 0.26266050566284155}
{"epoch": 11, "val_accuracy": 0.8765923566878981, "train_accuracy": 0.9316850142045454, "f1_macro": 0.8766228663086963, "pre_macro": 0.8772370554923412, "re_macro": 0.8763, "best_epoch": 11, "val_loss": 0.3433167755034319, "train_loss": 0.25487243717493996}
{"epoch": 12, "val_accuracy": 0.8778861464968153, "train_accuracy": 0.9350142045454546, "f1_macro": 0.8778711085178376, "pre_macro": 0.8784483998209222, "re_macro": 0.8775999999999999, "best_epoch": 12, "val_loss": 0.34146935744270396, "train_loss": 0.24772129662927578}
{"epoch": 13, "val_accuracy": 0.8788813694267515, "train_accuracy": 0.9372336647727273, "f1_macro": 0.8785908971880285, "pre_macro": 0.878922983847602, "re_macro": 0.8785999999999999, "best_epoch": 13, "val_loss": 0.3401352359800582, "train_loss": 0.2415683337868276}
{"epoch": 14, "val_accuracy": 0.8804737261146497, "train_accuracy": 0.9398082386363636, "f1_macro": 0.8800382479512748, "pre_macro": 0.880199865599279, "re_macro": 0.8802, "best_epoch": 14, "val_loss": 0.3382829793129757, "train_loss": 0.2364680528937077}
{"epoch": 15, "val_accuracy": 0.8805732484076433, "train_accuracy": 0.9415838068181818, "f1_macro": 0.880064657774468, "pre_macro": 0.8800867839040458, "re_macro": 0.8803000000000001, "best_epoch": 15, "val_loss": 0.3369895346510183, "train_loss": 0.23237647555387494}
{"epoch": 16, "val_accuracy": 0.880672770700637, "train_accuracy": 0.9432927911931818, "f1_macro": 0.8801856705023441, "pre_macro": 0.8802024030417238, "re_macro": 0.8804000000000001, "best_epoch": 16, "val_loss": 0.3358926421422867, "train_loss": 0.22899915375323457}
{"epoch": 17, "val_accuracy": 0.8811703821656051, "train_accuracy": 0.9444691051136364, "f1_macro": 0.8806303185235469, "pre_macro": 0.8805679085971054, "re_macro": 0.8808999999999999, "best_epoch": 17, "val_loss": 0.3350247138055267, "train_loss": 0.22626569218383255}
{"epoch": 18, "val_accuracy": 0.881468949044586, "train_accuracy": 0.9451127485795454, "f1_macro": 0.8808786637595565, "pre_macro": 0.8808146543716608, "re_macro": 0.8812, "best_epoch": 18, "val_loss": 0.3342356561285675, "train_loss": 0.22398916533513163}
{"epoch": 19, "val_accuracy": 0.8821656050955414, "train_accuracy": 0.9456010298295454, "f1_macro": 0.8815600482843899, "pre_macro": 0.8815028807851769, "re_macro": 0.8818999999999999, "best_epoch": 19, "val_loss": 0.33358656861789665, "train_loss": 0.2221417383671823}
{"epoch": 20, "val_accuracy": 0.8818670382165605, "train_accuracy": 0.9462446732954546, "f1_macro": 0.8812034831537113, "pre_macro": 0.881128295929473, "re_macro": 0.8816, "best_epoch": 19, "val_loss": 0.3330646974455779, "train_loss": 0.22063063000413505}
{"epoch": 21, "val_accuracy": 0.8818670382165605, "train_accuracy": 0.9466219815340909, "f1_macro": 0.8811644258804321, "pre_macro": 0.8811033267897791, "re_macro": 0.8816, "best_epoch": 19, "val_loss": 0.33262503393896065, "train_loss": 0.21938347144433382}
{"epoch": 22, "val_accuracy": 0.8818670382165605, "train_accuracy": 0.9472434303977273, "f1_macro": 0.8811529502432606, "pre_macro": 0.8811440879730151, "re_macro": 0.8816, "best_epoch": 19, "val_loss": 0.3322378249399981, "train_loss": 0.21835426028436897}
{"epoch": 23, "val_accuracy": 0.8828622611464968, "train_accuracy": 0.9476873224431818, "f1_macro": 0.882150719205403, "pre_macro": 0.8821285402189304, "re_macro": 0.8826, "best_epoch": 23, "val_loss": 0.33188915798428714, "train_loss": 0.21750608247450806}
{"epoch": 24, "val_accuracy": 0.8836584394904459, "train_accuracy": 0.9481090198863636, "f1_macro": 0.8829619206378323, "pre_macro": 0.8829107333397431, "re_macro": 0.8834000000000002, "best_epoch": 24, "val_loss": 0.331575298812359, "train_loss": 0.21680822581137446}
{"epoch": 25, "val_accuracy": 0.8832603503184714, "train_accuracy": 0.9481977982954546, "f1_macro": 0.8825673520913501, "pre_macro": 0.8824823559377674, "re_macro": 0.883, "best_epoch": 24, "val_loss": 0.33129948002707427, "train_loss": 0.2162346912293949}
{"training time": 278.54602217674255}
