{"epoch": 1, "val_accuracy": 0.8432523885350318, "train_accuracy": 0.8249267057569296, "f1_macro": 0.8402780704065282, "pre_macro": 0.8430782780527917, "re_macro": 0.8427999999999999, "best_epoch": 1, "val_loss": 0.4463844548934584, "train_loss": 0.5563702614132021}
{"epoch": 2, "val_accuracy": 0.8514132165605095, "train_accuracy": 0.8689199093816631, "f1_macro": 0.8478286204253654, "pre_macro": 0.8527379603668834, "re_macro": 0.8507, "best_epoch": 2, "val_loss": 0.41700791297065226, "train_loss": 0.42733991471752686}
{"epoch": 3, "val_accuracy": 0.8597730891719745, "train_accuracy": 0.884944696162047, "f1_macro": 0.8569594655598433, "pre_macro": 0.8589985426748324, "re_macro": 0.8591000000000001, "best_epoch": 3, "val_loss": 0.39907450750944723, "train_loss": 0.38308906231099354}
{"epoch": 4, "val_accuracy": 0.8656449044585988, "train_accuracy": 0.8951059434968017, "f1_macro": 0.863374468700892, "pre_macro": 0.8639301406222624, "re_macro": 0.865, "best_epoch": 4, "val_loss": 0.3768236971205207, "train_loss": 0.353796529792138}
{"epoch": 5, "val_accuracy": 0.868531050955414, "train_accuracy": 0.9031683102345416, "f1_macro": 0.8660730690947342, "pre_macro": 0.8676157666954364, "re_macro": 0.8682000000000001, "best_epoch": 5, "val_loss": 0.3707396445950125, "train_loss": 0.33036540264386866}
{"epoch": 6, "val_accuracy": 0.8678343949044586, "train_accuracy": 0.91028118336887, "f1_macro": 0.8650764523599854, "pre_macro": 0.8672484119584528, "re_macro": 0.8675, "best_epoch": 5, "val_loss": 0.3694379077215863, "train_loss": 0.3123123324724403}
{"epoch": 7, "val_accuracy": 0.8711186305732485, "train_accuracy": 0.915911513859275, "f1_macro": 0.8683815350749805, "pre_macro": 0.8711364873646582, "re_macro": 0.8708, "best_epoch": 7, "val_loss": 0.36343587337026173, "train_loss": 0.29769060455723356}
{"epoch": 8, "val_accuracy": 0.8754976114649682, "train_accuracy": 0.9205423773987207, "f1_macro": 0.8727958954263505, "pre_macro": 0.8755031838472034, "re_macro": 0.8749, "best_epoch": 8, "val_loss": 0.3496423407345061, "train_loss": 0.28536748173616844}
{"epoch": 9, "val_accuracy": 0.8803742038216561, "train_accuracy": 0.9241404584221748, "f1_macro": 0.8780525907245036, "pre_macro": 0.8802795736642992, "re_macro": 0.8798, "best_epoch": 9, "val_loss": 0.34017019391439524, "train_loss": 0.2749570457062233}
{"epoch": 10, "val_accuracy": 0.881468949044586, "train_accuracy": 0.9272721215351812, "f1_macro": 0.8794453525138041, "pre_macro": 0.8815567592772172, "re_macro": 0.8808999999999999, "best_epoch": 10, "val_loss": 0.3361703078648087, "train_loss": 0.2660279074854561}
{"epoch": 11, "val_accuracy": 0.8832603503184714, "train_accuracy": 0.9305870202558635, "f1_macro": 0.8812329456973425, "pre_macro": 0.8835539626400284, "re_macro": 0.8827, "best_epoch": 11, "val_loss": 0.3337181792802112, "train_loss": 0.25844739847727166}
{"epoch": 12, "val_accuracy": 0.8850517515923567, "train_accuracy": 0.9328358208955224, "f1_macro": 0.8834559398426572, "pre_macro": 0.8848860609455178, "re_macro": 0.8845000000000001, "best_epoch": 12, "val_loss": 0.32957018185762843, "train_loss": 0.2517753515892954}
{"epoch": 13, "val_accuracy": 0.886046974522293, "train_accuracy": 0.9350679637526652, "f1_macro": 0.8846665239764351, "pre_macro": 0.8856150131470775, "re_macro": 0.8855000000000001, "best_epoch": 13, "val_loss": 0.32596099291257796, "train_loss": 0.24613215969696736}
{"epoch": 14, "val_accuracy": 0.8863455414012739, "train_accuracy": 0.9367503997867804, "f1_macro": 0.8850806504486348, "pre_macro": 0.8858345504830278, "re_macro": 0.8858, "best_epoch": 14, "val_loss": 0.32261469151089145, "train_loss": 0.24147517759916878}
{"epoch": 15, "val_accuracy": 0.8875398089171974, "train_accuracy": 0.9379331023454158, "f1_macro": 0.8863988645206167, "pre_macro": 0.886891738591661, "re_macro": 0.8870000000000001, "best_epoch": 15, "val_loss": 0.32030358345835075, "train_loss": 0.2376625129758422}
{"epoch": 16, "val_accuracy": 0.8882364649681529, "train_accuracy": 0.9392490671641791, "f1_macro": 0.8871361027705958, "pre_macro": 0.887467357481796, "re_macro": 0.8877, "best_epoch": 16, "val_loss": 0.31814596721321153, "train_loss": 0.2346324756789182}
{"epoch": 17, "val_accuracy": 0.8891321656050956, "train_accuracy": 0.9401819029850746, "f1_macro": 0.8881274480115886, "pre_macro": 0.8882889744692779, "re_macro": 0.8886, "best_epoch": 17, "val_loss": 0.31619816138201456, "train_loss": 0.2321223238987455}
{"epoch": 18, "val_accuracy": 0.8892316878980892, "train_accuracy": 0.94136460554371, "f1_macro": 0.8882884567066901, "pre_macro": 0.888320971170178, "re_macro": 0.8887, "best_epoch": 18, "val_loss": 0.31460211812785477, "train_loss": 0.23007016976886213}
{"epoch": 19, "val_accuracy": 0.8896297770700637, "train_accuracy": 0.9422308102345416, "f1_macro": 0.888766726029664, "pre_macro": 0.8887603724976882, "re_macro": 0.8891, "best_epoch": 19, "val_loss": 0.3133797161992948, "train_loss": 0.2283612799479255}
{"epoch": 20, "val_accuracy": 0.8900278662420382, "train_accuracy": 0.9429637526652452, "f1_macro": 0.8891725167194989, "pre_macro": 0.8891211172372275, "re_macro": 0.8895, "best_epoch": 20, "val_loss": 0.31244128116756487, "train_loss": 0.22693079812472056}
{"epoch": 21, "val_accuracy": 0.8899283439490446, "train_accuracy": 0.9436467217484008, "f1_macro": 0.8891160630710303, "pre_macro": 0.8890538286778696, "re_macro": 0.8894, "best_epoch": 20, "val_loss": 0.3117376575661693, "train_loss": 0.22573454831359482}
{"epoch": 22, "val_accuracy": 0.8904259554140127, "train_accuracy": 0.9439299040511727, "f1_macro": 0.8896159715686632, "pre_macro": 0.8895292449003798, "re_macro": 0.8898999999999999, "best_epoch": 22, "val_loss": 0.3112254613998589, "train_loss": 0.2247430067390267}
{"epoch": 23, "val_accuracy": 0.8910230891719745, "train_accuracy": 0.9442297441364605, "f1_macro": 0.8902229371712238, "pre_macro": 0.8901082258110241, "re_macro": 0.8905, "best_epoch": 23, "val_loss": 0.3108560980362877, "train_loss": 0.223925742298873}
{"epoch": 24, "val_accuracy": 0.8904259554140127, "train_accuracy": 0.9444296375266524, "f1_macro": 0.8896396708003357, "pre_macro": 0.8895362378889372, "re_macro": 0.8898999999999999, "best_epoch": 23, "val_loss": 0.3105928008533587, "train_loss": 0.2232538388847415}
{"epoch": 25, "val_accuracy": 0.8907245222929936, "train_accuracy": 0.9446295309168443, "f1_macro": 0.8899731149853283, "pre_macro": 0.8898826357294073, "re_macro": 0.8901999999999999, "best_epoch": 23, "val_loss": 0.310409115639272, "train_loss": 0.22270160318532986}
{"training time": 380.76485681533813}
