{"epoch": 1, "val_accuracy": 0.6327627388535032, "train_accuracy": 0.35989583730697633, "f1_macro": 0.6322616895002319, "pre_macro": 0.6578138388046813, "re_macro": 0.6325000000000001, "best_epoch": 1, "val_loss": 1.150136433968878, "train_loss": 1.8427263855934144}
{"epoch": 2, "val_accuracy": 0.7174562101910829, "train_accuracy": 0.7375, "f1_macro": 0.7164909405998159, "pre_macro": 0.7265865739272749, "re_macro": 0.7169999999999999, "best_epoch": 2, "val_loss": 0.8424305342564917, "train_loss": 0.9163370251655578}
{"epoch": 3, "val_accuracy": 0.7543789808917197, "train_accuracy": 0.8119791686534882, "f1_macro": 0.7549403202869698, "pre_macro": 0.7589755660982025, "re_macro": 0.7538, "best_epoch": 3, "val_loss": 0.7225838702195769, "train_loss": 0.6772351443767548}
{"epoch": 4, "val_accuracy": 0.7623407643312102, "train_accuracy": 0.8588541686534882, "f1_macro": 0.7600016261494591, "pre_macro": 0.7655069014568837, "re_macro": 0.7615, "best_epoch": 4, "val_loss": 0.687601656670783, "train_loss": 0.5154894590377808}
{"epoch": 5, "val_accuracy": 0.7777667197452229, "train_accuracy": 0.9015625, "f1_macro": 0.7780089885977682, "pre_macro": 0.7796154777273738, "re_macro": 0.7773, "best_epoch": 5, "val_loss": 0.6466081561935935, "train_loss": 0.40417896807193754}
{"epoch": 6, "val_accuracy": 0.78234474522293, "train_accuracy": 0.91875, "f1_macro": 0.7827972025982051, "pre_macro": 0.7850396705240865, "re_macro": 0.7816, "best_epoch": 6, "val_loss": 0.6311133953796071, "train_loss": 0.3449073150753975}
{"epoch": 7, "val_accuracy": 0.7865246815286624, "train_accuracy": 0.9453125, "f1_macro": 0.7869694135484758, "pre_macro": 0.7889047626390233, "re_macro": 0.7861, "best_epoch": 7, "val_loss": 0.6215384999278245, "train_loss": 0.2974455922842026}
{"epoch": 8, "val_accuracy": 0.7873208598726115, "train_accuracy": 0.953125, "f1_macro": 0.7880748020056045, "pre_macro": 0.7903056116536452, "re_macro": 0.7868999999999999, "best_epoch": 8, "val_loss": 0.6181768471268332, "train_loss": 0.269508159160614}
{"epoch": 9, "val_accuracy": 0.7866242038216561, "train_accuracy": 0.9625, "f1_macro": 0.787255441940246, "pre_macro": 0.7895545376633499, "re_macro": 0.7862, "best_epoch": 8, "val_loss": 0.6158268713647392, "train_loss": 0.24891763553023338}
{"epoch": 10, "val_accuracy": 0.7873208598726115, "train_accuracy": 0.9671875, "f1_macro": 0.7880865258582908, "pre_macro": 0.7904519736389106, "re_macro": 0.7869, "best_epoch": 8, "val_loss": 0.613999041971887, "train_loss": 0.2341259464621544}
{"epoch": 11, "val_accuracy": 0.7874203821656051, "train_accuracy": 0.9703125, "f1_macro": 0.788205032996516, "pre_macro": 0.7906596793250724, "re_macro": 0.787, "best_epoch": 11, "val_loss": 0.6133191050237911, "train_loss": 0.22298890352249146}
{"epoch": 12, "val_accuracy": 0.787718949044586, "train_accuracy": 0.9734375, "f1_macro": 0.7884860917452687, "pre_macro": 0.7909203001169967, "re_macro": 0.7873000000000001, "best_epoch": 12, "val_loss": 0.6128397282141789, "train_loss": 0.21446115747094155}
{"epoch": 13, "val_accuracy": 0.7882165605095541, "train_accuracy": 0.975, "f1_macro": 0.7890604162723487, "pre_macro": 0.7915781603429546, "re_macro": 0.7878000000000001, "best_epoch": 13, "val_loss": 0.6125457825934052, "train_loss": 0.20781611502170563}
{"epoch": 14, "val_accuracy": 0.788515127388535, "train_accuracy": 0.9765625, "f1_macro": 0.7893671108707012, "pre_macro": 0.7918657681962824, "re_macro": 0.7881000000000001, "best_epoch": 14, "val_loss": 0.6123630491791258, "train_loss": 0.20262586772441865}
{"epoch": 15, "val_accuracy": 0.7883160828025477, "train_accuracy": 0.9765625, "f1_macro": 0.7891599000975471, "pre_macro": 0.7916880927886508, "re_macro": 0.7879000000000002, "best_epoch": 14, "val_loss": 0.6122459723691273, "train_loss": 0.19854039177298546}
{"epoch": 16, "val_accuracy": 0.7886146496815286, "train_accuracy": 0.9765625, "f1_macro": 0.7894385215090964, "pre_macro": 0.7919310574343392, "re_macro": 0.7882, "best_epoch": 16, "val_loss": 0.6121795016109564, "train_loss": 0.19530326426029204}
{"epoch": 17, "val_accuracy": 0.7887141719745223, "train_accuracy": 0.9765625, "f1_macro": 0.7895370537263282, "pre_macro": 0.7920374327764101, "re_macro": 0.7883000000000001, "best_epoch": 17, "val_loss": 0.612142036864712, "train_loss": 0.19272760152816773}
{"epoch": 18, "val_accuracy": 0.7886146496815286, "train_accuracy": 0.9765625, "f1_macro": 0.7894504358704032, "pre_macro": 0.7919692909424455, "re_macro": 0.7882, "best_epoch": 17, "val_loss": 0.6121190866087652, "train_loss": 0.1906718760728836}
{"epoch": 19, "val_accuracy": 0.788515127388535, "train_accuracy": 0.9765625, "f1_macro": 0.7893569959164995, "pre_macro": 0.7918859186969978, "re_macro": 0.7881, "best_epoch": 17, "val_loss": 0.6121049673314307, "train_loss": 0.18902704790234565}
{"epoch": 20, "val_accuracy": 0.788515127388535, "train_accuracy": 0.9765625, "f1_macro": 0.7893604451337503, "pre_macro": 0.7918984335832187, "re_macro": 0.7881, "best_epoch": 17, "val_loss": 0.6120968981153646, "train_loss": 0.18770838156342506}
{"epoch": 21, "val_accuracy": 0.7887141719745223, "train_accuracy": 0.9765625, "f1_macro": 0.7895630346902037, "pre_macro": 0.7920921307052906, "re_macro": 0.7882999999999999, "best_epoch": 17, "val_loss": 0.6120928440504013, "train_loss": 0.18664963841438292}
{"epoch": 22, "val_accuracy": 0.7886146496815286, "train_accuracy": 0.9765625, "f1_macro": 0.7894755223771701, "pre_macro": 0.7920110035020119, "re_macro": 0.7882, "best_epoch": 17, "val_loss": 0.6120912136545607, "train_loss": 0.18579860627651215}
{"epoch": 23, "val_accuracy": 0.7884156050955414, "train_accuracy": 0.9765625, "f1_macro": 0.7893060516993873, "pre_macro": 0.791878360476413, "re_macro": 0.788, "best_epoch": 17, "val_loss": 0.6120909173397502, "train_loss": 0.18511394858360292}
{"epoch": 24, "val_accuracy": 0.788515127388535, "train_accuracy": 0.9765625, "f1_macro": 0.7894122149189035, "pre_macro": 0.7919944787290956, "re_macro": 0.7880999999999999, "best_epoch": 17, "val_loss": 0.6120913277386101, "train_loss": 0.18456276804208754}
{"epoch": 25, "val_accuracy": 0.788515127388535, "train_accuracy": 0.9765625, "f1_macro": 0.7894155080895177, "pre_macro": 0.7920030276015225, "re_macro": 0.7880999999999999, "best_epoch": 17, "val_loss": 0.6120920934874541, "train_loss": 0.18411886990070342}
{"training time": 32.34502935409546}
