{"epoch": 1, "val_accuracy": 0.7504976114649682, "train_accuracy": 0.678476443950166, "f1_macro": 0.7561671374074045, "pre_macro": 0.7781622315791203, "re_macro": 0.7499, "best_epoch": 1, "val_loss": 0.6785123059704046, "train_loss": 0.9936216346761013}
{"epoch": 2, "val_accuracy": 0.7808519108280255, "train_accuracy": 0.818958967290026, "f1_macro": 0.7866186890581399, "pre_macro": 0.8046787257618749, "re_macro": 0.781, "best_epoch": 2, "val_loss": 0.5915529557094452, "train_loss": 0.5826503552020864}
{"epoch": 3, "val_accuracy": 0.7988654458598726, "train_accuracy": 0.8608947573824132, "f1_macro": 0.8026146748798277, "pre_macro": 0.815099593601351, "re_macro": 0.7985, "best_epoch": 3, "val_loss": 0.5398176528845623, "train_loss": 0.4864198178686994}
{"epoch": 4, "val_accuracy": 0.802547770700637, "train_accuracy": 0.8791793318504982, "f1_macro": 0.8051438679083279, "pre_macro": 0.8197576052434522, "re_macro": 0.8019000000000001, "best_epoch": 4, "val_loss": 0.5392148923722042, "train_loss": 0.418004942384172}
{"epoch": 5, "val_accuracy": 0.8038415605095541, "train_accuracy": 0.8967990127015621, "f1_macro": 0.8071128446309326, "pre_macro": 0.8260680099526667, "re_macro": 0.8032, "best_epoch": 5, "val_loss": 0.5403248764527072, "train_loss": 0.3769807970904289}
{"epoch": 6, "val_accuracy": 0.8123009554140127, "train_accuracy": 0.9125189984098394, "f1_macro": 0.8150914055403057, "pre_macro": 0.8278654626892102, "re_macro": 0.812, "best_epoch": 6, "val_loss": 0.5187202056122434, "train_loss": 0.3367303276949741}
{"epoch": 7, "val_accuracy": 0.8228503184713376, "train_accuracy": 0.9238221898992011, "f1_macro": 0.8238947826011005, "pre_macro": 0.8309231218165973, "re_macro": 0.8223, "best_epoch": 7, "val_loss": 0.5053793874326026, "train_loss": 0.3068575592751199}
{"epoch": 8, "val_accuracy": 0.8231488853503185, "train_accuracy": 0.9362177062541881, "f1_macro": 0.8241888446191377, "pre_macro": 0.8308490195835576, "re_macro": 0.8226000000000001, "best_epoch": 8, "val_loss": 0.5014881834292867, "train_loss": 0.2820778603249408}
{"epoch": 9, "val_accuracy": 0.8226512738853503, "train_accuracy": 0.9395896665593411, "f1_macro": 0.8244482967771376, "pre_macro": 0.8321734886653871, "re_macro": 0.8227, "best_epoch": 8, "val_loss": 0.5066490927889089, "train_loss": 0.26785003695082155}
{"epoch": 10, "val_accuracy": 0.8229498407643312, "train_accuracy": 0.9425341956158901, "f1_macro": 0.8247273996509966, "pre_macro": 0.8324913500136107, "re_macro": 0.8229999999999998, "best_epoch": 8, "val_loss": 0.5093432696192128, "train_loss": 0.2554731765326033}
{"epoch": 11, "val_accuracy": 0.8256369426751592, "train_accuracy": 0.9495630708146603, "f1_macro": 0.826865425909013, "pre_macro": 0.8335925416135389, "re_macro": 0.8253999999999999, "best_epoch": 11, "val_loss": 0.5066004161052643, "train_loss": 0.24260964070228822}
{"epoch": 12, "val_accuracy": 0.8252388535031847, "train_accuracy": 0.9499905020632642, "f1_macro": 0.8263521356168152, "pre_macro": 0.8320994885439458, "re_macro": 0.825, "best_epoch": 11, "val_loss": 0.5041254842357271, "train_loss": 0.232594352136267}
{"epoch": 13, "val_accuracy": 0.8266321656050956, "train_accuracy": 0.9535999247368346, "f1_macro": 0.8276707237018947, "pre_macro": 0.8330288825139573, "re_macro": 0.8263999999999999, "best_epoch": 13, "val_loss": 0.5012842429101847, "train_loss": 0.22407377241773807}
{"epoch": 14, "val_accuracy": 0.82703025477707, "train_accuracy": 0.9573043318504982, "f1_macro": 0.8286207587452177, "pre_macro": 0.8340569015234378, "re_macro": 0.8271, "best_epoch": 14, "val_loss": 0.5000368868279609, "train_loss": 0.21617414834017448}
{"epoch": 15, "val_accuracy": 0.8283240445859873, "train_accuracy": 0.9616261403611366, "f1_macro": 0.8298680135709107, "pre_macro": 0.8348456223277367, "re_macro": 0.8281000000000001, "best_epoch": 15, "val_loss": 0.4970307654825745, "train_loss": 0.20990915279439154}
{"epoch": 16, "val_accuracy": 0.8291202229299363, "train_accuracy": 0.9652830552547536, "f1_macro": 0.8305150267082398, "pre_macro": 0.8341320457519632, "re_macro": 0.8289, "best_epoch": 16, "val_loss": 0.49419157605641967, "train_loss": 0.20451587819038552}
{"epoch": 17, "val_accuracy": 0.8294187898089171, "train_accuracy": 0.9679426297228387, "f1_macro": 0.8306892357218508, "pre_macro": 0.8329319656244237, "re_macro": 0.8295, "best_epoch": 17, "val_loss": 0.49130337253497663, "train_loss": 0.20013519915494513}
{"epoch": 18, "val_accuracy": 0.8301154458598726, "train_accuracy": 0.9692724169568813, "f1_macro": 0.8309620107821747, "pre_macro": 0.83242097704001, "re_macro": 0.8301999999999999, "best_epoch": 18, "val_loss": 0.48947825857028837, "train_loss": 0.19644146222383418}
{"epoch": 19, "val_accuracy": 0.8309116242038217, "train_accuracy": 0.9706022041909238, "f1_macro": 0.8315234501931119, "pre_macro": 0.8325726742877929, "re_macro": 0.8310000000000001, "best_epoch": 19, "val_loss": 0.48880354889259214, "train_loss": 0.19326012454768446}
{"epoch": 20, "val_accuracy": 0.8304140127388535, "train_accuracy": 0.9706022041909238, "f1_macro": 0.8309327993154845, "pre_macro": 0.8318725930083231, "re_macro": 0.8305, "best_epoch": 19, "val_loss": 0.4886243289253514, "train_loss": 0.19071543771535793}
{"epoch": 21, "val_accuracy": 0.8301154458598726, "train_accuracy": 0.9715995446164557, "f1_macro": 0.8306011142171628, "pre_macro": 0.8314860686448619, "re_macro": 0.8301999999999999, "best_epoch": 19, "val_loss": 0.48859466792671546, "train_loss": 0.1887833556913315}
{"epoch": 22, "val_accuracy": 0.830015923566879, "train_accuracy": 0.9725968850419876, "f1_macro": 0.8304755148583306, "pre_macro": 0.8313385534841103, "re_macro": 0.8301000000000001, "best_epoch": 19, "val_loss": 0.48861567979785286, "train_loss": 0.18730530539091597}
{"epoch": 23, "val_accuracy": 0.8299164012738853, "train_accuracy": 0.9732617786590089, "f1_macro": 0.830359156010904, "pre_macro": 0.8311906973054372, "re_macro": 0.8300000000000001, "best_epoch": 19, "val_loss": 0.48865477408573127, "train_loss": 0.18615678555153786}
{"epoch": 24, "val_accuracy": 0.8301154458598726, "train_accuracy": 0.9735942254675195, "f1_macro": 0.8305559679900831, "pre_macro": 0.8313729958858154, "re_macro": 0.8301999999999999, "best_epoch": 19, "val_loss": 0.4886982057504593, "train_loss": 0.18525570377390435}
{"epoch": 25, "val_accuracy": 0.8305135350318471, "train_accuracy": 0.9739266722760302, "f1_macro": 0.8309828697499666, "pre_macro": 0.8318105257905988, "re_macro": 0.8305999999999999, "best_epoch": 19, "val_loss": 0.4887400147072069, "train_loss": 0.1845439850015843}
{"training time": 46.699374198913574}
