{"epoch": 1, "val_accuracy": 0.4099323248407643, "train_accuracy": 0.1859375, "f1_macro": 0.35568790446916615, "pre_macro": 0.4362699386871752, "re_macro": 0.40204227026199985, "best_epoch": 1, "val_loss": 2.0802762796924372, "train_loss": 2.364345574378967}
{"epoch": 2, "val_accuracy": 0.5585191082802548, "train_accuracy": 0.6145833373069763, "f1_macro": 0.5200230048970784, "pre_macro": 0.5985344223125612, "re_macro": 0.5494155118606677, "best_epoch": 2, "val_loss": 1.9179041803262795, "train_loss": 1.9812237977981568}
{"epoch": 3, "val_accuracy": 0.6157444267515924, "train_accuracy": 0.7932291686534881, "f1_macro": 0.5660457070782494, "pre_macro": 0.6661533684938372, "re_macro": 0.60475856515241, "best_epoch": 3, "val_loss": 1.7995701701777755, "train_loss": 1.75738285779953}
{"epoch": 4, "val_accuracy": 0.6198248407643312, "train_accuracy": 0.8104166686534882, "f1_macro": 0.5871908288671194, "pre_macro": 0.6677337767261979, "re_macro": 0.6090830126914886, "best_epoch": 4, "val_loss": 1.7301769879213564, "train_loss": 1.6242820620536804}
{"epoch": 5, "val_accuracy": 0.6751592356687898, "train_accuracy": 0.8385416686534881, "f1_macro": 0.6478097991610496, "pre_macro": 0.6967878502542713, "re_macro": 0.6658403042266323, "best_epoch": 5, "val_loss": 1.650813313046838, "train_loss": 1.5294384360313416}
{"epoch": 6, "val_accuracy": 0.6831210191082803, "train_accuracy": 0.8697916686534881, "f1_macro": 0.6543310001771485, "pre_macro": 0.707082106366588, "re_macro": 0.6731344335137432, "best_epoch": 6, "val_loss": 1.5704114452289168, "train_loss": 1.3972569227218627}
{"epoch": 7, "val_accuracy": 0.700437898089172, "train_accuracy": 0.8958333373069763, "f1_macro": 0.6700554813699655, "pre_macro": 0.7265091289267606, "re_macro": 0.6903688937275666, "best_epoch": 7, "val_loss": 1.4924475653156353, "train_loss": 1.2846409678459167}
{"epoch": 8, "val_accuracy": 0.7140724522292994, "train_accuracy": 0.9302083373069763, "f1_macro": 0.6884286732591784, "pre_macro": 0.7330656965949063, "re_macro": 0.7051618252722294, "best_epoch": 8, "val_loss": 1.4546805597414636, "train_loss": 1.1574825525283814}
{"epoch": 9, "val_accuracy": 0.7240246815286624, "train_accuracy": 0.9421875, "f1_macro": 0.6988540925606181, "pre_macro": 0.7406282806382187, "re_macro": 0.7144886723024597, "best_epoch": 9, "val_loss": 1.421161746523183, "train_loss": 1.0768053710460663}
{"epoch": 10, "val_accuracy": 0.7256170382165605, "train_accuracy": 0.9505208373069763, "f1_macro": 0.7021354506760866, "pre_macro": 0.7417547070862887, "re_macro": 0.716616036103407, "best_epoch": 10, "val_loss": 1.4025144812407766, "train_loss": 1.0183325231075286}
{"epoch": 11, "val_accuracy": 0.7292993630573248, "train_accuracy": 0.9609375, "f1_macro": 0.7067591115130589, "pre_macro": 0.7438702028469397, "re_macro": 0.7204399651161681, "best_epoch": 11, "val_loss": 1.3865323119862065, "train_loss": 0.9813077092170716}
{"epoch": 12, "val_accuracy": 0.7323845541401274, "train_accuracy": 0.9640625, "f1_macro": 0.7104682679153471, "pre_macro": 0.7477907213207717, "re_macro": 0.723673278306899, "best_epoch": 12, "val_loss": 1.375518217967574, "train_loss": 0.9514593064785004}
{"epoch": 13, "val_accuracy": 0.7359673566878981, "train_accuracy": 0.971875, "f1_macro": 0.7150845811727797, "pre_macro": 0.7506204456907515, "re_macro": 0.7273916563338316, "best_epoch": 13, "val_loss": 1.3663342242028302, "train_loss": 0.9298496186733246}
{"epoch": 14, "val_accuracy": 0.7365644904458599, "train_accuracy": 0.971875, "f1_macro": 0.7161672249546978, "pre_macro": 0.7509076274214493, "re_macro": 0.728093300063042, "best_epoch": 14, "val_loss": 1.3595353000482935, "train_loss": 0.9129917562007904}
{"epoch": 15, "val_accuracy": 0.7374601910828026, "train_accuracy": 0.9734375, "f1_macro": 0.7172629363688979, "pre_macro": 0.7513380968863134, "re_macro": 0.7290208101203439, "best_epoch": 15, "val_loss": 1.3539310959494038, "train_loss": 0.8996516108512879}
{"training time": 16.668853282928467}
