{"epoch": 1, "val_accuracy": 0.8846536624203821, "train_accuracy": 0.8438831676136364, "f1_macro": 0.8826513274350181, "pre_macro": 0.8843626816733593, "re_macro": 0.8831084412556839, "best_epoch": 1, "val_loss": 0.5176454535715139, "train_loss": 0.8522929890843277}
{"epoch": 2, "val_accuracy": 0.8946058917197452, "train_accuracy": 0.8950639204545454, "f1_macro": 0.8930241078034189, "pre_macro": 0.8952365625998006, "re_macro": 0.8938571321495733, "best_epoch": 2, "val_loss": 0.4581916686266091, "train_loss": 0.6375621451403607}
{"epoch": 3, "val_accuracy": 0.8973925159235668, "train_accuracy": 0.9100896661931818, "f1_macro": 0.8961945476889008, "pre_macro": 0.8990303898616215, "re_macro": 0.8966980811501347, "best_epoch": 3, "val_loss": 0.41657024574507573, "train_loss": 0.5992829985493286}
{"epoch": 4, "val_accuracy": 0.9045581210191083, "train_accuracy": 0.9218971946022727, "f1_macro": 0.9030672061663472, "pre_macro": 0.9045900753728683, "re_macro": 0.903257550174505, "best_epoch": 4, "val_loss": 0.37009900068021884, "train_loss": 0.5448080751706253}
{"epoch": 5, "val_accuracy": 0.9093351910828026, "train_accuracy": 0.9307972301136364, "f1_macro": 0.9078580189318602, "pre_macro": 0.9095059919873464, "re_macro": 0.9077153622659576, "best_epoch": 5, "val_loss": 0.3409091658463144, "train_loss": 0.4929516072469679}
{"epoch": 6, "val_accuracy": 0.910031847133758, "train_accuracy": 0.9418057528409091, "f1_macro": 0.9083060333838537, "pre_macro": 0.9103767481961867, "re_macro": 0.9084525552553361, "best_epoch": 6, "val_loss": 0.3269316171100185, "train_loss": 0.4370375740638172}
{"epoch": 7, "val_accuracy": 0.918093152866242, "train_accuracy": 0.9537908380681818, "f1_macro": 0.9163408289057381, "pre_macro": 0.9175878252437222, "re_macro": 0.9164055443217987, "best_epoch": 7, "val_loss": 0.3016186527860392, "train_loss": 0.39090481207875366}
{"epoch": 8, "val_accuracy": 0.926453025477707, "train_accuracy": 0.9622025923295454, "f1_macro": 0.924712243641926, "pre_macro": 0.9256266592357058, "re_macro": 0.9245489328500213, "best_epoch": 8, "val_loss": 0.26455652182269246, "train_loss": 0.3589258680374108}
{"epoch": 9, "val_accuracy": 0.9308320063694268, "train_accuracy": 0.9675071022727273, "f1_macro": 0.9293473787054832, "pre_macro": 0.9300683929377016, "re_macro": 0.929129269352287, "best_epoch": 9, "val_loss": 0.2463579218668543, "train_loss": 0.3317494549449872}
{"epoch": 10, "val_accuracy": 0.9377985668789809, "train_accuracy": 0.9738991477272727, "f1_macro": 0.9366049036357769, "pre_macro": 0.9368902482804309, "re_macro": 0.9365461874808154, "best_epoch": 10, "val_loss": 0.2278137354025985, "train_loss": 0.30689401450482284}
{"epoch": 11, "val_accuracy": 0.9375, "train_accuracy": 0.9775834517045454, "f1_macro": 0.9362465905662942, "pre_macro": 0.9367250507649668, "re_macro": 0.9362051725052268, "best_epoch": 10, "val_loss": 0.22007210725906548, "train_loss": 0.28658324327658524}
{"epoch": 12, "val_accuracy": 0.9392914012738853, "train_accuracy": 0.9815118963068182, "f1_macro": 0.9381230644648031, "pre_macro": 0.9386248342540494, "re_macro": 0.938063735374185, "best_epoch": 12, "val_loss": 0.21072834284062597, "train_loss": 0.27017623488791287}
{"epoch": 13, "val_accuracy": 0.9417794585987261, "train_accuracy": 0.9846635298295454, "f1_macro": 0.94068422185389, "pre_macro": 0.9410624335738988, "re_macro": 0.9405989449252067, "best_epoch": 13, "val_loss": 0.20281331362143443, "train_loss": 0.25619090704078024}
{"epoch": 14, "val_accuracy": 0.9438694267515924, "train_accuracy": 0.9869495738636364, "f1_macro": 0.942779720565162, "pre_macro": 0.9431517040362628, "re_macro": 0.9426763508992864, "best_epoch": 14, "val_loss": 0.1984372332953154, "train_loss": 0.24568599712272937}
{"epoch": 15, "val_accuracy": 0.9453622611464968, "train_accuracy": 0.9884144176136364, "f1_macro": 0.9443090366421396, "pre_macro": 0.9447569716006585, "re_macro": 0.9441675193740542, "best_epoch": 15, "val_loss": 0.19575144762802085, "train_loss": 0.2374320715157823}
{"training time": 104.56740546226501}
