{"epoch": 1, "val_accuracy": 0.6992436305732485, "train_accuracy": 0.5019471886310172, "f1_macro": 0.6634522355074801, "pre_macro": 0.7325772079234069, "re_macro": 0.693971865799086, "best_epoch": 1, "val_loss": 1.5076966574237605, "train_loss": 1.9428980578767492}
{"epoch": 2, "val_accuracy": 0.7956807324840764, "train_accuracy": 0.815871961573337, "f1_macro": 0.7889934277204608, "pre_macro": 0.8154806352691057, "re_macro": 0.7918426103977474, "best_epoch": 2, "val_loss": 1.1149308153778126, "train_loss": 1.26819139592191}
{"epoch": 3, "val_accuracy": 0.8450437898089171, "train_accuracy": 0.8938069914249663, "f1_macro": 0.8442253624349346, "pre_macro": 0.8499626654333168, "re_macro": 0.8427327133221653, "best_epoch": 3, "val_loss": 0.8975599840947777, "train_loss": 0.9221891101370466}
{"epoch": 4, "val_accuracy": 0.8618630573248408, "train_accuracy": 0.9320383744036898, "f1_macro": 0.859281155605537, "pre_macro": 0.8625282349792336, "re_macro": 0.8599350483302459, "best_epoch": 4, "val_loss": 0.7337496295856063, "train_loss": 0.7178934508181632}
{"epoch": 5, "val_accuracy": 0.8636544585987261, "train_accuracy": 0.9556895900279918, "f1_macro": 0.8613991773158197, "pre_macro": 0.8648821352497805, "re_macro": 0.8611685392418073, "best_epoch": 5, "val_loss": 0.6815670812205904, "train_loss": 0.5680279528841059}
{"epoch": 6, "val_accuracy": 0.8653463375796179, "train_accuracy": 0.9696048637653919, "f1_macro": 0.8639838697735678, "pre_macro": 0.8681712350368727, "re_macro": 0.8634864778728806, "best_epoch": 6, "val_loss": 0.6319109290648418, "train_loss": 0.4709491913622998}
{"epoch": 7, "val_accuracy": 0.8735071656050956, "train_accuracy": 0.9776310793896938, "f1_macro": 0.8719492997160888, "pre_macro": 0.874657213535787, "re_macro": 0.8721352386466664, "best_epoch": 7, "val_loss": 0.5900075535295876, "train_loss": 0.4019627824742743}
{"epoch": 8, "val_accuracy": 0.8765923566878981, "train_accuracy": 0.9849449091769279, "f1_macro": 0.8747404475244223, "pre_macro": 0.8766438376654099, "re_macro": 0.8753415940838087, "best_epoch": 8, "val_loss": 0.5648564641263075, "train_loss": 0.3524791991457026}
{"epoch": 9, "val_accuracy": 0.8798765923566879, "train_accuracy": 0.9889817643672862, "f1_macro": 0.877993078184082, "pre_macro": 0.8801056950529009, "re_macro": 0.8784426210628554, "best_epoch": 9, "val_loss": 0.5467089029254427, "train_loss": 0.32103313854400145}
{"epoch": 10, "val_accuracy": 0.8808718152866242, "train_accuracy": 0.9913088920268607, "f1_macro": 0.878749917590036, "pre_macro": 0.8812829133240468, "re_macro": 0.8788936803631993, "best_epoch": 10, "val_loss": 0.5358682403898543, "train_loss": 0.30071614587560613}
{"epoch": 11, "val_accuracy": 0.8816679936305732, "train_accuracy": 0.9923062324523926, "f1_macro": 0.8797874304916432, "pre_macro": 0.8819935819520307, "re_macro": 0.8798337166294059, "best_epoch": 11, "val_loss": 0.5237721672673135, "train_loss": 0.2837057972842075}
{"epoch": 12, "val_accuracy": 0.884156050955414, "train_accuracy": 0.9939684664949457, "f1_macro": 0.8823517100068395, "pre_macro": 0.8841214458921568, "re_macro": 0.8824520932234637, "best_epoch": 12, "val_loss": 0.5133900956553259, "train_loss": 0.2689244804230142}
{"epoch": 13, "val_accuracy": 0.8831608280254777, "train_accuracy": 0.9949658069204776, "f1_macro": 0.8814026076898973, "pre_macro": 0.883176587005094, "re_macro": 0.8815125299209633, "best_epoch": 12, "val_loss": 0.5077894665063567, "train_loss": 0.25872157704322896}
{"epoch": 14, "val_accuracy": 0.882265127388535, "train_accuracy": 0.9952982537289883, "f1_macro": 0.8808177933821725, "pre_macro": 0.8828047314667703, "re_macro": 0.8809054540550519, "best_epoch": 12, "val_loss": 0.5044517966972035, "train_loss": 0.25213974143596407}
{"epoch": 15, "val_accuracy": 0.8819665605095541, "train_accuracy": 0.9956781914893617, "f1_macro": 0.8805849671735582, "pre_macro": 0.8828684845005611, "re_macro": 0.8806563660620291, "best_epoch": 12, "val_loss": 0.5025324688595572, "train_loss": 0.2475017505757352}
{"training time": 21.166276931762695}
