{"epoch": 1, "val_accuracy": 0.8778861464968153, "train_accuracy": 0.8480643656716418, "f1_macro": 0.874675926415032, "pre_macro": 0.8800321702797327, "re_macro": 0.8751643046765556, "best_epoch": 1, "val_loss": 0.512023619310871, "train_loss": 0.843178052637877}
{"epoch": 2, "val_accuracy": 0.8930135350318471, "train_accuracy": 0.8907915778251599, "f1_macro": 0.8913129193760992, "pre_macro": 0.8932663509114628, "re_macro": 0.891479521051776, "best_epoch": 2, "val_loss": 0.45786235894367194, "train_loss": 0.6766111631510354}
{"epoch": 3, "val_accuracy": 0.9120222929936306, "train_accuracy": 0.9047674573560768, "f1_macro": 0.9101703461983206, "pre_macro": 0.9104551069748823, "re_macro": 0.9105256029699955, "best_epoch": 3, "val_loss": 0.35349346037693086, "train_loss": 0.6216679911242365}
{"epoch": 4, "val_accuracy": 0.9158041401273885, "train_accuracy": 0.9196261993603412, "f1_macro": 0.9140968137676646, "pre_macro": 0.9147322911405269, "re_macro": 0.914528548175146, "best_epoch": 4, "val_loss": 0.3272244108805231, "train_loss": 0.5511177968241767}
{"epoch": 5, "val_accuracy": 0.9220740445859873, "train_accuracy": 0.9285214552238806, "f1_macro": 0.9205559695034065, "pre_macro": 0.9210860313502482, "re_macro": 0.9206356465267718, "best_epoch": 5, "val_loss": 0.3118447023354898, "train_loss": 0.5051234656178367}
{"epoch": 6, "val_accuracy": 0.9181926751592356, "train_accuracy": 0.9370835554371002, "f1_macro": 0.9167723646096629, "pre_macro": 0.9178881590434294, "re_macro": 0.916990836645685, "best_epoch": 5, "val_loss": 0.30188214653141937, "train_loss": 0.4591748652173512}
{"epoch": 7, "val_accuracy": 0.9190883757961783, "train_accuracy": 0.9464285714285714, "f1_macro": 0.9177200130089448, "pre_macro": 0.9187177558628438, "re_macro": 0.9179049449921818, "best_epoch": 5, "val_loss": 0.29389196252272387, "train_loss": 0.4164087031918294}
{"epoch": 8, "val_accuracy": 0.9298367834394905, "train_accuracy": 0.9545908848614072, "f1_macro": 0.928466636809101, "pre_macro": 0.9291271922883075, "re_macro": 0.928531115360593, "best_epoch": 8, "val_loss": 0.2538627214302683, "train_loss": 0.37767656457258947}
{"epoch": 9, "val_accuracy": 0.9311305732484076, "train_accuracy": 0.9626532515991472, "f1_macro": 0.9296547665887374, "pre_macro": 0.9302473944911801, "re_macro": 0.9297008446834415, "best_epoch": 9, "val_loss": 0.23574017608763687, "train_loss": 0.34141647069057673}
{"epoch": 10, "val_accuracy": 0.9374004777070064, "train_accuracy": 0.9678504797441365, "f1_macro": 0.9361775299670209, "pre_macro": 0.9365879634624388, "re_macro": 0.9362023905394798, "best_epoch": 10, "val_loss": 0.2189115851903987, "train_loss": 0.31536011550345144}
{"epoch": 11, "val_accuracy": 0.941281847133758, "train_accuracy": 0.9738306236673774, "f1_macro": 0.9401669784936871, "pre_macro": 0.9405672290565571, "re_macro": 0.9401213958668337, "best_epoch": 11, "val_loss": 0.20812276142180725, "train_loss": 0.29184352233211625}
{"epoch": 12, "val_accuracy": 0.9440684713375797, "train_accuracy": 0.9778951226012793, "f1_macro": 0.9429925478390487, "pre_macro": 0.9434584260616582, "re_macro": 0.9428919608402341, "best_epoch": 12, "val_loss": 0.19949571443069133, "train_loss": 0.27236561037139345}
{"epoch": 13, "val_accuracy": 0.9454617834394905, "train_accuracy": 0.9814265724946695, "f1_macro": 0.9444968865328592, "pre_macro": 0.9449123027552868, "re_macro": 0.9443788691423789, "best_epoch": 13, "val_loss": 0.19224796492226753, "train_loss": 0.2576130451932391}
{"epoch": 14, "val_accuracy": 0.9486464968152867, "train_accuracy": 0.9842750533049041, "f1_macro": 0.9478159809491199, "pre_macro": 0.948113964733869, "re_macro": 0.9477197919916642, "best_epoch": 14, "val_loss": 0.18512931052049633, "train_loss": 0.2464903604819068}
{"epoch": 15, "val_accuracy": 0.9497412420382165, "train_accuracy": 0.9860907515991472, "f1_macro": 0.9488745099133625, "pre_macro": 0.9491822816708559, "re_macro": 0.9487644208843433, "best_epoch": 15, "val_loss": 0.18023478176302402, "train_loss": 0.2373432633655666}
{"training time": 130.8912389278412}
