{"epoch": 1, "val_accuracy": 0.8126990445859873, "train_accuracy": 0.7926358309659091, "f1_macro": 0.8092739610067277, "pre_macro": 0.8228165141746459, "re_macro": 0.8126999999999999, "best_epoch": 1, "val_loss": 0.5624232559826723, "train_loss": 5.697554830800403}
{"epoch": 2, "val_accuracy": 0.8387738853503185, "train_accuracy": 0.8533380681818182, "f1_macro": 0.8382225044289499, "pre_macro": 0.8413079348077396, "re_macro": 0.8389, "best_epoch": 2, "val_loss": 0.47301015371729616, "train_loss": 3.8179809444329957}
{"epoch": 3, "val_accuracy": 0.8470342356687898, "train_accuracy": 0.8686745383522727, "f1_macro": 0.8468185612652789, "pre_macro": 0.8502661406914394, "re_macro": 0.8462999999999999, "best_epoch": 3, "val_loss": 0.4469295856869145, "train_loss": 3.0500104569576005}
{"epoch": 4, "val_accuracy": 0.8479299363057324, "train_accuracy": 0.8775745738636364, "f1_macro": 0.8460276068456183, "pre_macro": 0.8491185003328603, "re_macro": 0.8472, "best_epoch": 4, "val_loss": 0.4244431076915401, "train_loss": 2.6151061731983316}
{"epoch": 5, "val_accuracy": 0.8519108280254777, "train_accuracy": 0.8859641335227273, "f1_macro": 0.8506431117203299, "pre_macro": 0.8540672791248406, "re_macro": 0.8512000000000001, "best_epoch": 5, "val_loss": 0.4182793065241188, "train_loss": 2.327252768996087}
{"epoch": 6, "val_accuracy": 0.8556926751592356, "train_accuracy": 0.8936212713068182, "f1_macro": 0.8550053925391751, "pre_macro": 0.8579040944707111, "re_macro": 0.8549999999999999, "best_epoch": 6, "val_loss": 0.4025655120231543, "train_loss": 2.126198858700015}
{"epoch": 7, "val_accuracy": 0.8554936305732485, "train_accuracy": 0.8999245383522727, "f1_macro": 0.8552817211269679, "pre_macro": 0.8588111249359887, "re_macro": 0.8548, "best_epoch": 6, "val_loss": 0.4022044530909532, "train_loss": 1.9803898466581649}
{"epoch": 8, "val_accuracy": 0.8589769108280255, "train_accuracy": 0.9055619673295454, "f1_macro": 0.8584170094462186, "pre_macro": 0.8610839778854412, "re_macro": 0.8583000000000001, "best_epoch": 8, "val_loss": 0.3939441576789898, "train_loss": 1.871676656332883}
{"epoch": 9, "val_accuracy": 0.8618630573248408, "train_accuracy": 0.9111550071022727, "f1_macro": 0.861926769092616, "pre_macro": 0.8652754509262364, "re_macro": 0.8612, "best_epoch": 9, "val_loss": 0.3899852582698415, "train_loss": 1.7866987076333978}
{"epoch": 10, "val_accuracy": 0.8637539808917197, "train_accuracy": 0.9154163707386364, "f1_macro": 0.8641104807452107, "pre_macro": 0.8679176957735958, "re_macro": 0.8631, "best_epoch": 10, "val_loss": 0.38112833056670087, "train_loss": 1.7211631084368988}
{"epoch": 11, "val_accuracy": 0.868531050955414, "train_accuracy": 0.9202104048295454, "f1_macro": 0.8689192806077729, "pre_macro": 0.8717634660974927, "re_macro": 0.8679, "best_epoch": 11, "val_loss": 0.3684160526201224, "train_loss": 1.6701446509158069}
{"epoch": 12, "val_accuracy": 0.8714171974522293, "train_accuracy": 0.92333984375, "f1_macro": 0.8714867603384995, "pre_macro": 0.8735115336632294, "re_macro": 0.8708, "best_epoch": 12, "val_loss": 0.35893655573106875, "train_loss": 1.6296633077277378}
{"epoch": 13, "val_accuracy": 0.8733081210191083, "train_accuracy": 0.9256702769886364, "f1_macro": 0.872860342308624, "pre_macro": 0.8741166030868962, "re_macro": 0.8727, "best_epoch": 13, "val_loss": 0.353453662697297, "train_loss": 1.597326706756245}
{"epoch": 14, "val_accuracy": 0.8745023885350318, "train_accuracy": 0.9275790127840909, "f1_macro": 0.8736985066093199, "pre_macro": 0.8747439624215028, "re_macro": 0.8739000000000001, "best_epoch": 14, "val_loss": 0.3508477078121939, "train_loss": 1.571854547004808}
{"epoch": 15, "val_accuracy": 0.8747014331210191, "train_accuracy": 0.9294655539772727, "f1_macro": 0.8737597623762298, "pre_macro": 0.8748658661444976, "re_macro": 0.8741, "best_epoch": 15, "val_loss": 0.3496673007964329, "train_loss": 1.5517087514427574}
{"epoch": 16, "val_accuracy": 0.8749004777070064, "train_accuracy": 0.9318403764204546, "f1_macro": 0.8739101234900233, "pre_macro": 0.8750183198479597, "re_macro": 0.8743000000000001, "best_epoch": 16, "val_loss": 0.3478786915920343, "train_loss": 1.535437000407414}
{"epoch": 17, "val_accuracy": 0.8762937898089171, "train_accuracy": 0.9335493607954546, "f1_macro": 0.8752867897828871, "pre_macro": 0.8763329540511198, "re_macro": 0.8756999999999999, "best_epoch": 17, "val_loss": 0.3453961850446501, "train_loss": 1.5222190955484456}
{"epoch": 18, "val_accuracy": 0.8770899681528662, "train_accuracy": 0.9347034801136364, "f1_macro": 0.8760078085856373, "pre_macro": 0.8770547005769466, "re_macro": 0.8764999999999998, "best_epoch": 18, "val_loss": 0.3434502310623789, "train_loss": 1.5115300855514677}
{"epoch": 19, "val_accuracy": 0.8774880573248408, "train_accuracy": 0.9363236860795454, "f1_macro": 0.8762729453634377, "pre_macro": 0.8773793894970001, "re_macro": 0.8769, "best_epoch": 19, "val_loss": 0.34215398944297415, "train_loss": 1.5029457961632446}
{"epoch": 20, "val_accuracy": 0.8777866242038217, "train_accuracy": 0.9370561079545454, "f1_macro": 0.8764980884166791, "pre_macro": 0.8775246438452535, "re_macro": 0.8772, "best_epoch": 20, "val_loss": 0.34096742316985584, "train_loss": 1.4960837929763577}
{"epoch": 21, "val_accuracy": 0.8774880573248408, "train_accuracy": 0.9373446377840909, "f1_macro": 0.8762114045377851, "pre_macro": 0.8770523947367677, "re_macro": 0.8769, "best_epoch": 20, "val_loss": 0.3395481642549205, "train_loss": 1.4906022797592662}
{"epoch": 22, "val_accuracy": 0.8785828025477707, "train_accuracy": 0.9375221946022727, "f1_macro": 0.8773203712314711, "pre_macro": 0.8779290527913364, "re_macro": 0.8780000000000001, "best_epoch": 22, "val_loss": 0.33807099150244596, "train_loss": 1.4862179105932063}
{"epoch": 23, "val_accuracy": 0.8791799363057324, "train_accuracy": 0.9378995028409091, "f1_macro": 0.8779580895011374, "pre_macro": 0.8783814222712918, "re_macro": 0.8785999999999999, "best_epoch": 23, "val_loss": 0.3368748395591025, "train_loss": 1.4827053438533435}
{"epoch": 24, "val_accuracy": 0.879578025477707, "train_accuracy": 0.9381880326704546, "f1_macro": 0.8784046735352019, "pre_macro": 0.8786586157050212, "re_macro": 0.8789999999999999, "best_epoch": 24, "val_loss": 0.33606399851999463, "train_loss": 1.4798856612972238}
{"epoch": 25, "val_accuracy": 0.8792794585987261, "train_accuracy": 0.9385431463068182, "f1_macro": 0.8781532812939176, "pre_macro": 0.8783102146322446, "re_macro": 0.8786999999999999, "best_epoch": 24, "val_loss": 0.3355431695272968, "train_loss": 1.4776239787990397}
{"training time": 183.2765793800354}
