{"epoch": 1, "val_accuracy": 0.8019506369426752, "train_accuracy": 0.7219193263256803, "f1_macro": 0.7939817760137419, "pre_macro": 0.8019897917532463, "re_macro": 0.8019000000000001, "best_epoch": 1, "val_loss": 0.6260367028272835, "train_loss": 6.944387681433495}
{"epoch": 2, "val_accuracy": 0.8210589171974523, "train_accuracy": 0.8420656029214251, "f1_macro": 0.8181879255748201, "pre_macro": 0.8274212986793034, "re_macro": 0.8214, "best_epoch": 2, "val_loss": 0.5245604031025224, "train_loss": 5.484941634726017}
{"epoch": 3, "val_accuracy": 0.8307125796178344, "train_accuracy": 0.8741799646235527, "f1_macro": 0.8267585935584864, "pre_macro": 0.8349355116789641, "re_macro": 0.8311, "best_epoch": 3, "val_loss": 0.47723501208861163, "train_loss": 4.807214182995735}
{"epoch": 4, "val_accuracy": 0.8273288216560509, "train_accuracy": 0.894658688027808, "f1_macro": 0.8220443836585798, "pre_macro": 0.8382555249230961, "re_macro": 0.8276999999999999, "best_epoch": 3, "val_loss": 0.4936700903685989, "train_loss": 4.3660791498549445}
{"epoch": 5, "val_accuracy": 0.8329020700636943, "train_accuracy": 0.912411347602276, "f1_macro": 0.8281594157739021, "pre_macro": 0.8450845623220815, "re_macro": 0.8333, "best_epoch": 5, "val_loss": 0.479417842284889, "train_loss": 4.056321261791473}
{"epoch": 6, "val_accuracy": 0.8438495222929936, "train_accuracy": 0.9226063829787234, "f1_macro": 0.841743742365512, "pre_macro": 0.848988934578523, "re_macro": 0.8436999999999999, "best_epoch": 6, "val_loss": 0.45130880091600356, "train_loss": 3.829756080343368}
{"epoch": 7, "val_accuracy": 0.8447452229299363, "train_accuracy": 0.9353058510638298, "f1_macro": 0.8434741318897039, "pre_macro": 0.8486296126217725, "re_macro": 0.8446, "best_epoch": 7, "val_loss": 0.45037504195407696, "train_loss": 3.655738969559365}
{"epoch": 8, "val_accuracy": 0.8441480891719745, "train_accuracy": 0.9422872340425532, "f1_macro": 0.842796919071867, "pre_macro": 0.8482649369215898, "re_macro": 0.8440000000000001, "best_epoch": 7, "val_loss": 0.4504076744530611, "train_loss": 3.5223362679177144}
{"epoch": 9, "val_accuracy": 0.8474323248407644, "train_accuracy": 0.9513297872340426, "f1_macro": 0.846183833377164, "pre_macro": 0.8503885587237198, "re_macro": 0.8475999999999999, "best_epoch": 9, "val_loss": 0.44091587357080664, "train_loss": 3.4130646330245}
{"epoch": 10, "val_accuracy": 0.8515127388535032, "train_accuracy": 0.9606382978723405, "f1_macro": 0.8499997686325574, "pre_macro": 0.8521859983045136, "re_macro": 0.8514000000000002, "best_epoch": 10, "val_loss": 0.4317519520498385, "train_loss": 3.324355805173833}
{"epoch": 11, "val_accuracy": 0.852109872611465, "train_accuracy": 0.9674202127659575, "f1_macro": 0.8506940046635723, "pre_macro": 0.852918441367334, "re_macro": 0.852, "best_epoch": 11, "val_loss": 0.4326179824816953, "train_loss": 3.2539884871624887}
{"epoch": 12, "val_accuracy": 0.8516122611464968, "train_accuracy": 0.9726063829787234, "f1_macro": 0.8500677313116288, "pre_macro": 0.8521570899394753, "re_macro": 0.8515, "best_epoch": 11, "val_loss": 0.4332243278148068, "train_loss": 3.199253286199367}
{"epoch": 13, "val_accuracy": 0.8525079617834395, "train_accuracy": 0.9746010638297873, "f1_macro": 0.8511202686774316, "pre_macro": 0.8527496812478791, "re_macro": 0.8524, "best_epoch": 13, "val_loss": 0.431054413983017, "train_loss": 3.1563545257487196}
{"epoch": 14, "val_accuracy": 0.8548964968152867, "train_accuracy": 0.9773936170212766, "f1_macro": 0.8537931397062385, "pre_macro": 0.8552306460549577, "re_macro": 0.8548, "best_epoch": 14, "val_loss": 0.42841511537694626, "train_loss": 3.1218031112183917}
{"epoch": 15, "val_accuracy": 0.8548964968152867, "train_accuracy": 0.9794547872340426, "f1_macro": 0.8538231876416468, "pre_macro": 0.8555077502457881, "re_macro": 0.8548, "best_epoch": 14, "val_loss": 0.42763354909268153, "train_loss": 3.0934156397555737}
{"epoch": 16, "val_accuracy": 0.8559912420382165, "train_accuracy": 0.980718085106383, "f1_macro": 0.8548470646702302, "pre_macro": 0.8565899864389216, "re_macro": 0.8558999999999999, "best_epoch": 16, "val_loss": 0.4257111200101816, "train_loss": 3.070229714982053}
{"epoch": 17, "val_accuracy": 0.8572850318471338, "train_accuracy": 0.981781914893617, "f1_macro": 0.8561252690271293, "pre_macro": 0.8572959019640394, "re_macro": 0.8572000000000001, "best_epoch": 17, "val_loss": 0.42208942770957947, "train_loss": 3.051446811189043}
{"epoch": 18, "val_accuracy": 0.8587778662420382, "train_accuracy": 0.9833111702127659, "f1_macro": 0.8575994219343933, "pre_macro": 0.8583808860713713, "re_macro": 0.8587000000000001, "best_epoch": 18, "val_loss": 0.41887590184712864, "train_loss": 3.0361404885637}
{"epoch": 19, "val_accuracy": 0.8579816878980892, "train_accuracy": 0.9837101063829787, "f1_macro": 0.8568914058197649, "pre_macro": 0.8573797768065013, "re_macro": 0.8579000000000001, "best_epoch": 18, "val_loss": 0.4168310385126217, "train_loss": 3.0236586134484473}
{"epoch": 20, "val_accuracy": 0.8590764331210191, "train_accuracy": 0.9845744680851064, "f1_macro": 0.8581844304114437, "pre_macro": 0.8584510805370933, "re_macro": 0.859, "best_epoch": 20, "val_loss": 0.415512962136299, "train_loss": 3.0135408787017175}
{"epoch": 21, "val_accuracy": 0.8594745222929936, "train_accuracy": 0.9854388297872341, "f1_macro": 0.8587900398428439, "pre_macro": 0.8589428316852841, "re_macro": 0.8594000000000002, "best_epoch": 21, "val_loss": 0.41460832939216286, "train_loss": 3.005358977013446}
{"epoch": 22, "val_accuracy": 0.8605692675159236, "train_accuracy": 0.9859707446808511, "f1_macro": 0.859981165469075, "pre_macro": 0.8600937496124326, "re_macro": 0.8605, "best_epoch": 22, "val_loss": 0.4140359874648653, "train_loss": 2.9987259083605826}
{"epoch": 23, "val_accuracy": 0.8601711783439491, "train_accuracy": 0.986436170212766, "f1_macro": 0.8597392577578097, "pre_macro": 0.8598563043150106, "re_macro": 0.8600999999999999, "best_epoch": 22, "val_loss": 0.41372742537100604, "train_loss": 2.9933213994858114}
{"epoch": 24, "val_accuracy": 0.8596735668789809, "train_accuracy": 0.9865691489361702, "f1_macro": 0.8593584574400751, "pre_macro": 0.8594672498340776, "re_macro": 0.8596, "best_epoch": 22, "val_loss": 0.41359276324510574, "train_loss": 2.988901279327717}
{"epoch": 25, "val_accuracy": 0.8594745222929936, "train_accuracy": 0.9869015957446808, "f1_macro": 0.859272739957159, "pre_macro": 0.8594427839898717, "re_macro": 0.8594000000000002, "best_epoch": 22, "val_loss": 0.41355120850976107, "train_loss": 2.985284716017703}
{"training time": 76.90927457809448}
