{"epoch": 1, "val_accuracy": 0.3903264331210191, "train_accuracy": 0.2828125, "f1_macro": 0.37490639347567856, "pre_macro": 0.46396149590088703, "re_macro": 0.3895, "best_epoch": 1, "val_loss": 1.9785746381540967, "train_loss": 8.753253650665282}
{"epoch": 2, "val_accuracy": 0.5620023885350318, "train_accuracy": 0.546875, "f1_macro": 0.5587488665267877, "pre_macro": 0.5832576104602281, "re_macro": 0.5626, "best_epoch": 2, "val_loss": 1.749640590825658, "train_loss": 8.348998069763184}
{"epoch": 3, "val_accuracy": 0.6108678343949044, "train_accuracy": 0.7046875, "f1_macro": 0.6102871798681376, "pre_macro": 0.6357306349651279, "re_macro": 0.6105, "best_epoch": 3, "val_loss": 1.6017657935999001, "train_loss": 8.048409414291381}
{"epoch": 4, "val_accuracy": 0.6556528662420382, "train_accuracy": 0.7994791686534881, "f1_macro": 0.6528717591298492, "pre_macro": 0.6616905810121969, "re_macro": 0.6561, "best_epoch": 4, "val_loss": 1.4777713368652732, "train_loss": 7.81371374130249}
{"epoch": 5, "val_accuracy": 0.67078025477707, "train_accuracy": 0.8703125, "f1_macro": 0.6667312557053245, "pre_macro": 0.670110006460225, "re_macro": 0.6704, "best_epoch": 5, "val_loss": 1.3916159359512814, "train_loss": 7.573071908950806}
{"epoch": 6, "val_accuracy": 0.681827229299363, "train_accuracy": 0.9125, "f1_macro": 0.6791802958577997, "pre_macro": 0.6870182877729494, "re_macro": 0.6812, "best_epoch": 6, "val_loss": 1.3362873519302174, "train_loss": 7.407237005233765}
{"epoch": 7, "val_accuracy": 0.6923765923566879, "train_accuracy": 0.9375, "f1_macro": 0.690519438547363, "pre_macro": 0.6952972768459492, "re_macro": 0.6915, "best_epoch": 7, "val_loss": 1.281453622374565, "train_loss": 7.245218658447266}
{"epoch": 8, "val_accuracy": 0.6959593949044586, "train_accuracy": 0.953125, "f1_macro": 0.693477918683546, "pre_macro": 0.6964939471258726, "re_macro": 0.6954, "best_epoch": 8, "val_loss": 1.2558313570204813, "train_loss": 7.136637592315674}
{"epoch": 9, "val_accuracy": 0.6955613057324841, "train_accuracy": 0.959375, "f1_macro": 0.6938840107986763, "pre_macro": 0.6981967443765956, "re_macro": 0.6947000000000001, "best_epoch": 8, "val_loss": 1.2352572269500441, "train_loss": 7.057119274139405}
{"epoch": 10, "val_accuracy": 0.6989450636942676, "train_accuracy": 0.9671875, "f1_macro": 0.6972934879652989, "pre_macro": 0.7011513652984109, "re_macro": 0.6984, "best_epoch": 10, "val_loss": 1.22106748553598, "train_loss": 6.999217796325683}
{"epoch": 11, "val_accuracy": 0.7002388535031847, "train_accuracy": 0.9703125, "f1_macro": 0.6985682933164403, "pre_macro": 0.7026052398316103, "re_macro": 0.6994, "best_epoch": 11, "val_loss": 1.2107375290743105, "train_loss": 6.960089588165284}
{"epoch": 12, "val_accuracy": 0.7011345541401274, "train_accuracy": 0.9734375, "f1_macro": 0.6992978334099169, "pre_macro": 0.7030683297925755, "re_macro": 0.7003, "best_epoch": 12, "val_loss": 1.20257628077914, "train_loss": 6.929211282730103}
{"epoch": 13, "val_accuracy": 0.70203025477707, "train_accuracy": 0.9734375, "f1_macro": 0.7002383940760578, "pre_macro": 0.7040270211859756, "re_macro": 0.7011999999999999, "best_epoch": 13, "val_loss": 1.1963603173851207, "train_loss": 6.905676794052124}
{"epoch": 14, "val_accuracy": 0.7026273885350318, "train_accuracy": 0.9765625, "f1_macro": 0.7008756944700238, "pre_macro": 0.7045755068160247, "re_macro": 0.7018000000000001, "best_epoch": 14, "val_loss": 1.19143237619643, "train_loss": 6.887595701217651}
{"epoch": 15, "val_accuracy": 0.7025278662420382, "train_accuracy": 0.9765625, "f1_macro": 0.7008768750903858, "pre_macro": 0.7046743110714494, "re_macro": 0.7017, "best_epoch": 14, "val_loss": 1.1874649737291276, "train_loss": 6.873254442214966}
{"epoch": 16, "val_accuracy": 0.7029259554140127, "train_accuracy": 0.9765625, "f1_macro": 0.7012351413592695, "pre_macro": 0.704930500694345, "re_macro": 0.7021, "best_epoch": 16, "val_loss": 1.1843435270771099, "train_loss": 6.86184778213501}
{"epoch": 17, "val_accuracy": 0.703125, "train_accuracy": 0.9796875, "f1_macro": 0.7014016497126548, "pre_macro": 0.7050031632972833, "re_macro": 0.7023, "best_epoch": 17, "val_loss": 1.1818546109898076, "train_loss": 6.852788782119751}
{"epoch": 18, "val_accuracy": 0.7035230891719745, "train_accuracy": 0.984375, "f1_macro": 0.701809357793707, "pre_macro": 0.705414824157873, "re_macro": 0.7027, "best_epoch": 18, "val_loss": 1.179857821980859, "train_loss": 6.845573377609253}
{"epoch": 19, "val_accuracy": 0.7038216560509554, "train_accuracy": 0.984375, "f1_macro": 0.7021469627382941, "pre_macro": 0.705775726871138, "re_macro": 0.7030000000000001, "best_epoch": 19, "val_loss": 1.1782562713714162, "train_loss": 6.839798164367676}
{"epoch": 20, "val_accuracy": 0.7039211783439491, "train_accuracy": 0.984375, "f1_macro": 0.7021967928376667, "pre_macro": 0.7057185574772631, "re_macro": 0.7031000000000001, "best_epoch": 20, "val_loss": 1.1769703117905148, "train_loss": 6.835166501998901}
{"epoch": 21, "val_accuracy": 0.7035230891719745, "train_accuracy": 0.984375, "f1_macro": 0.7017956909558493, "pre_macro": 0.7053070654366147, "re_macro": 0.7027, "best_epoch": 20, "val_loss": 1.1759364897278464, "train_loss": 6.831449747085571}
{"epoch": 22, "val_accuracy": 0.7034235668789809, "train_accuracy": 0.984375, "f1_macro": 0.7016912184369307, "pre_macro": 0.7051939102342893, "re_macro": 0.7026, "best_epoch": 20, "val_loss": 1.1751049586162445, "train_loss": 6.828464508056641}
{"epoch": 23, "val_accuracy": 0.7034235668789809, "train_accuracy": 0.9859375, "f1_macro": 0.7016846960665618, "pre_macro": 0.7051621972040919, "re_macro": 0.7026, "best_epoch": 20, "val_loss": 1.1744359743063617, "train_loss": 6.8260657787323}
{"epoch": 24, "val_accuracy": 0.7035230891719745, "train_accuracy": 0.9859375, "f1_macro": 0.7018037996450869, "pre_macro": 0.7052995871211724, "re_macro": 0.7026999999999999, "best_epoch": 20, "val_loss": 1.1738976540079542, "train_loss": 6.824137592315674}
{"epoch": 25, "val_accuracy": 0.7036226114649682, "train_accuracy": 0.9859375, "f1_macro": 0.7019029314287366, "pre_macro": 0.7054038805563827, "re_macro": 0.7028, "best_epoch": 20, "val_loss": 1.1734643749370697, "train_loss": 6.822586393356323}
{"training time": 25.24422574043274}
