{"epoch": 1, "val_accuracy": 0.8314092356687898, "train_accuracy": 0.8064365671641791, "f1_macro": 0.8278052296442968, "pre_macro": 0.8316471425719747, "re_macro": 0.8311999999999999, "best_epoch": 1, "val_loss": 0.4809494610804661, "train_loss": 5.316403241808226}
{"epoch": 2, "val_accuracy": 0.8363853503184714, "train_accuracy": 0.8562100213219617, "f1_macro": 0.8312430735560256, "pre_macro": 0.8427098016800635, "re_macro": 0.8365000000000002, "best_epoch": 2, "val_loss": 0.47577753340362744, "train_loss": 3.342502886044191}
{"epoch": 3, "val_accuracy": 0.8454418789808917, "train_accuracy": 0.8681369936034116, "f1_macro": 0.8395765576963852, "pre_macro": 0.8473719432258132, "re_macro": 0.8452999999999999, "best_epoch": 3, "val_loss": 0.4489878928585417, "train_loss": 2.5973880273192678}
{"epoch": 4, "val_accuracy": 0.8465366242038217, "train_accuracy": 0.8771988272921108, "f1_macro": 0.8426997873856115, "pre_macro": 0.8478112335494015, "re_macro": 0.8461000000000001, "best_epoch": 4, "val_loss": 0.44294009799030937, "train_loss": 2.185628939793308}
{"epoch": 5, "val_accuracy": 0.8579816878980892, "train_accuracy": 0.882829157782516, "f1_macro": 0.8567458539417153, "pre_macro": 0.8588875394998962, "re_macro": 0.8575999999999999, "best_epoch": 5, "val_loss": 0.40681869389524883, "train_loss": 1.9317581389250278}
{"epoch": 6, "val_accuracy": 0.8596735668789809, "train_accuracy": 0.8876599147121536, "f1_macro": 0.8583070813871302, "pre_macro": 0.8629400373427213, "re_macro": 0.8596, "best_epoch": 6, "val_loss": 0.398774061043551, "train_loss": 1.7607769478104516}
{"epoch": 7, "val_accuracy": 0.8618630573248408, "train_accuracy": 0.8935734275053305, "f1_macro": 0.8604485817828044, "pre_macro": 0.8623177512745401, "re_macro": 0.8615, "best_epoch": 7, "val_loss": 0.38702869282406605, "train_loss": 1.6355371870465878}
{"epoch": 8, "val_accuracy": 0.86046974522293, "train_accuracy": 0.8979044509594882, "f1_macro": 0.8599053080088135, "pre_macro": 0.8644245521811476, "re_macro": 0.8598000000000001, "best_epoch": 7, "val_loss": 0.3875831539274021, "train_loss": 1.5434592974973893}
{"epoch": 9, "val_accuracy": 0.8595740445859873, "train_accuracy": 0.9008695362473348, "f1_macro": 0.8592776138258301, "pre_macro": 0.862313315886229, "re_macro": 0.8591999999999999, "best_epoch": 7, "val_loss": 0.38687234594943415, "train_loss": 1.4745737380310417}
{"epoch": 10, "val_accuracy": 0.8579816878980892, "train_accuracy": 0.9054337686567164, "f1_macro": 0.8583904074726547, "pre_macro": 0.862739928328369, "re_macro": 0.8579000000000001, "best_epoch": 7, "val_loss": 0.393014790905509, "train_loss": 1.4206540217277592}
{"epoch": 11, "val_accuracy": 0.863156847133758, "train_accuracy": 0.9079990671641791, "f1_macro": 0.8636269025848122, "pre_macro": 0.8667772097478169, "re_macro": 0.8631, "best_epoch": 11, "val_loss": 0.38060932971869305, "train_loss": 1.3786472286751021}
{"epoch": 12, "val_accuracy": 0.8675358280254777, "train_accuracy": 0.9113805970149254, "f1_macro": 0.8676719870363995, "pre_macro": 0.8695785385029378, "re_macro": 0.8675, "best_epoch": 12, "val_loss": 0.3683604380697202, "train_loss": 1.3458539694865375}
{"epoch": 13, "val_accuracy": 0.8714171974522293, "train_accuracy": 0.9135794243070362, "f1_macro": 0.871018129886538, "pre_macro": 0.8723100096648728, "re_macro": 0.8713999999999998, "best_epoch": 13, "val_loss": 0.3607613352263809, "train_loss": 1.3202324358385}
{"epoch": 14, "val_accuracy": 0.8718152866242038, "train_accuracy": 0.9153784648187633, "f1_macro": 0.8707821103208644, "pre_macro": 0.8722366965469586, "re_macro": 0.8718, "best_epoch": 14, "val_loss": 0.35802916347221203, "train_loss": 1.2998888205363552}
{"epoch": 15, "val_accuracy": 0.8717157643312102, "train_accuracy": 0.9171941631130064, "f1_macro": 0.8703216001963188, "pre_macro": 0.8722546555842875, "re_macro": 0.8717, "best_epoch": 14, "val_loss": 0.357246205685245, "train_loss": 1.2837147004822933}
{"epoch": 16, "val_accuracy": 0.8721138535031847, "train_accuracy": 0.9185934168443497, "f1_macro": 0.8707844213625776, "pre_macro": 0.8725528512779126, "re_macro": 0.8721, "best_epoch": 16, "val_loss": 0.3539351462178929, "train_loss": 1.270792384010388}
{"epoch": 17, "val_accuracy": 0.8745023885350318, "train_accuracy": 0.919876066098081, "f1_macro": 0.8733737331901574, "pre_macro": 0.8748004758270337, "re_macro": 0.8744999999999999, "best_epoch": 17, "val_loss": 0.3488403465717461, "train_loss": 1.260400658477344}
{"epoch": 18, "val_accuracy": 0.8761942675159236, "train_accuracy": 0.9204757462686567, "f1_macro": 0.8751819573755206, "pre_macro": 0.8759945067748316, "re_macro": 0.8759, "best_epoch": 18, "val_loss": 0.344430943108668, "train_loss": 1.2520160404349696}
{"epoch": 19, "val_accuracy": 0.8763933121019108, "train_accuracy": 0.9211420575692963, "f1_macro": 0.8755928071298374, "pre_macro": 0.8761206349667006, "re_macro": 0.8760999999999999, "best_epoch": 19, "val_loss": 0.34135717039654967, "train_loss": 1.2452864476612635}
{"epoch": 20, "val_accuracy": 0.8772890127388535, "train_accuracy": 0.9215918176972282, "f1_macro": 0.8765930796996425, "pre_macro": 0.8769559831786049, "re_macro": 0.877, "best_epoch": 20, "val_loss": 0.3393058652520939, "train_loss": 1.2399170654160636}
{"epoch": 21, "val_accuracy": 0.8779856687898089, "train_accuracy": 0.9221748400852878, "f1_macro": 0.8774177862885427, "pre_macro": 0.8776907516588686, "re_macro": 0.8777000000000001, "best_epoch": 21, "val_loss": 0.3379037293848718, "train_loss": 1.2356354418848114}
{"epoch": 22, "val_accuracy": 0.8789808917197452, "train_accuracy": 0.9227245469083155, "f1_macro": 0.8784814157217852, "pre_macro": 0.8787656775344905, "re_macro": 0.8787, "best_epoch": 22, "val_loss": 0.3368646207318944, "train_loss": 1.2322172617861458}
{"epoch": 23, "val_accuracy": 0.8784832802547771, "train_accuracy": 0.9233242270788913, "f1_macro": 0.8779964812858395, "pre_macro": 0.878278310519718, "re_macro": 0.8782, "best_epoch": 22, "val_loss": 0.3360266020153738, "train_loss": 1.2294820587772297}
{"epoch": 24, "val_accuracy": 0.8793789808917197, "train_accuracy": 0.9236906982942431, "f1_macro": 0.8788956105741532, "pre_macro": 0.8791226651106132, "re_macro": 0.8790999999999999, "best_epoch": 24, "val_loss": 0.33533052644532196, "train_loss": 1.227289369238465}
{"epoch": 25, "val_accuracy": 0.879578025477707, "train_accuracy": 0.9239905383795309, "f1_macro": 0.8790896163982745, "pre_macro": 0.8792765893095098, "re_macro": 0.8793, "best_epoch": 25, "val_loss": 0.33475552954871185, "train_loss": 1.2255323093328903}
{"training time": 242.24268531799316}
