{"epoch": 100, "loss": 2.1736695766448975}
{"epoch": 200, "loss": 1.15557861328125}
{"epoch": 300, "loss": 0.6794993281364441}
{"epoch": 400, "loss": 0.5097113847732544}
{"epoch": 500, "loss": 0.4426121115684509}
{"epoch": 600, "loss": 0.40892618894577026}
{"epoch": 700, "loss": 0.3905150890350342}
{"epoch": 800, "loss": 0.37774357199668884}
{"epoch": 900, "loss": 0.3654673993587494}
{"epoch": 1000, "loss": 0.35302576422691345}
{"training_time:": "3.3685s", "final_loss": 0.35302576422691345}
