{"epoch": 1, "val_accuracy": 0.8115047770700637, "train_accuracy": 0.7886460554371002, "f1_macro": 0.8042653340043312, "pre_macro": 0.8063471525427218, "re_macro": 0.8109000000000002, "best_epoch": 1, "val_loss": 0.5338011966769103, "train_loss": 0.6991165183754618}
{"epoch": 2, "val_accuracy": 0.8222531847133758, "train_accuracy": 0.8313566098081023, "f1_macro": 0.8158628862292525, "pre_macro": 0.817781411503805, "re_macro": 0.8216999999999999, "best_epoch": 2, "val_loss": 0.5021315611851443, "train_loss": 0.5811348847870125}
{"epoch": 3, "val_accuracy": 0.8302149681528662, "train_accuracy": 0.8419343017057569, "f1_macro": 0.8244092062879025, "pre_macro": 0.8275924278769698, "re_macro": 0.8297000000000001, "best_epoch": 3, "val_loss": 0.48566030582804587, "train_loss": 0.5571617924137664}
{"epoch": 4, "val_accuracy": 0.8340963375796179, "train_accuracy": 0.8489472281449894, "f1_macro": 0.82930707527905, "pre_macro": 0.8329114963874262, "re_macro": 0.8342, "best_epoch": 4, "val_loss": 0.47231025263002724, "train_loss": 0.5423057594342526}
{"epoch": 5, "val_accuracy": 0.8389729299363057, "train_accuracy": 0.8531283315565032, "f1_macro": 0.8346861149833055, "pre_macro": 0.8382608504223736, "re_macro": 0.8391000000000002, "best_epoch": 5, "val_loss": 0.4614460604965307, "train_loss": 0.5317708445764554}
{"epoch": 6, "val_accuracy": 0.8408638535031847, "train_accuracy": 0.8566098081023454, "f1_macro": 0.8371601499159373, "pre_macro": 0.8402650067256768, "re_macro": 0.841, "best_epoch": 6, "val_loss": 0.4536618193623367, "train_loss": 0.5238761567611938}
{"epoch": 7, "val_accuracy": 0.8434514331210191, "train_accuracy": 0.8598747334754797, "f1_macro": 0.8400697640391555, "pre_macro": 0.8422011460873845, "re_macro": 0.8432999999999999, "best_epoch": 7, "val_loss": 0.44771337679996615, "train_loss": 0.5178060029933194}
{"epoch": 8, "val_accuracy": 0.8440485668789809, "train_accuracy": 0.8625399786780383, "f1_macro": 0.8411354326305647, "pre_macro": 0.8422652466192864, "re_macro": 0.8439, "best_epoch": 8, "val_loss": 0.44287807185938405, "train_loss": 0.5130663901758092}
{"epoch": 9, "val_accuracy": 0.846437101910828, "train_accuracy": 0.8640891524520256, "f1_macro": 0.843977759829802, "pre_macro": 0.8446146248928426, "re_macro": 0.8462999999999999, "best_epoch": 9, "val_loss": 0.4391486285028944, "train_loss": 0.5093457952999612}
{"epoch": 10, "val_accuracy": 0.8480294585987261, "train_accuracy": 0.8654717484008528, "f1_macro": 0.8459162080017399, "pre_macro": 0.8461469379619168, "re_macro": 0.8478999999999999, "best_epoch": 10, "val_loss": 0.43653605868861933, "train_loss": 0.5064206451241141}
{"epoch": 11, "val_accuracy": 0.849422770700637, "train_accuracy": 0.8663879264392325, "f1_macro": 0.8474178453304975, "pre_macro": 0.8474943133641357, "re_macro": 0.8493, "best_epoch": 11, "val_loss": 0.43475214083483266, "train_loss": 0.5041187403679911}
{"epoch": 12, "val_accuracy": 0.8491242038216561, "train_accuracy": 0.8675706289978679, "f1_macro": 0.847228209292366, "pre_macro": 0.8471273667032116, "re_macro": 0.849, "best_epoch": 11, "val_loss": 0.4334813528189993, "train_loss": 0.5023012751900057}
{"epoch": 13, "val_accuracy": 0.848328025477707, "train_accuracy": 0.8683368869936035, "f1_macro": 0.8465118640325893, "pre_macro": 0.8463209504570874, "re_macro": 0.8482, "best_epoch": 11, "val_loss": 0.432481016512889, "train_loss": 0.5008568258554951}
{"epoch": 14, "val_accuracy": 0.8482285031847133, "train_accuracy": 0.8686200692963753, "f1_macro": 0.8464991483496147, "pre_macro": 0.8462917855980633, "re_macro": 0.8481, "best_epoch": 11, "val_loss": 0.4315955841047749, "train_loss": 0.4997026635957425}
{"epoch": 15, "val_accuracy": 0.8479299363057324, "train_accuracy": 0.869019856076759, "f1_macro": 0.8462450447523511, "pre_macro": 0.845957079419484, "re_macro": 0.8478000000000001, "best_epoch": 11, "val_loss": 0.4307824475750042, "train_loss": 0.4987765613522357}
{"epoch": 16, "val_accuracy": 0.8477308917197452, "train_accuracy": 0.8693696695095949, "f1_macro": 0.8460708336312746, "pre_macro": 0.8457344570660679, "re_macro": 0.8475999999999999, "best_epoch": 11, "val_loss": 0.4300654713705087, "train_loss": 0.4980295078396035}
{"epoch": 17, "val_accuracy": 0.848328025477707, "train_accuracy": 0.8695695628997868, "f1_macro": 0.8467073280084328, "pre_macro": 0.8463378473986471, "re_macro": 0.8482, "best_epoch": 11, "val_loss": 0.4294744149135177, "train_loss": 0.4974231571594535}
{"epoch": 18, "val_accuracy": 0.8480294585987261, "train_accuracy": 0.8700026652452025, "f1_macro": 0.8464323263501509, "pre_macro": 0.8460667077270049, "re_macro": 0.8478999999999999, "best_epoch": 11, "val_loss": 0.429016355686127, "train_loss": 0.49692886899402144}
{"epoch": 19, "val_accuracy": 0.8486265923566879, "train_accuracy": 0.8703191631130064, "f1_macro": 0.8471332408745218, "pre_macro": 0.8467574603206502, "re_macro": 0.8484999999999999, "best_epoch": 11, "val_loss": 0.42867537023155555, "train_loss": 0.49652558453937073}
{"epoch": 20, "val_accuracy": 0.8491242038216561, "train_accuracy": 0.8707022921108742, "f1_macro": 0.8477240706698504, "pre_macro": 0.8473307193800077, "re_macro": 0.8489999999999999, "best_epoch": 11, "val_loss": 0.4284255891848522, "train_loss": 0.49619717733946433}
{"epoch": 21, "val_accuracy": 0.8487261146496815, "train_accuracy": 0.8708355543710021, "f1_macro": 0.8473387246909196, "pre_macro": 0.8469331163412098, "re_macro": 0.8486, "best_epoch": 11, "val_loss": 0.42824269138324034, "train_loss": 0.4959305291935833}
{"epoch": 22, "val_accuracy": 0.8496218152866242, "train_accuracy": 0.8708188965884861, "f1_macro": 0.8482491645628295, "pre_macro": 0.8478309529664543, "re_macro": 0.8495000000000001, "best_epoch": 22, "val_loss": 0.42810753566823945, "train_loss": 0.49571456059591096}
{"epoch": 23, "val_accuracy": 0.8504179936305732, "train_accuracy": 0.8708522121535182, "f1_macro": 0.8490639027994623, "pre_macro": 0.8486276664478011, "re_macro": 0.8503000000000001, "best_epoch": 23, "val_loss": 0.42800575266977786, "train_loss": 0.4955398588101747}
{"epoch": 24, "val_accuracy": 0.8505175159235668, "train_accuracy": 0.8709355010660981, "f1_macro": 0.8491658132506446, "pre_macro": 0.8487178707260797, "re_macro": 0.8503999999999999, "best_epoch": 24, "val_loss": 0.42792695058379204, "train_loss": 0.4953984678236406}
{"epoch": 25, "val_accuracy": 0.851015127388535, "train_accuracy": 0.870918843283582, "f1_macro": 0.8497297160351917, "pre_macro": 0.84930716457221, "re_macro": 0.8509, "best_epoch": 25, "val_loss": 0.42786425712761605, "train_loss": 0.49528370276570066}
{"training time": 262.5386097431183}
