{"epoch": 1, "val_accuracy": 0.5100517515923567, "train_accuracy": 0.35364583432674407, "f1_macro": 0.4730534552728803, "pre_macro": 0.5615846311766282, "re_macro": 0.5101000000000001, "best_epoch": 1, "val_loss": 1.8192491174503496, "train_loss": 2.157529079914093}
{"epoch": 2, "val_accuracy": 0.5868829617834395, "train_accuracy": 0.5786458373069763, "f1_macro": 0.5700637992110589, "pre_macro": 0.6033213950328953, "re_macro": 0.5864, "best_epoch": 2, "val_loss": 1.4288170778068008, "train_loss": 1.653797173500061}
{"epoch": 3, "val_accuracy": 0.6483877388535032, "train_accuracy": 0.6463541686534882, "f1_macro": 0.6389066799670807, "pre_macro": 0.6487745070908583, "re_macro": 0.6481999999999999, "best_epoch": 3, "val_loss": 1.2077761098837396, "train_loss": 1.3320810437202453}
{"epoch": 4, "val_accuracy": 0.6689888535031847, "train_accuracy": 0.7052083373069763, "f1_macro": 0.6633678733740044, "pre_macro": 0.6746267009178968, "re_macro": 0.6689, "best_epoch": 4, "val_loss": 1.0893790771247476, "train_loss": 1.1563164472579956}
{"epoch": 5, "val_accuracy": 0.6798367834394905, "train_accuracy": 0.7192708373069763, "f1_macro": 0.6770126785398183, "pre_macro": 0.6863563110070918, "re_macro": 0.6798, "best_epoch": 5, "val_loss": 1.01894184852102, "train_loss": 1.055299347639084}
{"epoch": 6, "val_accuracy": 0.6881966560509554, "train_accuracy": 0.7463541686534881, "f1_macro": 0.6856742941554737, "pre_macro": 0.6945423655896602, "re_macro": 0.6879000000000002, "best_epoch": 6, "val_loss": 0.974960601253874, "train_loss": 0.9916419088840485}
{"epoch": 7, "val_accuracy": 0.693968949044586, "train_accuracy": 0.7588541686534882, "f1_macro": 0.6919436434799213, "pre_macro": 0.7010308656555448, "re_macro": 0.6934000000000001, "best_epoch": 7, "val_loss": 0.9464571817665343, "train_loss": 0.9490181267261505}
{"epoch": 8, "val_accuracy": 0.6976512738853503, "train_accuracy": 0.7677083373069763, "f1_macro": 0.6960276271551697, "pre_macro": 0.7045753887714276, "re_macro": 0.6971, "best_epoch": 8, "val_loss": 0.9268751672119092, "train_loss": 0.9191296696662903}
{"epoch": 9, "val_accuracy": 0.7003383757961783, "train_accuracy": 0.7692708373069763, "f1_macro": 0.6989294619477011, "pre_macro": 0.7070146919370977, "re_macro": 0.6998, "best_epoch": 9, "val_loss": 0.9127549502500303, "train_loss": 0.8974003970623017}
{"epoch": 10, "val_accuracy": 0.7029259554140127, "train_accuracy": 0.7796875, "f1_macro": 0.7018957700423025, "pre_macro": 0.7099582406902332, "re_macro": 0.7024, "best_epoch": 10, "val_loss": 0.9022901107551186, "train_loss": 0.8811889111995697}
{"epoch": 11, "val_accuracy": 0.7047173566878981, "train_accuracy": 0.784375, "f1_macro": 0.7038061055586471, "pre_macro": 0.7117481347528608, "re_macro": 0.7041999999999999, "best_epoch": 11, "val_loss": 0.8944035225613102, "train_loss": 0.8688710570335388}
{"epoch": 12, "val_accuracy": 0.705812101910828, "train_accuracy": 0.784375, "f1_macro": 0.7050269376088323, "pre_macro": 0.7129487102092648, "re_macro": 0.7053, "best_epoch": 12, "val_loss": 0.8883832700692924, "train_loss": 0.8593904972076416}
{"epoch": 13, "val_accuracy": 0.7060111464968153, "train_accuracy": 0.7875, "f1_macro": 0.7052557732275017, "pre_macro": 0.7131124161785635, "re_macro": 0.7055, "best_epoch": 13, "val_loss": 0.8837388002189102, "train_loss": 0.8520252287387848}
{"epoch": 14, "val_accuracy": 0.7071058917197452, "train_accuracy": 0.7890625, "f1_macro": 0.7064164531527923, "pre_macro": 0.7141755387542548, "re_macro": 0.7066, "best_epoch": 14, "val_loss": 0.8801252701479918, "train_loss": 0.8462630450725556}
{"epoch": 15, "val_accuracy": 0.7084992038216561, "train_accuracy": 0.790625, "f1_macro": 0.7075490541531844, "pre_macro": 0.7151346214285028, "re_macro": 0.7077000000000001, "best_epoch": 15, "val_loss": 0.8772952765416188, "train_loss": 0.8417307496070862}
{"epoch": 16, "val_accuracy": 0.7090963375796179, "train_accuracy": 0.790625, "f1_macro": 0.7082046831900172, "pre_macro": 0.7156958896739039, "re_macro": 0.7082999999999999, "best_epoch": 16, "val_loss": 0.8750676334283913, "train_loss": 0.8381510376930237}
{"epoch": 17, "val_accuracy": 0.7096934713375797, "train_accuracy": 0.790625, "f1_macro": 0.7087783531139328, "pre_macro": 0.7162044905777922, "re_macro": 0.7089000000000001, "best_epoch": 17, "val_loss": 0.8733072220140202, "train_loss": 0.8353146195411683}
{"epoch": 18, "val_accuracy": 0.709593949044586, "train_accuracy": 0.7921875, "f1_macro": 0.7087055726059598, "pre_macro": 0.7160370178806614, "re_macro": 0.7088000000000001, "best_epoch": 17, "val_loss": 0.8719117835069158, "train_loss": 0.8330615103244782}
{"epoch": 19, "val_accuracy": 0.7094944267515924, "train_accuracy": 0.79375, "f1_macro": 0.7086512674843244, "pre_macro": 0.7159704743736292, "re_macro": 0.7087000000000001, "best_epoch": 17, "val_loss": 0.8708030110711504, "train_loss": 0.8312683939933777}
{"epoch": 20, "val_accuracy": 0.709593949044586, "train_accuracy": 0.79375, "f1_macro": 0.7087436648023876, "pre_macro": 0.7160614719348735, "re_macro": 0.7088000000000001, "best_epoch": 17, "val_loss": 0.8699203968807391, "train_loss": 0.8298390626907348}
{"epoch": 21, "val_accuracy": 0.7098925159235668, "train_accuracy": 0.79375, "f1_macro": 0.7090621587298215, "pre_macro": 0.7164068263278184, "re_macro": 0.7091000000000001, "best_epoch": 21, "val_loss": 0.8692167594933965, "train_loss": 0.8286985039710999}
{"epoch": 22, "val_accuracy": 0.7097929936305732, "train_accuracy": 0.7953125, "f1_macro": 0.7089570395335764, "pre_macro": 0.7162875862888564, "re_macro": 0.7090000000000001, "best_epoch": 21, "val_loss": 0.8686551819941041, "train_loss": 0.8277874290943146}
{"epoch": 23, "val_accuracy": 0.7097929936305732, "train_accuracy": 0.796875, "f1_macro": 0.7089570395335764, "pre_macro": 0.7162875862888564, "re_macro": 0.7090000000000001, "best_epoch": 21, "val_loss": 0.8682065503612445, "train_loss": 0.8270592451095581}
{"epoch": 24, "val_accuracy": 0.7099920382165605, "train_accuracy": 0.796875, "f1_macro": 0.7091692667688718, "pre_macro": 0.7164875592141398, "re_macro": 0.7092, "best_epoch": 24, "val_loss": 0.8678479498359049, "train_loss": 0.826476776599884}
{"epoch": 25, "val_accuracy": 0.7099920382165605, "train_accuracy": 0.796875, "f1_macro": 0.7091809402343974, "pre_macro": 0.7165062971851655, "re_macro": 0.7092, "best_epoch": 24, "val_loss": 0.8675611243126499, "train_loss": 0.826010811328888}
{"training time": 27.482810974121094}
