{"epoch": 1, "val_accuracy": 0.7864251592356688, "train_accuracy": 0.7630597014925373, "f1_macro": 0.7890687362819173, "pre_macro": 0.8028918056554236, "re_macro": 0.7859999999999999, "best_epoch": 1, "val_loss": 0.5760210515207546, "train_loss": 0.7777952788226894}
{"epoch": 2, "val_accuracy": 0.8032444267515924, "train_accuracy": 0.8211509417623345, "f1_macro": 0.8052588188907676, "pre_macro": 0.8133888289240667, "re_macro": 0.8029, "best_epoch": 2, "val_loss": 0.5348045262181835, "train_loss": 0.6078454120708173}
{"epoch": 3, "val_accuracy": 0.8140923566878981, "train_accuracy": 0.8328891257995735, "f1_macro": 0.8152151962386329, "pre_macro": 0.8196305040012515, "re_macro": 0.8138, "best_epoch": 3, "val_loss": 0.5109500791996148, "train_loss": 0.5795058949288528}
{"epoch": 4, "val_accuracy": 0.8220541401273885, "train_accuracy": 0.837786513859275, "f1_macro": 0.8217740878198615, "pre_macro": 0.8232993161930834, "re_macro": 0.8218, "best_epoch": 4, "val_loss": 0.49625271938409016, "train_loss": 0.5625749769241317}
{"epoch": 5, "val_accuracy": 0.8266321656050956, "train_accuracy": 0.8428282694521744, "f1_macro": 0.8254449947375878, "pre_macro": 0.8260687784855303, "re_macro": 0.8264000000000001, "best_epoch": 5, "val_loss": 0.4880940764193322, "train_loss": 0.5506023631167056}
{"epoch": 6, "val_accuracy": 0.8302149681528662, "train_accuracy": 0.8470371357921852, "f1_macro": 0.8286806622727753, "pre_macro": 0.829034795190632, "re_macro": 0.8299999999999998, "best_epoch": 6, "val_loss": 0.48195091933961126, "train_loss": 0.5416352688503672}
{"epoch": 7, "val_accuracy": 0.8320063694267515, "train_accuracy": 0.84946917203952, "f1_macro": 0.830231439623575, "pre_macro": 0.8303259519323071, "re_macro": 0.8318000000000001, "best_epoch": 7, "val_loss": 0.47678252428200596, "train_loss": 0.5347307958582571}
{"epoch": 8, "val_accuracy": 0.8333001592356688, "train_accuracy": 0.8529562012218972, "f1_macro": 0.831442635035704, "pre_macro": 0.8313659089915122, "re_macro": 0.8331, "best_epoch": 8, "val_loss": 0.4732690166895557, "train_loss": 0.5293000435778327}
{"epoch": 9, "val_accuracy": 0.8332006369426752, "train_accuracy": 0.855088397383944, "f1_macro": 0.8313831429632692, "pre_macro": 0.8312324895271244, "re_macro": 0.833, "best_epoch": 8, "val_loss": 0.4709215957647676, "train_loss": 0.5249982307841783}
{"epoch": 10, "val_accuracy": 0.8331011146496815, "train_accuracy": 0.8568541223306392, "f1_macro": 0.8312878197196166, "pre_macro": 0.8310629800907462, "re_macro": 0.8329000000000001, "best_epoch": 8, "val_loss": 0.46923585777070115, "train_loss": 0.5215978574142781}
{"epoch": 11, "val_accuracy": 0.8343949044585988, "train_accuracy": 0.8582866916270144, "f1_macro": 0.8326704012661648, "pre_macro": 0.8324604892972445, "re_macro": 0.8342, "best_epoch": 11, "val_loss": 0.4679014492946066, "train_loss": 0.5189188118936665}
{"epoch": 12, "val_accuracy": 0.8348925159235668, "train_accuracy": 0.8591862118828779, "f1_macro": 0.8333719577882122, "pre_macro": 0.8331141518184311, "re_macro": 0.8347, "best_epoch": 12, "val_loss": 0.4667757618579136, "train_loss": 0.5168108147725876}
{"epoch": 13, "val_accuracy": 0.8351910828025477, "train_accuracy": 0.8597858920534537, "f1_macro": 0.8337144618704755, "pre_macro": 0.8334389016432695, "re_macro": 0.835, "best_epoch": 13, "val_loss": 0.4657828578144122, "train_loss": 0.5151504440856641}
{"epoch": 14, "val_accuracy": 0.8348925159235668, "train_accuracy": 0.8601523632688055, "f1_macro": 0.8333790261301655, "pre_macro": 0.833010612239443, "re_macro": 0.8347, "best_epoch": 13, "val_loss": 0.4648679734035662, "train_loss": 0.513838854489296}
{"epoch": 15, "val_accuracy": 0.8349920382165605, "train_accuracy": 0.8606965174552983, "f1_macro": 0.8334598697184937, "pre_macro": 0.8330078599362329, "re_macro": 0.8347999999999999, "best_epoch": 13, "val_loss": 0.4640329119506156, "train_loss": 0.5127962863267358}
{"epoch": 16, "val_accuracy": 0.8354896496815286, "train_accuracy": 0.8614627754510339, "f1_macro": 0.8339230854150854, "pre_macro": 0.8334362464945653, "re_macro": 0.8352999999999999, "best_epoch": 16, "val_loss": 0.4633230193025747, "train_loss": 0.5119600312542051}
{"epoch": 17, "val_accuracy": 0.8366839171974523, "train_accuracy": 0.8615294065810978, "f1_macro": 0.8350704685020606, "pre_macro": 0.8345321252176232, "re_macro": 0.8365, "best_epoch": 17, "val_loss": 0.4627699888056251, "train_loss": 0.5112836329794642}
{"epoch": 18, "val_accuracy": 0.8376791401273885, "train_accuracy": 0.8616626688412258, "f1_macro": 0.8359927021476536, "pre_macro": 0.8354452346554513, "re_macro": 0.8375, "best_epoch": 18, "val_loss": 0.46236696364773305, "train_loss": 0.510733735968055}
{"epoch": 19, "val_accuracy": 0.8373805732484076, "train_accuracy": 0.8618625622314177, "f1_macro": 0.8356407872989653, "pre_macro": 0.835071789270405, "re_macro": 0.8371999999999999, "best_epoch": 18, "val_loss": 0.46208313069525797, "train_loss": 0.5102856556998133}
{"epoch": 20, "val_accuracy": 0.8370820063694268, "train_accuracy": 0.8619291933614817, "f1_macro": 0.8353471379753404, "pre_macro": 0.8347609091547256, "re_macro": 0.8369, "best_epoch": 18, "val_loss": 0.46188418102112544, "train_loss": 0.5099202716020125}
{"epoch": 21, "val_accuracy": 0.8377786624203821, "train_accuracy": 0.8621957178817374, "f1_macro": 0.8360348951338163, "pre_macro": 0.8354430737869594, "re_macro": 0.8376000000000001, "best_epoch": 21, "val_loss": 0.46174277963152355, "train_loss": 0.5096222940030128}
{"epoch": 22, "val_accuracy": 0.8379777070063694, "train_accuracy": 0.8624622424019933, "f1_macro": 0.8362785622741186, "pre_macro": 0.8357086374619295, "re_macro": 0.8378, "best_epoch": 22, "val_loss": 0.4616402771062912, "train_loss": 0.5093794411052265}
{"epoch": 23, "val_accuracy": 0.8377786624203821, "train_accuracy": 0.8624955579670254, "f1_macro": 0.8361053174030308, "pre_macro": 0.8355265260034891, "re_macro": 0.8376000000000001, "best_epoch": 22, "val_loss": 0.4615646135655178, "train_loss": 0.5091817178832951}
{"epoch": 24, "val_accuracy": 0.8376791401273885, "train_accuracy": 0.8624289268369614, "f1_macro": 0.8360364265723934, "pre_macro": 0.8354666343972322, "re_macro": 0.8375, "best_epoch": 22, "val_loss": 0.4615079891529812, "train_loss": 0.5090209882396625}
{"epoch": 25, "val_accuracy": 0.8376791401273885, "train_accuracy": 0.8624955579670254, "f1_macro": 0.8360871144721109, "pre_macro": 0.8355121867302511, "re_macro": 0.8375, "best_epoch": 22, "val_loss": 0.46146507039191614, "train_loss": 0.5088905904338812}
{"training time": 139.43036127090454}
