{"epoch": 1, "val_accuracy": 0.7014331210191083, "train_accuracy": 0.5957921743392944, "f1_macro": 0.6987553514444228, "pre_macro": 0.7075218321303242, "re_macro": 0.7006, "best_epoch": 1, "val_loss": 0.875431921072067, "train_loss": 1.4304008395113843}
{"epoch": 2, "val_accuracy": 0.73546974522293, "train_accuracy": 0.7306231006662897, "f1_macro": 0.7322558338837623, "pre_macro": 0.7365059306344116, "re_macro": 0.7348, "best_epoch": 2, "val_loss": 0.7500853515734338, "train_loss": 0.8551978468894958}
{"epoch": 3, "val_accuracy": 0.7546775477707006, "train_accuracy": 0.7639627672256307, "f1_macro": 0.7520768508733104, "pre_macro": 0.755802230320071, "re_macro": 0.7537999999999999, "best_epoch": 3, "val_loss": 0.7045002154483917, "train_loss": 0.7620692050203364}
{"epoch": 4, "val_accuracy": 0.7622412420382165, "train_accuracy": 0.7839570679563157, "f1_macro": 0.7599631930659825, "pre_macro": 0.7638217423826424, "re_macro": 0.7614, "best_epoch": 4, "val_loss": 0.6803710872580291, "train_loss": 0.715727132685641}
{"epoch": 5, "val_accuracy": 0.7679140127388535, "train_accuracy": 0.7945953658286561, "f1_macro": 0.7652899434392356, "pre_macro": 0.7687454557002706, "re_macro": 0.7671, "best_epoch": 5, "val_loss": 0.6653055527787299, "train_loss": 0.6870686285039211}
{"epoch": 6, "val_accuracy": 0.772890127388535, "train_accuracy": 0.8052336637009966, "f1_macro": 0.7696446332839221, "pre_macro": 0.7722616333248107, "re_macro": 0.7720999999999999, "best_epoch": 6, "val_loss": 0.6544466988675913, "train_loss": 0.6678695031937133}
{"epoch": 7, "val_accuracy": 0.7752786624203821, "train_accuracy": 0.8079407303891284, "f1_macro": 0.7714361649935836, "pre_macro": 0.7728460443533262, "re_macro": 0.7745, "best_epoch": 7, "val_loss": 0.6455233993044325, "train_loss": 0.6542137816865393}
{"epoch": 8, "val_accuracy": 0.7787619426751592, "train_accuracy": 0.8112651984742347, "f1_macro": 0.7749887067149047, "pre_macro": 0.7755209280339029, "re_macro": 0.7779999999999999, "best_epoch": 8, "val_loss": 0.6378858932264292, "train_loss": 0.6438572254586727}
{"epoch": 9, "val_accuracy": 0.7811504777070064, "train_accuracy": 0.8169167942189156, "f1_macro": 0.7779355910741724, "pre_macro": 0.7778876121163447, "re_macro": 0.7804, "best_epoch": 9, "val_loss": 0.6317478220933562, "train_loss": 0.6355974680565774}
{"epoch": 10, "val_accuracy": 0.7837380573248408, "train_accuracy": 0.8212386027295538, "f1_macro": 0.7811161615913857, "pre_macro": 0.7808743295176213, "re_macro": 0.7830000000000001, "best_epoch": 10, "val_loss": 0.6273149212074888, "train_loss": 0.628897155853028}
{"epoch": 11, "val_accuracy": 0.7846337579617835, "train_accuracy": 0.8245630708146603, "f1_macro": 0.7822939889168838, "pre_macro": 0.7821410716522774, "re_macro": 0.7838999999999999, "best_epoch": 11, "val_loss": 0.624252068768641, "train_loss": 0.6235561250372136}
{"epoch": 12, "val_accuracy": 0.7851313694267515, "train_accuracy": 0.827555092091256, "f1_macro": 0.7830375375914518, "pre_macro": 0.7829354164800644, "re_macro": 0.7844, "best_epoch": 12, "val_loss": 0.6220780783777784, "train_loss": 0.6193962610782461}
{"epoch": 13, "val_accuracy": 0.7852308917197452, "train_accuracy": 0.8292173261338092, "f1_macro": 0.7833476564454236, "pre_macro": 0.7833480749483847, "re_macro": 0.7845, "best_epoch": 13, "val_loss": 0.620472271920769, "train_loss": 0.6161706561737872}
{"epoch": 14, "val_accuracy": 0.7856289808917197, "train_accuracy": 0.8308795601763623, "f1_macro": 0.7838444805476058, "pre_macro": 0.7838942428124366, "re_macro": 0.7849, "best_epoch": 14, "val_loss": 0.6192552515655566, "train_loss": 0.6136538075639847}
{"epoch": 15, "val_accuracy": 0.785828025477707, "train_accuracy": 0.8315444537933837, "f1_macro": 0.7841037856652118, "pre_macro": 0.7841842325814673, "re_macro": 0.7851, "best_epoch": 15, "val_loss": 0.6183182764205204, "train_loss": 0.6116778818850822}
{"epoch": 16, "val_accuracy": 0.7862261146496815, "train_accuracy": 0.8318769006018943, "f1_macro": 0.7845609979554451, "pre_macro": 0.784695326233402, "re_macro": 0.7855, "best_epoch": 16, "val_loss": 0.6175893368614707, "train_loss": 0.6101193783131051}
{"epoch": 17, "val_accuracy": 0.7860270700636943, "train_accuracy": 0.8332066878359369, "f1_macro": 0.7844205030532284, "pre_macro": 0.7845964861488042, "re_macro": 0.7853, "best_epoch": 16, "val_loss": 0.6170181871219805, "train_loss": 0.6088857682461434}
{"epoch": 18, "val_accuracy": 0.7865246815286624, "train_accuracy": 0.8335391346444475, "f1_macro": 0.7850021161305002, "pre_macro": 0.7852138677630649, "re_macro": 0.7857999999999999, "best_epoch": 18, "val_loss": 0.6165683652944626, "train_loss": 0.6079067296170174}
{"epoch": 19, "val_accuracy": 0.7864251592356688, "train_accuracy": 0.8335391346444475, "f1_macro": 0.7849421734921723, "pre_macro": 0.7851999562956384, "re_macro": 0.7857000000000001, "best_epoch": 18, "val_loss": 0.61621275259431, "train_loss": 0.60712808624227}
{"epoch": 20, "val_accuracy": 0.7864251592356688, "train_accuracy": 0.8342040282614688, "f1_macro": 0.7849462418871467, "pre_macro": 0.7852194665594833, "re_macro": 0.7857000000000001, "best_epoch": 18, "val_loss": 0.6159308486303706, "train_loss": 0.6065078973770142}
{"epoch": 21, "val_accuracy": 0.7865246815286624, "train_accuracy": 0.8342040282614688, "f1_macro": 0.7850733872621374, "pre_macro": 0.785370662150643, "re_macro": 0.7857999999999999, "best_epoch": 18, "val_loss": 0.6157069153087155, "train_loss": 0.6060132872551045}
{"epoch": 22, "val_accuracy": 0.7866242038216561, "train_accuracy": 0.8345364750699794, "f1_macro": 0.7851729655353499, "pre_macro": 0.7854747185198613, "re_macro": 0.7858999999999999, "best_epoch": 22, "val_loss": 0.615528738612582, "train_loss": 0.6056184717949401}
{"epoch": 23, "val_accuracy": 0.7866242038216561, "train_accuracy": 0.8345364750699794, "f1_macro": 0.785187066038031, "pre_macro": 0.7855052047054891, "re_macro": 0.7858999999999999, "best_epoch": 22, "val_loss": 0.6153867751549763, "train_loss": 0.6053030858648584}
{"epoch": 24, "val_accuracy": 0.7867237261146497, "train_accuracy": 0.83486892187849, "f1_macro": 0.7852842730667386, "pre_macro": 0.78560274346527, "re_macro": 0.7859999999999999, "best_epoch": 24, "val_loss": 0.6152735840363107, "train_loss": 0.6050510152857355}
{"epoch": 25, "val_accuracy": 0.7868232484076433, "train_accuracy": 0.83486892187849, "f1_macro": 0.7853952520619901, "pre_macro": 0.7857316100156361, "re_macro": 0.7861, "best_epoch": 25, "val_loss": 0.6151832446550868, "train_loss": 0.6048494444248524}
{"training time": 34.94690275192261}
