{"epoch": 1, "val_accuracy": 0.7978702229299363, "train_accuracy": 0.632598785643882, "f1_macro": 0.7935912312871409, "pre_macro": 0.814492434045281, "re_macro": 0.7924147382499414, "best_epoch": 1, "val_loss": 0.6622588520596742, "train_loss": 7.93839238552337}
{"epoch": 2, "val_accuracy": 0.8350915605095541, "train_accuracy": 0.8584726452827454, "f1_macro": 0.8340236179984725, "pre_macro": 0.8511690050687273, "re_macro": 0.8324476909354184, "best_epoch": 2, "val_loss": 0.5178577693499578, "train_loss": 6.941261017576177}
{"epoch": 3, "val_accuracy": 0.8586783439490446, "train_accuracy": 0.9050626906942814, "f1_macro": 0.8586059797489396, "pre_macro": 0.8693356985305425, "re_macro": 0.8569753261183388, "best_epoch": 3, "val_loss": 0.4613064482903025, "train_loss": 6.584707960169366}
{"epoch": 4, "val_accuracy": 0.8777866242038217, "train_accuracy": 0.9303761403611366, "f1_macro": 0.8769263432400256, "pre_macro": 0.8815828115330611, "re_macro": 0.876214387086673, "best_epoch": 4, "val_loss": 0.4099177745212415, "train_loss": 6.348759854093511}
{"epoch": 5, "val_accuracy": 0.8854498407643312, "train_accuracy": 0.9440064595100728, "f1_macro": 0.8843142825871165, "pre_macro": 0.8858780415139138, "re_macro": 0.8843057101347069, "best_epoch": 5, "val_loss": 0.3899790138290946, "train_loss": 6.180432248622813}
{"epoch": 6, "val_accuracy": 0.887937898089172, "train_accuracy": 0.9563069914249663, "f1_macro": 0.8861926244480097, "pre_macro": 0.8872892927404219, "re_macro": 0.8868026208385856, "best_epoch": 6, "val_loss": 0.37735853681139125, "train_loss": 6.048850211691349}
{"epoch": 7, "val_accuracy": 0.8885350318471338, "train_accuracy": 0.963383360111967, "f1_macro": 0.8869403967044274, "pre_macro": 0.8883480819069135, "re_macro": 0.887726583157245, "best_epoch": 7, "val_loss": 0.3712184705006279, "train_loss": 5.948719166694803}
{"epoch": 8, "val_accuracy": 0.8880374203821656, "train_accuracy": 0.9666603347088428, "f1_macro": 0.8867635014259821, "pre_macro": 0.8891324952109466, "re_macro": 0.8872364863364727, "best_epoch": 7, "val_loss": 0.37295256528979653, "train_loss": 5.872369289398193}
{"epoch": 9, "val_accuracy": 0.8779856687898089, "train_accuracy": 0.9720269771332436, "f1_macro": 0.8767236023238049, "pre_macro": 0.8848185061820685, "re_macro": 0.87699853892845, "best_epoch": 7, "val_loss": 0.3952350173335356, "train_loss": 5.814010457789644}
{"epoch": 10, "val_accuracy": 0.8809713375796179, "train_accuracy": 0.979008360111967, "f1_macro": 0.8795254402924565, "pre_macro": 0.8871769716515947, "re_macro": 0.8794952281224948, "best_epoch": 7, "val_loss": 0.38969660827973085, "train_loss": 5.7646984140923685}
{"epoch": 11, "val_accuracy": 0.8863455414012739, "train_accuracy": 0.9816679345800522, "f1_macro": 0.8851199830717796, "pre_macro": 0.8891089937398007, "re_macro": 0.885180970901526, "best_epoch": 7, "val_loss": 0.37399151153672655, "train_loss": 5.722007518119001}
{"epoch": 12, "val_accuracy": 0.8877388535031847, "train_accuracy": 0.9833301686226054, "f1_macro": 0.8863063388382832, "pre_macro": 0.8899792211479696, "re_macro": 0.8864621336857006, "best_epoch": 7, "val_loss": 0.37275199142468585, "train_loss": 5.6886067390441895}
{"epoch": 13, "val_accuracy": 0.8893312101910829, "train_accuracy": 0.9829977218140947, "f1_macro": 0.8875667901540398, "pre_macro": 0.8911213965064047, "re_macro": 0.8878332280228902, "best_epoch": 13, "val_loss": 0.37072061251398103, "train_loss": 5.665154670147186}
{"epoch": 14, "val_accuracy": 0.8915207006369427, "train_accuracy": 0.9813354877715416, "f1_macro": 0.8896938526677116, "pre_macro": 0.8928335401807953, "re_macro": 0.890026761521559, "best_epoch": 14, "val_loss": 0.36665898043021655, "train_loss": 5.646321732947167}
{"epoch": 15, "val_accuracy": 0.8939092356687898, "train_accuracy": 0.9813354877715416, "f1_macro": 0.8920224586906755, "pre_macro": 0.8944316551474654, "re_macro": 0.8923724575630851, "best_epoch": 15, "val_loss": 0.360868248293639, "train_loss": 5.630720189277162}
{"training time": 18.825859785079956}
