{"epoch": 1, "val_accuracy": 0.8874402866242038, "train_accuracy": 0.853189410177121, "f1_macro": 0.8865277606457159, "pre_macro": 0.8952049622502652, "re_macro": 0.8870664360338096, "best_epoch": 1, "val_loss": 0.3772274389815558, "train_loss": 6.10148995568249}
{"epoch": 2, "val_accuracy": 0.9111265923566879, "train_accuracy": 0.9165889304329846, "f1_macro": 0.9103655647834819, "pre_macro": 0.9138045735573875, "re_macro": 0.9106908185472438, "best_epoch": 2, "val_loss": 0.29450505559042, "train_loss": 4.317242871977881}
{"epoch": 3, "val_accuracy": 0.9168988853503185, "train_accuracy": 0.9327358742004265, "f1_macro": 0.916555272031457, "pre_macro": 0.9204846406615699, "re_macro": 0.9168511451959824, "best_epoch": 3, "val_loss": 0.2748509762440897, "train_loss": 3.5023550753400268}
{"epoch": 4, "val_accuracy": 0.9192874203821656, "train_accuracy": 0.9417754975971637, "f1_macro": 0.9190088806370881, "pre_macro": 0.9238448923284984, "re_macro": 0.9189120137611274, "best_epoch": 4, "val_loss": 0.2593106645734827, "train_loss": 3.0192508951687356}
{"epoch": 5, "val_accuracy": 0.9328224522292994, "train_accuracy": 0.9499044954649675, "f1_macro": 0.931855779683203, "pre_macro": 0.933577177530041, "re_macro": 0.93200326327133, "best_epoch": 5, "val_loss": 0.22051199830499044, "train_loss": 2.697205417445982}
{"epoch": 6, "val_accuracy": 0.9406847133757962, "train_accuracy": 0.9552905117270789, "f1_macro": 0.939707854007288, "pre_macro": 0.9401650328674339, "re_macro": 0.9401691779745202, "best_epoch": 6, "val_loss": 0.19875726249116432, "train_loss": 2.468778053580571}
{"epoch": 7, "val_accuracy": 0.9445660828025477, "train_accuracy": 0.9610763148966629, "f1_macro": 0.9436030131958466, "pre_macro": 0.944036414939306, "re_macro": 0.9439760593793597, "best_epoch": 7, "val_loss": 0.185165176927379, "train_loss": 2.2984772714724673}
{"epoch": 8, "val_accuracy": 0.9478503184713376, "train_accuracy": 0.9652629709447117, "f1_macro": 0.9469290920945493, "pre_macro": 0.9474502473698146, "re_macro": 0.9470332285924732, "best_epoch": 8, "val_loss": 0.1721705596799114, "train_loss": 2.167975250846033}
{"epoch": 9, "val_accuracy": 0.9502388535031847, "train_accuracy": 0.9689943142282937, "f1_macro": 0.9493049528876032, "pre_macro": 0.9498984901068758, "re_macro": 0.9492550472901524, "best_epoch": 9, "val_loss": 0.16444742836497106, "train_loss": 2.065909211061148}
{"epoch": 10, "val_accuracy": 0.9521297770700637, "train_accuracy": 0.9715262971707245, "f1_macro": 0.9512031718244602, "pre_macro": 0.9517030980398362, "re_macro": 0.951121775510441, "best_epoch": 10, "val_loss": 0.15817814793698726, "train_loss": 1.9842274044114134}
{"epoch": 11, "val_accuracy": 0.9540207006369427, "train_accuracy": 0.9736918088978034, "f1_macro": 0.9531803444478607, "pre_macro": 0.9536441529283278, "re_macro": 0.9531326375056277, "best_epoch": 11, "val_loss": 0.1544123273936047, "train_loss": 1.9191372580111408}
{"epoch": 12, "val_accuracy": 0.9545183121019108, "train_accuracy": 0.9757573739297862, "f1_macro": 0.9536890251996393, "pre_macro": 0.9541824670353091, "re_macro": 0.953620565004857, "best_epoch": 12, "val_loss": 0.1525577423400038, "train_loss": 1.867506785179252}
{"epoch": 13, "val_accuracy": 0.9554140127388535, "train_accuracy": 0.9774564677464174, "f1_macro": 0.9545740219136214, "pre_macro": 0.9550347174972383, "re_macro": 0.9545056268652162, "best_epoch": 13, "val_loss": 0.1503657571063822, "train_loss": 1.8261024252946443}
{"epoch": 14, "val_accuracy": 0.955812101910828, "train_accuracy": 0.978400408713294, "f1_macro": 0.9549765653491786, "pre_macro": 0.955302095073451, "re_macro": 0.9549455229515497, "best_epoch": 14, "val_loss": 0.14674939680547947, "train_loss": 1.7926649355939202}
{"epoch": 15, "val_accuracy": 0.9567078025477707, "train_accuracy": 0.9797330313145733, "f1_macro": 0.9559011282359157, "pre_macro": 0.9560375524110419, "re_macro": 0.9559273830917461, "best_epoch": 15, "val_loss": 0.1428828033630493, "train_loss": 1.7657064725595242}
{"training time": 84.89733576774597}
