{"epoch": 1, "val_accuracy": 0.9116242038216561, "train_accuracy": 0.8627485795454546, "f1_macro": 0.9106061704337705, "pre_macro": 0.9147714829895783, "re_macro": 0.9109237836306256, "best_epoch": 1, "val_loss": 0.30535176906521155, "train_loss": 5.623817220330238}
{"epoch": 2, "val_accuracy": 0.9178941082802548, "train_accuracy": 0.919189453125, "f1_macro": 0.9171154155995298, "pre_macro": 0.9223295712325621, "re_macro": 0.9175313872619103, "best_epoch": 2, "val_loss": 0.27989646060997325, "train_loss": 3.639294954186136}
{"epoch": 3, "val_accuracy": 0.9378980891719745, "train_accuracy": 0.9355024857954546, "f1_macro": 0.9367902407169529, "pre_macro": 0.9388419908520556, "re_macro": 0.9370074849498282, "best_epoch": 3, "val_loss": 0.2169201058412718, "train_loss": 2.811182289976965}
{"epoch": 4, "val_accuracy": 0.9381966560509554, "train_accuracy": 0.9449573863636364, "f1_macro": 0.937210014354742, "pre_macro": 0.9393328328641253, "re_macro": 0.9369634889883312, "best_epoch": 4, "val_loss": 0.2036040063330512, "train_loss": 2.3447894850237803}
{"epoch": 5, "val_accuracy": 0.9411823248407644, "train_accuracy": 0.9527698863636364, "f1_macro": 0.9402811828425713, "pre_macro": 0.9422638169548738, "re_macro": 0.9401595798571053, "best_epoch": 5, "val_loss": 0.19328782026460217, "train_loss": 2.0411812859502705}
{"epoch": 6, "val_accuracy": 0.9423765923566879, "train_accuracy": 0.9591619318181818, "f1_macro": 0.9416733845971337, "pre_macro": 0.9442379086132597, "re_macro": 0.9412273460121939, "best_epoch": 6, "val_loss": 0.18102618213742971, "train_loss": 1.8284665818580172}
{"epoch": 7, "val_accuracy": 0.9459593949044586, "train_accuracy": 0.9641557173295454, "f1_macro": 0.9453551340154664, "pre_macro": 0.9481473534873748, "re_macro": 0.9448013217592182, "best_epoch": 7, "val_loss": 0.17570309970931264, "train_loss": 1.6722285254773768}
{"epoch": 8, "val_accuracy": 0.9527269108280255, "train_accuracy": 0.9678178267045454, "f1_macro": 0.9523586869632288, "pre_macro": 0.9541062842819079, "re_macro": 0.951733521222508, "best_epoch": 8, "val_loss": 0.15495462863925535, "train_loss": 1.5541856595399706}
{"epoch": 9, "val_accuracy": 0.9571058917197452, "train_accuracy": 0.9708140980113636, "f1_macro": 0.9568146220366641, "pre_macro": 0.9578640681117898, "re_macro": 0.9563673683185696, "best_epoch": 9, "val_loss": 0.14030164014844662, "train_loss": 1.4629804310812191}
{"epoch": 10, "val_accuracy": 0.9590963375796179, "train_accuracy": 0.9738547585227273, "f1_macro": 0.9587347732320838, "pre_macro": 0.9594798501766728, "re_macro": 0.9584587614340305, "best_epoch": 10, "val_loss": 0.1348887491603471, "train_loss": 1.3915038196878}
{"epoch": 11, "val_accuracy": 0.9615843949044586, "train_accuracy": 0.9758966619318182, "f1_macro": 0.9611610772396746, "pre_macro": 0.96177473233941, "re_macro": 0.9609283881880147, "best_epoch": 11, "val_loss": 0.12868156343117165, "train_loss": 1.3353806564753705}
{"epoch": 12, "val_accuracy": 0.9657643312101911, "train_accuracy": 0.9769398082386364, "f1_macro": 0.965366346623048, "pre_macro": 0.9657043784768163, "re_macro": 0.9652249709147458, "best_epoch": 12, "val_loss": 0.12003311976363325, "train_loss": 1.291342761706222}
{"epoch": 13, "val_accuracy": 0.9675557324840764, "train_accuracy": 0.9786044034090909, "f1_macro": 0.9671057580170899, "pre_macro": 0.9672252689605806, "re_macro": 0.9670565797534838, "best_epoch": 13, "val_loss": 0.11362738307316307, "train_loss": 1.2563518341630697}
{"epoch": 14, "val_accuracy": 0.9684514331210191, "train_accuracy": 0.9801580255681818, "f1_macro": 0.9680323012535099, "pre_macro": 0.9681589980984263, "re_macro": 0.9679638316445622, "best_epoch": 14, "val_loss": 0.10993824417222363, "train_loss": 1.2283539365638385}
{"epoch": 15, "val_accuracy": 0.9692476114649682, "train_accuracy": 0.9808238636363636, "f1_macro": 0.9688435732883096, "pre_macro": 0.968966682349976, "re_macro": 0.9687726279129525, "best_epoch": 15, "val_loss": 0.10792071285811816, "train_loss": 1.2061140212145718}
{"training time": 121.56982946395874}
