{"epoch": 1, "val_accuracy": 0.8737062101910829, "train_accuracy": 0.810283688027808, "f1_macro": 0.8713038486291049, "pre_macro": 0.88255916769444, "re_macro": 0.8722407792215681, "best_epoch": 1, "val_loss": 0.4052438771791139, "train_loss": 6.7888443459855745}
{"epoch": 2, "val_accuracy": 0.8676353503184714, "train_accuracy": 0.9006870569066798, "f1_macro": 0.8611703511034735, "pre_macro": 0.8790517029146123, "re_macro": 0.8665905599446505, "best_epoch": 1, "val_loss": 0.4110885182763361, "train_loss": 5.445164467426056}
{"epoch": 3, "val_accuracy": 0.886843152866242, "train_accuracy": 0.9214760638297872, "f1_macro": 0.8846275068384488, "pre_macro": 0.8952674831560643, "re_macro": 0.885861332476915, "best_epoch": 3, "val_loss": 0.36479512365997596, "train_loss": 4.752470712458834}
{"epoch": 4, "val_accuracy": 0.9037619426751592, "train_accuracy": 0.9341976952045522, "f1_macro": 0.9019622715938287, "pre_macro": 0.9070198735252456, "re_macro": 0.9030007137330252, "best_epoch": 4, "val_loss": 0.3205968244891068, "train_loss": 4.2949547625602555}
{"epoch": 5, "val_accuracy": 0.9020700636942676, "train_accuracy": 0.9443484042553192, "f1_macro": 0.8995456947670858, "pre_macro": 0.9057364257041953, "re_macro": 0.9017860399615276, "best_epoch": 4, "val_loss": 0.31932389259243465, "train_loss": 3.9739985516730774}
{"epoch": 6, "val_accuracy": 0.8960987261146497, "train_accuracy": 0.9519281914893617, "f1_macro": 0.8937191274588198, "pre_macro": 0.9015445636251662, "re_macro": 0.8953258998662619, "best_epoch": 4, "val_loss": 0.3276216945118585, "train_loss": 3.740378860717124}
{"epoch": 7, "val_accuracy": 0.9044585987261147, "train_accuracy": 0.9583776595744681, "f1_macro": 0.9028477663450845, "pre_macro": 0.9073192241130326, "re_macro": 0.9028828526412701, "best_epoch": 7, "val_loss": 0.3027002866124841, "train_loss": 3.5649642437062363}
{"epoch": 8, "val_accuracy": 0.9136146496815286, "train_accuracy": 0.9634973404255319, "f1_macro": 0.9119829227051083, "pre_macro": 0.9152693356298458, "re_macro": 0.9118413288803143, "best_epoch": 8, "val_loss": 0.2746068836800801, "train_loss": 3.42801644447002}
{"epoch": 9, "val_accuracy": 0.9227707006369427, "train_accuracy": 0.9676196808510639, "f1_macro": 0.9213619946776566, "pre_macro": 0.9230203165229305, "re_macro": 0.9212691459093655, "best_epoch": 9, "val_loss": 0.2519255047367447, "train_loss": 3.319918307852238}
{"epoch": 10, "val_accuracy": 0.9267515923566879, "train_accuracy": 0.9707446808510638, "f1_macro": 0.9252000150470836, "pre_macro": 0.9260239926365662, "re_macro": 0.9253163445068706, "best_epoch": 10, "val_loss": 0.23970055742082513, "train_loss": 3.234722390073411}
{"epoch": 11, "val_accuracy": 0.9284434713375797, "train_accuracy": 0.9737367021276596, "f1_macro": 0.9269599079702037, "pre_macro": 0.9274787564031108, "re_macro": 0.9271287511020558, "best_epoch": 11, "val_loss": 0.2324223027677293, "train_loss": 3.167460767258989}
{"epoch": 12, "val_accuracy": 0.9297372611464968, "train_accuracy": 0.9754654255319148, "f1_macro": 0.9283090374987397, "pre_macro": 0.9286702603410714, "re_macro": 0.9284590239882557, "best_epoch": 12, "val_loss": 0.227925686438562, "train_loss": 3.1137330278437187}
{"epoch": 13, "val_accuracy": 0.9304339171974523, "train_accuracy": 0.9774601063829788, "f1_macro": 0.9289812312552528, "pre_macro": 0.9295851602295349, "re_macro": 0.9290437623390908, "best_epoch": 13, "val_loss": 0.22691284433885175, "train_loss": 3.0704333761905103}
{"epoch": 14, "val_accuracy": 0.9309315286624203, "train_accuracy": 0.9787898936170213, "f1_macro": 0.9295060424774346, "pre_macro": 0.93042791472032, "re_macro": 0.9294562368170312, "best_epoch": 14, "val_loss": 0.22764046955260503, "train_loss": 3.035327351346929}
{"epoch": 15, "val_accuracy": 0.9324243630573248, "train_accuracy": 0.9799867021276596, "f1_macro": 0.9310568762342364, "pre_macro": 0.9321068424343768, "re_macro": 0.9309609437408763, "best_epoch": 15, "val_loss": 0.22650164711010304, "train_loss": 3.0069838594883045}
{"training time": 47.43048095703125}
