{"epoch": 100, "loss": 7771.19921875}
{"epoch": 200, "loss": 7767.89111328125}
{"epoch": 300, "loss": 7764.9677734375}
{"epoch": 400, "loss": 7762.43603515625}
{"epoch": 500, "loss": 7759.998046875}
{"epoch": 600, "loss": 7757.431640625}
{"epoch": 700, "loss": 7754.98974609375}
{"epoch": 800, "loss": 7752.72705078125}
{"epoch": 900, "loss": 7750.54052734375}
{"epoch": 1000, "loss": 7748.349609375}
{"training_time:": "3.0055s", "final_loss": 7748.349609375}
