{"epoch": 1, "val_accuracy": 0.8311106687898089, "train_accuracy": 0.8175381747159091, "f1_macro": 0.8306095609971098, "pre_macro": 0.8342370273473915, "re_macro": 0.8309, "best_epoch": 1, "val_loss": 0.4776649349814008, "train_loss": 0.5795951475473967}
{"epoch": 2, "val_accuracy": 0.8468351910828026, "train_accuracy": 0.8655229048295454, "f1_macro": 0.8464139866512708, "pre_macro": 0.8489625807314809, "re_macro": 0.8466999999999999, "best_epoch": 2, "val_loss": 0.4332046131988999, "train_loss": 0.4406932848505676}
{"epoch": 3, "val_accuracy": 0.850218949044586, "train_accuracy": 0.8826793323863636, "f1_macro": 0.8498095047098658, "pre_macro": 0.8537535927434808, "re_macro": 0.8497999999999999, "best_epoch": 3, "val_loss": 0.4251550010814788, "train_loss": 0.39002530865201895}
{"epoch": 4, "val_accuracy": 0.8548964968152867, "train_accuracy": 0.8948419744318182, "f1_macro": 0.8548166913833883, "pre_macro": 0.8590989985081814, "re_macro": 0.8542, "best_epoch": 4, "val_loss": 0.4099368812267188, "train_loss": 0.3568947682665153}
{"epoch": 5, "val_accuracy": 0.859375, "train_accuracy": 0.9036088423295454, "f1_macro": 0.8594152386306609, "pre_macro": 0.8632405019856042, "re_macro": 0.8587, "best_epoch": 5, "val_loss": 0.39140991956754856, "train_loss": 0.3325165271102874}
{"epoch": 6, "val_accuracy": 0.8642515923566879, "train_accuracy": 0.9117098721590909, "f1_macro": 0.8643012270171953, "pre_macro": 0.866689440656244, "re_macro": 0.8636000000000001, "best_epoch": 6, "val_loss": 0.37484691728642033, "train_loss": 0.31364780242173845}
{"epoch": 7, "val_accuracy": 0.8718152866242038, "train_accuracy": 0.9177911931818182, "f1_macro": 0.8714564708383591, "pre_macro": 0.8725515352663497, "re_macro": 0.8712, "best_epoch": 7, "val_loss": 0.3612495299167694, "train_loss": 0.2979610310655765}
{"epoch": 8, "val_accuracy": 0.8737062101910829, "train_accuracy": 0.9226962002840909, "f1_macro": 0.8737361571199914, "pre_macro": 0.8752346522649104, "re_macro": 0.8731, "best_epoch": 8, "val_loss": 0.35496729963524326, "train_loss": 0.2849716582145034}
{"epoch": 9, "val_accuracy": 0.8758957006369427, "train_accuracy": 0.9258922230113636, "f1_macro": 0.8755339940724213, "pre_macro": 0.8761706164855028, "re_macro": 0.8753, "best_epoch": 9, "val_loss": 0.34701783544603426, "train_loss": 0.27409968217199837}
{"epoch": 10, "val_accuracy": 0.87609474522293, "train_accuracy": 0.9294877485795454, "f1_macro": 0.8757868426307676, "pre_macro": 0.8763878426177116, "re_macro": 0.8755000000000001, "best_epoch": 10, "val_loss": 0.3436585979381944, "train_loss": 0.2647880063794384}
{"epoch": 11, "val_accuracy": 0.8789808917197452, "train_accuracy": 0.9324618252840909, "f1_macro": 0.8787298834972896, "pre_macro": 0.8793092018551277, "re_macro": 0.8783999999999998, "best_epoch": 11, "val_loss": 0.34018404665551366, "train_loss": 0.2564945289103145}
{"epoch": 12, "val_accuracy": 0.8809713375796179, "train_accuracy": 0.9350807883522727, "f1_macro": 0.8805922435780047, "pre_macro": 0.8809384366183423, "re_macro": 0.8804000000000001, "best_epoch": 12, "val_loss": 0.3378881759182283, "train_loss": 0.2496381010331044}
{"epoch": 13, "val_accuracy": 0.8810708598726115, "train_accuracy": 0.9369895241477273, "f1_macro": 0.8804397347256211, "pre_macro": 0.8805650166759387, "re_macro": 0.8805, "best_epoch": 13, "val_loss": 0.3350553659686617, "train_loss": 0.2437923327194188}
{"epoch": 14, "val_accuracy": 0.8817675159235668, "train_accuracy": 0.9394087357954546, "f1_macro": 0.8810556753797266, "pre_macro": 0.8812133252078909, "re_macro": 0.8812, "best_epoch": 14, "val_loss": 0.3334824215075013, "train_loss": 0.2390535979806869}
{"epoch": 15, "val_accuracy": 0.8820660828025477, "train_accuracy": 0.9409845525568182, "f1_macro": 0.8812955985592845, "pre_macro": 0.8813725074756237, "re_macro": 0.8815, "best_epoch": 15, "val_loss": 0.33173251930315784, "train_loss": 0.23524294362869114}
{"epoch": 16, "val_accuracy": 0.8828622611464968, "train_accuracy": 0.9419833096590909, "f1_macro": 0.8820439528922641, "pre_macro": 0.8820764215406424, "re_macro": 0.8823000000000001, "best_epoch": 16, "val_loss": 0.33049873886689257, "train_loss": 0.23204358321064236}
{"epoch": 17, "val_accuracy": 0.883359872611465, "train_accuracy": 0.9427157315340909, "f1_macro": 0.8826096365623226, "pre_macro": 0.8826624011100975, "re_macro": 0.8827999999999999, "best_epoch": 17, "val_loss": 0.32947518524660424, "train_loss": 0.22941115182104774}
{"epoch": 18, "val_accuracy": 0.8844546178343949, "train_accuracy": 0.943603515625, "f1_macro": 0.883732878431869, "pre_macro": 0.8837971644191829, "re_macro": 0.8839, "best_epoch": 18, "val_loss": 0.3287226882092892, "train_loss": 0.22721817635465413}
{"epoch": 19, "val_accuracy": 0.8842555732484076, "train_accuracy": 0.9443581321022727, "f1_macro": 0.8835068941962103, "pre_macro": 0.8835658212085992, "re_macro": 0.8836999999999999, "best_epoch": 18, "val_loss": 0.3282058530599828, "train_loss": 0.225402914760211}
{"epoch": 20, "val_accuracy": 0.8847531847133758, "train_accuracy": 0.94482421875, "f1_macro": 0.8839756044090882, "pre_macro": 0.8840618454650514, "re_macro": 0.8842000000000001, "best_epoch": 20, "val_loss": 0.3278408930844562, "train_loss": 0.2239053396571597}
{"epoch": 21, "val_accuracy": 0.884952229299363, "train_accuracy": 0.9452903053977273, "f1_macro": 0.8841521006258711, "pre_macro": 0.8842427906851504, "re_macro": 0.8844, "best_epoch": 21, "val_loss": 0.32755245849679987, "train_loss": 0.22267241167454896}
{"epoch": 22, "val_accuracy": 0.8858479299363057, "train_accuracy": 0.9456454190340909, "f1_macro": 0.8849817732395655, "pre_macro": 0.8850973629344902, "re_macro": 0.8853, "best_epoch": 22, "val_loss": 0.32729325075722804, "train_loss": 0.22165993199980055}
{"epoch": 23, "val_accuracy": 0.8863455414012739, "train_accuracy": 0.9459117542613636, "f1_macro": 0.8854819024958743, "pre_macro": 0.8856285522317414, "re_macro": 0.8858, "best_epoch": 23, "val_loss": 0.32703917537620114, "train_loss": 0.22083159074695272}
{"epoch": 24, "val_accuracy": 0.8864450636942676, "train_accuracy": 0.9464222301136364, "f1_macro": 0.8855701048035807, "pre_macro": 0.8857187035815475, "re_macro": 0.8859, "best_epoch": 24, "val_loss": 0.32678294371647437, "train_loss": 0.22015681650108573}
{"epoch": 25, "val_accuracy": 0.8862460191082803, "train_accuracy": 0.9469105113636364, "f1_macro": 0.8853662614636841, "pre_macro": 0.8854761784251568, "re_macro": 0.8856999999999999, "best_epoch": 24, "val_loss": 0.3265330855301611, "train_loss": 0.21960866001476956}
{"training time": 272.24300241470337}
