{"epoch": 1, "val_accuracy": 0.8191679936305732, "train_accuracy": 0.7813164893617022, "f1_macro": 0.8173090066219958, "pre_macro": 0.8253514862460125, "re_macro": 0.8195, "best_epoch": 1, "val_loss": 0.5333522093144192, "train_loss": 0.6907425735859161}
{"epoch": 2, "val_accuracy": 0.8312101910828026, "train_accuracy": 0.8488253547790202, "f1_macro": 0.830046090457625, "pre_macro": 0.8338267562972895, "re_macro": 0.8310000000000001, "best_epoch": 2, "val_loss": 0.4798977876165111, "train_loss": 0.4942444619980264}
{"epoch": 3, "val_accuracy": 0.8376791401273885, "train_accuracy": 0.8749113476022761, "f1_macro": 0.8366824581193295, "pre_macro": 0.8410008277565648, "re_macro": 0.8381000000000001, "best_epoch": 3, "val_loss": 0.46083057790425175, "train_loss": 0.4256146228693901}
{"epoch": 4, "val_accuracy": 0.8417595541401274, "train_accuracy": 0.8883643617021276, "f1_macro": 0.8393631872728238, "pre_macro": 0.8443752374262175, "re_macro": 0.8421999999999998, "best_epoch": 4, "val_loss": 0.4520523805337347, "train_loss": 0.38556574456235193}
{"epoch": 5, "val_accuracy": 0.851015127388535, "train_accuracy": 0.8972074468085106, "f1_macro": 0.8488359144070584, "pre_macro": 0.8517629593859134, "re_macro": 0.8514999999999999, "best_epoch": 5, "val_loss": 0.4285595997883256, "train_loss": 0.35715417849256637}
{"epoch": 6, "val_accuracy": 0.8507165605095541, "train_accuracy": 0.9073803191489361, "f1_macro": 0.8494897491433546, "pre_macro": 0.8522371613008092, "re_macro": 0.8512000000000001, "best_epoch": 5, "val_loss": 0.4294917657496823, "train_loss": 0.32958693700902003}
{"epoch": 7, "val_accuracy": 0.8514132165605095, "train_accuracy": 0.9159574468085107, "f1_macro": 0.8507314400434085, "pre_macro": 0.8533867049530001, "re_macro": 0.8519, "best_epoch": 7, "val_loss": 0.4294064148406314, "train_loss": 0.3103811895593684}
{"epoch": 8, "val_accuracy": 0.8548964968152867, "train_accuracy": 0.9219858156873825, "f1_macro": 0.8545408967236415, "pre_macro": 0.8567058011157125, "re_macro": 0.8553999999999998, "best_epoch": 8, "val_loss": 0.41969688160783925, "train_loss": 0.2942838541370757}
{"epoch": 9, "val_accuracy": 0.8554936305732485, "train_accuracy": 0.9267730497299357, "f1_macro": 0.8549273962282566, "pre_macro": 0.8566767387176606, "re_macro": 0.8557, "best_epoch": 9, "val_loss": 0.41502695573363335, "train_loss": 0.28104806681896777}
{"epoch": 10, "val_accuracy": 0.8564888535031847, "train_accuracy": 0.9304964539852548, "f1_macro": 0.8562250580869245, "pre_macro": 0.8574761637979211, "re_macro": 0.8567, "best_epoch": 10, "val_loss": 0.41272283715617125, "train_loss": 0.2706135450525487}
{"epoch": 11, "val_accuracy": 0.8569864649681529, "train_accuracy": 0.9337544327086591, "f1_macro": 0.8567881273637876, "pre_macro": 0.8579197207697234, "re_macro": 0.8572, "best_epoch": 11, "val_loss": 0.4117428392741331, "train_loss": 0.26135839280929973}
{"epoch": 12, "val_accuracy": 0.8567874203821656, "train_accuracy": 0.9376773050490846, "f1_macro": 0.8568444429100962, "pre_macro": 0.8578913155965632, "re_macro": 0.857, "best_epoch": 11, "val_loss": 0.41090025909387384, "train_loss": 0.2528141066749045}
{"epoch": 13, "val_accuracy": 0.8578821656050956, "train_accuracy": 0.9415780143534883, "f1_macro": 0.8577931790012977, "pre_macro": 0.8585405943764671, "re_macro": 0.8581, "best_epoch": 13, "val_loss": 0.4094929210129817, "train_loss": 0.24551811104125165}
{"epoch": 14, "val_accuracy": 0.8609673566878981, "train_accuracy": 0.9443040781832756, "f1_macro": 0.8607299244504467, "pre_macro": 0.8612132582776033, "re_macro": 0.8611999999999999, "best_epoch": 14, "val_loss": 0.4077593833208084, "train_loss": 0.23908803672232526}
{"epoch": 15, "val_accuracy": 0.861265923566879, "train_accuracy": 0.9458333335024245, "f1_macro": 0.8609181691572324, "pre_macro": 0.8613212587746115, "re_macro": 0.8614999999999998, "best_epoch": 15, "val_loss": 0.4072372243282901, "train_loss": 0.2341492639894181}
{"epoch": 16, "val_accuracy": 0.8608678343949044, "train_accuracy": 0.9466976952045522, "f1_macro": 0.8603854899277279, "pre_macro": 0.8606627749914356, "re_macro": 0.8611000000000001, "best_epoch": 15, "val_loss": 0.4057878643559043, "train_loss": 0.22940596265995755}
{"epoch": 17, "val_accuracy": 0.8618630573248408, "train_accuracy": 0.9478945037151905, "f1_macro": 0.8613953729529523, "pre_macro": 0.8616090879777241, "re_macro": 0.8621000000000001, "best_epoch": 17, "val_loss": 0.4043407183923539, "train_loss": 0.22562488507717213}
{"epoch": 18, "val_accuracy": 0.8623606687898089, "train_accuracy": 0.9493572696726373, "f1_macro": 0.8622907806162774, "pre_macro": 0.8623694548090546, "re_macro": 0.8629, "best_epoch": 18, "val_loss": 0.402878323463118, "train_loss": 0.2225681390534056}
{"epoch": 19, "val_accuracy": 0.8630573248407644, "train_accuracy": 0.9502881207364671, "f1_macro": 0.8631477069761295, "pre_macro": 0.8631654675167238, "re_macro": 0.8636000000000001, "best_epoch": 19, "val_loss": 0.4014899747766507, "train_loss": 0.22002509039767246}
{"epoch": 20, "val_accuracy": 0.8636544585987261, "train_accuracy": 0.951817376055616, "f1_macro": 0.8638491569197664, "pre_macro": 0.8638179642875397, "re_macro": 0.8642, "best_epoch": 20, "val_loss": 0.4003646078098352, "train_loss": 0.2178687539506466}
{"epoch": 21, "val_accuracy": 0.8642515923566879, "train_accuracy": 0.9529476952045521, "f1_macro": 0.8645189608131876, "pre_macro": 0.864484091811199, "re_macro": 0.8648, "best_epoch": 21, "val_loss": 0.3995699464895163, "train_loss": 0.21603725622309014}
{"epoch": 22, "val_accuracy": 0.8642515923566879, "train_accuracy": 0.9532801420130628, "f1_macro": 0.864563847444748, "pre_macro": 0.8645505627741505, "re_macro": 0.8648, "best_epoch": 21, "val_loss": 0.399060075070448, "train_loss": 0.21449738281204345}
{"epoch": 23, "val_accuracy": 0.8645501592356688, "train_accuracy": 0.9540115249917862, "f1_macro": 0.8649238827300788, "pre_macro": 0.8649359734473577, "re_macro": 0.8651, "best_epoch": 23, "val_loss": 0.39876135016322894, "train_loss": 0.21321720135338762}
{"epoch": 24, "val_accuracy": 0.8644506369426752, "train_accuracy": 0.9543439718002968, "f1_macro": 0.8648517088981036, "pre_macro": 0.8648730078502161, "re_macro": 0.8649999999999999, "best_epoch": 23, "val_loss": 0.39861209467527975, "train_loss": 0.21216127612489336}
{"epoch": 25, "val_accuracy": 0.8645501592356688, "train_accuracy": 0.9546764186088075, "f1_macro": 0.8649928351535173, "pre_macro": 0.8650459762659208, "re_macro": 0.8651, "best_epoch": 23, "val_loss": 0.39856561543835195, "train_loss": 0.2112941082487715}
{"training time": 106.31212401390076}
