{"epoch": 1, "val_accuracy": 0.7451234076433121, "train_accuracy": 0.6538753801203788, "f1_macro": 0.7517822101219592, "pre_macro": 0.7762565347859202, "re_macro": 0.7448, "best_epoch": 1, "val_loss": 0.6824521883657784, "train_loss": 1.0536648035049438}
{"epoch": 2, "val_accuracy": 0.7753781847133758, "train_accuracy": 0.8214760650979712, "f1_macro": 0.7808112869899829, "pre_macro": 0.804465580761552, "re_macro": 0.7752000000000001, "best_epoch": 2, "val_loss": 0.6122294072132961, "train_loss": 0.5840051269277613}
{"epoch": 3, "val_accuracy": 0.7824442675159236, "train_accuracy": 0.8556231006662897, "f1_macro": 0.7857306497771307, "pre_macro": 0.8162620661542606, "re_macro": 0.7817000000000001, "best_epoch": 3, "val_loss": 0.5825097412820075, "train_loss": 0.4930603567590105}
{"epoch": 4, "val_accuracy": 0.7984673566878981, "train_accuracy": 0.8802716579843075, "f1_macro": 0.8014063081977353, "pre_macro": 0.8225801633636314, "re_macro": 0.7978000000000001, "best_epoch": 4, "val_loss": 0.5513742716069434, "train_loss": 0.4199741451030082}
{"epoch": 5, "val_accuracy": 0.8069267515923567, "train_accuracy": 0.8959441502043541, "f1_macro": 0.8091415229071861, "pre_macro": 0.8226544777085246, "re_macro": 0.8063, "best_epoch": 5, "val_loss": 0.5329702593338718, "train_loss": 0.3692534385209388}
{"epoch": 6, "val_accuracy": 0.807921974522293, "train_accuracy": 0.9107142864389622, "f1_macro": 0.8104949855139907, "pre_macro": 0.8256634151666121, "re_macro": 0.8072999999999999, "best_epoch": 6, "val_loss": 0.5299962489468277, "train_loss": 0.3308073171275727}
{"epoch": 7, "val_accuracy": 0.8137937898089171, "train_accuracy": 0.9243446055878984, "f1_macro": 0.8165890552573218, "pre_macro": 0.829487348083469, "re_macro": 0.8131999999999999, "best_epoch": 7, "val_loss": 0.5194060230141233, "train_loss": 0.3067783193385347}
{"epoch": 8, "val_accuracy": 0.8196656050955414, "train_accuracy": 0.9308985573180178, "f1_macro": 0.8217402133061664, "pre_macro": 0.8279425676162872, "re_macro": 0.8193999999999999, "best_epoch": 8, "val_loss": 0.5013883932001272, "train_loss": 0.2915552851367504}
{"epoch": 9, "val_accuracy": 0.8215565286624203, "train_accuracy": 0.9419167942189156, "f1_macro": 0.823594092503164, "pre_macro": 0.8291367259296543, "re_macro": 0.8212999999999999, "best_epoch": 9, "val_loss": 0.5032275615224413, "train_loss": 0.27310548881266977}
{"epoch": 10, "val_accuracy": 0.8231488853503185, "train_accuracy": 0.9405870069848731, "f1_macro": 0.8246886360208027, "pre_macro": 0.8292885613649119, "re_macro": 0.8229000000000001, "best_epoch": 10, "val_loss": 0.5060506131808469, "train_loss": 0.25912549077196323}
{"epoch": 11, "val_accuracy": 0.8241441082802548, "train_accuracy": 0.9449088154955113, "f1_macro": 0.8248810787767245, "pre_macro": 0.8288519147673139, "re_macro": 0.8238999999999999, "best_epoch": 11, "val_loss": 0.502214361338099, "train_loss": 0.246666504347578}
{"epoch": 12, "val_accuracy": 0.8260350318471338, "train_accuracy": 0.9552621587793878, "f1_macro": 0.8270470152231043, "pre_macro": 0.8312894991253443, "re_macro": 0.8258000000000001, "best_epoch": 12, "val_loss": 0.4998526298885892, "train_loss": 0.23159825040939006}
{"epoch": 13, "val_accuracy": 0.8251393312101911, "train_accuracy": 0.9599164140985367, "f1_macro": 0.8259691220329192, "pre_macro": 0.8301892663180641, "re_macro": 0.8249000000000001, "best_epoch": 12, "val_loss": 0.5009562867652079, "train_loss": 0.22104989943352152}
{"epoch": 14, "val_accuracy": 0.826234076433121, "train_accuracy": 0.9602488609070473, "f1_macro": 0.8268830471586363, "pre_macro": 0.8304729645198284, "re_macro": 0.826, "best_epoch": 14, "val_loss": 0.5006626357508314, "train_loss": 0.21320140995877854}
{"epoch": 15, "val_accuracy": 0.8288216560509554, "train_accuracy": 0.9635733289921538, "f1_macro": 0.8291454755595209, "pre_macro": 0.8318880876788572, "re_macro": 0.8286000000000001, "best_epoch": 15, "val_loss": 0.4978269055770461, "train_loss": 0.20723786316019424}
{"epoch": 16, "val_accuracy": 0.8304140127388535, "train_accuracy": 0.9649031162261963, "f1_macro": 0.8305489227517991, "pre_macro": 0.8325296322729396, "re_macro": 0.8302000000000002, "best_epoch": 16, "val_loss": 0.4944261509901399, "train_loss": 0.20234351430801636}
{"epoch": 17, "val_accuracy": 0.8317078025477707, "train_accuracy": 0.9666128424887962, "f1_macro": 0.8316047621798267, "pre_macro": 0.8327617787446437, "re_macro": 0.8314999999999999, "best_epoch": 17, "val_loss": 0.49183130112423257, "train_loss": 0.1979734850056628}
{"epoch": 18, "val_accuracy": 0.8320063694267515, "train_accuracy": 0.9666128424887962, "f1_macro": 0.8318461325999735, "pre_macro": 0.8327093168047313, "re_macro": 0.8318, "best_epoch": 18, "val_loss": 0.4904298714961216, "train_loss": 0.19421723056980905}
{"epoch": 19, "val_accuracy": 0.8318073248407644, "train_accuracy": 0.9689399701483706, "f1_macro": 0.8317069901290285, "pre_macro": 0.8325101090283002, "re_macro": 0.8316000000000001, "best_epoch": 18, "val_loss": 0.4897993310431766, "train_loss": 0.1911577913672366}
{"epoch": 20, "val_accuracy": 0.8329020700636943, "train_accuracy": 0.9692724169568813, "f1_macro": 0.8329239042956178, "pre_macro": 0.8337406900103923, "re_macro": 0.8327, "best_epoch": 20, "val_loss": 0.4895446019567502, "train_loss": 0.18876829965317504}
{"epoch": 21, "val_accuracy": 0.8330015923566879, "train_accuracy": 0.9699373105739025, "f1_macro": 0.8330825731934176, "pre_macro": 0.8339015491970988, "re_macro": 0.8328, "best_epoch": 21, "val_loss": 0.48945305804917766, "train_loss": 0.18692933165646614}
{"epoch": 22, "val_accuracy": 0.8331011146496815, "train_accuracy": 0.9706022041909238, "f1_macro": 0.8331766772210016, "pre_macro": 0.8339730031687734, "re_macro": 0.8328999999999999, "best_epoch": 22, "val_loss": 0.4894316672899161, "train_loss": 0.18550666865516216}
{"epoch": 23, "val_accuracy": 0.8331011146496815, "train_accuracy": 0.9709346509994344, "f1_macro": 0.8332335542274871, "pre_macro": 0.8340499449281277, "re_macro": 0.8329000000000001, "best_epoch": 22, "val_loss": 0.4894419723445443, "train_loss": 0.18439419710255683}
{"epoch": 24, "val_accuracy": 0.8329020700636943, "train_accuracy": 0.9712670978079451, "f1_macro": 0.8330631339611244, "pre_macro": 0.8338936245127646, "re_macro": 0.8327, "best_epoch": 22, "val_loss": 0.48946546796400836, "train_loss": 0.1835175611554308}
{"epoch": 25, "val_accuracy": 0.8331011146496815, "train_accuracy": 0.9715995446164557, "f1_macro": 0.8332769265330782, "pre_macro": 0.8341124836836984, "re_macro": 0.8329000000000001, "best_epoch": 22, "val_loss": 0.48949315232835755, "train_loss": 0.18282304054245035}
{"training time": 45.38787317276001}
