{"epoch": 1, "val_accuracy": 0.6330613057324841, "train_accuracy": 0.4, "f1_macro": 0.6287885285912255, "pre_macro": 0.6491654505162237, "re_macro": 0.6331, "best_epoch": 1, "val_loss": 1.1320770781510954, "train_loss": 1.7574073791503906}
{"epoch": 2, "val_accuracy": 0.7204418789808917, "train_accuracy": 0.7192708373069763, "f1_macro": 0.7154970077070552, "pre_macro": 0.7166567333527644, "re_macro": 0.7202999999999999, "best_epoch": 2, "val_loss": 0.8324990929312007, "train_loss": 0.9174194574356079}
{"epoch": 3, "val_accuracy": 0.7505971337579618, "train_accuracy": 0.796875, "f1_macro": 0.7490998752204809, "pre_macro": 0.7502471594514664, "re_macro": 0.75, "best_epoch": 3, "val_loss": 0.7219739882809342, "train_loss": 0.683880877494812}
{"epoch": 4, "val_accuracy": 0.7636345541401274, "train_accuracy": 0.8744791686534882, "f1_macro": 0.765460772638513, "pre_macro": 0.7711159807118164, "re_macro": 0.7628, "best_epoch": 4, "val_loss": 0.6747520452092408, "train_loss": 0.5242765873670578}
{"epoch": 5, "val_accuracy": 0.7761743630573248, "train_accuracy": 0.9036458373069763, "f1_macro": 0.7759400488391258, "pre_macro": 0.777584679719523, "re_macro": 0.7754, "best_epoch": 5, "val_loss": 0.6435240805149078, "train_loss": 0.41296534836292265}
{"epoch": 6, "val_accuracy": 0.7802547770700637, "train_accuracy": 0.9234375, "f1_macro": 0.7801377818250045, "pre_macro": 0.7814452690739341, "re_macro": 0.7795, "best_epoch": 6, "val_loss": 0.627057059365473, "train_loss": 0.3468818411231041}
{"epoch": 7, "val_accuracy": 0.7821457006369427, "train_accuracy": 0.9484375, "f1_macro": 0.7827797411229562, "pre_macro": 0.7849967688493878, "re_macro": 0.7817000000000001, "best_epoch": 7, "val_loss": 0.6216727540751171, "train_loss": 0.3020978465676308}
{"epoch": 8, "val_accuracy": 0.7829418789808917, "train_accuracy": 0.9609375, "f1_macro": 0.7830505316630719, "pre_macro": 0.7847489807153105, "re_macro": 0.7822, "best_epoch": 8, "val_loss": 0.6158024252979619, "train_loss": 0.2718644097447395}
{"epoch": 9, "val_accuracy": 0.7827428343949044, "train_accuracy": 0.9640625, "f1_macro": 0.7834481983216156, "pre_macro": 0.7856202210881703, "re_macro": 0.7823, "best_epoch": 8, "val_loss": 0.6146361793682074, "train_loss": 0.25121650397777556}
{"epoch": 10, "val_accuracy": 0.7835390127388535, "train_accuracy": 0.9640625, "f1_macro": 0.7840796343432994, "pre_macro": 0.7860149939504752, "re_macro": 0.7831, "best_epoch": 10, "val_loss": 0.6132193484883399, "train_loss": 0.2360655650496483}
{"epoch": 11, "val_accuracy": 0.7840366242038217, "train_accuracy": 0.9703125, "f1_macro": 0.7846747746947946, "pre_macro": 0.7868358838765119, "re_macro": 0.7836000000000001, "best_epoch": 11, "val_loss": 0.6122385318491869, "train_loss": 0.22486186772584915}
{"epoch": 12, "val_accuracy": 0.7841361464968153, "train_accuracy": 0.9703125, "f1_macro": 0.7847183056632265, "pre_macro": 0.7868332011842567, "re_macro": 0.7837, "best_epoch": 12, "val_loss": 0.6118534736952205, "train_loss": 0.2163078933954239}
{"epoch": 13, "val_accuracy": 0.7847332802547771, "train_accuracy": 0.971875, "f1_macro": 0.785350063773216, "pre_macro": 0.7875054993807296, "re_macro": 0.7843, "best_epoch": 13, "val_loss": 0.6117145493152035, "train_loss": 0.20968887209892273}
{"epoch": 14, "val_accuracy": 0.7852308917197452, "train_accuracy": 0.975, "f1_macro": 0.7859023883142584, "pre_macro": 0.7881619237358725, "re_macro": 0.7848, "best_epoch": 14, "val_loss": 0.6115496879929949, "train_loss": 0.20451190322637558}
{"epoch": 15, "val_accuracy": 0.7853304140127388, "train_accuracy": 0.9765625, "f1_macro": 0.7860048625890907, "pre_macro": 0.7882817683199846, "re_macro": 0.7849, "best_epoch": 15, "val_loss": 0.6114198100415005, "train_loss": 0.20043779611587526}
{"epoch": 16, "val_accuracy": 0.785828025477707, "train_accuracy": 0.978125, "f1_macro": 0.7864664302440757, "pre_macro": 0.7887321945399905, "re_macro": 0.7854, "best_epoch": 16, "val_loss": 0.611369411656811, "train_loss": 0.19721618816256523}
{"epoch": 17, "val_accuracy": 0.7861265923566879, "train_accuracy": 0.9796875, "f1_macro": 0.7867758295664594, "pre_macro": 0.7890489997799583, "re_macro": 0.7857000000000001, "best_epoch": 17, "val_loss": 0.6113583460734908, "train_loss": 0.19465103298425673}
{"epoch": 18, "val_accuracy": 0.7861265923566879, "train_accuracy": 0.9796875, "f1_macro": 0.7867744745339935, "pre_macro": 0.7890688293102539, "re_macro": 0.7857000000000001, "best_epoch": 17, "val_loss": 0.6113564709948885, "train_loss": 0.19260092750191687}
{"epoch": 19, "val_accuracy": 0.7860270700636943, "train_accuracy": 0.9796875, "f1_macro": 0.7866846431346678, "pre_macro": 0.7889818638564556, "re_macro": 0.7856, "best_epoch": 17, "val_loss": 0.6113570759630507, "train_loss": 0.1909595251083374}
{"epoch": 20, "val_accuracy": 0.7862261146496815, "train_accuracy": 0.9796875, "f1_macro": 0.786876863063867, "pre_macro": 0.7891545924857759, "re_macro": 0.7858, "best_epoch": 20, "val_loss": 0.6113601376296608, "train_loss": 0.18964310586452485}
{"epoch": 21, "val_accuracy": 0.7861265923566879, "train_accuracy": 0.9796875, "f1_macro": 0.7867674748620193, "pre_macro": 0.7890240756484077, "re_macro": 0.7857000000000001, "best_epoch": 20, "val_loss": 0.6113651512534755, "train_loss": 0.1885856032371521}
{"epoch": 22, "val_accuracy": 0.7862261146496815, "train_accuracy": 0.9796875, "f1_macro": 0.7868474025101337, "pre_macro": 0.789078954672891, "re_macro": 0.7858, "best_epoch": 20, "val_loss": 0.6113711675261236, "train_loss": 0.18773509562015533}
{"epoch": 23, "val_accuracy": 0.7860270700636943, "train_accuracy": 0.98125, "f1_macro": 0.7866660399554455, "pre_macro": 0.7889248233545119, "re_macro": 0.7856, "best_epoch": 20, "val_loss": 0.611377350274165, "train_loss": 0.1870504379272461}
{"epoch": 24, "val_accuracy": 0.7860270700636943, "train_accuracy": 0.98125, "f1_macro": 0.7866701736253686, "pre_macro": 0.7889422498560091, "re_macro": 0.7856, "best_epoch": 20, "val_loss": 0.6113832042475414, "train_loss": 0.18649903014302255}
{"epoch": 25, "val_accuracy": 0.7860270700636943, "train_accuracy": 0.98125, "f1_macro": 0.7866577747772538, "pre_macro": 0.788915836909847, "re_macro": 0.7856, "best_epoch": 20, "val_loss": 0.6113885177928171, "train_loss": 0.18605476319789888}
{"training time": 31.24828267097473}
