{"epoch": 1, "val_accuracy": 0.8401671974522293, "train_accuracy": 0.8251932302771855, "f1_macro": 0.8357098367644298, "pre_macro": 0.843548719991262, "re_macro": 0.8397, "best_epoch": 1, "val_loss": 0.4520362320409459, "train_loss": 0.5547662622003413}
{"epoch": 2, "val_accuracy": 0.8479299363057324, "train_accuracy": 0.8688366204690832, "f1_macro": 0.8445671515004927, "pre_macro": 0.8488658235271478, "re_macro": 0.8478, "best_epoch": 2, "val_loss": 0.42094682612616546, "train_loss": 0.4254573934209118}
{"epoch": 3, "val_accuracy": 0.8565883757961783, "train_accuracy": 0.8854444296375267, "f1_macro": 0.8528654732483515, "pre_macro": 0.854488182204015, "re_macro": 0.8558999999999999, "best_epoch": 3, "val_loss": 0.39656769441571205, "train_loss": 0.3818214247539354}
{"epoch": 4, "val_accuracy": 0.8648487261146497, "train_accuracy": 0.8962886460554371, "f1_macro": 0.861233638025819, "pre_macro": 0.8626290417089495, "re_macro": 0.8642000000000001, "best_epoch": 4, "val_loss": 0.37772227197316044, "train_loss": 0.3526856765341657}
{"epoch": 5, "val_accuracy": 0.8680334394904459, "train_accuracy": 0.9049007196162047, "f1_macro": 0.8648406173019729, "pre_macro": 0.867557571694802, "re_macro": 0.8676999999999999, "best_epoch": 5, "val_loss": 0.3717969712937713, "train_loss": 0.3287292710070544}
{"epoch": 6, "val_accuracy": 0.8699243630573248, "train_accuracy": 0.9107642590618337, "f1_macro": 0.86678987142806, "pre_macro": 0.8695063763681619, "re_macro": 0.8695999999999999, "best_epoch": 6, "val_loss": 0.36501110406817905, "train_loss": 0.3107333386312924}
{"epoch": 7, "val_accuracy": 0.8753980891719745, "train_accuracy": 0.915844882729211, "f1_macro": 0.8723232257717418, "pre_macro": 0.8748974425934861, "re_macro": 0.8748000000000001, "best_epoch": 7, "val_loss": 0.3498080686968603, "train_loss": 0.2951223041965509}
{"epoch": 8, "val_accuracy": 0.8796775477707006, "train_accuracy": 0.9201425906183369, "f1_macro": 0.8770780863358734, "pre_macro": 0.8794690030280805, "re_macro": 0.8791, "best_epoch": 8, "val_loss": 0.33715395733809017, "train_loss": 0.28216686377774425}
{"epoch": 9, "val_accuracy": 0.8824641719745223, "train_accuracy": 0.9244069829424307, "f1_macro": 0.8801877240661445, "pre_macro": 0.8823518044437918, "re_macro": 0.8819000000000001, "best_epoch": 9, "val_loss": 0.33070395996046675, "train_loss": 0.2714028127555019}
{"epoch": 10, "val_accuracy": 0.8845541401273885, "train_accuracy": 0.9279717484008528, "f1_macro": 0.8823998152901371, "pre_macro": 0.8846463253587415, "re_macro": 0.884, "best_epoch": 10, "val_loss": 0.32826861383239175, "train_loss": 0.2627979041114926}
{"epoch": 11, "val_accuracy": 0.8856488853503185, "train_accuracy": 0.9314865405117271, "f1_macro": 0.8837222285335266, "pre_macro": 0.8857833990812999, "re_macro": 0.8851000000000001, "best_epoch": 11, "val_loss": 0.32555829306506806, "train_loss": 0.2551241201966175}
{"epoch": 12, "val_accuracy": 0.8859474522292994, "train_accuracy": 0.9338519456289979, "f1_macro": 0.8841332049136839, "pre_macro": 0.8857736128429818, "re_macro": 0.8854, "best_epoch": 12, "val_loss": 0.3230492559492968, "train_loss": 0.2483053341714431}
{"epoch": 13, "val_accuracy": 0.8866441082802548, "train_accuracy": 0.9361673773987207, "f1_macro": 0.8851997130902953, "pre_macro": 0.8860366073054665, "re_macro": 0.8861000000000001, "best_epoch": 13, "val_loss": 0.3192919048059518, "train_loss": 0.24254557184541403}
{"epoch": 14, "val_accuracy": 0.888734076433121, "train_accuracy": 0.9381996268656716, "f1_macro": 0.8874548661517767, "pre_macro": 0.8879736869883634, "re_macro": 0.8882, "best_epoch": 14, "val_loss": 0.31632130379509776, "train_loss": 0.23761963959473537}
{"epoch": 15, "val_accuracy": 0.8886345541401274, "train_accuracy": 0.9400986140724946, "f1_macro": 0.8874665149464824, "pre_macro": 0.8877638646815837, "re_macro": 0.8881, "best_epoch": 14, "val_loss": 0.3136641173890442, "train_loss": 0.2337596483195006}
{"epoch": 16, "val_accuracy": 0.8898288216560509, "train_accuracy": 0.9415644989339019, "f1_macro": 0.8888276129791535, "pre_macro": 0.888972826587685, "re_macro": 0.8893000000000001, "best_epoch": 16, "val_loss": 0.3115131873044239, "train_loss": 0.23071771638511596}
{"epoch": 17, "val_accuracy": 0.8905254777070064, "train_accuracy": 0.9428304904051172, "f1_macro": 0.8895997542860362, "pre_macro": 0.8896625681320774, "re_macro": 0.89, "best_epoch": 17, "val_loss": 0.30989830656226275, "train_loss": 0.22821212002336344}
{"epoch": 18, "val_accuracy": 0.8915207006369427, "train_accuracy": 0.9436300639658849, "f1_macro": 0.8906766411358747, "pre_macro": 0.8907005848777313, "re_macro": 0.891, "best_epoch": 18, "val_loss": 0.30868476928229543, "train_loss": 0.2261879799653218}
{"epoch": 19, "val_accuracy": 0.8915207006369427, "train_accuracy": 0.9439632196162047, "f1_macro": 0.8906698640659105, "pre_macro": 0.8906452291898678, "re_macro": 0.891, "best_epoch": 18, "val_loss": 0.3077665728273665, "train_loss": 0.22451739319796754}
{"epoch": 20, "val_accuracy": 0.8923168789808917, "train_accuracy": 0.9446961620469083, "f1_macro": 0.8914283248778423, "pre_macro": 0.8913801916152174, "re_macro": 0.8917999999999999, "best_epoch": 20, "val_loss": 0.3070634063926472, "train_loss": 0.22314035971122764}
{"epoch": 21, "val_accuracy": 0.8921178343949044, "train_accuracy": 0.9453458155650319, "f1_macro": 0.8912179922623971, "pre_macro": 0.8911734114282798, "re_macro": 0.8916000000000001, "best_epoch": 20, "val_loss": 0.30652991141293456, "train_loss": 0.22200349900228128}
{"epoch": 22, "val_accuracy": 0.8926154458598726, "train_accuracy": 0.9457456023454158, "f1_macro": 0.8917033920939741, "pre_macro": 0.8916614681311579, "re_macro": 0.8920999999999999, "best_epoch": 22, "val_loss": 0.30612602265207634, "train_loss": 0.22106144038726017}
{"epoch": 23, "val_accuracy": 0.8930135350318471, "train_accuracy": 0.9459788113006397, "f1_macro": 0.8921257988503436, "pre_macro": 0.8920881722702978, "re_macro": 0.8925000000000001, "best_epoch": 23, "val_loss": 0.30582367306112485, "train_loss": 0.2202803248773887}
{"epoch": 24, "val_accuracy": 0.8928144904458599, "train_accuracy": 0.9462286780383795, "f1_macro": 0.891964547813205, "pre_macro": 0.891952000383139, "re_macro": 0.8923, "best_epoch": 23, "val_loss": 0.3056048337536253, "train_loss": 0.21963293239601386}
{"epoch": 25, "val_accuracy": 0.8928144904458599, "train_accuracy": 0.9464119136460555, "f1_macro": 0.8919525503079448, "pre_macro": 0.891941457678816, "re_macro": 0.8923, "best_epoch": 23, "val_loss": 0.30545480141214504, "train_loss": 0.21909678055406379}
{"training time": 337.08636951446533}
