{"epoch": 1, "val_accuracy": 0.8018511146496815, "train_accuracy": 0.6392002283258641, "f1_macro": 0.799202656662159, "pre_macro": 0.8260181505391422, "re_macro": 0.7968390165511707, "best_epoch": 1, "val_loss": 0.7063801077900419, "train_loss": 1.2753633831409699}
{"epoch": 2, "val_accuracy": 0.8434514331210191, "train_accuracy": 0.8655015204815154, "f1_macro": 0.8402319381125617, "pre_macro": 0.8591891791153525, "re_macro": 0.8391271958650457, "best_epoch": 2, "val_loss": 0.5446187363118883, "train_loss": 0.5929807094817466}
{"epoch": 3, "val_accuracy": 0.87609474522293, "train_accuracy": 0.9040653502687495, "f1_macro": 0.8746577361834351, "pre_macro": 0.8800722261324875, "re_macro": 0.8736524846570036, "best_epoch": 3, "val_loss": 0.452871813278669, "train_loss": 0.4585801914651343}
{"epoch": 4, "val_accuracy": 0.8855493630573248, "train_accuracy": 0.9236797119708772, "f1_macro": 0.8839124635328292, "pre_macro": 0.8863736968318028, "re_macro": 0.8838133145170088, "best_epoch": 4, "val_loss": 0.4197963733866716, "train_loss": 0.39762345431966983}
{"epoch": 5, "val_accuracy": 0.8898288216560509, "train_accuracy": 0.9326557758006644, "f1_macro": 0.8884093481991433, "pre_macro": 0.8905974736502509, "re_macro": 0.8888565974390581, "best_epoch": 5, "val_loss": 0.4020124419479613, "train_loss": 0.3598743822980434}
{"epoch": 6, "val_accuracy": 0.8893312101910829, "train_accuracy": 0.9386873105739025, "f1_macro": 0.8881586529808037, "pre_macro": 0.8923259678860619, "re_macro": 0.8883652348702455, "best_epoch": 5, "val_loss": 0.3915737424828824, "train_loss": 0.3359733093926247}
{"epoch": 7, "val_accuracy": 0.8945063694267515, "train_accuracy": 0.94595364814109, "f1_macro": 0.8933103877423049, "pre_macro": 0.895740911655664, "re_macro": 0.8932207507900382, "best_epoch": 7, "val_loss": 0.36819190301807825, "train_loss": 0.30864631400463427}
{"epoch": 8, "val_accuracy": 0.8980891719745223, "train_accuracy": 0.9536474169568813, "f1_macro": 0.8966376616463838, "pre_macro": 0.8983729381590427, "re_macro": 0.8966281453929422, "best_epoch": 8, "val_loss": 0.3570721953822549, "train_loss": 0.283913236349187}
{"epoch": 9, "val_accuracy": 0.8951035031847133, "train_accuracy": 0.9589665658930515, "f1_macro": 0.8936882196863412, "pre_macro": 0.8959893725298148, "re_macro": 0.8936729266960655, "best_epoch": 8, "val_loss": 0.3561881257185511, "train_loss": 0.26937860535814406}
{"epoch": 10, "val_accuracy": 0.8942078025477707, "train_accuracy": 0.9609612467441153, "f1_macro": 0.8929103888216441, "pre_macro": 0.8958562512771066, "re_macro": 0.8927748354834815, "best_epoch": 8, "val_loss": 0.35734136893775814, "train_loss": 0.2600923824183484}
{"epoch": 11, "val_accuracy": 0.8957006369426752, "train_accuracy": 0.963953268020711, "f1_macro": 0.8944194570081635, "pre_macro": 0.8971113305984677, "re_macro": 0.8942629335357726, "best_epoch": 8, "val_loss": 0.35429304816825374, "train_loss": 0.25403326718097036}
{"epoch": 12, "val_accuracy": 0.8955015923566879, "train_accuracy": 0.9640007602407578, "f1_macro": 0.8942289045285594, "pre_macro": 0.8973190228862474, "re_macro": 0.8940556775900627, "best_epoch": 8, "val_loss": 0.35547059959476923, "train_loss": 0.24772475342801276}
{"epoch": 13, "val_accuracy": 0.8959992038216561, "train_accuracy": 0.9660429345800522, "f1_macro": 0.8947026790912037, "pre_macro": 0.8982594589880113, "re_macro": 0.8945294029713301, "best_epoch": 8, "val_loss": 0.35596060252208617, "train_loss": 0.24386083857810242}
{"epoch": 14, "val_accuracy": 0.8964968152866242, "train_accuracy": 0.968037615431116, "f1_macro": 0.8951086339564543, "pre_macro": 0.8984048843060737, "re_macro": 0.895028617369297, "best_epoch": 8, "val_loss": 0.3529654880807658, "train_loss": 0.24148401079025675}
{"epoch": 15, "val_accuracy": 0.8983877388535032, "train_accuracy": 0.9683700622396266, "f1_macro": 0.8969393206526466, "pre_macro": 0.8991348861438425, "re_macro": 0.8970139777826052, "best_epoch": 15, "val_loss": 0.34662919325433716, "train_loss": 0.2386460079157606}
{"training time": 22.381338357925415}
