{"epoch": 1, "val_accuracy": 0.8977906050955414, "train_accuracy": 0.8661665482954546, "f1_macro": 0.8968558226651865, "pre_macro": 0.904307582444177, "re_macro": 0.897206902637995, "best_epoch": 1, "val_loss": 0.3571516637969169, "train_loss": 0.5264456060672686}
{"epoch": 2, "val_accuracy": 0.899781050955414, "train_accuracy": 0.9146395596590909, "f1_macro": 0.8974351199506524, "pre_macro": 0.905537284083221, "re_macro": 0.8988173465089302, "best_epoch": 2, "val_loss": 0.347192977667804, "train_loss": 0.3733576358592307}
{"epoch": 3, "val_accuracy": 0.9224721337579618, "train_accuracy": 0.9303089488636364, "f1_macro": 0.9212944071922701, "pre_macro": 0.9241777733531533, "re_macro": 0.9217495200153938, "best_epoch": 3, "val_loss": 0.25828463303008276, "train_loss": 0.3240313748405738}
{"epoch": 4, "val_accuracy": 0.9314291401273885, "train_accuracy": 0.9409401633522727, "f1_macro": 0.9305983687636751, "pre_macro": 0.9332312252451462, "re_macro": 0.9305719100532965, "best_epoch": 4, "val_loss": 0.23428714864406805, "train_loss": 0.28906304137357935}
{"epoch": 5, "val_accuracy": 0.9345143312101911, "train_accuracy": 0.9499955610795454, "f1_macro": 0.9338267445421607, "pre_macro": 0.936382826144324, "re_macro": 0.9333896854149939, "best_epoch": 5, "val_loss": 0.22123151938697905, "train_loss": 0.26250328202943574}
{"epoch": 6, "val_accuracy": 0.9383957006369427, "train_accuracy": 0.9549449573863636, "f1_macro": 0.9378328331523009, "pre_macro": 0.9401932955516592, "re_macro": 0.9369857721304594, "best_epoch": 6, "val_loss": 0.20929852523692663, "train_loss": 0.24170130581214008}
{"epoch": 7, "val_accuracy": 0.9415804140127388, "train_accuracy": 0.9595614346590909, "f1_macro": 0.9411069602457094, "pre_macro": 0.9431523992891604, "re_macro": 0.9403153852623563, "best_epoch": 7, "val_loss": 0.1955762713269633, "train_loss": 0.22462499885692855}
{"epoch": 8, "val_accuracy": 0.9452627388535032, "train_accuracy": 0.9639115767045454, "f1_macro": 0.9446538900431998, "pre_macro": 0.9460014493429151, "re_macro": 0.9441501128512508, "best_epoch": 8, "val_loss": 0.18372063239395714, "train_loss": 0.2101367883151397}
{"epoch": 9, "val_accuracy": 0.948546974522293, "train_accuracy": 0.9669522372159091, "f1_macro": 0.9479422868806469, "pre_macro": 0.9489039478743075, "re_macro": 0.9476028939883167, "best_epoch": 9, "val_loss": 0.17094801352389014, "train_loss": 0.1988671094560149}
{"epoch": 10, "val_accuracy": 0.9507364649681529, "train_accuracy": 0.9698375355113636, "f1_macro": 0.950096113353945, "pre_macro": 0.9507705280748464, "re_macro": 0.9498609502961832, "best_epoch": 10, "val_loss": 0.16456375896610367, "train_loss": 0.18981863580517133}
{"epoch": 11, "val_accuracy": 0.9522292993630573, "train_accuracy": 0.97216796875, "f1_macro": 0.9515820480113188, "pre_macro": 0.952161244061322, "re_macro": 0.9514303138908626, "best_epoch": 11, "val_loss": 0.1586528979924027, "train_loss": 0.18229220926084302}
{"epoch": 12, "val_accuracy": 0.9540207006369427, "train_accuracy": 0.9740545099431818, "f1_macro": 0.9533610707471872, "pre_macro": 0.9537399552768303, "re_macro": 0.9532975919166173, "best_epoch": 12, "val_loss": 0.153690535868785, "train_loss": 0.1756622837009755}
{"epoch": 13, "val_accuracy": 0.9549164012738853, "train_accuracy": 0.9755637428977273, "f1_macro": 0.9542553117558157, "pre_macro": 0.9545177184775397, "re_macro": 0.9542219515070034, "best_epoch": 13, "val_loss": 0.15035128239304965, "train_loss": 0.17007111126175997}
{"epoch": 14, "val_accuracy": 0.9565087579617835, "train_accuracy": 0.977294921875, "f1_macro": 0.9558450095368919, "pre_macro": 0.9560083592406723, "re_macro": 0.9558221187227687, "best_epoch": 14, "val_loss": 0.14776620700374055, "train_loss": 0.16547443208665671}
{"epoch": 15, "val_accuracy": 0.956906847133758, "train_accuracy": 0.9789151278409091, "f1_macro": 0.9562512772860146, "pre_macro": 0.9564115299534057, "re_macro": 0.9562096316490901, "best_epoch": 15, "val_loss": 0.1460636169323401, "train_loss": 0.16183803594586524}
{"training time": 117.52295660972595}
