{"epoch": 1, "val_accuracy": 0.9115246815286624, "train_accuracy": 0.8765491737739872, "f1_macro": 0.9107290351498379, "pre_macro": 0.915345814919562, "re_macro": 0.9101247272245869, "best_epoch": 1, "val_loss": 0.2880917692877305, "train_loss": 0.4940968983288386}
{"epoch": 2, "val_accuracy": 0.9306329617834395, "train_accuracy": 0.9182602611940298, "f1_macro": 0.9296718438000457, "pre_macro": 0.9315779286366528, "re_macro": 0.9292942920870765, "best_epoch": 2, "val_loss": 0.23468995898084086, "train_loss": 0.36090938576153603}
{"epoch": 3, "val_accuracy": 0.941281847133758, "train_accuracy": 0.9329690831556503, "f1_macro": 0.9405091657285739, "pre_macro": 0.941952106821832, "re_macro": 0.9400462063874698, "best_epoch": 3, "val_loss": 0.196739707569218, "train_loss": 0.31364335767082824}
{"epoch": 4, "val_accuracy": 0.9383957006369427, "train_accuracy": 0.9432136194029851, "f1_macro": 0.9378506145234338, "pre_macro": 0.9398997574363681, "re_macro": 0.9374217920021352, "best_epoch": 3, "val_loss": 0.19662497326091027, "train_loss": 0.2775800514465837}
{"epoch": 5, "val_accuracy": 0.9422770700636943, "train_accuracy": 0.9500433102345416, "f1_macro": 0.9414806449130598, "pre_macro": 0.9430629214315289, "re_macro": 0.9414341308012315, "best_epoch": 5, "val_loss": 0.18505124713644194, "train_loss": 0.2527407872349596}
{"epoch": 6, "val_accuracy": 0.9430732484076433, "train_accuracy": 0.9558735341151386, "f1_macro": 0.9423643929148069, "pre_macro": 0.9443146422882066, "re_macro": 0.9421793287331972, "best_epoch": 6, "val_loss": 0.17987841914057923, "train_loss": 0.2335575720521687}
{"epoch": 7, "val_accuracy": 0.9461584394904459, "train_accuracy": 0.9599546908315565, "f1_macro": 0.9453182083296454, "pre_macro": 0.9465145312926433, "re_macro": 0.9453415001909942, "best_epoch": 7, "val_loss": 0.17190949976812028, "train_loss": 0.21730069604827396}
{"epoch": 8, "val_accuracy": 0.9508359872611465, "train_accuracy": 0.9644689498933902, "f1_macro": 0.9498826311331292, "pre_macro": 0.9505312076336832, "re_macro": 0.9501181418873091, "best_epoch": 8, "val_loss": 0.15999543517946627, "train_loss": 0.20398217936886398}
{"epoch": 9, "val_accuracy": 0.9549164012738853, "train_accuracy": 0.9672008262260128, "f1_macro": 0.9541850289314293, "pre_macro": 0.9543569981654001, "re_macro": 0.9543511421542894, "best_epoch": 9, "val_loss": 0.1474384609046303, "train_loss": 0.19308707854355067}
{"epoch": 10, "val_accuracy": 0.9568073248407644, "train_accuracy": 0.9697328091684435, "f1_macro": 0.9561237793864817, "pre_macro": 0.9561863122935816, "re_macro": 0.956274584640225, "best_epoch": 10, "val_loss": 0.1416285637036488, "train_loss": 0.1842667214763063}
{"epoch": 11, "val_accuracy": 0.9579020700636943, "train_accuracy": 0.9717150852878464, "f1_macro": 0.9572460800276655, "pre_macro": 0.9572606272016836, "re_macro": 0.9574690903009075, "best_epoch": 11, "val_loss": 0.13889733699274956, "train_loss": 0.1770283350033928}
{"epoch": 12, "val_accuracy": 0.9586982484076433, "train_accuracy": 0.9733475479744137, "f1_macro": 0.9580571048330428, "pre_macro": 0.9580843528641058, "re_macro": 0.958204651150572, "best_epoch": 12, "val_loss": 0.13637934526974324, "train_loss": 0.17085687644573164}
{"epoch": 13, "val_accuracy": 0.9608877388535032, "train_accuracy": 0.9752298773987207, "f1_macro": 0.9602950723432933, "pre_macro": 0.9603557049003953, "re_macro": 0.9603952593498501, "best_epoch": 13, "val_loss": 0.13436063433030418, "train_loss": 0.16545134081419852}
{"epoch": 14, "val_accuracy": 0.9616839171974523, "train_accuracy": 0.9763959221748401, "f1_macro": 0.9611040248520402, "pre_macro": 0.9612142161045304, "re_macro": 0.9611692067095701, "best_epoch": 14, "val_loss": 0.1325891494460309, "train_loss": 0.16126454316540315}
{"epoch": 15, "val_accuracy": 0.9621815286624203, "train_accuracy": 0.9776619136460555, "f1_macro": 0.9616126499821828, "pre_macro": 0.9618011091093169, "re_macro": 0.9615815516340678, "best_epoch": 15, "val_loss": 0.13136733453839447, "train_loss": 0.15774221568981975}
{"training time": 160.20825839042664}
