{"epoch": 1, "val_accuracy": 0.8672372611464968, "train_accuracy": 0.8032358156873824, "f1_macro": 0.8636231410650865, "pre_macro": 0.875542331785298, "re_macro": 0.86512937024967, "best_epoch": 1, "val_loss": 0.4383009569185555, "train_loss": 0.7506528756719955}
{"epoch": 2, "val_accuracy": 0.8920183121019108, "train_accuracy": 0.9053413122258288, "f1_macro": 0.8894188984150778, "pre_macro": 0.8973918852661299, "re_macro": 0.8902985252058858, "best_epoch": 2, "val_loss": 0.36766973467674224, "train_loss": 0.4028848240984247}
{"epoch": 3, "val_accuracy": 0.8966958598726115, "train_accuracy": 0.9214760638297872, "f1_macro": 0.893983661936972, "pre_macro": 0.9020592389827348, "re_macro": 0.8952938942756987, "best_epoch": 3, "val_loss": 0.3423324820532161, "train_loss": 0.3565912188367641}
{"epoch": 4, "val_accuracy": 0.9123208598726115, "train_accuracy": 0.9317154255319149, "f1_macro": 0.9107301314245382, "pre_macro": 0.9141804623650029, "re_macro": 0.9113436415381322, "best_epoch": 4, "val_loss": 0.29236994473750044, "train_loss": 0.3207051916325346}
{"epoch": 5, "val_accuracy": 0.9155055732484076, "train_accuracy": 0.9397606382978724, "f1_macro": 0.9141458027282463, "pre_macro": 0.9158514864368501, "re_macro": 0.914734314297732, "best_epoch": 5, "val_loss": 0.2763581012915464, "train_loss": 0.2937489278138952}
{"epoch": 6, "val_accuracy": 0.9164012738853503, "train_accuracy": 0.9476063829787233, "f1_macro": 0.9150880457024657, "pre_macro": 0.9166619795544031, "re_macro": 0.9155385869509086, "best_epoch": 6, "val_loss": 0.2728673430147824, "train_loss": 0.2724043163213324}
{"epoch": 7, "val_accuracy": 0.9206807324840764, "train_accuracy": 0.953125, "f1_macro": 0.919387326016284, "pre_macro": 0.9207897552896636, "re_macro": 0.919620951224673, "best_epoch": 7, "val_loss": 0.2649224262423576, "train_loss": 0.2583768401374208}
{"epoch": 8, "val_accuracy": 0.9228702229299363, "train_accuracy": 0.95625, "f1_macro": 0.9215547999525556, "pre_macro": 0.9233133926859429, "re_macro": 0.9215257240382198, "best_epoch": 8, "val_loss": 0.25701027014737676, "train_loss": 0.24622881406165184}
{"epoch": 9, "val_accuracy": 0.9217754777070064, "train_accuracy": 0.9589095744680851, "f1_macro": 0.9202960796008888, "pre_macro": 0.9225293031570259, "re_macro": 0.9202377046742332, "best_epoch": 8, "val_loss": 0.25648399252610604, "train_loss": 0.23676298317757058}
{"epoch": 10, "val_accuracy": 0.924562101910828, "train_accuracy": 0.9616356382978724, "f1_macro": 0.9231905797133912, "pre_macro": 0.9251726265886433, "re_macro": 0.9230352096369673, "best_epoch": 10, "val_loss": 0.2514690817185458, "train_loss": 0.22867596279433433}
{"epoch": 11, "val_accuracy": 0.9254578025477707, "train_accuracy": 0.9628324468085107, "f1_macro": 0.9241659960530129, "pre_macro": 0.9256035264132917, "re_macro": 0.9240386884198151, "best_epoch": 11, "val_loss": 0.24519489178801798, "train_loss": 0.22279007136821746}
{"epoch": 12, "val_accuracy": 0.9277468152866242, "train_accuracy": 0.9654920212765957, "f1_macro": 0.9265200156200308, "pre_macro": 0.9274748900325352, "re_macro": 0.9264393111042626, "best_epoch": 12, "val_loss": 0.23900927240800135, "train_loss": 0.21702167956118887}
{"epoch": 13, "val_accuracy": 0.9294386942675159, "train_accuracy": 0.9669547872340426, "f1_macro": 0.9282848311009225, "pre_macro": 0.928967420467111, "re_macro": 0.9282309968462676, "best_epoch": 13, "val_loss": 0.23440851964009035, "train_loss": 0.21133214124339691}
{"epoch": 14, "val_accuracy": 0.9307324840764332, "train_accuracy": 0.9682845744680851, "f1_macro": 0.9296330464764078, "pre_macro": 0.9300737314316219, "re_macro": 0.9296260340238808, "best_epoch": 14, "val_loss": 0.23087800408648268, "train_loss": 0.20635486793644886}
{"epoch": 15, "val_accuracy": 0.9320262738853503, "train_accuracy": 0.9696143617021277, "f1_macro": 0.9307015308121134, "pre_macro": 0.9309703089939434, "re_macro": 0.9307278359826231, "best_epoch": 15, "val_loss": 0.22786098497379928, "train_loss": 0.20230177282652956}
{"training time": 49.59758973121643}
