{"epoch": 1, "val_accuracy": 0.508359872611465, "train_accuracy": 0.19427083432674408, "f1_macro": 0.44535456846568444, "pre_macro": 0.5221052986986485, "re_macro": 0.49429537659952655, "best_epoch": 1, "val_loss": 1.6258912139637456, "train_loss": 2.2598011016845705}
{"epoch": 2, "val_accuracy": 0.6517714968152867, "train_accuracy": 0.6729166686534882, "f1_macro": 0.6353379729485712, "pre_macro": 0.7207271929108356, "re_macro": 0.6439234070628738, "best_epoch": 2, "val_loss": 1.1676295046593732, "train_loss": 1.2948698043823241}
{"epoch": 3, "val_accuracy": 0.7204418789808917, "train_accuracy": 0.803125, "f1_macro": 0.7044215733885594, "pre_macro": 0.7417051495343439, "re_macro": 0.712287529462117, "best_epoch": 3, "val_loss": 0.9650413209845305, "train_loss": 0.9070560276508332}
{"epoch": 4, "val_accuracy": 0.7685111464968153, "train_accuracy": 0.8541666686534881, "f1_macro": 0.7602532697952636, "pre_macro": 0.765012443613057, "re_macro": 0.7628892203482627, "best_epoch": 4, "val_loss": 0.8572925403239621, "train_loss": 0.7287964642047882}
{"epoch": 5, "val_accuracy": 0.7827428343949044, "train_accuracy": 0.8791666686534881, "f1_macro": 0.777554153251194, "pre_macro": 0.7822593045085728, "re_macro": 0.7781345298248364, "best_epoch": 5, "val_loss": 0.7971733780043899, "train_loss": 0.6257641673088074}
{"epoch": 6, "val_accuracy": 0.7942874203821656, "train_accuracy": 0.8979166686534882, "f1_macro": 0.7892566976137922, "pre_macro": 0.792444977107152, "re_macro": 0.7898021968380603, "best_epoch": 6, "val_loss": 0.7595495697419354, "train_loss": 0.5621454179286957}
{"epoch": 7, "val_accuracy": 0.8020501592356688, "train_accuracy": 0.9088541686534881, "f1_macro": 0.7980995778173077, "pre_macro": 0.8008135075517501, "re_macro": 0.7981825494075968, "best_epoch": 7, "val_loss": 0.7334045661482841, "train_loss": 0.5201799243688583}
{"epoch": 8, "val_accuracy": 0.8058320063694268, "train_accuracy": 0.9166666686534881, "f1_macro": 0.8017893624176814, "pre_macro": 0.8045917773186628, "re_macro": 0.8019949292259003, "best_epoch": 8, "val_loss": 0.7160352590926893, "train_loss": 0.4900842547416687}
{"epoch": 9, "val_accuracy": 0.8093152866242038, "train_accuracy": 0.9197916686534882, "f1_macro": 0.8056884519289552, "pre_macro": 0.8077920415046276, "re_macro": 0.8059541942900612, "best_epoch": 9, "val_loss": 0.7019034729451891, "train_loss": 0.46775651574134824}
{"epoch": 10, "val_accuracy": 0.8134952229299363, "train_accuracy": 0.9333333373069763, "f1_macro": 0.8098361713238866, "pre_macro": 0.8122109940078295, "re_macro": 0.8099598798659778, "best_epoch": 10, "val_loss": 0.6921888295632259, "train_loss": 0.4508128732442856}
{"epoch": 11, "val_accuracy": 0.8141918789808917, "train_accuracy": 0.9380208373069763, "f1_macro": 0.8105708719633761, "pre_macro": 0.8126339050678348, "re_macro": 0.8107463414913656, "best_epoch": 11, "val_loss": 0.6841395839953878, "train_loss": 0.4379059851169586}
{"epoch": 12, "val_accuracy": 0.815187101910828, "train_accuracy": 0.9411458373069763, "f1_macro": 0.8116229033793605, "pre_macro": 0.8137136674614007, "re_macro": 0.8117722207607972, "best_epoch": 12, "val_loss": 0.6781013795904293, "train_loss": 0.4277274698019028}
{"epoch": 13, "val_accuracy": 0.8157842356687898, "train_accuracy": 0.9411458373069763, "f1_macro": 0.8123772040488854, "pre_macro": 0.8145180042531459, "re_macro": 0.8124729270808, "best_epoch": 13, "val_loss": 0.6732829984775774, "train_loss": 0.4197236567735672}
{"epoch": 14, "val_accuracy": 0.8161823248407644, "train_accuracy": 0.9411458373069763, "f1_macro": 0.812829416759584, "pre_macro": 0.8149332441035293, "re_macro": 0.8129309561004288, "best_epoch": 14, "val_loss": 0.6694458593038997, "train_loss": 0.41342139840126035}
{"epoch": 15, "val_accuracy": 0.8167794585987261, "train_accuracy": 0.9442708373069764, "f1_macro": 0.8134787019364584, "pre_macro": 0.8156057381244668, "re_macro": 0.813568544748526, "best_epoch": 15, "val_loss": 0.6664273210202053, "train_loss": 0.4083943009376526}
{"training time": 16.74213218688965}
