{"epoch": 100, "loss": 1.6831881999969482}
{"epoch": 200, "loss": 0.8638472557067871}
{"epoch": 300, "loss": 0.6318876147270203}
{"epoch": 400, "loss": 0.5165134072303772}
{"epoch": 500, "loss": 0.43451324105262756}
{"epoch": 600, "loss": 0.38307496905326843}
{"epoch": 700, "loss": 0.3512626588344574}
{"epoch": 800, "loss": 0.3235483765602112}
{"epoch": 900, "loss": 0.2974112629890442}
{"epoch": 1000, "loss": 0.2790975570678711}
{"training_time:": "3.9390s", "final_loss": 0.2790975570678711}
