{"epoch": 100, "loss": 7771.36376953125}
{"epoch": 200, "loss": 7766.1591796875}
{"epoch": 300, "loss": 7759.78125}
{"epoch": 400, "loss": 7752.74267578125}
{"epoch": 500, "loss": 7746.8193359375}
{"epoch": 600, "loss": 7740.18310546875}
{"epoch": 700, "loss": 7734.3740234375}
{"epoch": 800, "loss": 7729.21484375}
{"epoch": 900, "loss": 7724.0185546875}
{"epoch": 1000, "loss": 7718.39892578125}
{"training_time:": "3.6142s", "final_loss": 7718.39892578125}
