{"epoch": 1, "val_accuracy": 0.45143312101910826, "train_accuracy": 0.27604166865348817, "f1_macro": 0.42239513029926784, "pre_macro": 0.4396124022895121, "re_macro": 0.45149999999999996, "best_epoch": 1, "val_loss": 1.9715491958484528, "train_loss": 8.767172622680665}
{"epoch": 2, "val_accuracy": 0.5550358280254777, "train_accuracy": 0.6098958373069763, "f1_macro": 0.5338676387415144, "pre_macro": 0.5498217516895221, "re_macro": 0.5547, "best_epoch": 2, "val_loss": 1.7813182659209914, "train_loss": 8.381175422668457}
{"epoch": 3, "val_accuracy": 0.5849920382165605, "train_accuracy": 0.7020833373069764, "f1_macro": 0.5710301429443476, "pre_macro": 0.5886111839835053, "re_macro": 0.5839, "best_epoch": 3, "val_loss": 1.69583410897832, "train_loss": 8.102525329589843}
{"epoch": 4, "val_accuracy": 0.6296775477707006, "train_accuracy": 0.7984375, "f1_macro": 0.6144145727146506, "pre_macro": 0.6225776306274234, "re_macro": 0.6291, "best_epoch": 4, "val_loss": 1.5593910521003091, "train_loss": 7.8842205047607425}
{"epoch": 5, "val_accuracy": 0.6472929936305732, "train_accuracy": 0.8614583373069763, "f1_macro": 0.6396982754062609, "pre_macro": 0.6494746634965367, "re_macro": 0.6465, "best_epoch": 5, "val_loss": 1.462372364511915, "train_loss": 7.647061014175415}
{"epoch": 6, "val_accuracy": 0.6651074840764332, "train_accuracy": 0.9046875, "f1_macro": 0.6572674876800787, "pre_macro": 0.6625633101157948, "re_macro": 0.665, "best_epoch": 6, "val_loss": 1.398203182372318, "train_loss": 7.444404888153076}
{"epoch": 7, "val_accuracy": 0.6701831210191083, "train_accuracy": 0.9359375, "f1_macro": 0.6641165063532644, "pre_macro": 0.6705599928077773, "re_macro": 0.6698000000000001, "best_epoch": 7, "val_loss": 1.35747494667199, "train_loss": 7.2969080924987795}
{"epoch": 8, "val_accuracy": 0.6784434713375797, "train_accuracy": 0.95, "f1_macro": 0.6718330143724831, "pre_macro": 0.6794149038579984, "re_macro": 0.6778000000000001, "best_epoch": 8, "val_loss": 1.3249854054420618, "train_loss": 7.187516355514527}
{"epoch": 9, "val_accuracy": 0.6816281847133758, "train_accuracy": 0.96875, "f1_macro": 0.6756592979939827, "pre_macro": 0.6814030848580229, "re_macro": 0.681, "best_epoch": 9, "val_loss": 1.3082247721921108, "train_loss": 7.112653017044067}
{"epoch": 10, "val_accuracy": 0.6844148089171974, "train_accuracy": 0.978125, "f1_macro": 0.6786695405182676, "pre_macro": 0.6848383026701326, "re_macro": 0.6835, "best_epoch": 10, "val_loss": 1.2924917959103919, "train_loss": 7.05884895324707}
{"epoch": 11, "val_accuracy": 0.6869028662420382, "train_accuracy": 0.9828125, "f1_macro": 0.6812641026694474, "pre_macro": 0.6873472746731953, "re_macro": 0.686, "best_epoch": 11, "val_loss": 1.2820030253404264, "train_loss": 7.018726968765259}
{"epoch": 12, "val_accuracy": 0.6886942675159236, "train_accuracy": 0.9890625, "f1_macro": 0.6835076764345802, "pre_macro": 0.6893073592884094, "re_macro": 0.6878000000000001, "best_epoch": 12, "val_loss": 1.2733946734932577, "train_loss": 6.987601089477539}
{"epoch": 13, "val_accuracy": 0.6892914012738853, "train_accuracy": 0.9890625, "f1_macro": 0.6839701693670829, "pre_macro": 0.6893692775935788, "re_macro": 0.6884, "best_epoch": 13, "val_loss": 1.2667703119812497, "train_loss": 6.964115715026855}
{"epoch": 14, "val_accuracy": 0.6899880573248408, "train_accuracy": 0.990625, "f1_macro": 0.6846907857767107, "pre_macro": 0.6897826553335566, "re_macro": 0.6891, "best_epoch": 14, "val_loss": 1.2614774043392982, "train_loss": 6.945372486114502}
{"epoch": 15, "val_accuracy": 0.6900875796178344, "train_accuracy": 0.990625, "f1_macro": 0.6848632549382458, "pre_macro": 0.6899789984575933, "re_macro": 0.6892000000000001, "best_epoch": 15, "val_loss": 1.2573406233149729, "train_loss": 6.93069224357605}
{"epoch": 16, "val_accuracy": 0.6906847133757962, "train_accuracy": 0.9921875, "f1_macro": 0.6854597789373915, "pre_macro": 0.6904052450200107, "re_macro": 0.6898000000000001, "best_epoch": 16, "val_loss": 1.2540349413634866, "train_loss": 6.919062614440918}
{"epoch": 17, "val_accuracy": 0.6908837579617835, "train_accuracy": 0.9921875, "f1_macro": 0.6856871560249267, "pre_macro": 0.6904630521713963, "re_macro": 0.6900000000000002, "best_epoch": 17, "val_loss": 1.251374593206272, "train_loss": 6.909770154953003}
{"epoch": 18, "val_accuracy": 0.6915804140127388, "train_accuracy": 0.9921875, "f1_macro": 0.6864369867646977, "pre_macro": 0.691185135273909, "re_macro": 0.6907000000000001, "best_epoch": 18, "val_loss": 1.2492555425425245, "train_loss": 6.902349996566772}
{"epoch": 19, "val_accuracy": 0.6916799363057324, "train_accuracy": 0.9921875, "f1_macro": 0.6865473445514904, "pre_macro": 0.6913121087904208, "re_macro": 0.6908000000000001, "best_epoch": 19, "val_loss": 1.2475644076705739, "train_loss": 6.896416187286377}
{"epoch": 20, "val_accuracy": 0.6916799363057324, "train_accuracy": 0.9921875, "f1_macro": 0.6865578764300918, "pre_macro": 0.6913589773693025, "re_macro": 0.6908000000000001, "best_epoch": 19, "val_loss": 1.246206708774445, "train_loss": 6.891660976409912}
{"epoch": 21, "val_accuracy": 0.6918789808917197, "train_accuracy": 0.9921875, "f1_macro": 0.6867862065301191, "pre_macro": 0.6916991521725783, "re_macro": 0.691, "best_epoch": 21, "val_loss": 1.245114456316468, "train_loss": 6.887844562530518}
{"epoch": 22, "val_accuracy": 0.6922770700636943, "train_accuracy": 0.9921875, "f1_macro": 0.6872120205860547, "pre_macro": 0.6921201690188474, "re_macro": 0.6914, "best_epoch": 22, "val_loss": 1.2442360334335618, "train_loss": 6.8847791194915775}
{"epoch": 23, "val_accuracy": 0.6922770700636943, "train_accuracy": 0.9921875, "f1_macro": 0.687515922288363, "pre_macro": 0.6923842322883338, "re_macro": 0.6917, "best_epoch": 22, "val_loss": 1.2435297320602805, "train_loss": 6.88231635093689}
{"epoch": 24, "val_accuracy": 0.6922770700636943, "train_accuracy": 0.9921875, "f1_macro": 0.687515922288363, "pre_macro": 0.6923842322883338, "re_macro": 0.6917, "best_epoch": 22, "val_loss": 1.2429617073885195, "train_loss": 6.880336570739746}
{"epoch": 25, "val_accuracy": 0.692078025477707, "train_accuracy": 0.9921875, "f1_macro": 0.6872975856744745, "pre_macro": 0.6920865550018971, "re_macro": 0.6915, "best_epoch": 22, "val_loss": 1.2425048624633983, "train_loss": 6.878744792938233}
{"training time": 25.751936197280884}
