{"epoch": 1, "val_accuracy": 0.8260350318471338, "train_accuracy": 0.8027052238805971, "f1_macro": 0.821249286185739, "pre_macro": 0.8287224922278433, "re_macro": 0.8257999999999999, "best_epoch": 1, "val_loss": 0.5240529141608318, "train_loss": 5.347519784593887}
{"epoch": 2, "val_accuracy": 0.8435509554140127, "train_accuracy": 0.8545942164179104, "f1_macro": 0.8421059977334829, "pre_macro": 0.8455158000914933, "re_macro": 0.8428000000000001, "best_epoch": 2, "val_loss": 0.4761977747177622, "train_loss": 3.367179093076222}
{"epoch": 3, "val_accuracy": 0.8560907643312102, "train_accuracy": 0.867204157782516, "f1_macro": 0.8533225318644686, "pre_macro": 0.857921714888937, "re_macro": 0.8557, "best_epoch": 3, "val_loss": 0.4339135795072385, "train_loss": 2.619476662007476}
{"epoch": 4, "val_accuracy": 0.8444466560509554, "train_accuracy": 0.8746335287846482, "f1_macro": 0.8436544629008971, "pre_macro": 0.8470535995215034, "re_macro": 0.8446, "best_epoch": 3, "val_loss": 0.46253441986005017, "train_loss": 2.2110067923694277}
{"epoch": 5, "val_accuracy": 0.8511146496815286, "train_accuracy": 0.8811134061833689, "f1_macro": 0.8495643190206797, "pre_macro": 0.8548350114180604, "re_macro": 0.851, "best_epoch": 3, "val_loss": 0.4347879050453757, "train_loss": 1.9544589672007286}
{"epoch": 6, "val_accuracy": 0.8558917197452229, "train_accuracy": 0.8854444296375267, "f1_macro": 0.851900518390714, "pre_macro": 0.8591054612040384, "re_macro": 0.8554999999999999, "best_epoch": 3, "val_loss": 0.42118313329614654, "train_loss": 1.786534716325528}
{"epoch": 7, "val_accuracy": 0.857484076433121, "train_accuracy": 0.8901419243070362, "f1_macro": 0.8523379769681269, "pre_macro": 0.8616496070583134, "re_macro": 0.8573999999999999, "best_epoch": 7, "val_loss": 0.4115082557034341, "train_loss": 1.664460587476108}
{"epoch": 8, "val_accuracy": 0.8622611464968153, "train_accuracy": 0.894639525586354, "f1_macro": 0.8577988348341312, "pre_macro": 0.864688859674918, "re_macro": 0.8619, "best_epoch": 8, "val_loss": 0.3951049083547228, "train_loss": 1.573482740408322}
{"epoch": 9, "val_accuracy": 0.8649482484076433, "train_accuracy": 0.8995868869936035, "f1_macro": 0.8635497493967315, "pre_macro": 0.8645027701213653, "re_macro": 0.8645999999999999, "best_epoch": 9, "val_loss": 0.3867121352131959, "train_loss": 1.5049556758103848}
{"epoch": 10, "val_accuracy": 0.8598726114649682, "train_accuracy": 0.9005863539445629, "f1_macro": 0.8595472415168199, "pre_macro": 0.8613280890770886, "re_macro": 0.8595, "best_epoch": 9, "val_loss": 0.3931049246127438, "train_loss": 1.4526174046845832}
{"epoch": 11, "val_accuracy": 0.8629578025477707, "train_accuracy": 0.9037846481876333, "f1_macro": 0.8624888125859013, "pre_macro": 0.8639593783594235, "re_macro": 0.8625999999999999, "best_epoch": 9, "val_loss": 0.3827071959615513, "train_loss": 1.411074627437063}
{"epoch": 12, "val_accuracy": 0.8664410828025477, "train_accuracy": 0.9075326492537313, "f1_macro": 0.8654144965066657, "pre_macro": 0.8662998893495025, "re_macro": 0.8661, "best_epoch": 12, "val_loss": 0.3713032443811939, "train_loss": 1.3778867844833749}
{"epoch": 13, "val_accuracy": 0.8713176751592356, "train_accuracy": 0.9093483475479744, "f1_macro": 0.8696372497783423, "pre_macro": 0.8704112166515487, "re_macro": 0.8709999999999999, "best_epoch": 13, "val_loss": 0.36172809447072873, "train_loss": 1.3519499496356258}
{"epoch": 14, "val_accuracy": 0.8729100318471338, "train_accuracy": 0.9109808102345416, "f1_macro": 0.8707515825962652, "pre_macro": 0.8719323229898915, "re_macro": 0.8725999999999999, "best_epoch": 14, "val_loss": 0.356922908953041, "train_loss": 1.3313747916394458}
{"epoch": 15, "val_accuracy": 0.8729100318471338, "train_accuracy": 0.9127465351812367, "f1_macro": 0.8703043685461835, "pre_macro": 0.8722410182874084, "re_macro": 0.8725999999999999, "best_epoch": 14, "val_loss": 0.35633832092877404, "train_loss": 1.3150285376922917}
{"epoch": 16, "val_accuracy": 0.8734076433121019, "train_accuracy": 0.9142124200426439, "f1_macro": 0.8706164280527784, "pre_macro": 0.8731634144056413, "re_macro": 0.8731, "best_epoch": 16, "val_loss": 0.35607839646233114, "train_loss": 1.30200614908865}
{"epoch": 17, "val_accuracy": 0.8744028662420382, "train_accuracy": 0.9154117803837953, "f1_macro": 0.8718271783089936, "pre_macro": 0.8742054847167701, "re_macro": 0.8741, "best_epoch": 17, "val_loss": 0.35336098653875336, "train_loss": 1.2916044111190828}
{"epoch": 18, "val_accuracy": 0.875, "train_accuracy": 0.9162946428571429, "f1_macro": 0.8726421822008177, "pre_macro": 0.8743658787322737, "re_macro": 0.8747, "best_epoch": 18, "val_loss": 0.3492200758047165, "train_loss": 1.2832060500757019}
{"epoch": 19, "val_accuracy": 0.8742038216560509, "train_accuracy": 0.9177605277185501, "f1_macro": 0.8721983951843987, "pre_macro": 0.8732090880984315, "re_macro": 0.8739000000000001, "best_epoch": 18, "val_loss": 0.34540246465023916, "train_loss": 1.2764168244435081}
{"epoch": 20, "val_accuracy": 0.8746019108280255, "train_accuracy": 0.9182602611940298, "f1_macro": 0.8729273408288986, "pre_macro": 0.8735531244881939, "re_macro": 0.8743000000000001, "best_epoch": 18, "val_loss": 0.342574659331589, "train_loss": 1.2709505812191506}
{"epoch": 21, "val_accuracy": 0.8741042993630573, "train_accuracy": 0.9184601545842217, "f1_macro": 0.8726536581902293, "pre_macro": 0.8729616344385427, "re_macro": 0.8738000000000001, "best_epoch": 18, "val_loss": 0.3406802438626623, "train_loss": 1.2665667687651954}
{"epoch": 22, "val_accuracy": 0.8747014331210191, "train_accuracy": 0.9188432835820896, "f1_macro": 0.8734555722886382, "pre_macro": 0.8736092818054173, "re_macro": 0.8744, "best_epoch": 18, "val_loss": 0.3395074513877273, "train_loss": 1.2630555098499063}
{"epoch": 23, "val_accuracy": 0.8747014331210191, "train_accuracy": 0.9193929904051172, "f1_macro": 0.8736346431730284, "pre_macro": 0.8737032242195089, "re_macro": 0.8744, "best_epoch": 18, "val_loss": 0.33880918259453624, "train_loss": 1.260244330490576}
{"epoch": 24, "val_accuracy": 0.8745023885350318, "train_accuracy": 0.9197261460554371, "f1_macro": 0.8735411605906857, "pre_macro": 0.873571991090684, "re_macro": 0.8741999999999999, "best_epoch": 18, "val_loss": 0.338361728153411, "train_loss": 1.2579927646529192}
{"epoch": 25, "val_accuracy": 0.875, "train_accuracy": 0.9201925639658849, "f1_macro": 0.8740980526918163, "pre_macro": 0.874141079361143, "re_macro": 0.8747, "best_epoch": 18, "val_loss": 0.33802844840250196, "train_loss": 1.256187741181998}
{"training time": 237.46199536323547}
