{"epoch": 1, "val_accuracy": 0.7013335987261147, "train_accuracy": 0.5453077516657241, "f1_macro": 0.6937603784171117, "pre_macro": 0.6936745767147889, "re_macro": 0.7011000000000001, "best_epoch": 1, "val_loss": 1.2836798399117342, "train_loss": 8.16406787709987}
{"epoch": 2, "val_accuracy": 0.746218152866242, "train_accuracy": 0.7582161857726726, "f1_macro": 0.7372947518600811, "pre_macro": 0.7382327077175603, "re_macro": 0.7455999999999999, "best_epoch": 2, "val_loss": 0.9543684162911336, "train_loss": 7.247847881722958}
{"epoch": 3, "val_accuracy": 0.7649283439490446, "train_accuracy": 0.822900836772107, "f1_macro": 0.7626175321950327, "pre_macro": 0.7672145055592102, "re_macro": 0.7640999999999999, "best_epoch": 3, "val_loss": 0.813515949780774, "train_loss": 6.752881790729279}
{"epoch": 4, "val_accuracy": 0.7725915605095541, "train_accuracy": 0.8620820679563157, "f1_macro": 0.7701654750801241, "pre_macro": 0.7717462067848474, "re_macro": 0.7718, "best_epoch": 4, "val_loss": 0.7289490787086973, "train_loss": 6.459552115582405}
{"epoch": 5, "val_accuracy": 0.7809514331210191, "train_accuracy": 0.8963240892329114, "f1_macro": 0.7812721897915516, "pre_macro": 0.7861371548239546, "re_macro": 0.7808, "best_epoch": 5, "val_loss": 0.6868302601917534, "train_loss": 6.231240211649144}
{"epoch": 6, "val_accuracy": 0.7887141719745223, "train_accuracy": 0.9223499247368346, "f1_macro": 0.7868645819435727, "pre_macro": 0.7881633920414515, "re_macro": 0.7883, "best_epoch": 6, "val_loss": 0.643076440900754, "train_loss": 6.075322912094441}
{"epoch": 7, "val_accuracy": 0.7906050955414012, "train_accuracy": 0.9387348027939492, "f1_macro": 0.7906531491724055, "pre_macro": 0.7954278209649503, "re_macro": 0.7905, "best_epoch": 7, "val_loss": 0.622926334286951, "train_loss": 5.948782068617801}
{"epoch": 8, "val_accuracy": 0.7950835987261147, "train_accuracy": 0.9530300155599066, "f1_macro": 0.7948150454383089, "pre_macro": 0.7981656840528704, "re_macro": 0.795, "best_epoch": 8, "val_loss": 0.5996888241950115, "train_loss": 5.850358151374979}
{"epoch": 9, "val_accuracy": 0.7984673566878981, "train_accuracy": 0.9586816113045875, "f1_macro": 0.798223694965331, "pre_macro": 0.8020357405522727, "re_macro": 0.7984, "best_epoch": 9, "val_loss": 0.5878670767993684, "train_loss": 5.772059217412421}
{"epoch": 10, "val_accuracy": 0.8013535031847133, "train_accuracy": 0.9640482537289883, "f1_macro": 0.7999061047052388, "pre_macro": 0.8021015379062868, "re_macro": 0.8009999999999999, "best_epoch": 10, "val_loss": 0.5784734724813206, "train_loss": 5.710622442529557}
{"epoch": 11, "val_accuracy": 0.8005573248407644, "train_accuracy": 0.9730243175587756, "f1_macro": 0.7990978804408809, "pre_macro": 0.8009991474701594, "re_macro": 0.8002, "best_epoch": 10, "val_loss": 0.5729608298486965, "train_loss": 5.658820081264414}
{"epoch": 12, "val_accuracy": 0.8015525477707006, "train_accuracy": 0.9776785728779245, "f1_macro": 0.8002193556083643, "pre_macro": 0.8022094500591184, "re_macro": 0.8011999999999999, "best_epoch": 12, "val_loss": 0.5700399429555152, "train_loss": 5.621297146411652}
{"epoch": 13, "val_accuracy": 0.8022492038216561, "train_accuracy": 0.980718085106383, "f1_macro": 0.8013226917004636, "pre_macro": 0.803684932634245, "re_macro": 0.8019000000000001, "best_epoch": 13, "val_loss": 0.5676410127976897, "train_loss": 5.594246306317918}
{"epoch": 14, "val_accuracy": 0.8021496815286624, "train_accuracy": 0.9817154255319149, "f1_macro": 0.8016950376396622, "pre_macro": 0.8042513998920711, "re_macro": 0.8021, "best_epoch": 13, "val_loss": 0.5654695022637677, "train_loss": 5.572825786915232}
{"epoch": 15, "val_accuracy": 0.8038415605095541, "train_accuracy": 0.9830452127659575, "f1_macro": 0.8033548588937718, "pre_macro": 0.8055250752662065, "re_macro": 0.8038000000000001, "best_epoch": 15, "val_loss": 0.5630816302861378, "train_loss": 5.555428038252161}
{"epoch": 16, "val_accuracy": 0.8037420382165605, "train_accuracy": 0.9840425531914894, "f1_macro": 0.8030461402562425, "pre_macro": 0.8044891486061809, "re_macro": 0.8037000000000001, "best_epoch": 15, "val_loss": 0.5602479098708766, "train_loss": 5.540485016843106}
{"epoch": 17, "val_accuracy": 0.8039410828025477, "train_accuracy": 0.9847074468085106, "f1_macro": 0.8032472986587942, "pre_macro": 0.8040950451824402, "re_macro": 0.8039, "best_epoch": 17, "val_loss": 0.5571815502491726, "train_loss": 5.527239342953297}
{"epoch": 18, "val_accuracy": 0.8047372611464968, "train_accuracy": 0.9860372340425532, "f1_macro": 0.8040404975659838, "pre_macro": 0.8046541873346884, "re_macro": 0.8046999999999999, "best_epoch": 18, "val_loss": 0.5547617163248123, "train_loss": 5.515862099667813}
{"epoch": 19, "val_accuracy": 0.8055334394904459, "train_accuracy": 0.9870345744680851, "f1_macro": 0.8048988970634167, "pre_macro": 0.8052833634048492, "re_macro": 0.8055, "best_epoch": 19, "val_loss": 0.5533515444606733, "train_loss": 5.506525912183396}
{"epoch": 20, "val_accuracy": 0.8059315286624203, "train_accuracy": 0.988031914893617, "f1_macro": 0.8053409450032827, "pre_macro": 0.8057006844365764, "re_macro": 0.8059, "best_epoch": 20, "val_loss": 0.5525904611037795, "train_loss": 5.499139085729071}
{"epoch": 21, "val_accuracy": 0.8064291401273885, "train_accuracy": 0.989029255319149, "f1_macro": 0.8058948389284495, "pre_macro": 0.8062917538535019, "re_macro": 0.8063999999999998, "best_epoch": 21, "val_loss": 0.5521226563271443, "train_loss": 5.493397692416576}
{"epoch": 22, "val_accuracy": 0.8067277070063694, "train_accuracy": 0.9900265957446809, "f1_macro": 0.8062292845262163, "pre_macro": 0.8066812886914828, "re_macro": 0.8067, "best_epoch": 22, "val_loss": 0.5518010192236323, "train_loss": 5.488911588141259}
{"epoch": 23, "val_accuracy": 0.8072253184713376, "train_accuracy": 0.9906914893617021, "f1_macro": 0.8068118180354278, "pre_macro": 0.8073157026948146, "re_macro": 0.8071999999999999, "best_epoch": 23, "val_loss": 0.5515673226991277, "train_loss": 5.485372867990048}
{"epoch": 24, "val_accuracy": 0.8073248407643312, "train_accuracy": 0.9906914893617021, "f1_macro": 0.8070021849084436, "pre_macro": 0.8076164933727565, "re_macro": 0.8072999999999999, "best_epoch": 24, "val_loss": 0.5513916788207498, "train_loss": 5.482563333308443}
{"epoch": 25, "val_accuracy": 0.8071257961783439, "train_accuracy": 0.9910239361702128, "f1_macro": 0.8068146624645725, "pre_macro": 0.807456586396375, "re_macro": 0.8070999999999999, "best_epoch": 24, "val_loss": 0.5512567718697202, "train_loss": 5.480323466848819}
{"training time": 32.365821838378906}
