{"epoch": 1, "val_accuracy": 0.8326035031847133, "train_accuracy": 0.7900612571022727, "f1_macro": 0.8290438767120254, "pre_macro": 0.8336339401867165, "re_macro": 0.8321, "best_epoch": 1, "val_loss": 0.517331944529418, "train_loss": 5.720221255313266}
{"epoch": 2, "val_accuracy": 0.8400676751592356, "train_accuracy": 0.8538041548295454, "f1_macro": 0.8377985603360646, "pre_macro": 0.8436743711426867, "re_macro": 0.8396000000000001, "best_epoch": 2, "val_loss": 0.4822380924300783, "train_loss": 3.829286236993291}
{"epoch": 3, "val_accuracy": 0.8460390127388535, "train_accuracy": 0.8688299005681818, "f1_macro": 0.8435098748533365, "pre_macro": 0.8530305048840546, "re_macro": 0.8459, "best_epoch": 3, "val_loss": 0.45809767504406584, "train_loss": 3.061305247247219}
{"epoch": 4, "val_accuracy": 0.8500199044585988, "train_accuracy": 0.8764426491477273, "f1_macro": 0.8472060767599231, "pre_macro": 0.8532986687138265, "re_macro": 0.8498999999999999, "best_epoch": 4, "val_loss": 0.44389126872181134, "train_loss": 2.6335558511994104}
{"epoch": 5, "val_accuracy": 0.846437101910828, "train_accuracy": 0.8825905539772727, "f1_macro": 0.841481250414396, "pre_macro": 0.8514984700676396, "re_macro": 0.8463, "best_epoch": 4, "val_loss": 0.4568852970174923, "train_loss": 2.357324442741546}
{"epoch": 6, "val_accuracy": 0.8538017515923567, "train_accuracy": 0.8899591619318182, "f1_macro": 0.8502214987692932, "pre_macro": 0.8577401852500495, "re_macro": 0.8537000000000001, "best_epoch": 6, "val_loss": 0.42351300777143736, "train_loss": 2.1585229382934896}
{"epoch": 7, "val_accuracy": 0.8544984076433121, "train_accuracy": 0.8931329900568182, "f1_macro": 0.8522307305383346, "pre_macro": 0.8559967969465067, "re_macro": 0.8544, "best_epoch": 7, "val_loss": 0.40624121495872545, "train_loss": 2.02528771080754}
{"epoch": 8, "val_accuracy": 0.857484076433121, "train_accuracy": 0.8996138139204546, "f1_macro": 0.8541026681501226, "pre_macro": 0.8587410395686919, "re_macro": 0.8571, "best_epoch": 8, "val_loss": 0.4073108386272078, "train_loss": 1.9134763016958127}
{"epoch": 9, "val_accuracy": 0.8585788216560509, "train_accuracy": 0.9051624644886364, "f1_macro": 0.8557999719884283, "pre_macro": 0.8594282144350448, "re_macro": 0.8582000000000001, "best_epoch": 9, "val_loss": 0.39967523315909564, "train_loss": 1.8275586525824936}
{"epoch": 10, "val_accuracy": 0.8549960191082803, "train_accuracy": 0.9087357954545454, "f1_macro": 0.854316889156336, "pre_macro": 0.8573864202004952, "re_macro": 0.8545999999999999, "best_epoch": 9, "val_loss": 0.402883555763846, "train_loss": 1.7620253007520328}
{"epoch": 11, "val_accuracy": 0.8500199044585988, "train_accuracy": 0.9119762073863636, "f1_macro": 0.8503525909044208, "pre_macro": 0.855640712270282, "re_macro": 0.8496, "best_epoch": 9, "val_loss": 0.4131975237541138, "train_loss": 1.7103358083827929}
{"epoch": 12, "val_accuracy": 0.8535031847133758, "train_accuracy": 0.9152388139204546, "f1_macro": 0.8543842373731856, "pre_macro": 0.8593920646524535, "re_macro": 0.8533999999999999, "best_epoch": 9, "val_loss": 0.40000011026859283, "train_loss": 1.6695126493207433}
{"epoch": 13, "val_accuracy": 0.8602707006369427, "train_accuracy": 0.9181019176136364, "f1_macro": 0.8604151512609558, "pre_macro": 0.8643135322070927, "re_macro": 0.8599, "best_epoch": 13, "val_loss": 0.38392438450057037, "train_loss": 1.636505215344104}
{"epoch": 14, "val_accuracy": 0.865047770700637, "train_accuracy": 0.9200772372159091, "f1_macro": 0.8648616918617741, "pre_macro": 0.8681065642978446, "re_macro": 0.8646999999999998, "best_epoch": 14, "val_loss": 0.37397217750549316, "train_loss": 1.610189842398871}
{"epoch": 15, "val_accuracy": 0.8675358280254777, "train_accuracy": 0.9215420809659091, "f1_macro": 0.8672149981702356, "pre_macro": 0.8697409868209668, "re_macro": 0.8672000000000001, "best_epoch": 15, "val_loss": 0.3676465771570327, "train_loss": 1.5893946132537993}
{"epoch": 16, "val_accuracy": 0.8697253184713376, "train_accuracy": 0.9229181463068182, "f1_macro": 0.8693021164212528, "pre_macro": 0.8710757855090243, "re_macro": 0.8694, "best_epoch": 16, "val_loss": 0.3611449503405079, "train_loss": 1.5728145138445226}
{"epoch": 17, "val_accuracy": 0.8711186305732485, "train_accuracy": 0.9240500710227273, "f1_macro": 0.8706155369616132, "pre_macro": 0.8717630736051449, "re_macro": 0.8708, "best_epoch": 17, "val_loss": 0.35548021326399154, "train_loss": 1.5594577105207876}
{"epoch": 18, "val_accuracy": 0.8732085987261147, "train_accuracy": 0.9254927201704546, "f1_macro": 0.8725391820730064, "pre_macro": 0.8734903979574424, "re_macro": 0.8728999999999999, "best_epoch": 18, "val_loss": 0.351966450358652, "train_loss": 1.5486605081029914}
{"epoch": 19, "val_accuracy": 0.8743033439490446, "train_accuracy": 0.9267356178977273, "f1_macro": 0.8734361357045299, "pre_macro": 0.8742763700606705, "re_macro": 0.874, "best_epoch": 19, "val_loss": 0.34999469226332985, "train_loss": 1.539977054026994}
{"epoch": 20, "val_accuracy": 0.87390525477707, "train_accuracy": 0.927490234375, "f1_macro": 0.8728611750818794, "pre_macro": 0.873567092148065, "re_macro": 0.8735999999999999, "best_epoch": 19, "val_loss": 0.3485248052770165, "train_loss": 1.533032975582914}
{"epoch": 21, "val_accuracy": 0.8754976114649682, "train_accuracy": 0.9282448508522727, "f1_macro": 0.8744713906139102, "pre_macro": 0.8749882374932001, "re_macro": 0.8751999999999999, "best_epoch": 21, "val_loss": 0.34699112679927974, "train_loss": 1.5274820375171574}
{"epoch": 22, "val_accuracy": 0.8771894904458599, "train_accuracy": 0.9287553267045454, "f1_macro": 0.8762084625119517, "pre_macro": 0.8765578043150042, "re_macro": 0.8768999999999998, "best_epoch": 22, "val_loss": 0.3454133950790782, "train_loss": 1.5230342500250449}
{"epoch": 23, "val_accuracy": 0.8779856687898089, "train_accuracy": 0.9288884943181818, "f1_macro": 0.8769888929626879, "pre_macro": 0.8771845471190757, "re_macro": 0.8776999999999999, "best_epoch": 23, "val_loss": 0.34405106524373313, "train_loss": 1.5194656686349348}
{"epoch": 24, "val_accuracy": 0.8780851910828026, "train_accuracy": 0.9294211647727273, "f1_macro": 0.8770603417701821, "pre_macro": 0.8771085405614203, "re_macro": 0.8777999999999999, "best_epoch": 24, "val_loss": 0.3430276978167759, "train_loss": 1.5166049484502186}
{"epoch": 25, "val_accuracy": 0.8774880573248408, "train_accuracy": 0.9300426136363636, "f1_macro": 0.8765064825353859, "pre_macro": 0.8764814985451743, "re_macro": 0.8772, "best_epoch": 24, "val_loss": 0.34231155389433454, "train_loss": 1.5143163856118917}
{"training time": 182.33953857421875}
