{"epoch": 1, "val_accuracy": 0.798765923566879, "train_accuracy": 0.7164228723404256, "f1_macro": 0.7918069495137078, "pre_macro": 0.7979325820749286, "re_macro": 0.7984, "best_epoch": 1, "val_loss": 0.6199845804530344, "train_loss": 6.9651448797672355}
{"epoch": 2, "val_accuracy": 0.8250398089171974, "train_accuracy": 0.8329122340425532, "f1_macro": 0.8200921781743624, "pre_macro": 0.826710704496642, "re_macro": 0.8251, "best_epoch": 2, "val_loss": 0.5194634220023064, "train_loss": 5.520664963823684}
{"epoch": 3, "val_accuracy": 0.830812101910828, "train_accuracy": 0.8642287234042553, "f1_macro": 0.8262936780227577, "pre_macro": 0.8375413221211652, "re_macro": 0.8311999999999999, "best_epoch": 3, "val_loss": 0.4855057991993655, "train_loss": 4.836773468585725}
{"epoch": 4, "val_accuracy": 0.8328025477707006, "train_accuracy": 0.8890514186088075, "f1_macro": 0.8295557275017573, "pre_macro": 0.8401177049084266, "re_macro": 0.8328999999999999, "best_epoch": 4, "val_loss": 0.4628799161903418, "train_loss": 4.3885543904405955}
{"epoch": 5, "val_accuracy": 0.8358877388535032, "train_accuracy": 0.9023049646235527, "f1_macro": 0.8330388752061058, "pre_macro": 0.8465278471069506, "re_macro": 0.836, "best_epoch": 5, "val_loss": 0.46183820287133476, "train_loss": 4.077002269663709}
{"epoch": 6, "val_accuracy": 0.8425557324840764, "train_accuracy": 0.9161790781832756, "f1_macro": 0.8391540854722962, "pre_macro": 0.8462162801796478, "re_macro": 0.8423999999999999, "best_epoch": 6, "val_loss": 0.439456418061712, "train_loss": 3.850461188783037}
{"epoch": 7, "val_accuracy": 0.8427547770700637, "train_accuracy": 0.9275487590343394, "f1_macro": 0.8408009660658949, "pre_macro": 0.8455262392831037, "re_macro": 0.8426, "best_epoch": 7, "val_loss": 0.4420245036387899, "train_loss": 3.676069107461483}
{"epoch": 8, "val_accuracy": 0.84375, "train_accuracy": 0.9335771276595745, "f1_macro": 0.8417468876374008, "pre_macro": 0.8470916831616856, "re_macro": 0.8432999999999999, "best_epoch": 8, "val_loss": 0.4394141811474114, "train_loss": 3.542642160172158}
{"epoch": 9, "val_accuracy": 0.8479299363057324, "train_accuracy": 0.939561170212766, "f1_macro": 0.8448048026373964, "pre_macro": 0.8495445621593432, "re_macro": 0.8474999999999999, "best_epoch": 9, "val_loss": 0.4297167004863168, "train_loss": 3.4376524275921763}
{"epoch": 10, "val_accuracy": 0.853702229299363, "train_accuracy": 0.9462322696726373, "f1_macro": 0.850746732203455, "pre_macro": 0.8541562822565275, "re_macro": 0.8533, "best_epoch": 10, "val_loss": 0.4164568309191686, "train_loss": 3.3499801777778786}
{"epoch": 11, "val_accuracy": 0.8557921974522293, "train_accuracy": 0.9522828015875309, "f1_macro": 0.8532693672016183, "pre_macro": 0.8558243691627704, "re_macro": 0.8554, "best_epoch": 11, "val_loss": 0.40963648601322417, "train_loss": 3.2785083760606484}
{"epoch": 12, "val_accuracy": 0.8563893312101911, "train_accuracy": 0.9589760638297873, "f1_macro": 0.8540957228454292, "pre_macro": 0.8557818557316192, "re_macro": 0.8560000000000001, "best_epoch": 12, "val_loss": 0.40649816166063785, "train_loss": 3.2206707010877893}
{"epoch": 13, "val_accuracy": 0.8573845541401274, "train_accuracy": 0.9626329787234043, "f1_macro": 0.8555847207990895, "pre_macro": 0.8567426920104341, "re_macro": 0.857, "best_epoch": 13, "val_loss": 0.40462219098191354, "train_loss": 3.1755671328686654}
{"epoch": 14, "val_accuracy": 0.857484076433121, "train_accuracy": 0.9658909574468085, "f1_macro": 0.8562418791081147, "pre_macro": 0.8574636989916573, "re_macro": 0.8571, "best_epoch": 14, "val_loss": 0.40464157919595195, "train_loss": 3.1396734075343353}
{"epoch": 15, "val_accuracy": 0.8576831210191083, "train_accuracy": 0.9688164893617022, "f1_macro": 0.8565418560220998, "pre_macro": 0.8577326612048074, "re_macro": 0.8573000000000001, "best_epoch": 15, "val_loss": 0.40398140612301553, "train_loss": 3.110658975357705}
{"epoch": 16, "val_accuracy": 0.857484076433121, "train_accuracy": 0.9714095744680851, "f1_macro": 0.8561703310728787, "pre_macro": 0.8572069110327742, "re_macro": 0.8571000000000002, "best_epoch": 15, "val_loss": 0.40132997251430136, "train_loss": 3.0872572959737576}
{"epoch": 17, "val_accuracy": 0.8599721337579618, "train_accuracy": 0.9722739361702127, "f1_macro": 0.8583860200746134, "pre_macro": 0.8589490440213462, "re_macro": 0.8596, "best_epoch": 17, "val_loss": 0.39835865311561874, "train_loss": 3.068347386096386}
{"epoch": 18, "val_accuracy": 0.8594745222929936, "train_accuracy": 0.9726063829787234, "f1_macro": 0.8577055851976286, "pre_macro": 0.8579240353665536, "re_macro": 0.8591000000000001, "best_epoch": 17, "val_loss": 0.39640802301608835, "train_loss": 3.0528701660480904}
{"epoch": 19, "val_accuracy": 0.8601711783439491, "train_accuracy": 0.9743351063829787, "f1_macro": 0.8584390058198696, "pre_macro": 0.8585203798876156, "re_macro": 0.8597999999999999, "best_epoch": 19, "val_loss": 0.39526941166941526, "train_loss": 3.0401342067312687}
{"epoch": 20, "val_accuracy": 0.8600716560509554, "train_accuracy": 0.9751994680851064, "f1_macro": 0.8584696294138601, "pre_macro": 0.8584854816487933, "re_macro": 0.8596999999999999, "best_epoch": 19, "val_loss": 0.3945131950127851, "train_loss": 3.0297053884952625}
{"epoch": 21, "val_accuracy": 0.8606687898089171, "train_accuracy": 0.9756648936170212, "f1_macro": 0.8592844252349014, "pre_macro": 0.8592791903585372, "re_macro": 0.8603, "best_epoch": 21, "val_loss": 0.394068878025386, "train_loss": 3.021227169036865}
{"epoch": 22, "val_accuracy": 0.861265923566879, "train_accuracy": 0.9759973404255319, "f1_macro": 0.8601032206092156, "pre_macro": 0.8600762415079306, "re_macro": 0.8609, "best_epoch": 22, "val_loss": 0.39389389193361735, "train_loss": 3.014369722122842}
{"epoch": 23, "val_accuracy": 0.8613654458598726, "train_accuracy": 0.9769946808510638, "f1_macro": 0.8603215771993616, "pre_macro": 0.8602822751148332, "re_macro": 0.861, "best_epoch": 23, "val_loss": 0.3938663767971051, "train_loss": 3.0088268807593814}
{"epoch": 24, "val_accuracy": 0.8614649681528662, "train_accuracy": 0.9772606382978724, "f1_macro": 0.8605973794443542, "pre_macro": 0.8605543745526931, "re_macro": 0.8611000000000001, "best_epoch": 24, "val_loss": 0.3938740023951622, "train_loss": 3.0043345776010066}
{"epoch": 25, "val_accuracy": 0.8616640127388535, "train_accuracy": 0.977593085106383, "f1_macro": 0.8608980631106693, "pre_macro": 0.8608852856288122, "re_macro": 0.8613, "best_epoch": 25, "val_loss": 0.39386628383094335, "train_loss": 3.0006848984576284}
{"training time": 75.7941563129425}
