{"epoch": 1, "val_accuracy": 0.6869028662420382, "train_accuracy": 0.519281914893617, "f1_macro": 0.6773646570296503, "pre_macro": 0.6781519510215654, "re_macro": 0.6872, "best_epoch": 1, "val_loss": 1.389508913277061, "train_loss": 1.8860838565420597}
{"epoch": 2, "val_accuracy": 0.7284036624203821, "train_accuracy": 0.7522796354395278, "f1_macro": 0.7218438195232403, "pre_macro": 0.7257729577139374, "re_macro": 0.728, "best_epoch": 2, "val_loss": 1.061110897808318, "train_loss": 1.2200669151671388}
{"epoch": 3, "val_accuracy": 0.7448248407643312, "train_accuracy": 0.8115976452827454, "f1_macro": 0.7387350979259127, "pre_macro": 0.746025120977414, "re_macro": 0.7442, "best_epoch": 3, "val_loss": 0.9200377471887382, "train_loss": 0.919623872067066}
{"epoch": 4, "val_accuracy": 0.7580613057324841, "train_accuracy": 0.8455547119708772, "f1_macro": 0.7520488302101526, "pre_macro": 0.7499485542792664, "re_macro": 0.7575000000000001, "best_epoch": 4, "val_loss": 0.8017176040418589, "train_loss": 0.7474101337980716}
{"epoch": 5, "val_accuracy": 0.7614450636942676, "train_accuracy": 0.8825512921556513, "f1_macro": 0.7562159174786462, "pre_macro": 0.7620667991335187, "re_macro": 0.7609, "best_epoch": 5, "val_loss": 0.7694750314305543, "train_loss": 0.6405939383709685}
{"epoch": 6, "val_accuracy": 0.7669187898089171, "train_accuracy": 0.9066774325167879, "f1_macro": 0.7651377319309461, "pre_macro": 0.7685850180615487, "re_macro": 0.7670000000000001, "best_epoch": 6, "val_loss": 0.7331875646190279, "train_loss": 0.5571712984683665}
{"epoch": 7, "val_accuracy": 0.7758757961783439, "train_accuracy": 0.9343180098432176, "f1_macro": 0.7741607391112116, "pre_macro": 0.7765500327815731, "re_macro": 0.7754, "best_epoch": 7, "val_loss": 0.6936378122135333, "train_loss": 0.48713868222338086}
{"epoch": 8, "val_accuracy": 0.7760748407643312, "train_accuracy": 0.9456212013325793, "f1_macro": 0.7733540838527022, "pre_macro": 0.7759389269068777, "re_macro": 0.7756, "best_epoch": 8, "val_loss": 0.6789182880122191, "train_loss": 0.43703408570999797}
{"epoch": 9, "val_accuracy": 0.7762738853503185, "train_accuracy": 0.9568769006018943, "f1_macro": 0.7732547369221294, "pre_macro": 0.7746583369073101, "re_macro": 0.7758, "best_epoch": 9, "val_loss": 0.6673989071967495, "train_loss": 0.40393231016524295}
{"epoch": 10, "val_accuracy": 0.7813495222929936, "train_accuracy": 0.9652830552547536, "f1_macro": 0.778904736719584, "pre_macro": 0.7795815992477384, "re_macro": 0.7809000000000001, "best_epoch": 10, "val_loss": 0.6558613985966725, "train_loss": 0.37232465312836016}
{"epoch": 11, "val_accuracy": 0.7813495222929936, "train_accuracy": 0.9749715049216088, "f1_macro": 0.7792434119117123, "pre_macro": 0.7801779161979152, "re_macro": 0.7809000000000001, "best_epoch": 10, "val_loss": 0.6491863192266719, "train_loss": 0.3433381623410164}
{"epoch": 12, "val_accuracy": 0.7816480891719745, "train_accuracy": 0.9782959730067151, "f1_macro": 0.7800136176626435, "pre_macro": 0.7812811681420219, "re_macro": 0.7812, "best_epoch": 12, "val_loss": 0.64318061899987, "train_loss": 0.3245133827341364}
{"epoch": 13, "val_accuracy": 0.7830414012738853, "train_accuracy": 0.9813829787234043, "f1_macro": 0.7813680011227151, "pre_macro": 0.7826531720344497, "re_macro": 0.7826000000000001, "best_epoch": 13, "val_loss": 0.6397780252110427, "train_loss": 0.31326948645267083}
{"epoch": 14, "val_accuracy": 0.7833399681528662, "train_accuracy": 0.9837101063829787, "f1_macro": 0.7820746628735233, "pre_macro": 0.7832775376780156, "re_macro": 0.7828999999999999, "best_epoch": 14, "val_loss": 0.6365643901050471, "train_loss": 0.3059011529734794}
{"epoch": 15, "val_accuracy": 0.7837380573248408, "train_accuracy": 0.984375, "f1_macro": 0.7827557160962836, "pre_macro": 0.783657771484491, "re_macro": 0.7833, "best_epoch": 15, "val_loss": 0.6336069562632567, "train_loss": 0.2998534894370018}
{"epoch": 16, "val_accuracy": 0.7854299363057324, "train_accuracy": 0.9853723404255319, "f1_macro": 0.7846044566872369, "pre_macro": 0.7852430096071086, "re_macro": 0.785, "best_epoch": 16, "val_loss": 0.6312361298852666, "train_loss": 0.29338071003873295}
{"epoch": 17, "val_accuracy": 0.7859275477707006, "train_accuracy": 0.9870345744680851, "f1_macro": 0.7851380885245908, "pre_macro": 0.7855622707137607, "re_macro": 0.7855000000000001, "best_epoch": 17, "val_loss": 0.6295168631395717, "train_loss": 0.28676308437864834}
{"epoch": 18, "val_accuracy": 0.7854299363057324, "train_accuracy": 0.9873670212765957, "f1_macro": 0.7845593924426164, "pre_macro": 0.7848819650276565, "re_macro": 0.7849999999999999, "best_epoch": 17, "val_loss": 0.628364258700875, "train_loss": 0.2807192219064591}
{"epoch": 19, "val_accuracy": 0.785031847133758, "train_accuracy": 0.989029255319149, "f1_macro": 0.7840760517618243, "pre_macro": 0.7843151132723913, "re_macro": 0.7846, "best_epoch": 17, "val_loss": 0.6275853366608832, "train_loss": 0.27593202857261007}
{"epoch": 20, "val_accuracy": 0.7848328025477707, "train_accuracy": 0.989029255319149, "f1_macro": 0.783844974834118, "pre_macro": 0.7840425916570375, "re_macro": 0.7844, "best_epoch": 17, "val_loss": 0.627038415640023, "train_loss": 0.27235705896894985}
{"epoch": 21, "val_accuracy": 0.7847332802547771, "train_accuracy": 0.9896941489361702, "f1_macro": 0.7837691747800918, "pre_macro": 0.7840028191373751, "re_macro": 0.7843000000000001, "best_epoch": 17, "val_loss": 0.626638156972873, "train_loss": 0.26966958952710984}
{"epoch": 22, "val_accuracy": 0.7844347133757962, "train_accuracy": 0.9900265957446809, "f1_macro": 0.7834849808073119, "pre_macro": 0.7837531534994283, "re_macro": 0.784, "best_epoch": 17, "val_loss": 0.6263360774061483, "train_loss": 0.2676102062489124}
{"epoch": 23, "val_accuracy": 0.7851313694267515, "train_accuracy": 0.9906914893617021, "f1_macro": 0.7841891054232188, "pre_macro": 0.7845008212978684, "re_macro": 0.7847000000000001, "best_epoch": 17, "val_loss": 0.6261032766597286, "train_loss": 0.2660088646919169}
{"epoch": 24, "val_accuracy": 0.7853304140127388, "train_accuracy": 0.9906914893617021, "f1_macro": 0.7844083865029761, "pre_macro": 0.7847271738540368, "re_macro": 0.7849, "best_epoch": 17, "val_loss": 0.6259212161704992, "train_loss": 0.26475044419156746}
{"epoch": 25, "val_accuracy": 0.7852308917197452, "train_accuracy": 0.9910239361702128, "f1_macro": 0.7842916604378931, "pre_macro": 0.7845964805674637, "re_macro": 0.7847999999999999, "best_epoch": 17, "val_loss": 0.6257773971861336, "train_loss": 0.2637538542138769}
{"training time": 31.199578762054443}
