{"epoch": 1, "val_accuracy": 0.4095342356687898, "train_accuracy": 0.26875, "f1_macro": 0.40297146962847696, "pre_macro": 0.42508323572815715, "re_macro": 0.4088, "best_epoch": 1, "val_loss": 1.9499438735330181, "train_loss": 2.262393832206726}
{"epoch": 2, "val_accuracy": 0.5470740445859873, "train_accuracy": 0.5260416686534881, "f1_macro": 0.5387732314228445, "pre_macro": 0.5611841190050163, "re_macro": 0.5467, "best_epoch": 2, "val_loss": 1.7684723032507927, "train_loss": 1.9237414479255677}
{"epoch": 3, "val_accuracy": 0.598328025477707, "train_accuracy": 0.7046875, "f1_macro": 0.5971014752418504, "pre_macro": 0.619658072748672, "re_macro": 0.5979000000000001, "best_epoch": 3, "val_loss": 1.6540225630353211, "train_loss": 1.657863938808441}
{"epoch": 4, "val_accuracy": 0.6401273885350318, "train_accuracy": 0.8260416686534882, "f1_macro": 0.6406862101769993, "pre_macro": 0.6595356846985072, "re_macro": 0.6396, "best_epoch": 4, "val_loss": 1.521106064699258, "train_loss": 1.4631174206733704}
{"epoch": 5, "val_accuracy": 0.6664012738853503, "train_accuracy": 0.8890625, "f1_macro": 0.6621518981199731, "pre_macro": 0.6687421729125437, "re_macro": 0.666, "best_epoch": 5, "val_loss": 1.4294755223450388, "train_loss": 1.2794081628322602}
{"epoch": 6, "val_accuracy": 0.6781449044585988, "train_accuracy": 0.915625, "f1_macro": 0.6731288703670273, "pre_macro": 0.6785523916272259, "re_macro": 0.6772, "best_epoch": 6, "val_loss": 1.3752832435498572, "train_loss": 1.1148758232593536}
{"epoch": 7, "val_accuracy": 0.6841162420382165, "train_accuracy": 0.9515625, "f1_macro": 0.681237383723085, "pre_macro": 0.6853415259711938, "re_macro": 0.6835, "best_epoch": 7, "val_loss": 1.334155867813499, "train_loss": 0.9854359149932861}
{"epoch": 8, "val_accuracy": 0.6949641719745223, "train_accuracy": 0.965625, "f1_macro": 0.6916809593667703, "pre_macro": 0.6929346554602812, "re_macro": 0.6947, "best_epoch": 8, "val_loss": 1.3073591935406825, "train_loss": 0.8872324228286743}
{"epoch": 9, "val_accuracy": 0.6950636942675159, "train_accuracy": 0.9734375, "f1_macro": 0.6921095679816294, "pre_macro": 0.6933831265824015, "re_macro": 0.6948, "best_epoch": 9, "val_loss": 1.2871539858496113, "train_loss": 0.8234120666980743}
{"epoch": 10, "val_accuracy": 0.6976512738853503, "train_accuracy": 0.9765625, "f1_macro": 0.6945597822435874, "pre_macro": 0.6952451788570643, "re_macro": 0.6974000000000001, "best_epoch": 10, "val_loss": 1.27395344160165, "train_loss": 0.7777156740427017}
{"epoch": 11, "val_accuracy": 0.7007364649681529, "train_accuracy": 0.9828125, "f1_macro": 0.6978146279938948, "pre_macro": 0.6983483140903805, "re_macro": 0.7005000000000001, "best_epoch": 11, "val_loss": 1.2636751756546603, "train_loss": 0.7448219388723374}
{"epoch": 12, "val_accuracy": 0.7013335987261147, "train_accuracy": 0.9828125, "f1_macro": 0.6982651555563913, "pre_macro": 0.6985591862805016, "re_macro": 0.7011000000000001, "best_epoch": 12, "val_loss": 1.2560452663215103, "train_loss": 0.720211973786354}
{"epoch": 13, "val_accuracy": 0.7033240445859873, "train_accuracy": 0.9828125, "f1_macro": 0.7003286247276943, "pre_macro": 0.7005351096110144, "re_macro": 0.7030999999999998, "best_epoch": 13, "val_loss": 1.249905639013667, "train_loss": 0.7013218581676484}
{"epoch": 14, "val_accuracy": 0.7044187898089171, "train_accuracy": 0.984375, "f1_macro": 0.7013040335266089, "pre_macro": 0.7013775484153161, "re_macro": 0.7041999999999999, "best_epoch": 14, "val_loss": 1.2451359098124657, "train_loss": 0.6867165863513947}
{"epoch": 15, "val_accuracy": 0.705015923566879, "train_accuracy": 0.9890625, "f1_macro": 0.7019581459255864, "pre_macro": 0.7020835313601191, "re_macro": 0.7048, "best_epoch": 15, "val_loss": 1.2413513785714556, "train_loss": 0.6751726716756821}
{"epoch": 16, "val_accuracy": 0.705015923566879, "train_accuracy": 0.9890625, "f1_macro": 0.7020039927997761, "pre_macro": 0.7021501955886543, "re_macro": 0.7048, "best_epoch": 15, "val_loss": 1.2383070777935588, "train_loss": 0.6660856693983078}
{"epoch": 17, "val_accuracy": 0.7053144904458599, "train_accuracy": 0.9890625, "f1_macro": 0.7022669583983956, "pre_macro": 0.7023655375049909, "re_macro": 0.7051000000000001, "best_epoch": 17, "val_loss": 1.235880919322846, "train_loss": 0.6588754236698151}
{"epoch": 18, "val_accuracy": 0.7053144904458599, "train_accuracy": 0.9890625, "f1_macro": 0.702211740380826, "pre_macro": 0.7022553836824578, "re_macro": 0.7051000000000001, "best_epoch": 17, "val_loss": 1.233941190561671, "train_loss": 0.6531125217676162}
{"epoch": 19, "val_accuracy": 0.7052149681528662, "train_accuracy": 0.9890625, "f1_macro": 0.7021206171359534, "pre_macro": 0.702183393807563, "re_macro": 0.705, "best_epoch": 17, "val_loss": 1.2323843312870926, "train_loss": 0.648505586385727}
{"epoch": 20, "val_accuracy": 0.7055135350318471, "train_accuracy": 0.9890625, "f1_macro": 0.7024067636273195, "pre_macro": 0.7024447948492696, "re_macro": 0.7053, "best_epoch": 20, "val_loss": 1.231135140179069, "train_loss": 0.644817978143692}
{"epoch": 21, "val_accuracy": 0.705812101910828, "train_accuracy": 0.9890625, "f1_macro": 0.7027157250315266, "pre_macro": 0.7027466857538961, "re_macro": 0.7056, "best_epoch": 21, "val_loss": 1.2301326242222148, "train_loss": 0.6418596714735031}
{"epoch": 22, "val_accuracy": 0.7059116242038217, "train_accuracy": 0.9890625, "f1_macro": 0.7028197027751513, "pre_macro": 0.7028538385872067, "re_macro": 0.7057, "best_epoch": 22, "val_loss": 1.229327181342301, "train_loss": 0.6394828259944916}
{"epoch": 23, "val_accuracy": 0.7059116242038217, "train_accuracy": 0.9890625, "f1_macro": 0.7028372282126851, "pre_macro": 0.7028756683668986, "re_macro": 0.7057, "best_epoch": 22, "val_loss": 1.2286795108181656, "train_loss": 0.6375717699527741}
{"epoch": 24, "val_accuracy": 0.7059116242038217, "train_accuracy": 0.9890625, "f1_macro": 0.7028365764370574, "pre_macro": 0.7028584330549428, "re_macro": 0.7057, "best_epoch": 22, "val_loss": 1.228158494849114, "train_loss": 0.6360342115163803}
{"epoch": 25, "val_accuracy": 0.7060111464968153, "train_accuracy": 0.9890625, "f1_macro": 0.7029397228753018, "pre_macro": 0.702963464084527, "re_macro": 0.7058000000000001, "best_epoch": 25, "val_loss": 1.2277393910535581, "train_loss": 0.6347968608140946}
{"training time": 27.088701248168945}
