{"epoch": 1, "val_accuracy": 0.8053343949044586, "train_accuracy": 0.7780539772727273, "f1_macro": 0.804285864981727, "pre_macro": 0.8080177525134056, "re_macro": 0.805, "best_epoch": 1, "val_loss": 0.5914927441982707, "train_loss": 0.876516925340349}
{"epoch": 2, "val_accuracy": 0.8241441082802548, "train_accuracy": 0.8446155894886364, "f1_macro": 0.8265253793039928, "pre_macro": 0.8329388349867403, "re_macro": 0.8241999999999999, "best_epoch": 2, "val_loss": 0.4990049613888856, "train_loss": 0.6425494634207677}
{"epoch": 3, "val_accuracy": 0.8382762738853503, "train_accuracy": 0.8699396306818182, "f1_macro": 0.8375883775606189, "pre_macro": 0.8398949800462889, "re_macro": 0.8378, "best_epoch": 3, "val_loss": 0.4626650194263762, "train_loss": 0.550867162136869}
{"epoch": 4, "val_accuracy": 0.8384753184713376, "train_accuracy": 0.8869406960227273, "f1_macro": 0.8350851745247887, "pre_macro": 0.839003065556097, "re_macro": 0.8382999999999999, "best_epoch": 4, "val_loss": 0.45393072780530164, "train_loss": 0.48676720418205316}
{"epoch": 5, "val_accuracy": 0.8511146496815286, "train_accuracy": 0.9041859019886364, "f1_macro": 0.8487482464832196, "pre_macro": 0.8527446896580481, "re_macro": 0.8510000000000002, "best_epoch": 5, "val_loss": 0.4319872597979892, "train_loss": 0.43607444142584095}
{"epoch": 6, "val_accuracy": 0.8534036624203821, "train_accuracy": 0.9198330965909091, "f1_macro": 0.8515433539213317, "pre_macro": 0.853578803431434, "re_macro": 0.8533, "best_epoch": 6, "val_loss": 0.4159502802760738, "train_loss": 0.3913473763333803}
{"epoch": 7, "val_accuracy": 0.8589769108280255, "train_accuracy": 0.9339488636363636, "f1_macro": 0.8571179887840868, "pre_macro": 0.8577830051482527, "re_macro": 0.8589, "best_epoch": 7, "val_loss": 0.40578093953952665, "train_loss": 0.35327704826539214}
{"epoch": 8, "val_accuracy": 0.8594745222929936, "train_accuracy": 0.9464000355113636, "f1_macro": 0.8577554741960066, "pre_macro": 0.85840891570994, "re_macro": 0.8594000000000002, "best_epoch": 8, "val_loss": 0.40661572916492533, "train_loss": 0.3223729702982713}
{"epoch": 9, "val_accuracy": 0.8578821656050956, "train_accuracy": 0.9571644176136364, "f1_macro": 0.8566747070507039, "pre_macro": 0.857324056232834, "re_macro": 0.8577999999999999, "best_epoch": 8, "val_loss": 0.4059177387482042, "train_loss": 0.295313266613944}
{"epoch": 10, "val_accuracy": 0.8587778662420382, "train_accuracy": 0.96630859375, "f1_macro": 0.8580934742267743, "pre_macro": 0.8593347281114874, "re_macro": 0.859, "best_epoch": 8, "val_loss": 0.41229261011834356, "train_loss": 0.2732198244299401}
{"epoch": 11, "val_accuracy": 0.8585788216560509, "train_accuracy": 0.9731223366477273, "f1_macro": 0.857745685969776, "pre_macro": 0.8596130367640645, "re_macro": 0.8585, "best_epoch": 8, "val_loss": 0.416033886420499, "train_loss": 0.2551046541510997}
{"epoch": 12, "val_accuracy": 0.8595740445859873, "train_accuracy": 0.9789151278409091, "f1_macro": 0.8586560473953769, "pre_macro": 0.8606495169876986, "re_macro": 0.8595, "best_epoch": 12, "val_loss": 0.41745893154174657, "train_loss": 0.2403244383802468}
{"epoch": 13, "val_accuracy": 0.859375, "train_accuracy": 0.9833096590909091, "f1_macro": 0.8584040844607431, "pre_macro": 0.8600062586360409, "re_macro": 0.8593, "best_epoch": 12, "val_loss": 0.41689795018381376, "train_loss": 0.228895408207212}
{"epoch": 14, "val_accuracy": 0.85828025477707, "train_accuracy": 0.9858842329545454, "f1_macro": 0.8575148243848669, "pre_macro": 0.8586730931433667, "re_macro": 0.8582000000000001, "best_epoch": 12, "val_loss": 0.41536901056007214, "train_loss": 0.22011993814852426}
{"epoch": 15, "val_accuracy": 0.8583797770700637, "train_accuracy": 0.9879927201704546, "f1_macro": 0.857648044454099, "pre_macro": 0.8583296717626304, "re_macro": 0.8582999999999998, "best_epoch": 12, "val_loss": 0.4134143058471619, "train_loss": 0.21325617325915533}
{"epoch": 16, "val_accuracy": 0.8603702229299363, "train_accuracy": 0.9893022017045454, "f1_macro": 0.8594414161975619, "pre_macro": 0.8596889163012706, "re_macro": 0.86, "best_epoch": 16, "val_loss": 0.41219937108504545, "train_loss": 0.20794028153812344}
{"epoch": 17, "val_accuracy": 0.8608678343949044, "train_accuracy": 0.9903231534090909, "f1_macro": 0.8599780411224659, "pre_macro": 0.8599999637924121, "re_macro": 0.8604999999999998, "best_epoch": 17, "val_loss": 0.41189311122059064, "train_loss": 0.203833117086271}
{"epoch": 18, "val_accuracy": 0.8610668789808917, "train_accuracy": 0.9910777698863636, "f1_macro": 0.8601693891699188, "pre_macro": 0.8601029017638077, "re_macro": 0.8606999999999999, "best_epoch": 18, "val_loss": 0.41222709986814265, "train_loss": 0.200612093470144}
{"epoch": 19, "val_accuracy": 0.8608678343949044, "train_accuracy": 0.9916326349431818, "f1_macro": 0.8599729794464684, "pre_macro": 0.8599288177024784, "re_macro": 0.8605, "best_epoch": 18, "val_loss": 0.412855745975379, "train_loss": 0.19802354263480415}
{"epoch": 20, "val_accuracy": 0.8607683121019108, "train_accuracy": 0.9920099431818182, "f1_macro": 0.859893705629057, "pre_macro": 0.8598742656239347, "re_macro": 0.8603999999999999, "best_epoch": 18, "val_loss": 0.41346126661938465, "train_loss": 0.19590362859889865}
{"epoch": 21, "val_accuracy": 0.8607683121019108, "train_accuracy": 0.9921875, "f1_macro": 0.8598845375949928, "pre_macro": 0.8598727745783792, "re_macro": 0.8603999999999999, "best_epoch": 18, "val_loss": 0.4139144176700313, "train_loss": 0.19416112442162226}
{"epoch": 22, "val_accuracy": 0.861265923566879, "train_accuracy": 0.99267578125, "f1_macro": 0.8603643813364166, "pre_macro": 0.8603033545362881, "re_macro": 0.8609, "best_epoch": 22, "val_loss": 0.4142330483456326, "train_loss": 0.19271729092790998}
{"epoch": 23, "val_accuracy": 0.8611664012738853, "train_accuracy": 0.9929865056818182, "f1_macro": 0.8602477364576309, "pre_macro": 0.8601717992594805, "re_macro": 0.8608, "best_epoch": 22, "val_loss": 0.4144821330240578, "train_loss": 0.1915139443749054}
{"epoch": 24, "val_accuracy": 0.8609673566878981, "train_accuracy": 0.9931862571022727, "f1_macro": 0.8600078904698145, "pre_macro": 0.8599130157976322, "re_macro": 0.8606, "best_epoch": 22, "val_loss": 0.41471177311080276, "train_loss": 0.1905066614377905}
{"epoch": 25, "val_accuracy": 0.8607683121019108, "train_accuracy": 0.9933860085227273, "f1_macro": 0.8598462043925201, "pre_macro": 0.8597385310802158, "re_macro": 0.8603999999999999, "best_epoch": 22, "val_loss": 0.4149371722511425, "train_loss": 0.18965774749151684}
{"training time": 174.96458506584167}
