{"epoch": 1, "val_accuracy": 0.7756767515923567, "train_accuracy": 0.7118572696726373, "f1_macro": 0.7639689047598236, "pre_macro": 0.7681738522864326, "re_macro": 0.7755000000000001, "best_epoch": 1, "val_loss": 0.71018488335002, "train_loss": 1.1495020643193672}
{"epoch": 2, "val_accuracy": 0.802547770700637, "train_accuracy": 0.822096631374765, "f1_macro": 0.7987284511955928, "pre_macro": 0.8049707884743451, "re_macro": 0.8025, "best_epoch": 2, "val_loss": 0.5986912516271992, "train_loss": 0.6938570474056487}
{"epoch": 3, "val_accuracy": 0.8177746815286624, "train_accuracy": 0.8573803191489362, "f1_macro": 0.8159787953105194, "pre_macro": 0.8172204894426642, "re_macro": 0.8178000000000001, "best_epoch": 3, "val_loss": 0.5302475738297602, "train_loss": 0.5801670875955135}
{"epoch": 4, "val_accuracy": 0.8258359872611465, "train_accuracy": 0.8828014186088075, "f1_macro": 0.822005062754173, "pre_macro": 0.825368287698546, "re_macro": 0.8259000000000001, "best_epoch": 4, "val_loss": 0.5040293725053216, "train_loss": 0.5062240552394948}
{"epoch": 5, "val_accuracy": 0.8279259554140127, "train_accuracy": 0.9055851063829787, "f1_macro": 0.8245441604371949, "pre_macro": 0.8276560228771161, "re_macro": 0.8274000000000001, "best_epoch": 5, "val_loss": 0.48559522818607886, "train_loss": 0.45099589862722034}
{"epoch": 6, "val_accuracy": 0.8291202229299363, "train_accuracy": 0.9237588654173181, "f1_macro": 0.8272664966505013, "pre_macro": 0.828312680164051, "re_macro": 0.8289, "best_epoch": 6, "val_loss": 0.48008285434382736, "train_loss": 0.40027266094025143}
{"epoch": 7, "val_accuracy": 0.8297173566878981, "train_accuracy": 0.940625, "f1_macro": 0.8288903759808435, "pre_macro": 0.8293986211651537, "re_macro": 0.8295, "best_epoch": 7, "val_loss": 0.4729321805914496, "train_loss": 0.3604076273263769}
{"epoch": 8, "val_accuracy": 0.8305135350318471, "train_accuracy": 0.9564494680851063, "f1_macro": 0.8293405766843127, "pre_macro": 0.8302999992025558, "re_macro": 0.8303, "best_epoch": 8, "val_loss": 0.46827831997233593, "train_loss": 0.32511536897496973}
{"epoch": 9, "val_accuracy": 0.8331011146496815, "train_accuracy": 0.9654920212765957, "f1_macro": 0.8314519831548962, "pre_macro": 0.8326929944179782, "re_macro": 0.8325999999999999, "best_epoch": 9, "val_loss": 0.46519310459209856, "train_loss": 0.2978685959222469}
{"epoch": 10, "val_accuracy": 0.8351910828025477, "train_accuracy": 0.9738696808510638, "f1_macro": 0.8333620112772128, "pre_macro": 0.8345230782098284, "re_macro": 0.8347000000000001, "best_epoch": 10, "val_loss": 0.4656542494038867, "train_loss": 0.2760427255579766}
{"epoch": 11, "val_accuracy": 0.8334992038216561, "train_accuracy": 0.9800531914893617, "f1_macro": 0.8317056747357278, "pre_macro": 0.8331869182770892, "re_macro": 0.8333, "best_epoch": 10, "val_loss": 0.4640264194102804, "train_loss": 0.2581328179608}
{"epoch": 12, "val_accuracy": 0.8350915605095541, "train_accuracy": 0.9845079787234042, "f1_macro": 0.8332899210469293, "pre_macro": 0.8343572959028507, "re_macro": 0.8349, "best_epoch": 10, "val_loss": 0.4606993056976112, "train_loss": 0.244818166849461}
{"epoch": 13, "val_accuracy": 0.8368829617834395, "train_accuracy": 0.9869015957446808, "f1_macro": 0.8353789284851942, "pre_macro": 0.8356664580925696, "re_macro": 0.837, "best_epoch": 13, "val_loss": 0.45668063080234894, "train_loss": 0.23518724967824653}
{"epoch": 14, "val_accuracy": 0.8389729299363057, "train_accuracy": 0.9888297872340426, "f1_macro": 0.8376066033985733, "pre_macro": 0.8374561470287534, "re_macro": 0.8391, "best_epoch": 14, "val_loss": 0.4538685195385271, "train_loss": 0.22772303229950844}
{"epoch": 15, "val_accuracy": 0.8414609872611465, "train_accuracy": 0.9902260638297873, "f1_macro": 0.8402047566434966, "pre_macro": 0.839941865000261, "re_macro": 0.8413, "best_epoch": 15, "val_loss": 0.452332322479813, "train_loss": 0.22150386838202782}
{"epoch": 16, "val_accuracy": 0.8423566878980892, "train_accuracy": 0.9913563829787234, "f1_macro": 0.8413635456900179, "pre_macro": 0.8411374044854087, "re_macro": 0.8422000000000001, "best_epoch": 16, "val_loss": 0.45162172302318987, "train_loss": 0.2165546692432241}
{"epoch": 17, "val_accuracy": 0.8429538216560509, "train_accuracy": 0.9920212765957447, "f1_macro": 0.8422356070046678, "pre_macro": 0.8421121017670952, "re_macro": 0.8428000000000001, "best_epoch": 17, "val_loss": 0.45145446612576773, "train_loss": 0.2123970383659322}
{"epoch": 18, "val_accuracy": 0.8428542993630573, "train_accuracy": 0.9927526595744681, "f1_macro": 0.8423389974075292, "pre_macro": 0.8423157994582404, "re_macro": 0.8427, "best_epoch": 17, "val_loss": 0.45172559237404236, "train_loss": 0.20891557570467603}
{"epoch": 19, "val_accuracy": 0.8433519108280255, "train_accuracy": 0.9933510638297872, "f1_macro": 0.8430954777246802, "pre_macro": 0.8433050266004782, "re_macro": 0.8432000000000001, "best_epoch": 19, "val_loss": 0.45225441958873897, "train_loss": 0.20605384168472696}
{"epoch": 20, "val_accuracy": 0.8436504777070064, "train_accuracy": 0.9938164893617021, "f1_macro": 0.8435083521749698, "pre_macro": 0.8437854902643241, "re_macro": 0.8435, "best_epoch": 20, "val_loss": 0.4527785860618968, "train_loss": 0.20372680558803233}
{"epoch": 21, "val_accuracy": 0.8433519108280255, "train_accuracy": 0.9939494680851064, "f1_macro": 0.8432299574929403, "pre_macro": 0.8435363938992531, "re_macro": 0.8432000000000001, "best_epoch": 20, "val_loss": 0.45312272164092704, "train_loss": 0.20183802950889507}
{"epoch": 22, "val_accuracy": 0.8438495222929936, "train_accuracy": 0.9943484042553191, "f1_macro": 0.8437463009321503, "pre_macro": 0.8440298160900743, "re_macro": 0.8437000000000001, "best_epoch": 22, "val_loss": 0.45325598955913715, "train_loss": 0.20028906743577185}
{"epoch": 23, "val_accuracy": 0.84375, "train_accuracy": 0.9948138297872341, "f1_macro": 0.8436512920065992, "pre_macro": 0.8439289953573624, "re_macro": 0.8436000000000001, "best_epoch": 22, "val_loss": 0.4532452038708766, "train_loss": 0.19899425405137083}
{"epoch": 24, "val_accuracy": 0.8434514331210191, "train_accuracy": 0.9948803191489362, "f1_macro": 0.8433826201403292, "pre_macro": 0.8436914434517803, "re_macro": 0.8432999999999999, "best_epoch": 22, "val_loss": 0.45317724252202707, "train_loss": 0.19789251330051016}
{"epoch": 25, "val_accuracy": 0.8435509554140127, "train_accuracy": 0.9951462765957447, "f1_macro": 0.8434342774416373, "pre_macro": 0.8436894033652766, "re_macro": 0.8433999999999999, "best_epoch": 22, "val_loss": 0.45311441799257973, "train_loss": 0.19694659044133855}
{"training time": 72.62572407722473}
