{"epoch": 100, "loss": 13.918661117553711}
{"epoch": 200, "loss": 12.6272554397583}
{"epoch": 300, "loss": 11.244403839111328}
{"epoch": 400, "loss": 9.339437484741211}
{"epoch": 500, "loss": 7.278936386108398}
{"epoch": 600, "loss": 5.618636608123779}
{"epoch": 700, "loss": 4.6349101066589355}
{"epoch": 800, "loss": 3.7829456329345703}
{"epoch": 900, "loss": 3.02079701423645}
{"epoch": 1000, "loss": 2.5284392833709717}
{"training_time:": "3.8775s", "final_loss": 2.5284392833709717}
