{"epoch": 1, "val_accuracy": 0.8744028662420382, "train_accuracy": 0.7656914893617022, "f1_macro": 0.8720409494254266, "pre_macro": 0.8741135652903665, "re_macro": 0.872504748300854, "best_epoch": 1, "val_loss": 0.6524610974986083, "train_loss": 1.1895522335742383}
{"epoch": 2, "val_accuracy": 0.8747014331210191, "train_accuracy": 0.9045212765957447, "f1_macro": 0.8720233948863083, "pre_macro": 0.8788557877842285, "re_macro": 0.8713550127296307, "best_epoch": 2, "val_loss": 0.5563124516017878, "train_loss": 0.5878962318947974}
{"epoch": 3, "val_accuracy": 0.8971934713375797, "train_accuracy": 0.9240691489361702, "f1_macro": 0.8947338152182092, "pre_macro": 0.8975056803935495, "re_macro": 0.8944290988358251, "best_epoch": 3, "val_loss": 0.42280938765805237, "train_loss": 0.4896426628244684}
{"epoch": 4, "val_accuracy": 0.8993829617834395, "train_accuracy": 0.9428413122258288, "f1_macro": 0.8975926264187027, "pre_macro": 0.8996908380695832, "re_macro": 0.8971925387514833, "best_epoch": 4, "val_loss": 0.4207236452656946, "train_loss": 0.41702985928413716}
{"epoch": 5, "val_accuracy": 0.896297770700637, "train_accuracy": 0.9558510638297872, "f1_macro": 0.893693234364126, "pre_macro": 0.894706717527162, "re_macro": 0.8943131923736811, "best_epoch": 4, "val_loss": 0.4260905775105118, "train_loss": 0.37644415884575944}
{"epoch": 6, "val_accuracy": 0.8958001592356688, "train_accuracy": 0.9634308510638298, "f1_macro": 0.893116734048155, "pre_macro": 0.8957645278169639, "re_macro": 0.8946274907997737, "best_epoch": 4, "val_loss": 0.3962183488402397, "train_loss": 0.3536713179121626}
{"epoch": 7, "val_accuracy": 0.904359076433121, "train_accuracy": 0.972096631374765, "f1_macro": 0.9027064479831152, "pre_macro": 0.9040961842657419, "re_macro": 0.9031485314344005, "best_epoch": 7, "val_loss": 0.34463658217032245, "train_loss": 0.3173497995163532}
{"epoch": 8, "val_accuracy": 0.9118232484076433, "train_accuracy": 0.9804521276595745, "f1_macro": 0.9100360943602157, "pre_macro": 0.9105560752767661, "re_macro": 0.9102764916796229, "best_epoch": 8, "val_loss": 0.3159348312172161, "train_loss": 0.2856620540010168}
{"epoch": 9, "val_accuracy": 0.9142117834394905, "train_accuracy": 0.9861702127659574, "f1_macro": 0.9124079769980551, "pre_macro": 0.9130453219212822, "re_macro": 0.9128289178510178, "best_epoch": 9, "val_loss": 0.30547839339086963, "train_loss": 0.2557076705897108}
{"epoch": 10, "val_accuracy": 0.9182921974522293, "train_accuracy": 0.9902925531914893, "f1_macro": 0.9162630676630666, "pre_macro": 0.9166318207025019, "re_macro": 0.9165692544046056, "best_epoch": 10, "val_loss": 0.29539462881293266, "train_loss": 0.2361960253182878}
{"epoch": 11, "val_accuracy": 0.92078025477707, "train_accuracy": 0.9928856382978724, "f1_macro": 0.9188635857851553, "pre_macro": 0.919155344481803, "re_macro": 0.919037798597726, "best_epoch": 11, "val_loss": 0.2832013771270111, "train_loss": 0.22359414284533644}
{"epoch": 12, "val_accuracy": 0.92078025477707, "train_accuracy": 0.9950132978723404, "f1_macro": 0.9188468694742221, "pre_macro": 0.9190605992197073, "re_macro": 0.9189332306015995, "best_epoch": 11, "val_loss": 0.2785293082261731, "train_loss": 0.21300116593533375}
{"epoch": 13, "val_accuracy": 0.9188893312101911, "train_accuracy": 0.9964095744680851, "f1_macro": 0.9169451200784542, "pre_macro": 0.9170932075329201, "re_macro": 0.9170825293396255, "best_epoch": 11, "val_loss": 0.27565605191003745, "train_loss": 0.20535453843309523}
{"epoch": 14, "val_accuracy": 0.9209792993630573, "train_accuracy": 0.9966755319148937, "f1_macro": 0.9191340060771523, "pre_macro": 0.9192388374524313, "re_macro": 0.9193249316658226, "best_epoch": 14, "val_loss": 0.2719442180719725, "train_loss": 0.19967643656629197}
{"epoch": 15, "val_accuracy": 0.9216759554140127, "train_accuracy": 0.9972074468085106, "f1_macro": 0.9198865837331415, "pre_macro": 0.9199841264911146, "re_macro": 0.9200742197525835, "best_epoch": 15, "val_loss": 0.26802980948453115, "train_loss": 0.1952994519725759}
{"training time": 44.28806400299072}
