{"epoch": 1, "val_accuracy": 0.8829617834394905, "train_accuracy": 0.857476012793177, "f1_macro": 0.879752324118116, "pre_macro": 0.882747198622242, "re_macro": 0.8800057971120842, "best_epoch": 1, "val_loss": 0.530589985429861, "train_loss": 0.8019056557211032}
{"epoch": 2, "val_accuracy": 0.8983877388535032, "train_accuracy": 0.8928238272921108, "f1_macro": 0.896352962059559, "pre_macro": 0.898854742688704, "re_macro": 0.8965326515212944, "best_epoch": 2, "val_loss": 0.40132556656363666, "train_loss": 0.66700168618007}
{"epoch": 3, "val_accuracy": 0.9040605095541401, "train_accuracy": 0.9040178571428571, "f1_macro": 0.9017962550045906, "pre_macro": 0.902936342849124, "re_macro": 0.9021223513964746, "best_epoch": 3, "val_loss": 0.38619586588091154, "train_loss": 0.629826709437472}
{"epoch": 4, "val_accuracy": 0.903562898089172, "train_accuracy": 0.9167110874200426, "f1_macro": 0.9017385712167696, "pre_macro": 0.903430175921463, "re_macro": 0.9027389228248559, "best_epoch": 3, "val_loss": 0.3827534897881708, "train_loss": 0.5713885328980651}
{"epoch": 5, "val_accuracy": 0.9000796178343949, "train_accuracy": 0.9253065031982942, "f1_macro": 0.8988153178977474, "pre_macro": 0.900492583915786, "re_macro": 0.8990069318944898, "best_epoch": 3, "val_loss": 0.3807001377746558, "train_loss": 0.5289592153227913}
{"epoch": 6, "val_accuracy": 0.9091361464968153, "train_accuracy": 0.9340185234541578, "f1_macro": 0.9077480391993309, "pre_macro": 0.9090411162061548, "re_macro": 0.9079176771651012, "best_epoch": 6, "val_loss": 0.33564656232572665, "train_loss": 0.4786739553025028}
{"epoch": 7, "val_accuracy": 0.9186902866242038, "train_accuracy": 0.9420475746268657, "f1_macro": 0.9174836760406558, "pre_macro": 0.9183018109011144, "re_macro": 0.9176183639377546, "best_epoch": 7, "val_loss": 0.2993787267974987, "train_loss": 0.43594357266482003}
{"epoch": 8, "val_accuracy": 0.9284434713375797, "train_accuracy": 0.9508761993603412, "f1_macro": 0.9272860701754453, "pre_macro": 0.9279647100330728, "re_macro": 0.9272598176509479, "best_epoch": 8, "val_loss": 0.25932761813235133, "train_loss": 0.39326509626816586}
{"epoch": 9, "val_accuracy": 0.9339171974522293, "train_accuracy": 0.9598547441364605, "f1_macro": 0.932583978470719, "pre_macro": 0.9331691541930617, "re_macro": 0.9325281087923887, "best_epoch": 9, "val_loss": 0.24107782478640033, "train_loss": 0.3543848919588874}
{"epoch": 10, "val_accuracy": 0.9370023885350318, "train_accuracy": 0.9661180703624733, "f1_macro": 0.9358655469225183, "pre_macro": 0.9363237116287957, "re_macro": 0.9357800173923321, "best_epoch": 10, "val_loss": 0.22761670990022503, "train_loss": 0.32607963759062897}
{"epoch": 11, "val_accuracy": 0.93859474522293, "train_accuracy": 0.9712486673773987, "f1_macro": 0.9374758740543209, "pre_macro": 0.9379909724450393, "re_macro": 0.9373857788728497, "best_epoch": 11, "val_loss": 0.21431580711464593, "train_loss": 0.3023325842517271}
{"epoch": 12, "val_accuracy": 0.9409832802547771, "train_accuracy": 0.9756962953091685, "f1_macro": 0.9399479737888236, "pre_macro": 0.9404981764627968, "re_macro": 0.9398302934714934, "best_epoch": 12, "val_loss": 0.20792507341095975, "train_loss": 0.2832588729605492}
{"epoch": 13, "val_accuracy": 0.9421775477707006, "train_accuracy": 0.9789612206823027, "f1_macro": 0.9411540816462232, "pre_macro": 0.9415920193248141, "re_macro": 0.9410729459604651, "best_epoch": 13, "val_loss": 0.20235177211961738, "train_loss": 0.2677745381112038}
{"epoch": 14, "val_accuracy": 0.943172770700637, "train_accuracy": 0.9817930437100213, "f1_macro": 0.9421720380253307, "pre_macro": 0.9425954949417117, "re_macro": 0.9420788598718683, "best_epoch": 14, "val_loss": 0.1981292859929952, "train_loss": 0.25582895864810007}
{"epoch": 15, "val_accuracy": 0.9443670382165605, "train_accuracy": 0.9839752132196162, "f1_macro": 0.9433814672246376, "pre_macro": 0.9437887242622223, "re_macro": 0.9432757270463167, "best_epoch": 15, "val_loss": 0.19430491736953615, "train_loss": 0.24655143154074133}
{"training time": 142.90042209625244}
