{"epoch": 1, "val_accuracy": 0.3674363057324841, "train_accuracy": 0.19322916716337205, "f1_macro": 0.3446812802565032, "pre_macro": 0.42785907312178606, "re_macro": 0.355529906314365, "best_epoch": 1, "val_loss": 2.033121002707512, "train_loss": 2.333641839027405}
{"epoch": 2, "val_accuracy": 0.4377985668789809, "train_accuracy": 0.6088541686534882, "f1_macro": 0.3981592420730961, "pre_macro": 0.5284863968935234, "re_macro": 0.4280122972225178, "best_epoch": 2, "val_loss": 1.9183305312114156, "train_loss": 1.9548353791236877}
{"epoch": 3, "val_accuracy": 0.6198248407643312, "train_accuracy": 0.7177083373069764, "f1_macro": 0.6002307673106714, "pre_macro": 0.6256985310671765, "re_macro": 0.6118211825967114, "best_epoch": 3, "val_loss": 1.7702033132504507, "train_loss": 1.7607341885566712}
{"epoch": 4, "val_accuracy": 0.6116640127388535, "train_accuracy": 0.803125, "f1_macro": 0.5944097968294528, "pre_macro": 0.6553689004308858, "re_macro": 0.6033570553953214, "best_epoch": 3, "val_loss": 1.719757113487098, "train_loss": 1.6202460885047913}
{"epoch": 5, "val_accuracy": 0.6490843949044586, "train_accuracy": 0.8442708373069763, "f1_macro": 0.6356726611791104, "pre_macro": 0.6772401183262515, "re_macro": 0.6411275767903083, "best_epoch": 5, "val_loss": 1.5841932949746491, "train_loss": 1.5242777585983276}
{"epoch": 6, "val_accuracy": 0.6773487261146497, "train_accuracy": 0.8895833373069764, "f1_macro": 0.6613780162630938, "pre_macro": 0.7031205905281352, "re_macro": 0.6693202672370561, "best_epoch": 6, "val_loss": 1.513656338309027, "train_loss": 1.323836576938629}
{"epoch": 7, "val_accuracy": 0.7032245222929936, "train_accuracy": 0.9067708373069763, "f1_macro": 0.6872495191224203, "pre_macro": 0.7089440113559831, "re_macro": 0.6951640352375439, "best_epoch": 7, "val_loss": 1.4404474261460032, "train_loss": 1.2080460906028747}
{"epoch": 8, "val_accuracy": 0.7140724522292994, "train_accuracy": 0.9442708373069764, "f1_macro": 0.6997473642446851, "pre_macro": 0.721170491524096, "re_macro": 0.7062201285993526, "best_epoch": 8, "val_loss": 1.4063025735745764, "train_loss": 1.0949581563472748}
{"epoch": 9, "val_accuracy": 0.7189490445859873, "train_accuracy": 0.95, "f1_macro": 0.703453216742533, "pre_macro": 0.7292399915214338, "re_macro": 0.7110096450038195, "best_epoch": 9, "val_loss": 1.383141031690464, "train_loss": 1.0314939856529235}
{"epoch": 10, "val_accuracy": 0.7265127388535032, "train_accuracy": 0.9609375, "f1_macro": 0.7119481361816105, "pre_macro": 0.7352654734514619, "re_macro": 0.7188834112879497, "best_epoch": 10, "val_loss": 1.3624652555793713, "train_loss": 0.9711973607540131}
{"epoch": 11, "val_accuracy": 0.7301950636942676, "train_accuracy": 0.9625, "f1_macro": 0.7163877000930486, "pre_macro": 0.7376996098916757, "re_macro": 0.7227618751360402, "best_epoch": 11, "val_loss": 1.3489647617765292, "train_loss": 0.9342352211475372}
{"epoch": 12, "val_accuracy": 0.731687898089172, "train_accuracy": 0.96875, "f1_macro": 0.7180078474649998, "pre_macro": 0.7383375558644654, "re_macro": 0.7243397928022663, "best_epoch": 12, "val_loss": 1.3390814567067821, "train_loss": 0.905376261472702}
{"epoch": 13, "val_accuracy": 0.7336783439490446, "train_accuracy": 0.9765625, "f1_macro": 0.7199476704113807, "pre_macro": 0.7405597061394776, "re_macro": 0.7263251187285021, "best_epoch": 13, "val_loss": 1.3307248008478978, "train_loss": 0.8841921389102936}
{"epoch": 14, "val_accuracy": 0.7363654458598726, "train_accuracy": 0.978125, "f1_macro": 0.7229349765077059, "pre_macro": 0.7426678208155478, "re_macro": 0.7291404116328517, "best_epoch": 14, "val_loss": 1.324271691073278, "train_loss": 0.8674566268920898}
{"epoch": 15, "val_accuracy": 0.7366640127388535, "train_accuracy": 0.978125, "f1_macro": 0.7233227520839143, "pre_macro": 0.7429863940276977, "re_macro": 0.7294726973912651, "best_epoch": 15, "val_loss": 1.3192870764975335, "train_loss": 0.8544253766536712}
{"training time": 14.11178469657898}
