{"epoch": 1, "val_accuracy": 0.8684315286624203, "train_accuracy": 0.8480335582386364, "f1_macro": 0.8665890413310248, "pre_macro": 0.8716806112380677, "re_macro": 0.866990132405743, "best_epoch": 1, "val_loss": 0.5416161484399419, "train_loss": 0.8244742163964971}
{"epoch": 2, "val_accuracy": 0.8890326433121019, "train_accuracy": 0.8987926136363636, "f1_macro": 0.887471135128316, "pre_macro": 0.890357247243144, "re_macro": 0.8874157778430936, "best_epoch": 2, "val_loss": 0.46536541715928703, "train_loss": 0.6405625312843106}
{"epoch": 3, "val_accuracy": 0.8957006369426752, "train_accuracy": 0.9090021306818182, "f1_macro": 0.8940342746036597, "pre_macro": 0.8955398119937759, "re_macro": 0.8941411872683398, "best_epoch": 3, "val_loss": 0.4206551434887443, "train_loss": 0.6018048724244264}
{"epoch": 4, "val_accuracy": 0.9116242038216561, "train_accuracy": 0.9199884588068182, "f1_macro": 0.9099142753428067, "pre_macro": 0.9110968105916729, "re_macro": 0.9101296233636864, "best_epoch": 4, "val_loss": 0.3359966171537615, "train_loss": 0.548335137650032}
{"epoch": 5, "val_accuracy": 0.9047571656050956, "train_accuracy": 0.9295321377840909, "f1_macro": 0.9035288718232184, "pre_macro": 0.9063204187014982, "re_macro": 0.9042060254663872, "best_epoch": 4, "val_loss": 0.3528367244419019, "train_loss": 0.49488954000513663}
{"epoch": 6, "val_accuracy": 0.9177945859872612, "train_accuracy": 0.9412508877840909, "f1_macro": 0.9165323248479386, "pre_macro": 0.9177414187387474, "re_macro": 0.9170517749263587, "best_epoch": 6, "val_loss": 0.30772001118322084, "train_loss": 0.4436934328722683}
{"epoch": 7, "val_accuracy": 0.9222730891719745, "train_accuracy": 0.950439453125, "f1_macro": 0.9207030954208536, "pre_macro": 0.921561085097062, "re_macro": 0.9209527659071064, "best_epoch": 7, "val_loss": 0.2815573703806112, "train_loss": 0.3984812735579908}
{"epoch": 8, "val_accuracy": 0.9286425159235668, "train_accuracy": 0.9589399857954546, "f1_macro": 0.9272580478823567, "pre_macro": 0.9275767213863698, "re_macro": 0.927601857320948, "best_epoch": 8, "val_loss": 0.2563192006912391, "train_loss": 0.3593377258035947}
{"epoch": 9, "val_accuracy": 0.9351114649681529, "train_accuracy": 0.9674627130681818, "f1_macro": 0.9339420180741609, "pre_macro": 0.9339807830559778, "re_macro": 0.9341126144113344, "best_epoch": 9, "val_loss": 0.23993822906142587, "train_loss": 0.3303781612141227}
{"epoch": 10, "val_accuracy": 0.9359076433121019, "train_accuracy": 0.9732333096590909, "f1_macro": 0.9347653208805218, "pre_macro": 0.9349163505440483, "re_macro": 0.9348744724588812, "best_epoch": 10, "val_loss": 0.23018008981872895, "train_loss": 0.3069152762182057}
{"epoch": 11, "val_accuracy": 0.9366042993630573, "train_accuracy": 0.9777388139204546, "f1_macro": 0.9353344027431323, "pre_macro": 0.9360405417364686, "re_macro": 0.9351179665616037, "best_epoch": 11, "val_loss": 0.22078481812480907, "train_loss": 0.2891497750216248}
{"epoch": 12, "val_accuracy": 0.9368033439490446, "train_accuracy": 0.9804243607954546, "f1_macro": 0.935589387477805, "pre_macro": 0.9363121197141423, "re_macro": 0.9353277780693283, "best_epoch": 12, "val_loss": 0.21795376125651938, "train_loss": 0.27420290440998296}
{"epoch": 13, "val_accuracy": 0.9391918789808917, "train_accuracy": 0.9831764914772727, "f1_macro": 0.9380576436704808, "pre_macro": 0.9387650682596733, "re_macro": 0.9378032427725771, "best_epoch": 13, "val_loss": 0.2128016973021114, "train_loss": 0.2622496204831722}
{"epoch": 14, "val_accuracy": 0.9405851910828026, "train_accuracy": 0.9855735085227273, "f1_macro": 0.9395072198505018, "pre_macro": 0.9401881222589029, "re_macro": 0.9392978270564385, "best_epoch": 14, "val_loss": 0.2077451157176001, "train_loss": 0.25221393471160397}
{"epoch": 15, "val_accuracy": 0.942078025477707, "train_accuracy": 0.9872824928977273, "f1_macro": 0.941018291656453, "pre_macro": 0.941697316585358, "re_macro": 0.9408037653730037, "best_epoch": 15, "val_loss": 0.20408530793134955, "train_loss": 0.24429400991225106}
{"training time": 103.3713150024414}
