{"epoch": 1, "val_accuracy": 0.7663216560509554, "train_accuracy": 0.5969794836450131, "f1_macro": 0.7573946152430878, "pre_macro": 0.7946464268114887, "re_macro": 0.7594998837933197, "best_epoch": 1, "val_loss": 0.8341430378187994, "train_loss": 1.543325865522344}
{"epoch": 2, "val_accuracy": 0.8369824840764332, "train_accuracy": 0.8374810041265285, "f1_macro": 0.8337991869154584, "pre_macro": 0.8432693712230686, "re_macro": 0.8338787561478552, "best_epoch": 2, "val_loss": 0.5839974517655221, "train_loss": 0.7063060764302599}
{"epoch": 3, "val_accuracy": 0.8603702229299363, "train_accuracy": 0.8687310041265285, "f1_macro": 0.8578283865992837, "pre_macro": 0.8641618529251106, "re_macro": 0.85853804944283, "best_epoch": 3, "val_loss": 0.5073089704486975, "train_loss": 0.5672599502066349}
{"epoch": 4, "val_accuracy": 0.8675358280254777, "train_accuracy": 0.8850683899635964, "f1_macro": 0.8656332945255756, "pre_macro": 0.8722870106569605, "re_macro": 0.8664491633860651, "best_epoch": 4, "val_loss": 0.4750793028599138, "train_loss": 0.5077069319309072}
{"epoch": 5, "val_accuracy": 0.873109076433121, "train_accuracy": 0.8993636027295538, "f1_macro": 0.8715741222604633, "pre_macro": 0.8764691344745262, "re_macro": 0.8719486193714587, "best_epoch": 5, "val_loss": 0.452111522625586, "train_loss": 0.4711703417148996}
{"epoch": 6, "val_accuracy": 0.8752985668789809, "train_accuracy": 0.9060125388997666, "f1_macro": 0.8738597296489106, "pre_macro": 0.8786082819333926, "re_macro": 0.8741710708757475, "best_epoch": 6, "val_loss": 0.4397433538250862, "train_loss": 0.4495203970594609}
{"epoch": 7, "val_accuracy": 0.876890923566879, "train_accuracy": 0.9083396665593411, "f1_macro": 0.8751052479721546, "pre_macro": 0.8790153952148257, "re_macro": 0.8755104901045826, "best_epoch": 7, "val_loss": 0.42965316860254404, "train_loss": 0.43588072632221464}
{"epoch": 8, "val_accuracy": 0.880672770700637, "train_accuracy": 0.9113316878359369, "f1_macro": 0.8785643258957029, "pre_macro": 0.8813656636268469, "re_macro": 0.8791062419703343, "best_epoch": 8, "val_loss": 0.42047183507472086, "train_loss": 0.4260846154486879}
{"epoch": 9, "val_accuracy": 0.882265127388535, "train_accuracy": 0.91299392187849, "f1_macro": 0.8801249572331378, "pre_macro": 0.8820110202389342, "re_macro": 0.8806969180091844, "best_epoch": 9, "val_loss": 0.4133797704841301, "train_loss": 0.4179794262064264}
{"epoch": 10, "val_accuracy": 0.8839570063694268, "train_accuracy": 0.9136588154955113, "f1_macro": 0.8818662059512457, "pre_macro": 0.8831501294757462, "re_macro": 0.8823872912110586, "best_epoch": 10, "val_loss": 0.40852048072465663, "train_loss": 0.41105975559417235}
{"epoch": 11, "val_accuracy": 0.8847531847133758, "train_accuracy": 0.917648177197639, "f1_macro": 0.8826695944747229, "pre_macro": 0.8836811232713206, "re_macro": 0.8831914117405265, "best_epoch": 11, "val_loss": 0.405188978548832, "train_loss": 0.4055249228122387}
{"epoch": 12, "val_accuracy": 0.8863455414012739, "train_accuracy": 0.9183130708146603, "f1_macro": 0.8843059820773863, "pre_macro": 0.8851695903191127, "re_macro": 0.884821622899533, "best_epoch": 12, "val_loss": 0.4028320518221445, "train_loss": 0.40129022648993956}
{"epoch": 13, "val_accuracy": 0.8867436305732485, "train_accuracy": 0.9196428580487028, "f1_macro": 0.8847434247303223, "pre_macro": 0.8855146319519628, "re_macro": 0.8852219802399919, "best_epoch": 13, "val_loss": 0.4010944955145857, "train_loss": 0.3980603015169184}
{"epoch": 14, "val_accuracy": 0.886843152866242, "train_accuracy": 0.9199753048572135, "f1_macro": 0.8848686669477616, "pre_macro": 0.8855658880719874, "re_macro": 0.8853098861065574, "best_epoch": 14, "val_loss": 0.39977739805913276, "train_loss": 0.39556500886348966}
{"epoch": 15, "val_accuracy": 0.8870421974522293, "train_accuracy": 0.921305092091256, "f1_macro": 0.8850732694628196, "pre_macro": 0.8857253066998384, "re_macro": 0.8855023234467844, "best_epoch": 15, "val_loss": 0.3987632578203253, "train_loss": 0.3936160790159347}
{"training time": 23.096132040023804}
