{"epoch": 1, "val_accuracy": 0.4599920382165605, "train_accuracy": 0.25520833432674406, "f1_macro": 0.4114973845434908, "pre_macro": 0.6192615767669046, "re_macro": 0.4461270041889615, "best_epoch": 1, "val_loss": 1.9892963626582152, "train_loss": 2.230866003036499}
{"epoch": 2, "val_accuracy": 0.6050955414012739, "train_accuracy": 0.5880208373069763, "f1_macro": 0.5421885184885911, "pre_macro": 0.7087119274609409, "re_macro": 0.5926923287246993, "best_epoch": 2, "val_loss": 1.6314894879699513, "train_loss": 1.8227131009101867}
{"epoch": 3, "val_accuracy": 0.6847133757961783, "train_accuracy": 0.7333333373069764, "f1_macro": 0.6552119465428086, "pre_macro": 0.7148537929857748, "re_macro": 0.6744575661067927, "best_epoch": 3, "val_loss": 1.353618881125359, "train_loss": 1.444753921031952}
{"epoch": 4, "val_accuracy": 0.7195461783439491, "train_accuracy": 0.7932291686534881, "f1_macro": 0.6966671876750711, "pre_macro": 0.7233401880002464, "re_macro": 0.7096226266299763, "best_epoch": 4, "val_loss": 1.1820664136273087, "train_loss": 1.1849200487136842}
{"epoch": 5, "val_accuracy": 0.7329816878980892, "train_accuracy": 0.8244791686534881, "f1_macro": 0.7146288887887645, "pre_macro": 0.731690114372913, "re_macro": 0.7239289468180841, "best_epoch": 5, "val_loss": 1.075971959882481, "train_loss": 1.0282447338104248}
{"epoch": 6, "val_accuracy": 0.7451234076433121, "train_accuracy": 0.8307291686534881, "f1_macro": 0.7299525258193045, "pre_macro": 0.7417025609626322, "re_macro": 0.736873617738879, "best_epoch": 6, "val_loss": 1.0078646362207497, "train_loss": 0.9298717260360718}
{"epoch": 7, "val_accuracy": 0.7519904458598726, "train_accuracy": 0.8489583373069763, "f1_macro": 0.7388504677841436, "pre_macro": 0.7480514263888587, "re_macro": 0.7444910588139977, "best_epoch": 7, "val_loss": 0.9623973506271459, "train_loss": 0.8657987236976623}
{"epoch": 8, "val_accuracy": 0.7589570063694268, "train_accuracy": 0.8583333373069764, "f1_macro": 0.7474249305312229, "pre_macro": 0.7553340864927781, "re_macro": 0.7519866710898269, "best_epoch": 8, "val_loss": 0.9305536033241613, "train_loss": 0.8219109237194061}
{"epoch": 9, "val_accuracy": 0.7628383757961783, "train_accuracy": 0.8598958373069763, "f1_macro": 0.7520393248290979, "pre_macro": 0.7585542692047668, "re_macro": 0.7561397525022675, "best_epoch": 9, "val_loss": 0.9075159927841964, "train_loss": 0.7905794322490692}
{"epoch": 10, "val_accuracy": 0.7658240445859873, "train_accuracy": 0.8677083373069763, "f1_macro": 0.7556279093601688, "pre_macro": 0.7613849172703804, "re_macro": 0.7593170316780564, "best_epoch": 10, "val_loss": 0.8904689985096075, "train_loss": 0.7676164507865906}
{"epoch": 11, "val_accuracy": 0.7690087579617835, "train_accuracy": 0.8708333373069763, "f1_macro": 0.7594708445635393, "pre_macro": 0.7649197146424175, "re_macro": 0.762731440483449, "best_epoch": 11, "val_loss": 0.8776145161716802, "train_loss": 0.7504281282424927}
{"epoch": 12, "val_accuracy": 0.7709992038216561, "train_accuracy": 0.8723958373069763, "f1_macro": 0.7616276197078079, "pre_macro": 0.766570578113831, "re_macro": 0.7647880405466886, "best_epoch": 12, "val_loss": 0.8677800546406181, "train_loss": 0.7373440623283386}
{"epoch": 13, "val_accuracy": 0.772890127388535, "train_accuracy": 0.8723958373069763, "f1_macro": 0.7638543068773403, "pre_macro": 0.7687248172305035, "re_macro": 0.7667945850015262, "best_epoch": 13, "val_loss": 0.8601770719904809, "train_loss": 0.7272603571414947}
{"epoch": 14, "val_accuracy": 0.773984872611465, "train_accuracy": 0.8723958373069763, "f1_macro": 0.7652093649678422, "pre_macro": 0.7700052171304133, "re_macro": 0.7679811595928918, "best_epoch": 14, "val_loss": 0.8542526905324049, "train_loss": 0.7194183588027954}
{"epoch": 15, "val_accuracy": 0.7750796178343949, "train_accuracy": 0.878125, "f1_macro": 0.7665795461354268, "pre_macro": 0.7713124398396349, "re_macro": 0.7691726332503332, "best_epoch": 15, "val_loss": 0.8496075348489603, "train_loss": 0.7132779777050018}
{"training time": 17.797902584075928}
