{"epoch": 1, "val_accuracy": 0.8798765923566879, "train_accuracy": 0.8048758866939139, "f1_macro": 0.8781377098583203, "pre_macro": 0.8821459651543014, "re_macro": 0.8787146445914319, "best_epoch": 1, "val_loss": 0.40938333153819584, "train_loss": 0.7824260507492309}
{"epoch": 2, "val_accuracy": 0.896297770700637, "train_accuracy": 0.891910461161999, "f1_macro": 0.8944320754344111, "pre_macro": 0.8963702885847409, "re_macro": 0.8949006472106553, "best_epoch": 2, "val_loss": 0.3582832880175797, "train_loss": 0.4623952544750051}
{"epoch": 3, "val_accuracy": 0.9029657643312102, "train_accuracy": 0.9048315603682335, "f1_macro": 0.9013128985794081, "pre_macro": 0.9031262325091891, "re_macro": 0.9016066542099546, "best_epoch": 3, "val_loss": 0.33781671706753175, "train_loss": 0.42717648097809324}
{"epoch": 4, "val_accuracy": 0.9050557324840764, "train_accuracy": 0.9120789007937654, "f1_macro": 0.9031876171056259, "pre_macro": 0.9050765454791204, "re_macro": 0.9033551551866067, "best_epoch": 4, "val_loss": 0.3259181697514786, "train_loss": 0.4073832486538177}
{"epoch": 5, "val_accuracy": 0.9063495222929936, "train_accuracy": 0.916533688027808, "f1_macro": 0.9045449442126567, "pre_macro": 0.9064531067594193, "re_macro": 0.9046152039362623, "best_epoch": 5, "val_loss": 0.31627129329143056, "train_loss": 0.3928406198608114}
{"epoch": 6, "val_accuracy": 0.9096337579617835, "train_accuracy": 0.9205230497299357, "f1_macro": 0.9079874854203686, "pre_macro": 0.9095883866123883, "re_macro": 0.9079933318210228, "best_epoch": 6, "val_loss": 0.3081614148393748, "train_loss": 0.38141953361795305}
{"epoch": 7, "val_accuracy": 0.9123208598726115, "train_accuracy": 0.9235593973322117, "f1_macro": 0.9107637313608612, "pre_macro": 0.9121250743615624, "re_macro": 0.9107323575196296, "best_epoch": 7, "val_loss": 0.30126838399109185, "train_loss": 0.37244760698460516}
{"epoch": 8, "val_accuracy": 0.914609872611465, "train_accuracy": 0.9259530143534883, "f1_macro": 0.913110568434265, "pre_macro": 0.9141951409961295, "re_macro": 0.9131139610762521, "best_epoch": 8, "val_loss": 0.2954214364052958, "train_loss": 0.36533076832903194}
{"epoch": 9, "val_accuracy": 0.9166003184713376, "train_accuracy": 0.928656914893617, "f1_macro": 0.9152079157971199, "pre_macro": 0.915960074896973, "re_macro": 0.9152641495293345, "best_epoch": 9, "val_loss": 0.2905860578131144, "train_loss": 0.3596070488716694}
{"epoch": 10, "val_accuracy": 0.9188893312101911, "train_accuracy": 0.9303856382978724, "f1_macro": 0.9175528850992503, "pre_macro": 0.9180396698612239, "re_macro": 0.9176833859135309, "best_epoch": 10, "val_loss": 0.28681535080407455, "train_loss": 0.3549750328698057}
{"epoch": 11, "val_accuracy": 0.9203821656050956, "train_accuracy": 0.9305186170212766, "f1_macro": 0.9191178584249913, "pre_macro": 0.9194656625242598, "re_macro": 0.919288704477059, "best_epoch": 11, "val_loss": 0.284034275087961, "train_loss": 0.3512271343393529}
{"epoch": 12, "val_accuracy": 0.9214769108280255, "train_accuracy": 0.931471631374765, "f1_macro": 0.9202765899780545, "pre_macro": 0.9205226403797087, "re_macro": 0.920454174749824, "best_epoch": 12, "val_loss": 0.2820033614470321, "train_loss": 0.34820638920398467}
{"epoch": 13, "val_accuracy": 0.9223726114649682, "train_accuracy": 0.9324024824385947, "f1_macro": 0.9212192479319621, "pre_macro": 0.9214141049323326, "re_macro": 0.92140426187014, "best_epoch": 13, "val_loss": 0.28048310472754534, "train_loss": 0.34578050476439454}
{"epoch": 14, "val_accuracy": 0.9230692675159236, "train_accuracy": 0.9331338654173181, "f1_macro": 0.9219260248833498, "pre_macro": 0.9220940906642034, "re_macro": 0.9220759141576392, "best_epoch": 14, "val_loss": 0.2793154682086152, "train_loss": 0.3438355679841752}
{"epoch": 15, "val_accuracy": 0.9236664012738853, "train_accuracy": 0.9339317377577436, "f1_macro": 0.9225429309758664, "pre_macro": 0.9226874226370615, "re_macro": 0.9226794445812251, "best_epoch": 15, "val_loss": 0.2783964829412615, "train_loss": 0.34227690918648496}
{"training time": 51.363975524902344}
