{"epoch": 1, "val_accuracy": 0.900577229299363, "train_accuracy": 0.8464707711866415, "f1_macro": 0.8986425685390544, "pre_macro": 0.9004369070902479, "re_macro": 0.8989705992585613, "best_epoch": 1, "val_loss": 0.3590827755108001, "train_loss": 0.6332794207054923}
{"epoch": 2, "val_accuracy": 0.9112261146496815, "train_accuracy": 0.9052616383221104, "f1_macro": 0.9097260811059107, "pre_macro": 0.9109104380894466, "re_macro": 0.9099434525830624, "best_epoch": 2, "val_loss": 0.31541783003148377, "train_loss": 0.42849250871743727}
{"epoch": 3, "val_accuracy": 0.9160031847133758, "train_accuracy": 0.9152229922666733, "f1_macro": 0.9146282920436315, "pre_macro": 0.9157954687283902, "re_macro": 0.9148041866361594, "best_epoch": 3, "val_loss": 0.292720645286475, "train_loss": 0.3985220685696551}
{"epoch": 4, "val_accuracy": 0.9228702229299363, "train_accuracy": 0.9227634151098825, "f1_macro": 0.9217257770624174, "pre_macro": 0.9227982995280758, "re_macro": 0.9218497702875219, "best_epoch": 4, "val_loss": 0.2756736512254378, "train_loss": 0.37756682385895046}
{"epoch": 5, "val_accuracy": 0.9263535031847133, "train_accuracy": 0.9278606965597759, "f1_macro": 0.9252630919506568, "pre_macro": 0.9260775185661583, "re_macro": 0.9253991977526741, "best_epoch": 5, "val_loss": 0.2619320194290322, "train_loss": 0.3616030316934911}
{"epoch": 6, "val_accuracy": 0.9304339171974523, "train_accuracy": 0.9317586176685179, "f1_macro": 0.9295405205192558, "pre_macro": 0.9299447545558893, "re_macro": 0.9297080045824894, "best_epoch": 6, "val_loss": 0.2508773642716704, "train_loss": 0.34924558179973286}
{"epoch": 7, "val_accuracy": 0.9332205414012739, "train_accuracy": 0.9348680703624733, "f1_macro": 0.932411786405831, "pre_macro": 0.9325459087473661, "re_macro": 0.9326100067421418, "best_epoch": 7, "val_loss": 0.24234987339182834, "train_loss": 0.3395808095426193}
{"epoch": 8, "val_accuracy": 0.9351114649681529, "train_accuracy": 0.9375333155650319, "f1_macro": 0.9343174811619349, "pre_macro": 0.9342881126079746, "re_macro": 0.9345156624688615, "best_epoch": 8, "val_loss": 0.23611332999933868, "train_loss": 0.33198444990079795}
{"epoch": 9, "val_accuracy": 0.9370023885350318, "train_accuracy": 0.9400319829424307, "f1_macro": 0.9362431843588321, "pre_macro": 0.9361850112056768, "re_macro": 0.9364155842512656, "best_epoch": 9, "val_loss": 0.23156563495137508, "train_loss": 0.32599496895443403}
{"epoch": 10, "val_accuracy": 0.9374004777070064, "train_accuracy": 0.9420642324093816, "f1_macro": 0.936693004523824, "pre_macro": 0.9366378518452871, "re_macro": 0.9368388956202773, "best_epoch": 10, "val_loss": 0.2281228799586463, "train_loss": 0.3212555027656209}
{"epoch": 11, "val_accuracy": 0.9382961783439491, "train_accuracy": 0.9431303304904051, "f1_macro": 0.9375533662617886, "pre_macro": 0.9375376850344891, "re_macro": 0.9376629386305989, "best_epoch": 11, "val_loss": 0.2254366052936122, "train_loss": 0.3174962830314758}
{"epoch": 12, "val_accuracy": 0.9384952229299363, "train_accuracy": 0.9441297974413646, "f1_macro": 0.9377553871119183, "pre_macro": 0.9377710567398972, "re_macro": 0.9378401850525903, "best_epoch": 12, "val_loss": 0.22333795921343147, "train_loss": 0.3145114565327732}
{"epoch": 13, "val_accuracy": 0.9390923566878981, "train_accuracy": 0.9449960021321961, "f1_macro": 0.9383879247003378, "pre_macro": 0.9384399789585611, "re_macro": 0.9384406285215029, "best_epoch": 13, "val_loss": 0.22168635934662478, "train_loss": 0.312140421953791}
{"epoch": 14, "val_accuracy": 0.9392914012738853, "train_accuracy": 0.9456956289978679, "f1_macro": 0.9386013701423815, "pre_macro": 0.9386876733999721, "re_macro": 0.9386289794484481, "best_epoch": 14, "val_loss": 0.22034711015831893, "train_loss": 0.3102589320780626}
{"epoch": 15, "val_accuracy": 0.9395899681528662, "train_accuracy": 0.9462953091684435, "f1_macro": 0.9389173720631765, "pre_macro": 0.9390149765164407, "re_macro": 0.9389241136360592, "best_epoch": 15, "val_loss": 0.2192344508626184, "train_loss": 0.3087692785301188}
{"training time": 87.03354167938232}
