{"epoch": 1, "val_accuracy": 0.8271297770700637, "train_accuracy": 0.8092517324093816, "f1_macro": 0.8241244930303075, "pre_macro": 0.8299564967638473, "re_macro": 0.8269, "best_epoch": 1, "val_loss": 0.4829730493058065, "train_loss": 0.8498500144875634}
{"epoch": 2, "val_accuracy": 0.8377786624203821, "train_accuracy": 0.8565598347547975, "f1_macro": 0.8346021902869023, "pre_macro": 0.8413791059718772, "re_macro": 0.8375999999999999, "best_epoch": 2, "val_loss": 0.45228489749370865, "train_loss": 0.6210452015084753}
{"epoch": 3, "val_accuracy": 0.8419585987261147, "train_accuracy": 0.8683535447761194, "f1_macro": 0.8393120531303369, "pre_macro": 0.8449756186183045, "re_macro": 0.8418000000000001, "best_epoch": 3, "val_loss": 0.44029386199204024, "train_loss": 0.5541514756519403}
{"epoch": 4, "val_accuracy": 0.847531847133758, "train_accuracy": 0.8745668976545842, "f1_macro": 0.8452283330525615, "pre_macro": 0.8479705050349473, "re_macro": 0.8474, "best_epoch": 4, "val_loss": 0.42529239956360715, "train_loss": 0.5206017167265735}
{"epoch": 5, "val_accuracy": 0.8512141719745223, "train_accuracy": 0.8800306503198294, "f1_macro": 0.8489718487452041, "pre_macro": 0.8509616297850462, "re_macro": 0.8511000000000001, "best_epoch": 5, "val_loss": 0.4192408996213014, "train_loss": 0.4981222474880056}
{"epoch": 6, "val_accuracy": 0.8541998407643312, "train_accuracy": 0.8858608742004265, "f1_macro": 0.8525893509842284, "pre_macro": 0.8540252323929971, "re_macro": 0.8544, "best_epoch": 6, "val_loss": 0.4116494493309859, "train_loss": 0.4804996787421485}
{"epoch": 7, "val_accuracy": 0.8552945859872612, "train_accuracy": 0.8908415511727079, "f1_macro": 0.8538465603655047, "pre_macro": 0.8549459912347566, "re_macro": 0.8552, "best_epoch": 7, "val_loss": 0.4029510702676834, "train_loss": 0.46599056423981305}
{"epoch": 8, "val_accuracy": 0.8589769108280255, "train_accuracy": 0.8960554371002132, "f1_macro": 0.8573904758594095, "pre_macro": 0.8579284417365729, "re_macro": 0.8586, "best_epoch": 8, "val_loss": 0.391377826405179, "train_loss": 0.45345672602846676}
{"epoch": 9, "val_accuracy": 0.8600716560509554, "train_accuracy": 0.9004864072494669, "f1_macro": 0.857627859928815, "pre_macro": 0.8589609699484079, "re_macro": 0.8596999999999999, "best_epoch": 9, "val_loss": 0.3849775966755144, "train_loss": 0.4428503036117757}
{"epoch": 10, "val_accuracy": 0.8615644904458599, "train_accuracy": 0.9052172174840085, "f1_macro": 0.858683528905496, "pre_macro": 0.8610191012214802, "re_macro": 0.8612, "best_epoch": 10, "val_loss": 0.38442389192474874, "train_loss": 0.43339996888185106}
{"epoch": 11, "val_accuracy": 0.8599721337579618, "train_accuracy": 0.9097981076759062, "f1_macro": 0.857114271132037, "pre_macro": 0.8591373684657994, "re_macro": 0.8596, "best_epoch": 10, "val_loss": 0.3838804625212007, "train_loss": 0.42528989447205306}
{"epoch": 12, "val_accuracy": 0.8611664012738853, "train_accuracy": 0.914012526652452, "f1_macro": 0.8590984462266166, "pre_macro": 0.8598397679810104, "re_macro": 0.8608, "best_epoch": 10, "val_loss": 0.38187345226479186, "train_loss": 0.4180543853371128}
{"epoch": 13, "val_accuracy": 0.8624601910828026, "train_accuracy": 0.9177105543710021, "f1_macro": 0.8609779581345484, "pre_macro": 0.8611722594626972, "re_macro": 0.8621000000000001, "best_epoch": 13, "val_loss": 0.38031366078337286, "train_loss": 0.41190459514096345}
{"epoch": 14, "val_accuracy": 0.8636544585987261, "train_accuracy": 0.9206090085287847, "f1_macro": 0.8624769517815899, "pre_macro": 0.8625536920991876, "re_macro": 0.8633, "best_epoch": 14, "val_loss": 0.3790616333294826, "train_loss": 0.4069004888251138}
{"epoch": 15, "val_accuracy": 0.8636544585987261, "train_accuracy": 0.9226579157782516, "f1_macro": 0.8623370571897452, "pre_macro": 0.8623970436473044, "re_macro": 0.8629999999999999, "best_epoch": 14, "val_loss": 0.3778149075568861, "train_loss": 0.40278546005360355}
{"epoch": 16, "val_accuracy": 0.863953025477707, "train_accuracy": 0.9240571695095949, "f1_macro": 0.862693549156759, "pre_macro": 0.8626501246342082, "re_macro": 0.8633, "best_epoch": 16, "val_loss": 0.37637329993733937, "train_loss": 0.399428421802231}
{"epoch": 17, "val_accuracy": 0.8645501592356688, "train_accuracy": 0.9254064498933902, "f1_macro": 0.863308071734339, "pre_macro": 0.8632000540884949, "re_macro": 0.8639000000000001, "best_epoch": 17, "val_loss": 0.37500138846552294, "train_loss": 0.3966503315198142}
{"epoch": 18, "val_accuracy": 0.8644506369426752, "train_accuracy": 0.9266557835820896, "f1_macro": 0.8631796941555748, "pre_macro": 0.8630205081574193, "re_macro": 0.8638, "best_epoch": 17, "val_loss": 0.37370734818422113, "train_loss": 0.3944928365539132}
{"epoch": 19, "val_accuracy": 0.8645501592356688, "train_accuracy": 0.9275719616204691, "f1_macro": 0.8631885690964245, "pre_macro": 0.8629456923756088, "re_macro": 0.8638999999999999, "best_epoch": 17, "val_loss": 0.3726049211754161, "train_loss": 0.3928080937787414}
{"epoch": 20, "val_accuracy": 0.8655453821656051, "train_accuracy": 0.9283215618336887, "f1_macro": 0.8641548294164343, "pre_macro": 0.8638651050421606, "re_macro": 0.8648999999999999, "best_epoch": 20, "val_loss": 0.37173466726093535, "train_loss": 0.39143738196666306}
{"epoch": 21, "val_accuracy": 0.865047770700637, "train_accuracy": 0.9290378464818764, "f1_macro": 0.8635894907146211, "pre_macro": 0.8632651997708318, "re_macro": 0.8644000000000001, "best_epoch": 20, "val_loss": 0.371042609024959, "train_loss": 0.39037851801813284}
{"epoch": 22, "val_accuracy": 0.865047770700637, "train_accuracy": 0.9291711087420043, "f1_macro": 0.8635713691882708, "pre_macro": 0.8632446682010837, "re_macro": 0.8644000000000001, "best_epoch": 20, "val_loss": 0.37048652559328993, "train_loss": 0.3895554122671898}
{"epoch": 23, "val_accuracy": 0.8652468152866242, "train_accuracy": 0.9294876066098081, "f1_macro": 0.8637671068365591, "pre_macro": 0.8634381329020657, "re_macro": 0.8646, "best_epoch": 20, "val_loss": 0.37005967803441797, "train_loss": 0.3888919407974428}
{"epoch": 24, "val_accuracy": 0.8651472929936306, "train_accuracy": 0.9294376332622601, "f1_macro": 0.8636252390587812, "pre_macro": 0.8632849793442798, "re_macro": 0.8644999999999999, "best_epoch": 20, "val_loss": 0.369759145815661, "train_loss": 0.38833787694160365}
{"epoch": 25, "val_accuracy": 0.8656449044585988, "train_accuracy": 0.9296042110874201, "f1_macro": 0.8641354330119025, "pre_macro": 0.8638139174508244, "re_macro": 0.865, "best_epoch": 25, "val_loss": 0.36956889177583585, "train_loss": 0.38786232973466805}
{"training time": 255.9837772846222}
