{"epoch": 1, "val_accuracy": 0.6214171974522293, "train_accuracy": 0.3692708373069763, "f1_macro": 0.6025148769201294, "pre_macro": 0.623661756460206, "re_macro": 0.6208, "best_epoch": 1, "val_loss": 1.2563640479069607, "train_loss": 2.248840355873108}
{"epoch": 2, "val_accuracy": 0.6883957006369427, "train_accuracy": 0.7348958373069763, "f1_macro": 0.6842310643103389, "pre_macro": 0.689274481757857, "re_macro": 0.6878, "best_epoch": 2, "val_loss": 0.9377505019971519, "train_loss": 1.3308016777038574}
{"epoch": 3, "val_accuracy": 0.7111863057324841, "train_accuracy": 0.8145833373069763, "f1_macro": 0.7057415426145314, "pre_macro": 0.7088091828470431, "re_macro": 0.7104000000000001, "best_epoch": 3, "val_loss": 0.8441798732538891, "train_loss": 1.0303301453590392}
{"epoch": 4, "val_accuracy": 0.7191480891719745, "train_accuracy": 0.871875, "f1_macro": 0.7180504633512912, "pre_macro": 0.720367180395664, "re_macro": 0.7183999999999999, "best_epoch": 4, "val_loss": 0.8053155025099493, "train_loss": 0.8580498456954956}
{"epoch": 5, "val_accuracy": 0.7311902866242038, "train_accuracy": 0.9109375, "f1_macro": 0.7293458554381249, "pre_macro": 0.7295887524805112, "re_macro": 0.7304999999999999, "best_epoch": 5, "val_loss": 0.774891924896058, "train_loss": 0.751285320520401}
{"epoch": 6, "val_accuracy": 0.7356687898089171, "train_accuracy": 0.9453125, "f1_macro": 0.73426660145976, "pre_macro": 0.7352133362930798, "re_macro": 0.7346999999999999, "best_epoch": 6, "val_loss": 0.7617135459830047, "train_loss": 0.6796479314565659}
{"epoch": 7, "val_accuracy": 0.7390525477707006, "train_accuracy": 0.965625, "f1_macro": 0.7372933756560662, "pre_macro": 0.7377982712079877, "re_macro": 0.7381, "best_epoch": 7, "val_loss": 0.7518408642073345, "train_loss": 0.6306799829006196}
{"epoch": 8, "val_accuracy": 0.7417396496815286, "train_accuracy": 0.971875, "f1_macro": 0.7400123835392802, "pre_macro": 0.7404213504492794, "re_macro": 0.7407999999999999, "best_epoch": 8, "val_loss": 0.7469526612834566, "train_loss": 0.6004508286714554}
{"epoch": 9, "val_accuracy": 0.7431329617834395, "train_accuracy": 0.9734375, "f1_macro": 0.7413946618075471, "pre_macro": 0.7418217628459124, "re_macro": 0.7422000000000001, "best_epoch": 9, "val_loss": 0.7427363927197305, "train_loss": 0.5800869435071945}
{"epoch": 10, "val_accuracy": 0.743531050955414, "train_accuracy": 0.9796875, "f1_macro": 0.7418932153534341, "pre_macro": 0.7423987438374631, "re_macro": 0.7426, "best_epoch": 10, "val_loss": 0.7402685060622586, "train_loss": 0.5659100383520126}
{"epoch": 11, "val_accuracy": 0.7434315286624203, "train_accuracy": 0.984375, "f1_macro": 0.7417561655818316, "pre_macro": 0.7422064208921582, "re_macro": 0.7425, "best_epoch": 10, "val_loss": 0.7383266862031002, "train_loss": 0.5556056201457977}
{"epoch": 12, "val_accuracy": 0.7438296178343949, "train_accuracy": 0.984375, "f1_macro": 0.74218006673754, "pre_macro": 0.7427090751555472, "re_macro": 0.7428999999999999, "best_epoch": 12, "val_loss": 0.7368553495331175, "train_loss": 0.5478564918041229}
{"epoch": 13, "val_accuracy": 0.7438296178343949, "train_accuracy": 0.984375, "f1_macro": 0.7421955958353087, "pre_macro": 0.742721472480787, "re_macro": 0.7429, "best_epoch": 12, "val_loss": 0.7357049451512137, "train_loss": 0.5419495373964309}
{"epoch": 14, "val_accuracy": 0.7434315286624203, "train_accuracy": 0.984375, "f1_macro": 0.7417501447603438, "pre_macro": 0.7422248538846972, "re_macro": 0.7424999999999999, "best_epoch": 12, "val_loss": 0.734790492399483, "train_loss": 0.5373625218868255}
{"epoch": 15, "val_accuracy": 0.7436305732484076, "train_accuracy": 0.984375, "f1_macro": 0.7419468332956154, "pre_macro": 0.7424249820333231, "re_macro": 0.7426999999999999, "best_epoch": 12, "val_loss": 0.7340535584149087, "train_loss": 0.5337665438652038}
{"epoch": 16, "val_accuracy": 0.7438296178343949, "train_accuracy": 0.984375, "f1_macro": 0.7422159741637981, "pre_macro": 0.7427683573899997, "re_macro": 0.7429, "best_epoch": 12, "val_loss": 0.7334616727130429, "train_loss": 0.5309258371591568}
{"epoch": 17, "val_accuracy": 0.7440286624203821, "train_accuracy": 0.984375, "f1_macro": 0.7424089691553573, "pre_macro": 0.7429445085711154, "re_macro": 0.7431, "best_epoch": 17, "val_loss": 0.7329884655536361, "train_loss": 0.5286656707525254}
{"epoch": 18, "val_accuracy": 0.7441281847133758, "train_accuracy": 0.9875, "f1_macro": 0.7425117969716899, "pre_macro": 0.743065340335091, "re_macro": 0.7432000000000001, "best_epoch": 18, "val_loss": 0.7326100888145957, "train_loss": 0.526858651638031}
{"epoch": 19, "val_accuracy": 0.7441281847133758, "train_accuracy": 0.9875, "f1_macro": 0.742494278064697, "pre_macro": 0.7430271730441204, "re_macro": 0.7432000000000001, "best_epoch": 18, "val_loss": 0.7323066092980136, "train_loss": 0.5254096865653992}
{"epoch": 20, "val_accuracy": 0.7442277070063694, "train_accuracy": 0.9875, "f1_macro": 0.7425717207645018, "pre_macro": 0.7430786426637365, "re_macro": 0.7433, "best_epoch": 20, "val_loss": 0.7320623323795902, "train_loss": 0.5242449045181274}
{"epoch": 21, "val_accuracy": 0.744327229299363, "train_accuracy": 0.9875, "f1_macro": 0.7426514819868448, "pre_macro": 0.7431411175775585, "re_macro": 0.7434, "best_epoch": 21, "val_loss": 0.731865076692241, "train_loss": 0.5233066141605377}
{"epoch": 22, "val_accuracy": 0.7444267515923567, "train_accuracy": 0.9875, "f1_macro": 0.7427541924003, "pre_macro": 0.743252051119625, "re_macro": 0.7435, "best_epoch": 22, "val_loss": 0.7317055332812534, "train_loss": 0.5225495398044586}
{"epoch": 23, "val_accuracy": 0.7444267515923567, "train_accuracy": 0.9875, "f1_macro": 0.7427541924003, "pre_macro": 0.743252051119625, "re_macro": 0.7435, "best_epoch": 22, "val_loss": 0.7315763787479158, "train_loss": 0.5219380259513855}
{"epoch": 24, "val_accuracy": 0.7444267515923567, "train_accuracy": 0.9875, "f1_macro": 0.7427541924003, "pre_macro": 0.743252051119625, "re_macro": 0.7435, "best_epoch": 22, "val_loss": 0.7314717893008214, "train_loss": 0.5214437246322632}
{"epoch": 25, "val_accuracy": 0.7444267515923567, "train_accuracy": 0.9875, "f1_macro": 0.7427541924003, "pre_macro": 0.743252051119625, "re_macro": 0.7435, "best_epoch": 22, "val_loss": 0.731387086924474, "train_loss": 0.5210439443588257}
{"training time": 28.134670972824097}
