{"epoch": 1, "val_accuracy": 0.8232484076433121, "train_accuracy": 0.8075062144886364, "f1_macro": 0.821606675104395, "pre_macro": 0.8259364494944108, "re_macro": 0.8232999999999999, "best_epoch": 1, "val_loss": 0.4907460844820472, "train_loss": 0.8797916895286604}
{"epoch": 2, "val_accuracy": 0.8291202229299363, "train_accuracy": 0.8552468039772727, "f1_macro": 0.827479638525198, "pre_macro": 0.8324697124254914, "re_macro": 0.8291999999999999, "best_epoch": 2, "val_loss": 0.4658418266446727, "train_loss": 0.65481292151592}
{"epoch": 3, "val_accuracy": 0.8341958598726115, "train_accuracy": 0.8674982244318182, "f1_macro": 0.8330335284267301, "pre_macro": 0.8381268138130954, "re_macro": 0.8343, "best_epoch": 3, "val_loss": 0.45431542406036596, "train_loss": 0.5769523467699235}
{"epoch": 4, "val_accuracy": 0.8346934713375797, "train_accuracy": 0.8763982599431818, "f1_macro": 0.8338595288030299, "pre_macro": 0.839685194245998, "re_macro": 0.8347999999999999, "best_epoch": 4, "val_loss": 0.45077037251299357, "train_loss": 0.5345047798685052}
{"epoch": 5, "val_accuracy": 0.8386743630573248, "train_accuracy": 0.8836337002840909, "f1_macro": 0.8381834852597396, "pre_macro": 0.8440139447349756, "re_macro": 0.8385, "best_epoch": 5, "val_loss": 0.43912620700089033, "train_loss": 0.5067475133744831}
{"epoch": 6, "val_accuracy": 0.841062898089172, "train_accuracy": 0.8898481889204546, "f1_macro": 0.8411506021717183, "pre_macro": 0.8472378259055713, "re_macro": 0.8408999999999999, "best_epoch": 6, "val_loss": 0.4326797876578228, "train_loss": 0.4867475025609813}
{"epoch": 7, "val_accuracy": 0.8466361464968153, "train_accuracy": 0.8964177911931818, "f1_macro": 0.8466465049422464, "pre_macro": 0.8510238063235649, "re_macro": 0.8465, "best_epoch": 7, "val_loss": 0.4163690413449221, "train_loss": 0.4702633083797991}
{"epoch": 8, "val_accuracy": 0.8532046178343949, "train_accuracy": 0.9013449928977273, "f1_macro": 0.8528661759877224, "pre_macro": 0.8560446654500048, "re_macro": 0.8530999999999999, "best_epoch": 8, "val_loss": 0.405534931333961, "train_loss": 0.4562076180326668}
{"epoch": 9, "val_accuracy": 0.8559912420382165, "train_accuracy": 0.9073375355113636, "f1_macro": 0.8552159751918916, "pre_macro": 0.8564075035346994, "re_macro": 0.8558999999999999, "best_epoch": 9, "val_loss": 0.39690929670242747, "train_loss": 0.44303780315782537}
{"epoch": 10, "val_accuracy": 0.8581807324840764, "train_accuracy": 0.9117986505681818, "f1_macro": 0.8572987238539802, "pre_macro": 0.8575228757449789, "re_macro": 0.8581, "best_epoch": 10, "val_loss": 0.3928165189969312, "train_loss": 0.4316056667488407}
{"epoch": 11, "val_accuracy": 0.8598726114649682, "train_accuracy": 0.9164817116477273, "f1_macro": 0.8589131721613732, "pre_macro": 0.8587540935614177, "re_macro": 0.8597999999999999, "best_epoch": 11, "val_loss": 0.39077367239696964, "train_loss": 0.42185415829193185}
{"epoch": 12, "val_accuracy": 0.86046974522293, "train_accuracy": 0.9208540482954546, "f1_macro": 0.8596385941694644, "pre_macro": 0.8597300428260712, "re_macro": 0.8603999999999999, "best_epoch": 12, "val_loss": 0.38891708053601015, "train_loss": 0.4134339288046414}
{"epoch": 13, "val_accuracy": 0.86046974522293, "train_accuracy": 0.9252041903409091, "f1_macro": 0.8595832756895307, "pre_macro": 0.859898443917569, "re_macro": 0.8603999999999999, "best_epoch": 12, "val_loss": 0.3877830482592249, "train_loss": 0.40639226098375564}
{"epoch": 14, "val_accuracy": 0.8599721337579618, "train_accuracy": 0.9284224076704546, "f1_macro": 0.8590719064993328, "pre_macro": 0.8594149022538335, "re_macro": 0.8599, "best_epoch": 12, "val_loss": 0.38645882477426224, "train_loss": 0.40033905040896073}
{"epoch": 15, "val_accuracy": 0.8601711783439491, "train_accuracy": 0.930908203125, "f1_macro": 0.8592716366993971, "pre_macro": 0.8595222485161292, "re_macro": 0.8601000000000001, "best_epoch": 12, "val_loss": 0.38488437149934707, "train_loss": 0.3955469240688465}
{"epoch": 16, "val_accuracy": 0.8611664012738853, "train_accuracy": 0.9337491122159091, "f1_macro": 0.8603179596715419, "pre_macro": 0.8603234065327641, "re_macro": 0.8610999999999999, "best_epoch": 16, "val_loss": 0.38337260636554404, "train_loss": 0.3918332373300059}
{"epoch": 17, "val_accuracy": 0.8627587579617835, "train_accuracy": 0.9352805397727273, "f1_macro": 0.8620898805752407, "pre_macro": 0.8620070752054723, "re_macro": 0.8627, "best_epoch": 17, "val_loss": 0.38208184870565015, "train_loss": 0.38892518513073976}
{"epoch": 18, "val_accuracy": 0.8623606687898089, "train_accuracy": 0.9362571022727273, "f1_macro": 0.8617407095419646, "pre_macro": 0.8615939937601003, "re_macro": 0.8623, "best_epoch": 17, "val_loss": 0.3811462378236139, "train_loss": 0.38679420287636196}
{"epoch": 19, "val_accuracy": 0.8621616242038217, "train_accuracy": 0.9375443892045454, "f1_macro": 0.8615248966664701, "pre_macro": 0.8613328659338656, "re_macro": 0.8621000000000001, "best_epoch": 17, "val_loss": 0.38059271966955466, "train_loss": 0.3851253683043813}
{"epoch": 20, "val_accuracy": 0.8615644904458599, "train_accuracy": 0.9378773082386364, "f1_macro": 0.8609021076097605, "pre_macro": 0.860715791068461, "re_macro": 0.8615, "best_epoch": 17, "val_loss": 0.38028523885900045, "train_loss": 0.38389389974657784}
{"epoch": 21, "val_accuracy": 0.8600716560509554, "train_accuracy": 0.9383655894886364, "f1_macro": 0.8593746876342221, "pre_macro": 0.859162279279197, "re_macro": 0.86, "best_epoch": 17, "val_loss": 0.3801660516839119, "train_loss": 0.3830108340744945}
{"epoch": 22, "val_accuracy": 0.8600716560509554, "train_accuracy": 0.9387428977272727, "f1_macro": 0.8592834300959478, "pre_macro": 0.8590498401192825, "re_macro": 0.86, "best_epoch": 17, "val_loss": 0.3800938139865353, "train_loss": 0.38231361291201954}
{"epoch": 23, "val_accuracy": 0.8595740445859873, "train_accuracy": 0.9384099786931818, "f1_macro": 0.8587308067045292, "pre_macro": 0.8584856184373344, "re_macro": 0.8594999999999999, "best_epoch": 17, "val_loss": 0.3800375115150099, "train_loss": 0.3816864519083703}
{"epoch": 24, "val_accuracy": 0.8600716560509554, "train_accuracy": 0.9385431463068182, "f1_macro": 0.8592771705708007, "pre_macro": 0.8590377956175976, "re_macro": 0.86, "best_epoch": 17, "val_loss": 0.37999798461889767, "train_loss": 0.38107744233936747}
{"epoch": 25, "val_accuracy": 0.8608678343949044, "train_accuracy": 0.9386319247159091, "f1_macro": 0.8600498801847104, "pre_macro": 0.8597896346226037, "re_macro": 0.8608, "best_epoch": 17, "val_loss": 0.3799706986945146, "train_loss": 0.38048597890883684}
{"training time": 181.5200958251953}
