{"epoch": 1, "val_accuracy": 0.5914609872611465, "train_accuracy": 0.40364583432674406, "f1_macro": 0.5746261936512964, "pre_macro": 0.6095764777398173, "re_macro": 0.591, "best_epoch": 1, "val_loss": 1.2699099145117838, "train_loss": 8.700288486480712}
{"epoch": 2, "val_accuracy": 0.6892914012738853, "train_accuracy": 0.7411458373069764, "f1_macro": 0.6854201200533773, "pre_macro": 0.6872105743637821, "re_macro": 0.6890000000000001, "best_epoch": 2, "val_loss": 0.9600940084761116, "train_loss": 7.817844343185425}
{"epoch": 3, "val_accuracy": 0.706906847133758, "train_accuracy": 0.8208333373069763, "f1_macro": 0.7062789249765483, "pre_macro": 0.7096260540507688, "re_macro": 0.7064000000000001, "best_epoch": 3, "val_loss": 0.8622371026664782, "train_loss": 7.451472377777099}
{"epoch": 4, "val_accuracy": 0.7289012738853503, "train_accuracy": 0.8859375, "f1_macro": 0.7252762278090594, "pre_macro": 0.7254494448091039, "re_macro": 0.7285, "best_epoch": 4, "val_loss": 0.807491102795692, "train_loss": 7.241237831115723}
{"epoch": 5, "val_accuracy": 0.7307921974522293, "train_accuracy": 0.9171875, "f1_macro": 0.7296618072022747, "pre_macro": 0.7305186692830162, "re_macro": 0.7303999999999999, "best_epoch": 5, "val_loss": 0.7824644514709521, "train_loss": 7.102602815628051}
{"epoch": 6, "val_accuracy": 0.7367635350318471, "train_accuracy": 0.940625, "f1_macro": 0.7345112179761214, "pre_macro": 0.7343677846043455, "re_macro": 0.7364, "best_epoch": 6, "val_loss": 0.765047512995969, "train_loss": 7.003688097000122}
{"epoch": 7, "val_accuracy": 0.7391520700636943, "train_accuracy": 0.9625, "f1_macro": 0.7382945638246097, "pre_macro": 0.7393689263336477, "re_macro": 0.7388000000000001, "best_epoch": 7, "val_loss": 0.7580031222978215, "train_loss": 6.937273073196411}
{"epoch": 8, "val_accuracy": 0.7418391719745223, "train_accuracy": 0.96875, "f1_macro": 0.7404692121236123, "pre_macro": 0.7408946617034209, "re_macro": 0.7415, "best_epoch": 8, "val_loss": 0.7524185072464548, "train_loss": 6.888568305969239}
{"epoch": 9, "val_accuracy": 0.7424363057324841, "train_accuracy": 0.9765625, "f1_macro": 0.7414598151870462, "pre_macro": 0.7423558125173444, "re_macro": 0.7421, "best_epoch": 9, "val_loss": 0.7478229502204118, "train_loss": 6.853965759277344}
{"epoch": 10, "val_accuracy": 0.7434315286624203, "train_accuracy": 0.9765625, "f1_macro": 0.7422625222392294, "pre_macro": 0.7428286890486141, "re_macro": 0.7431000000000001, "best_epoch": 10, "val_loss": 0.7447040694154752, "train_loss": 6.827858591079712}
{"epoch": 11, "val_accuracy": 0.7447253184713376, "train_accuracy": 0.9765625, "f1_macro": 0.7436936602345726, "pre_macro": 0.7443771194849735, "re_macro": 0.7444, "best_epoch": 11, "val_loss": 0.7423039014172402, "train_loss": 6.808311605453492}
{"epoch": 12, "val_accuracy": 0.744327229299363, "train_accuracy": 0.9796875, "f1_macro": 0.7432206342492746, "pre_macro": 0.7438231039821619, "re_macro": 0.744, "best_epoch": 11, "val_loss": 0.7403861551907411, "train_loss": 6.7931036949157715}
{"epoch": 13, "val_accuracy": 0.7446257961783439, "train_accuracy": 0.9796875, "f1_macro": 0.7435881368147447, "pre_macro": 0.7442654960332055, "re_macro": 0.7443, "best_epoch": 11, "val_loss": 0.7389051196681466, "train_loss": 6.781247568130493}
{"epoch": 14, "val_accuracy": 0.7446257961783439, "train_accuracy": 0.98125, "f1_macro": 0.7435884987148416, "pre_macro": 0.7442987985733802, "re_macro": 0.7443000000000002, "best_epoch": 11, "val_loss": 0.7378245411784785, "train_loss": 6.771916723251342}
{"epoch": 15, "val_accuracy": 0.7449243630573248, "train_accuracy": 0.9828125, "f1_macro": 0.743879056234699, "pre_macro": 0.7445741930372078, "re_macro": 0.7445999999999999, "best_epoch": 15, "val_loss": 0.7369632132493766, "train_loss": 6.764487457275391}
{"epoch": 16, "val_accuracy": 0.745421974522293, "train_accuracy": 0.9828125, "f1_macro": 0.7443718774800955, "pre_macro": 0.7450703872120121, "re_macro": 0.7451000000000001, "best_epoch": 16, "val_loss": 0.7362497864635127, "train_loss": 6.758566808700562}
{"epoch": 17, "val_accuracy": 0.7455214968152867, "train_accuracy": 0.9828125, "f1_macro": 0.7444536913116881, "pre_macro": 0.7451295278586905, "re_macro": 0.7452, "best_epoch": 17, "val_loss": 0.7356777906797494, "train_loss": 6.7538384914398195}
{"epoch": 18, "val_accuracy": 0.7456210191082803, "train_accuracy": 0.984375, "f1_macro": 0.7445299096578225, "pre_macro": 0.7451739512001188, "re_macro": 0.7453, "best_epoch": 18, "val_loss": 0.7352261150338847, "train_loss": 6.750051212310791}
{"epoch": 19, "val_accuracy": 0.7456210191082803, "train_accuracy": 0.984375, "f1_macro": 0.7445626444842194, "pre_macro": 0.7452402662906064, "re_macro": 0.7453, "best_epoch": 18, "val_loss": 0.7348661908678188, "train_loss": 6.747012662887573}
{"epoch": 20, "val_accuracy": 0.7455214968152867, "train_accuracy": 0.984375, "f1_macro": 0.744475115827022, "pre_macro": 0.7451693319223951, "re_macro": 0.7452, "best_epoch": 18, "val_loss": 0.7345765451337122, "train_loss": 6.7445728302001955}
{"epoch": 21, "val_accuracy": 0.7455214968152867, "train_accuracy": 0.984375, "f1_macro": 0.7444810605117478, "pre_macro": 0.745184530069898, "re_macro": 0.7452, "best_epoch": 18, "val_loss": 0.7343426726426289, "train_loss": 6.742611408233643}
{"epoch": 22, "val_accuracy": 0.7456210191082803, "train_accuracy": 0.984375, "f1_macro": 0.7445746640649797, "pre_macro": 0.7452805800344459, "re_macro": 0.7453, "best_epoch": 18, "val_loss": 0.7341538060242963, "train_loss": 6.741033506393433}
{"epoch": 23, "val_accuracy": 0.7457205414012739, "train_accuracy": 0.984375, "f1_macro": 0.744698191311955, "pre_macro": 0.7454235594134018, "re_macro": 0.7454000000000001, "best_epoch": 23, "val_loss": 0.7340012942529788, "train_loss": 6.739764213562012}
{"epoch": 24, "val_accuracy": 0.7457205414012739, "train_accuracy": 0.984375, "f1_macro": 0.744698191311955, "pre_macro": 0.7454235594134018, "re_macro": 0.7454000000000001, "best_epoch": 23, "val_loss": 0.7338781180275473, "train_loss": 6.738742160797119}
{"epoch": 25, "val_accuracy": 0.7457205414012739, "train_accuracy": 0.984375, "f1_macro": 0.744698191311955, "pre_macro": 0.7454235594134018, "re_macro": 0.7454000000000001, "best_epoch": 23, "val_loss": 0.7337785993412043, "train_loss": 6.7379193782806395}
{"training time": 27.885668754577637}
