{"epoch": 1, "val_accuracy": 0.8322054140127388, "train_accuracy": 0.7923440831556503, "f1_macro": 0.8297605222778344, "pre_macro": 0.8325853415970188, "re_macro": 0.8320000000000001, "best_epoch": 1, "val_loss": 0.47080813614046496, "train_loss": 6.23169577503001}
{"epoch": 2, "val_accuracy": 0.8312101910828026, "train_accuracy": 0.8537668799286457, "f1_macro": 0.8287196734585944, "pre_macro": 0.8402937167945623, "re_macro": 0.8307, "best_epoch": 1, "val_loss": 0.4737840961119172, "train_loss": 4.483665190780086}
{"epoch": 3, "val_accuracy": 0.8443471337579618, "train_accuracy": 0.871202025586354, "f1_macro": 0.8431239774261341, "pre_macro": 0.851247589167618, "re_macro": 0.8436, "best_epoch": 3, "val_loss": 0.4336080554943935, "train_loss": 3.6591408445891034}
{"epoch": 4, "val_accuracy": 0.8477308917197452, "train_accuracy": 0.8802083334180592, "f1_macro": 0.8474760550489082, "pre_macro": 0.8572099434256109, "re_macro": 0.8475999999999999, "best_epoch": 4, "val_loss": 0.41860823029545463, "train_loss": 3.1738981514343068}
{"epoch": 5, "val_accuracy": 0.8542993630573248, "train_accuracy": 0.888503909111023, "f1_macro": 0.8537465088112546, "pre_macro": 0.8606923211802213, "re_macro": 0.8536000000000001, "best_epoch": 5, "val_loss": 0.39853039421852987, "train_loss": 2.852763818525302}
{"epoch": 6, "val_accuracy": 0.8599721337579618, "train_accuracy": 0.8957444918689443, "f1_macro": 0.8601033389583399, "pre_macro": 0.8655746676267915, "re_macro": 0.8593, "best_epoch": 6, "val_loss": 0.3841595696226047, "train_loss": 2.6275259182651416}
{"epoch": 7, "val_accuracy": 0.8568869426751592, "train_accuracy": 0.9016524520255863, "f1_macro": 0.8588514711914869, "pre_macro": 0.8698266432856432, "re_macro": 0.8564999999999999, "best_epoch": 6, "val_loss": 0.39043728437772984, "train_loss": 2.4628619598681483}
{"epoch": 8, "val_accuracy": 0.8530055732484076, "train_accuracy": 0.9056281095374622, "f1_macro": 0.855436652358328, "pre_macro": 0.8691335507806055, "re_macro": 0.8526, "best_epoch": 6, "val_loss": 0.3959920978660037, "train_loss": 2.3384078067502996}
{"epoch": 9, "val_accuracy": 0.8587778662420382, "train_accuracy": 0.9084377221461298, "f1_macro": 0.8603671530715313, "pre_macro": 0.8680383260180522, "re_macro": 0.8583999999999999, "best_epoch": 6, "val_loss": 0.38042107414288123, "train_loss": 2.2417689366127127}
{"epoch": 10, "val_accuracy": 0.861265923566879, "train_accuracy": 0.912280117270789, "f1_macro": 0.8625672376003555, "pre_macro": 0.868578264676502, "re_macro": 0.8609, "best_epoch": 10, "val_loss": 0.3744546672341171, "train_loss": 2.16519847480473}
{"epoch": 11, "val_accuracy": 0.8630573248407644, "train_accuracy": 0.9144900498359696, "f1_macro": 0.8645618269734696, "pre_macro": 0.8700132756539359, "re_macro": 0.8626999999999999, "best_epoch": 11, "val_loss": 0.36898237039708787, "train_loss": 2.1044765032176524}
{"epoch": 12, "val_accuracy": 0.8667396496815286, "train_accuracy": 0.9169665067943175, "f1_macro": 0.8675193019959468, "pre_macro": 0.8708897340876988, "re_macro": 0.8661, "best_epoch": 12, "val_loss": 0.3627379753027752, "train_loss": 2.05603833112127}
{"epoch": 13, "val_accuracy": 0.8692277070063694, "train_accuracy": 0.9202980632975157, "f1_macro": 0.8693145245524867, "pre_macro": 0.871005693918723, "re_macro": 0.8686, "best_epoch": 13, "val_loss": 0.3572342021355204, "train_loss": 2.0173392339047593}
{"epoch": 14, "val_accuracy": 0.8708200636942676, "train_accuracy": 0.9234297264105221, "f1_macro": 0.8703304025939289, "pre_macro": 0.8709433233456852, "re_macro": 0.8702, "best_epoch": 14, "val_loss": 0.35286627652918456, "train_loss": 1.9863446460349727}
{"epoch": 15, "val_accuracy": 0.872312898089172, "train_accuracy": 0.9252620824872811, "f1_macro": 0.8714359190171302, "pre_macro": 0.8715999540392273, "re_macro": 0.8717, "best_epoch": 15, "val_loss": 0.3501141288193168, "train_loss": 1.9613557441402345}
{"epoch": 16, "val_accuracy": 0.8749004777070064, "train_accuracy": 0.9263948116983686, "f1_macro": 0.8739121599459436, "pre_macro": 0.8740244646674082, "re_macro": 0.8743000000000001, "best_epoch": 16, "val_loss": 0.34873289178321315, "train_loss": 1.9411874457971374}
{"epoch": 17, "val_accuracy": 0.8756966560509554, "train_accuracy": 0.9271277541290722, "f1_macro": 0.8746905858965365, "pre_macro": 0.8747945915676487, "re_macro": 0.8751, "best_epoch": 17, "val_loss": 0.34803119520093223, "train_loss": 1.92497708421272}
{"epoch": 18, "val_accuracy": 0.876890923566879, "train_accuracy": 0.9284270611653196, "f1_macro": 0.8758200836092739, "pre_macro": 0.8758749828047453, "re_macro": 0.8762999999999999, "best_epoch": 18, "val_loss": 0.34756725200801897, "train_loss": 1.911970719345597}
{"epoch": 19, "val_accuracy": 0.8770899681528662, "train_accuracy": 0.929593105941439, "f1_macro": 0.8760559264160852, "pre_macro": 0.8761334853274871, "re_macro": 0.8764999999999998, "best_epoch": 19, "val_loss": 0.34723083162383667, "train_loss": 1.9015587169224266}
{"epoch": 20, "val_accuracy": 0.8765923566878981, "train_accuracy": 0.9299928927218227, "f1_macro": 0.8755952151015608, "pre_macro": 0.875688619490252, "re_macro": 0.876, "best_epoch": 19, "val_loss": 0.34697903787634177, "train_loss": 1.8932384664315913}
{"epoch": 21, "val_accuracy": 0.8756966560509554, "train_accuracy": 0.9307591507175584, "f1_macro": 0.8747257517063665, "pre_macro": 0.8748238649545066, "re_macro": 0.8751, "best_epoch": 19, "val_loss": 0.34673930941873293, "train_loss": 1.8865916197742227}
{"epoch": 22, "val_accuracy": 0.8757961783439491, "train_accuracy": 0.931525408713294, "f1_macro": 0.8748279143268345, "pre_macro": 0.874898843338794, "re_macro": 0.8752000000000001, "best_epoch": 19, "val_loss": 0.34643245682974527, "train_loss": 1.8812767681536644}
{"epoch": 23, "val_accuracy": 0.87609474522293, "train_accuracy": 0.9317586176685179, "f1_macro": 0.8750414653561197, "pre_macro": 0.8750516114417991, "re_macro": 0.8755000000000001, "best_epoch": 19, "val_loss": 0.3460431965483222, "train_loss": 1.8770213904919655}
{"epoch": 24, "val_accuracy": 0.8764928343949044, "train_accuracy": 0.9320584577538057, "f1_macro": 0.875376314245573, "pre_macro": 0.8753359047789637, "re_macro": 0.8758999999999999, "best_epoch": 19, "val_loss": 0.3456328847226064, "train_loss": 1.873610492199977}
{"epoch": 25, "val_accuracy": 0.8763933121019108, "train_accuracy": 0.9324915600992215, "f1_macro": 0.875217257316048, "pre_macro": 0.8751696615942841, "re_macro": 0.8757999999999999, "best_epoch": 19, "val_loss": 0.3452772409862773, "train_loss": 1.8708720707944206}
{"training time": 140.67499232292175}
