{"epoch": 1, "val_accuracy": 0.7113853503184714, "train_accuracy": 0.6415748482054853, "f1_macro": 0.7146270122382004, "pre_macro": 0.7617279451006269, "re_macro": 0.7109, "best_epoch": 1, "val_loss": 0.7631304875300948, "train_loss": 7.822752972866627}
{"epoch": 2, "val_accuracy": 0.7528861464968153, "train_accuracy": 0.8053761403611366, "f1_macro": 0.752721439282441, "pre_macro": 0.7990183909320444, "re_macro": 0.7523, "best_epoch": 2, "val_loss": 0.6813050164918232, "train_loss": 7.041177851088504}
{"epoch": 3, "val_accuracy": 0.7734872611464968, "train_accuracy": 0.8601823715453453, "f1_macro": 0.7787290723908664, "pre_macro": 0.8115413628912498, "re_macro": 0.7733, "best_epoch": 3, "val_loss": 0.60954989635261, "train_loss": 6.708011221378408}
{"epoch": 4, "val_accuracy": 0.7641321656050956, "train_accuracy": 0.8861607148292217, "f1_macro": 0.772314522310918, "pre_macro": 0.8224399403989768, "re_macro": 0.7638999999999999, "best_epoch": 3, "val_loss": 0.6294002113448587, "train_loss": 6.475993136142162}
{"epoch": 5, "val_accuracy": 0.7962778662420382, "train_accuracy": 0.9033054722116348, "f1_macro": 0.8013866761396992, "pre_macro": 0.8184543399899209, "re_macro": 0.7958999999999999, "best_epoch": 5, "val_loss": 0.5551112670048027, "train_loss": 6.316875630236686}
{"epoch": 6, "val_accuracy": 0.8015525477707006, "train_accuracy": 0.914276216892486, "f1_macro": 0.8038644246943776, "pre_macro": 0.8139956995016991, "re_macro": 0.8011999999999999, "best_epoch": 6, "val_loss": 0.5440695635072744, "train_loss": 6.181701436955878}
{"epoch": 7, "val_accuracy": 0.8013535031847133, "train_accuracy": 0.932988222609175, "f1_macro": 0.8046394968125963, "pre_macro": 0.8215778120535712, "re_macro": 0.8009999999999999, "best_epoch": 6, "val_loss": 0.5520125496539341, "train_loss": 6.067887022140178}
{"epoch": 8, "val_accuracy": 0.8070262738853503, "train_accuracy": 0.9483757602407578, "f1_macro": 0.8098848890399071, "pre_macro": 0.8229780555030365, "re_macro": 0.8067, "best_epoch": 8, "val_loss": 0.5405614577281247, "train_loss": 5.98459005355835}
{"epoch": 9, "val_accuracy": 0.8119028662420382, "train_accuracy": 0.953267477928324, "f1_macro": 0.8132466730881236, "pre_macro": 0.8196699469373613, "re_macro": 0.8116000000000001, "best_epoch": 9, "val_loss": 0.5273113118804944, "train_loss": 5.921639980153834}
{"epoch": 10, "val_accuracy": 0.8153861464968153, "train_accuracy": 0.9565444537933837, "f1_macro": 0.8154250710897722, "pre_macro": 0.8193465086256703, "re_macro": 0.8150999999999999, "best_epoch": 10, "val_loss": 0.5238864162735118, "train_loss": 5.873020172119141}
{"epoch": 11, "val_accuracy": 0.8138933121019108, "train_accuracy": 0.9636683134322471, "f1_macro": 0.8136597003180137, "pre_macro": 0.8174978393229109, "re_macro": 0.8136000000000001, "best_epoch": 10, "val_loss": 0.5235185017631312, "train_loss": 5.83158582322141}
{"epoch": 12, "val_accuracy": 0.8147890127388535, "train_accuracy": 0.9670402750055841, "f1_macro": 0.8148992649752813, "pre_macro": 0.8188804828169924, "re_macro": 0.8145, "best_epoch": 10, "val_loss": 0.5218731009276809, "train_loss": 5.797774345316785}
{"epoch": 13, "val_accuracy": 0.8165804140127388, "train_accuracy": 0.9693674026651585, "f1_macro": 0.8169606619379215, "pre_macro": 0.8208919984175604, "re_macro": 0.8163, "best_epoch": 13, "val_loss": 0.5196622730630218, "train_loss": 5.771980579863203}
{"epoch": 14, "val_accuracy": 0.818172770700637, "train_accuracy": 0.9713620835162223, "f1_macro": 0.818542382294946, "pre_macro": 0.8216170257596641, "re_macro": 0.8179000000000001, "best_epoch": 14, "val_loss": 0.5160651436656903, "train_loss": 5.751520045260166}
{"epoch": 15, "val_accuracy": 0.8190684713375797, "train_accuracy": 0.9733567643672862, "f1_macro": 0.8192268235690875, "pre_macro": 0.8212066359787016, "re_macro": 0.8188000000000001, "best_epoch": 15, "val_loss": 0.5130406015428008, "train_loss": 5.734430363837709}
{"epoch": 16, "val_accuracy": 0.8200636942675159, "train_accuracy": 0.9750189984098394, "f1_macro": 0.8199367443720993, "pre_macro": 0.8212066678259173, "re_macro": 0.8198000000000001, "best_epoch": 16, "val_loss": 0.51127072371495, "train_loss": 5.7201066727333885}
{"epoch": 17, "val_accuracy": 0.8211584394904459, "train_accuracy": 0.9770136792609032, "f1_macro": 0.8207976890980728, "pre_macro": 0.8217272838712246, "re_macro": 0.8209, "best_epoch": 17, "val_loss": 0.5103520914247841, "train_loss": 5.708459296125047}
{"epoch": 18, "val_accuracy": 0.8212579617834395, "train_accuracy": 0.9776785728779245, "f1_macro": 0.8208141488716473, "pre_macro": 0.821596874713598, "re_macro": 0.8210000000000001, "best_epoch": 18, "val_loss": 0.5099002688553682, "train_loss": 5.699146635988925}
{"epoch": 19, "val_accuracy": 0.8217555732484076, "train_accuracy": 0.9780110196864351, "f1_macro": 0.8213034170684825, "pre_macro": 0.8220326335270436, "re_macro": 0.8215, "best_epoch": 19, "val_loss": 0.5096573620844799, "train_loss": 5.691737702552309}
{"epoch": 20, "val_accuracy": 0.8225517515923567, "train_accuracy": 0.9783434664949457, "f1_macro": 0.8220971047714969, "pre_macro": 0.8227665318944807, "re_macro": 0.8222999999999999, "best_epoch": 20, "val_loss": 0.5095103556752965, "train_loss": 5.685852497181994}
{"epoch": 21, "val_accuracy": 0.8222531847133758, "train_accuracy": 0.9793408069204776, "f1_macro": 0.821827810831506, "pre_macro": 0.8225077647856006, "re_macro": 0.8219999999999998, "best_epoch": 20, "val_loss": 0.5094171944697192, "train_loss": 5.681164792243471}
{"epoch": 22, "val_accuracy": 0.822452229299363, "train_accuracy": 0.9796732537289883, "f1_macro": 0.8220482466825312, "pre_macro": 0.8227408558631433, "re_macro": 0.8221999999999999, "best_epoch": 20, "val_loss": 0.509356516846426, "train_loss": 5.67741885083787}
{"epoch": 23, "val_accuracy": 0.8223527070063694, "train_accuracy": 0.9800057005374989, "f1_macro": 0.8220088284592162, "pre_macro": 0.8227340119103681, "re_macro": 0.8221, "best_epoch": 20, "val_loss": 0.5093161711457429, "train_loss": 5.674418814638828}
{"epoch": 24, "val_accuracy": 0.8221536624203821, "train_accuracy": 0.9803381473460095, "f1_macro": 0.8218218222408964, "pre_macro": 0.8225608888941727, "re_macro": 0.8219, "best_epoch": 20, "val_loss": 0.509288796288952, "train_loss": 5.672011842118933}
{"epoch": 25, "val_accuracy": 0.8220541401273885, "train_accuracy": 0.9803381473460095, "f1_macro": 0.821756268887947, "pre_macro": 0.8225293934055566, "re_macro": 0.8218, "best_epoch": 20, "val_loss": 0.5092699231615492, "train_loss": 5.670079210971264}
{"training time": 33.711326360702515}
