{"epoch": 1, "val_accuracy": 0.8179737261146497, "train_accuracy": 0.8090154474431818, "f1_macro": 0.814799020302608, "pre_macro": 0.8334997468324546, "re_macro": 0.8173999999999999, "best_epoch": 1, "val_loss": 0.5019112377409722, "train_loss": 5.7155314372344455}
{"epoch": 2, "val_accuracy": 0.8349920382165605, "train_accuracy": 0.8572887073863636, "f1_macro": 0.8336097832364778, "pre_macro": 0.8445247572197093, "re_macro": 0.8344999999999999, "best_epoch": 2, "val_loss": 0.4481784688059691, "train_loss": 3.742748079652136}
{"epoch": 3, "val_accuracy": 0.8466361464968153, "train_accuracy": 0.8683416193181818, "f1_macro": 0.8451324340422885, "pre_macro": 0.8513218384357565, "re_macro": 0.8459, "best_epoch": 3, "val_loss": 0.42034541108426016, "train_loss": 2.9279632453214037}
{"epoch": 4, "val_accuracy": 0.8486265923566879, "train_accuracy": 0.8758877840909091, "f1_macro": 0.8473981823329438, "pre_macro": 0.8534156427876765, "re_macro": 0.8478999999999999, "best_epoch": 4, "val_loss": 0.41547952763214235, "train_loss": 2.476689138873057}
{"epoch": 5, "val_accuracy": 0.8524084394904459, "train_accuracy": 0.8811479048295454, "f1_macro": 0.8512164446214223, "pre_macro": 0.8575070398367804, "re_macro": 0.8516999999999999, "best_epoch": 5, "val_loss": 0.4101747288635582, "train_loss": 2.18985399519178}
{"epoch": 6, "val_accuracy": 0.8541998407643312, "train_accuracy": 0.88671875, "f1_macro": 0.8533933987074283, "pre_macro": 0.8584704657432983, "re_macro": 0.8538, "best_epoch": 6, "val_loss": 0.3985486425411929, "train_loss": 1.9917525688016957}
{"epoch": 7, "val_accuracy": 0.8583797770700637, "train_accuracy": 0.8911576704545454, "f1_macro": 0.8571522707733953, "pre_macro": 0.8599914469522931, "re_macro": 0.8577, "best_epoch": 7, "val_loss": 0.38732237515935475, "train_loss": 1.8479082662273536}
{"epoch": 8, "val_accuracy": 0.8596735668789809, "train_accuracy": 0.8946422230113636, "f1_macro": 0.8581215397779554, "pre_macro": 0.859675456536349, "re_macro": 0.859, "best_epoch": 8, "val_loss": 0.3801859051084063, "train_loss": 1.74015232717449}
{"epoch": 9, "val_accuracy": 0.8622611464968153, "train_accuracy": 0.8978382457386364, "f1_macro": 0.8611152802442008, "pre_macro": 0.8624707814183339, "re_macro": 0.8615999999999999, "best_epoch": 9, "val_loss": 0.37052304596657964, "train_loss": 1.6577502250332723}
{"epoch": 10, "val_accuracy": 0.8641520700636943, "train_accuracy": 0.9014559659090909, "f1_macro": 0.8634765315902113, "pre_macro": 0.864894876248872, "re_macro": 0.8635000000000002, "best_epoch": 10, "val_loss": 0.3629596816601267, "train_loss": 1.5940723881464114}
{"epoch": 11, "val_accuracy": 0.8662420382165605, "train_accuracy": 0.9044744318181818, "f1_macro": 0.8657532409436627, "pre_macro": 0.8674225396510881, "re_macro": 0.8656, "best_epoch": 11, "val_loss": 0.3575278856097513, "train_loss": 1.5446873202242635}
{"epoch": 12, "val_accuracy": 0.8688296178343949, "train_accuracy": 0.9069380326704546, "f1_macro": 0.8682732642142371, "pre_macro": 0.8698558271308572, "re_macro": 0.8682000000000001, "best_epoch": 12, "val_loss": 0.35273083304144015, "train_loss": 1.5061271139843897}
{"epoch": 13, "val_accuracy": 0.8708200636942676, "train_accuracy": 0.9081587357954546, "f1_macro": 0.8700723422648613, "pre_macro": 0.8712062247078602, "re_macro": 0.8702, "best_epoch": 13, "val_loss": 0.3484080357916036, "train_loss": 1.4758167847652326}
{"epoch": 14, "val_accuracy": 0.8725119426751592, "train_accuracy": 0.9105335582386364, "f1_macro": 0.8716687849173008, "pre_macro": 0.8725328642127076, "re_macro": 0.8718999999999999, "best_epoch": 14, "val_loss": 0.3443274536425141, "train_loss": 1.451906255023046}
{"epoch": 15, "val_accuracy": 0.8733081210191083, "train_accuracy": 0.9129971590909091, "f1_macro": 0.8723327059765074, "pre_macro": 0.8730647468478049, "re_macro": 0.8727, "best_epoch": 15, "val_loss": 0.34170338919587956, "train_loss": 1.4329302312636918}
{"epoch": 16, "val_accuracy": 0.87390525477707, "train_accuracy": 0.9147505326704546, "f1_macro": 0.8729201019979748, "pre_macro": 0.8737153912048257, "re_macro": 0.8732999999999999, "best_epoch": 16, "val_loss": 0.34048735136818736, "train_loss": 1.4178085704757408}
{"epoch": 17, "val_accuracy": 0.8743033439490446, "train_accuracy": 0.9162153764204546, "f1_macro": 0.8732564556308346, "pre_macro": 0.8740982546929936, "re_macro": 0.8737, "best_epoch": 17, "val_loss": 0.3393130832037349, "train_loss": 1.4057507865469565}
{"epoch": 18, "val_accuracy": 0.8754976114649682, "train_accuracy": 0.9167036576704546, "f1_macro": 0.8743576117940615, "pre_macro": 0.8751084250113369, "re_macro": 0.8749, "best_epoch": 18, "val_loss": 0.337755390982719, "train_loss": 1.396138240837238}
{"epoch": 19, "val_accuracy": 0.8761942675159236, "train_accuracy": 0.9177911931818182, "f1_macro": 0.8749438373001162, "pre_macro": 0.8755401164124244, "re_macro": 0.8756, "best_epoch": 19, "val_loss": 0.33612949301482764, "train_loss": 1.3884723670780659}
{"epoch": 20, "val_accuracy": 0.8769904458598726, "train_accuracy": 0.9183460582386364, "f1_macro": 0.8756790171618263, "pre_macro": 0.8761058015125597, "re_macro": 0.8764, "best_epoch": 20, "val_loss": 0.33464663024920566, "train_loss": 1.382356171072884}
{"epoch": 21, "val_accuracy": 0.8774880573248408, "train_accuracy": 0.9189453125, "f1_macro": 0.876210558453254, "pre_macro": 0.8764655475796392, "re_macro": 0.8769, "best_epoch": 21, "val_loss": 0.3334819639374496, "train_loss": 1.3774721204218539}
{"epoch": 22, "val_accuracy": 0.8779856687898089, "train_accuracy": 0.9195667613636364, "f1_macro": 0.8768017679084334, "pre_macro": 0.8768939285920897, "re_macro": 0.8774, "best_epoch": 22, "val_loss": 0.33269751522761243, "train_loss": 1.3735669919035651}
{"epoch": 23, "val_accuracy": 0.8789808917197452, "train_accuracy": 0.9195001775568182, "f1_macro": 0.8778219647575602, "pre_macro": 0.877912314558503, "re_macro": 0.8783999999999998, "best_epoch": 23, "val_loss": 0.33220749006719347, "train_loss": 1.3704393548382954}
{"epoch": 24, "val_accuracy": 0.8793789808917197, "train_accuracy": 0.9195001775568182, "f1_macro": 0.8782482933227704, "pre_macro": 0.8783194750245261, "re_macro": 0.8787999999999998, "best_epoch": 24, "val_loss": 0.33189072464681735, "train_loss": 1.367928592149507}
{"epoch": 25, "val_accuracy": 0.8791799363057324, "train_accuracy": 0.9194113991477273, "f1_macro": 0.8780562503726337, "pre_macro": 0.87810488223218, "re_macro": 0.8785999999999999, "best_epoch": 24, "val_loss": 0.3316601041206129, "train_loss": 1.3659084999764508}
{"training time": 197.43186330795288}
