{"epoch": 1, "val_accuracy": 0.8207603503184714, "train_accuracy": 0.7613475178150421, "f1_macro": 0.8170483861447652, "pre_macro": 0.8213472079822839, "re_macro": 0.8208, "best_epoch": 1, "val_loss": 0.511551106241858, "train_loss": 6.894085033903731}
{"epoch": 2, "val_accuracy": 0.8386743630573248, "train_accuracy": 0.845811170212766, "f1_macro": 0.8354339626908438, "pre_macro": 0.8398170551823675, "re_macro": 0.8391, "best_epoch": 2, "val_loss": 0.4699652745465564, "train_loss": 5.604654480548615}
{"epoch": 3, "val_accuracy": 0.831906847133758, "train_accuracy": 0.867597517815042, "f1_macro": 0.8284106148666381, "pre_macro": 0.8413060752140573, "re_macro": 0.8320000000000001, "best_epoch": 2, "val_loss": 0.477681503364235, "train_loss": 4.904359864174052}
{"epoch": 4, "val_accuracy": 0.820859872611465, "train_accuracy": 0.8838874114320633, "f1_macro": 0.8168918380190051, "pre_macro": 0.837828146292862, "re_macro": 0.8209, "best_epoch": 2, "val_loss": 0.5115212592159867, "train_loss": 4.442284101120969}
{"epoch": 5, "val_accuracy": 0.8266321656050956, "train_accuracy": 0.8947916667512122, "f1_macro": 0.8223035767040594, "pre_macro": 0.844955486673744, "re_macro": 0.8267, "best_epoch": 2, "val_loss": 0.4929519854723268, "train_loss": 4.11936926435917}
{"epoch": 6, "val_accuracy": 0.8277269108280255, "train_accuracy": 0.905562943346957, "f1_macro": 0.8241570282809352, "pre_macro": 0.8451762058228388, "re_macro": 0.8278000000000001, "best_epoch": 2, "val_loss": 0.4881561071060266, "train_loss": 3.8829066235968406}
{"epoch": 7, "val_accuracy": 0.8294187898089171, "train_accuracy": 0.9129875888215735, "f1_macro": 0.8265578311975702, "pre_macro": 0.8449393943896751, "re_macro": 0.8295, "best_epoch": 2, "val_loss": 0.48058535538281605, "train_loss": 3.7062004911138655}
{"epoch": 8, "val_accuracy": 0.8393710191082803, "train_accuracy": 0.9189051420130628, "f1_macro": 0.8368555971437426, "pre_macro": 0.8494378026308643, "re_macro": 0.8394999999999999, "best_epoch": 8, "val_loss": 0.4507122747837358, "train_loss": 3.5700857801640287}
{"epoch": 9, "val_accuracy": 0.846437101910828, "train_accuracy": 0.9241578015875309, "f1_macro": 0.8438578609331817, "pre_macro": 0.8528381708534496, "re_macro": 0.8465999999999999, "best_epoch": 9, "val_loss": 0.42981245098220316, "train_loss": 3.463140171132189}
{"epoch": 10, "val_accuracy": 0.8490246815286624, "train_accuracy": 0.9288120569066799, "f1_macro": 0.847130070589398, "pre_macro": 0.8529990868074797, "re_macro": 0.8492, "best_epoch": 10, "val_loss": 0.4182180922691989, "train_loss": 3.379153363248135}
{"epoch": 11, "val_accuracy": 0.8516122611464968, "train_accuracy": 0.9327349292471053, "f1_macro": 0.8502048096432298, "pre_macro": 0.8541925923365105, "re_macro": 0.8517999999999999, "best_epoch": 11, "val_loss": 0.41121267285316615, "train_loss": 3.312881432188318}
{"epoch": 12, "val_accuracy": 0.8545979299363057, "train_accuracy": 0.9358599292471054, "f1_macro": 0.8532293604783329, "pre_macro": 0.8554522085023031, "re_macro": 0.8545, "best_epoch": 12, "val_loss": 0.4060214630737426, "train_loss": 3.2598115129673735}
{"epoch": 13, "val_accuracy": 0.8558917197452229, "train_accuracy": 0.9381870569066798, "f1_macro": 0.8544581188475728, "pre_macro": 0.8554704757213727, "re_macro": 0.8554999999999999, "best_epoch": 13, "val_loss": 0.4012320960403248, "train_loss": 3.2172401570259255}
{"epoch": 14, "val_accuracy": 0.8551950636942676, "train_accuracy": 0.9397163122258287, "f1_macro": 0.8543135806725205, "pre_macro": 0.8546524811332802, "re_macro": 0.8550999999999999, "best_epoch": 13, "val_loss": 0.39713849250678046, "train_loss": 3.182931971042714}
{"epoch": 15, "val_accuracy": 0.8565883757961783, "train_accuracy": 0.9411790781832756, "f1_macro": 0.8555629213954514, "pre_macro": 0.8556173322279499, "re_macro": 0.8564999999999999, "best_epoch": 15, "val_loss": 0.39491896801123955, "train_loss": 3.155093290450725}
{"epoch": 16, "val_accuracy": 0.8578821656050956, "train_accuracy": 0.9426418441407224, "f1_macro": 0.8561695775886564, "pre_macro": 0.8560972577107657, "re_macro": 0.8574999999999999, "best_epoch": 16, "val_loss": 0.393987448162334, "train_loss": 3.1325192086240077}
{"epoch": 17, "val_accuracy": 0.85828025477707, "train_accuracy": 0.9439716313747649, "f1_macro": 0.8566260538519807, "pre_macro": 0.8566798541614636, "re_macro": 0.8582000000000001, "best_epoch": 17, "val_loss": 0.39334434531866364, "train_loss": 3.114213897826824}
{"epoch": 18, "val_accuracy": 0.8578821656050956, "train_accuracy": 0.9449024824385948, "f1_macro": 0.8562293607263024, "pre_macro": 0.8562668432300784, "re_macro": 0.8578000000000001, "best_epoch": 17, "val_loss": 0.3926186980145752, "train_loss": 3.0993495778834568}
{"epoch": 19, "val_accuracy": 0.8584792993630573, "train_accuracy": 0.9460328015875309, "f1_macro": 0.8570000634602938, "pre_macro": 0.8569621000282744, "re_macro": 0.8583999999999999, "best_epoch": 19, "val_loss": 0.39185966437409636, "train_loss": 3.0872830573548664}
{"epoch": 20, "val_accuracy": 0.8583797770700637, "train_accuracy": 0.9468971632896586, "f1_macro": 0.8570761276313895, "pre_macro": 0.8568692526798756, "re_macro": 0.8582999999999998, "best_epoch": 19, "val_loss": 0.3912871987766521, "train_loss": 3.077505804630036}
{"epoch": 21, "val_accuracy": 0.8585788216560509, "train_accuracy": 0.9476950356300841, "f1_macro": 0.85741335659201, "pre_macro": 0.8571345745141283, "re_macro": 0.8585, "best_epoch": 21, "val_loss": 0.3909947422279674, "train_loss": 3.0695925905349406}
{"epoch": 22, "val_accuracy": 0.8587778662420382, "train_accuracy": 0.9482269505237011, "f1_macro": 0.8578281945474575, "pre_macro": 0.8575634435612398, "re_macro": 0.8587, "best_epoch": 22, "val_loss": 0.3908871651455096, "train_loss": 3.0631936428394724}
{"epoch": 23, "val_accuracy": 0.8583797770700637, "train_accuracy": 0.9494237590343394, "f1_macro": 0.8572499635731052, "pre_macro": 0.8569862420231233, "re_macro": 0.858, "best_epoch": 22, "val_loss": 0.39084849008329353, "train_loss": 3.0580226086555644}
{"epoch": 24, "val_accuracy": 0.85828025477707, "train_accuracy": 0.9503546100981692, "f1_macro": 0.8572584953067542, "pre_macro": 0.8570067421530524, "re_macro": 0.8579000000000001, "best_epoch": 22, "val_loss": 0.3908227590049148, "train_loss": 3.0538448790286448}
{"epoch": 25, "val_accuracy": 0.8585788216560509, "train_accuracy": 0.9504210994598713, "f1_macro": 0.8576463215023263, "pre_macro": 0.8574473495630401, "re_macro": 0.8581999999999999, "best_epoch": 22, "val_loss": 0.3907972933949938, "train_loss": 3.0504717207969505}
{"training time": 79.28471827507019}
