{"epoch": 1, "val_accuracy": 0.8218550955414012, "train_accuracy": 0.8151985607675906, "f1_macro": 0.8131580769511858, "pre_macro": 0.8458728666348309, "re_macro": 0.8219, "best_epoch": 1, "val_loss": 0.516415767703846, "train_loss": 5.327840094881525}
{"epoch": 2, "val_accuracy": 0.8178742038216561, "train_accuracy": 0.8571595149253731, "f1_macro": 0.8153224194870914, "pre_macro": 0.8379780511895962, "re_macro": 0.8179000000000001, "best_epoch": 1, "val_loss": 0.49692929075781705, "train_loss": 3.2411505504966036}
{"epoch": 3, "val_accuracy": 0.830015923566879, "train_accuracy": 0.8635061300639659, "f1_macro": 0.8297278350318195, "pre_macro": 0.8450776254669858, "re_macro": 0.8301000000000001, "best_epoch": 3, "val_loss": 0.4651316318921982, "train_loss": 2.4757742996154817}
{"epoch": 4, "val_accuracy": 0.8434514331210191, "train_accuracy": 0.8695529051172708, "f1_macro": 0.8423680208401212, "pre_macro": 0.8486312019617795, "re_macro": 0.8432999999999999, "best_epoch": 4, "val_loss": 0.43169801554102805, "train_loss": 2.067194391669495}
{"epoch": 5, "val_accuracy": 0.8500199044585988, "train_accuracy": 0.8741504530916845, "f1_macro": 0.8483154575461889, "pre_macro": 0.8533797732857578, "re_macro": 0.8493, "best_epoch": 5, "val_loss": 0.4153486792069332, "train_loss": 1.8129962981382668}
{"epoch": 6, "val_accuracy": 0.8520103503184714, "train_accuracy": 0.8792977078891258, "f1_macro": 0.8500495636566681, "pre_macro": 0.8556328532811248, "re_macro": 0.8513, "best_epoch": 6, "val_loss": 0.40905748791755386, "train_loss": 1.640167644537334}
{"epoch": 7, "val_accuracy": 0.8543988853503185, "train_accuracy": 0.8830123933901919, "f1_macro": 0.852811985914108, "pre_macro": 0.8586244660377751, "re_macro": 0.8536999999999999, "best_epoch": 7, "val_loss": 0.399075249862519, "train_loss": 1.517543268356242}
{"epoch": 8, "val_accuracy": 0.8611664012738853, "train_accuracy": 0.886727078891258, "f1_macro": 0.8598270245290809, "pre_macro": 0.8644072856108453, "re_macro": 0.8605, "best_epoch": 8, "val_loss": 0.388248117960942, "train_loss": 1.4277509040415668}
{"epoch": 9, "val_accuracy": 0.865843949044586, "train_accuracy": 0.8899253731343284, "f1_macro": 0.8649928811634945, "pre_macro": 0.8673546353321931, "re_macro": 0.8657999999999999, "best_epoch": 9, "val_loss": 0.37673784090075524, "train_loss": 1.3607294178212375}
{"epoch": 10, "val_accuracy": 0.8694267515923567, "train_accuracy": 0.8935234541577826, "f1_macro": 0.8683423813978746, "pre_macro": 0.8698342345153588, "re_macro": 0.8694000000000001, "best_epoch": 10, "val_loss": 0.36703230203336973, "train_loss": 1.3099081193460331}
{"epoch": 11, "val_accuracy": 0.8716162420382165, "train_accuracy": 0.8961886993603412, "f1_macro": 0.8702195432537042, "pre_macro": 0.8718542816721244, "re_macro": 0.8716000000000002, "best_epoch": 11, "val_loss": 0.3620318788441883, "train_loss": 1.2709845238402961}
{"epoch": 12, "val_accuracy": 0.8734076433121019, "train_accuracy": 0.8983375533049041, "f1_macro": 0.8715416691541529, "pre_macro": 0.8731574613821594, "re_macro": 0.8731, "best_epoch": 12, "val_loss": 0.35590740003783233, "train_loss": 1.2408596174295015}
{"epoch": 13, "val_accuracy": 0.8754976114649682, "train_accuracy": 0.9006696428571429, "f1_macro": 0.8731404663969553, "pre_macro": 0.8753196084741344, "re_macro": 0.8751999999999999, "best_epoch": 13, "val_loss": 0.350021360026803, "train_loss": 1.2173521790677295}
{"epoch": 14, "val_accuracy": 0.8761942675159236, "train_accuracy": 0.9020189232409381, "f1_macro": 0.8734729457514293, "pre_macro": 0.8763931118869716, "re_macro": 0.8759, "best_epoch": 14, "val_loss": 0.34691388449471466, "train_loss": 1.1989337027962528}
{"epoch": 15, "val_accuracy": 0.8762937898089171, "train_accuracy": 0.9029517590618337, "f1_macro": 0.8734359196939103, "pre_macro": 0.8764540756935577, "re_macro": 0.876, "best_epoch": 15, "val_loss": 0.344462538126168, "train_loss": 1.1844071294071832}
{"epoch": 16, "val_accuracy": 0.876890923566879, "train_accuracy": 0.9040178571428571, "f1_macro": 0.8744520102477198, "pre_macro": 0.8765973379203995, "re_macro": 0.8766, "best_epoch": 16, "val_loss": 0.3412236832319551, "train_loss": 1.1728584142381957}
{"epoch": 17, "val_accuracy": 0.8771894904458599, "train_accuracy": 0.9053671375266524, "f1_macro": 0.8752429837322493, "pre_macro": 0.8762945189945635, "re_macro": 0.8769, "best_epoch": 17, "val_loss": 0.3384634877086445, "train_loss": 1.1636000372834805}
{"epoch": 18, "val_accuracy": 0.8788813694267515, "train_accuracy": 0.906316631130064, "f1_macro": 0.877315746888055, "pre_macro": 0.8778600191026698, "re_macro": 0.8785999999999999, "best_epoch": 18, "val_loss": 0.3369076143784128, "train_loss": 1.1561658345560022}
{"epoch": 19, "val_accuracy": 0.8789808917197452, "train_accuracy": 0.9072161513859275, "f1_macro": 0.8776684670543166, "pre_macro": 0.8779818004244776, "re_macro": 0.8786999999999999, "best_epoch": 19, "val_loss": 0.33608841393024297, "train_loss": 1.1502252458763529}
{"epoch": 20, "val_accuracy": 0.8793789808917197, "train_accuracy": 0.9078324893390192, "f1_macro": 0.878179015444427, "pre_macro": 0.8783700846274058, "re_macro": 0.8791, "best_epoch": 20, "val_loss": 0.3356240220889924, "train_loss": 1.1454964105381387}
{"epoch": 21, "val_accuracy": 0.8803742038216561, "train_accuracy": 0.9082822494669509, "f1_macro": 0.8789523241874988, "pre_macro": 0.8791395310552177, "re_macro": 0.8798, "best_epoch": 21, "val_loss": 0.33526134386563755, "train_loss": 1.1417334548064642}
{"epoch": 22, "val_accuracy": 0.8803742038216561, "train_accuracy": 0.9085987473347548, "f1_macro": 0.8789929762955442, "pre_macro": 0.8791474778628341, "re_macro": 0.8797999999999998, "best_epoch": 21, "val_loss": 0.3348268167038632, "train_loss": 1.1387366207042482}
{"epoch": 23, "val_accuracy": 0.8807722929936306, "train_accuracy": 0.9088652718550106, "f1_macro": 0.8794494739093801, "pre_macro": 0.8795774045623677, "re_macro": 0.8802, "best_epoch": 23, "val_loss": 0.3342979213424549, "train_loss": 1.136347118344134}
{"epoch": 24, "val_accuracy": 0.880672770700637, "train_accuracy": 0.9089152452025586, "f1_macro": 0.8793474258864732, "pre_macro": 0.8794314350794368, "re_macro": 0.8801, "best_epoch": 23, "val_loss": 0.33373811262048736, "train_loss": 1.1344383405978238}
{"epoch": 25, "val_accuracy": 0.8811703821656051, "train_accuracy": 0.9091484541577826, "f1_macro": 0.8798106972335183, "pre_macro": 0.879909227545929, "re_macro": 0.8805999999999999, "best_epoch": 25, "val_loss": 0.3332073974666322, "train_loss": 1.1329093130031374}
{"training time": 267.28169083595276}
