{"epoch": 100, "loss": 7772.42138671875}
{"epoch": 200, "loss": 7770.349609375}
{"epoch": 300, "loss": 7768.23388671875}
{"epoch": 400, "loss": 7765.75732421875}
{"epoch": 500, "loss": 7762.73193359375}
{"epoch": 600, "loss": 7758.60546875}
{"epoch": 700, "loss": 7754.986328125}
{"epoch": 800, "loss": 7751.9931640625}
{"epoch": 900, "loss": 7749.228515625}
{"epoch": 1000, "loss": 7746.60546875}
{"training_time:": "2.6325s", "final_loss": 7746.60546875}
