{"epoch": 1, "val_accuracy": 0.9078423566878981, "train_accuracy": 0.8687411221590909, "f1_macro": 0.9065274267122978, "pre_macro": 0.911441064868086, "re_macro": 0.9074822275245727, "best_epoch": 1, "val_loss": 0.3049626173926102, "train_loss": 0.7590061894363977}
{"epoch": 2, "val_accuracy": 0.9295382165605095, "train_accuracy": 0.9280894886363636, "f1_macro": 0.9286048203842838, "pre_macro": 0.9306325037145026, "re_macro": 0.9286598182224246, "best_epoch": 2, "val_loss": 0.23454721215044616, "train_loss": 0.4988183325833895}
{"epoch": 3, "val_accuracy": 0.9335191082802548, "train_accuracy": 0.9450461647727273, "f1_macro": 0.9330748077421142, "pre_macro": 0.9354388610824085, "re_macro": 0.9325677919110025, "best_epoch": 3, "val_loss": 0.21416608781915655, "train_loss": 0.41281037974510004}
{"epoch": 4, "val_accuracy": 0.9411823248407644, "train_accuracy": 0.9539018110795454, "f1_macro": 0.9409824497928453, "pre_macro": 0.9428472566188939, "re_macro": 0.9402631576113526, "best_epoch": 4, "val_loss": 0.189925900796891, "train_loss": 0.366656362735243}
{"epoch": 5, "val_accuracy": 0.9461584394904459, "train_accuracy": 0.9601828835227273, "f1_macro": 0.9458048800101899, "pre_macro": 0.9471250088967584, "re_macro": 0.9452917274342025, "best_epoch": 5, "val_loss": 0.17526323482346762, "train_loss": 0.33774077987552364}
{"epoch": 6, "val_accuracy": 0.949343152866242, "train_accuracy": 0.9643332741477273, "f1_macro": 0.9488655645734794, "pre_macro": 0.9497355161009843, "re_macro": 0.9485790545301971, "best_epoch": 6, "val_loss": 0.16350185982645696, "train_loss": 0.3171197352084247}
{"epoch": 7, "val_accuracy": 0.9541202229299363, "train_accuracy": 0.9686168323863636, "f1_macro": 0.953614229262616, "pre_macro": 0.954104356135149, "re_macro": 0.9534808470746821, "best_epoch": 7, "val_loss": 0.15410116627503923, "train_loss": 0.3005484746430408}
{"epoch": 8, "val_accuracy": 0.9571058917197452, "train_accuracy": 0.9728781960227273, "f1_macro": 0.9569262950650247, "pre_macro": 0.9571974836250419, "re_macro": 0.9568547931083508, "best_epoch": 8, "val_loss": 0.14637131729477626, "train_loss": 0.2871414475904947}
{"epoch": 9, "val_accuracy": 0.9589968152866242, "train_accuracy": 0.9764737215909091, "f1_macro": 0.9584588348730898, "pre_macro": 0.9586477781121342, "re_macro": 0.9583627211226815, "best_epoch": 9, "val_loss": 0.13974020856130084, "train_loss": 0.27615208487788384}
{"epoch": 10, "val_accuracy": 0.9608877388535032, "train_accuracy": 0.9796031605113636, "f1_macro": 0.9603228142284284, "pre_macro": 0.9604431929404764, "re_macro": 0.9602524526226691, "best_epoch": 10, "val_loss": 0.1358926521486656, "train_loss": 0.2671720420476049}
{"epoch": 11, "val_accuracy": 0.9616839171974523, "train_accuracy": 0.9813565340909091, "f1_macro": 0.961130011827027, "pre_macro": 0.9612654999926656, "re_macro": 0.961057214087629, "best_epoch": 11, "val_loss": 0.1333936206183758, "train_loss": 0.26005386569621886}
{"epoch": 12, "val_accuracy": 0.9624800955414012, "train_accuracy": 0.9831321022727273, "f1_macro": 0.9619531635289462, "pre_macro": 0.9620611359331679, "re_macro": 0.9619149993388685, "best_epoch": 12, "val_loss": 0.13151768540702524, "train_loss": 0.2542836379725486}
{"epoch": 13, "val_accuracy": 0.9631767515923567, "train_accuracy": 0.9845747514204546, "f1_macro": 0.9626744492118953, "pre_macro": 0.9627427537457109, "re_macro": 0.9626598227763751, "best_epoch": 13, "val_loss": 0.12968926418537072, "train_loss": 0.24964135267179122}
{"epoch": 14, "val_accuracy": 0.963077229299363, "train_accuracy": 0.9856622869318182, "f1_macro": 0.962582315632317, "pre_macro": 0.9626887189851571, "re_macro": 0.9625384316493726, "best_epoch": 13, "val_loss": 0.128123491478989, "train_loss": 0.2458976065020331}
{"epoch": 15, "val_accuracy": 0.9628781847133758, "train_accuracy": 0.9863947088068182, "f1_macro": 0.9624140593574311, "pre_macro": 0.9625760350426752, "re_macro": 0.9623213872081093, "best_epoch": 13, "val_loss": 0.12684300658737968, "train_loss": 0.24291957544416867}
{"training time": 111.56829738616943}
