{"epoch": 1, "val_accuracy": 0.8769904458598726, "train_accuracy": 0.813785461161999, "f1_macro": 0.8728807892316247, "pre_macro": 0.8825823325851492, "re_macro": 0.8749857302022239, "best_epoch": 1, "val_loss": 0.4038595469182084, "train_loss": 0.9785812902957836}
{"epoch": 2, "val_accuracy": 0.89171974522293, "train_accuracy": 0.9046542553191489, "f1_macro": 0.8898200159927645, "pre_macro": 0.8968678277328277, "re_macro": 0.89118664318496, "best_epoch": 2, "val_loss": 0.3614578799931866, "train_loss": 0.644441662443445}
{"epoch": 3, "val_accuracy": 0.898984872611465, "train_accuracy": 0.9276817377577437, "f1_macro": 0.8975906980805778, "pre_macro": 0.9036024157836431, "re_macro": 0.8979219503463811, "best_epoch": 3, "val_loss": 0.3284518501608615, "train_loss": 0.5557283473775742}
{"epoch": 4, "val_accuracy": 0.9104299363057324, "train_accuracy": 0.9400265957446808, "f1_macro": 0.9088376408838931, "pre_macro": 0.9120925993418728, "re_macro": 0.9091298224463646, "best_epoch": 4, "val_loss": 0.3026754619660461, "train_loss": 0.499021707189844}
{"epoch": 5, "val_accuracy": 0.9193869426751592, "train_accuracy": 0.9497340425531915, "f1_macro": 0.9181520376500469, "pre_macro": 0.919954899148699, "re_macro": 0.917977287950994, "best_epoch": 5, "val_loss": 0.2770417874951841, "train_loss": 0.4581250700544804}
{"epoch": 6, "val_accuracy": 0.9206807324840764, "train_accuracy": 0.9564494680851063, "f1_macro": 0.9196040757586644, "pre_macro": 0.9213225551501216, "re_macro": 0.9194262945378598, "best_epoch": 6, "val_loss": 0.2709823088115378, "train_loss": 0.42787269607503364}
{"epoch": 7, "val_accuracy": 0.9211783439490446, "train_accuracy": 0.9626994680851064, "f1_macro": 0.9202103719979429, "pre_macro": 0.9216135407888288, "re_macro": 0.9200598938132496, "best_epoch": 7, "val_loss": 0.26461917844120486, "train_loss": 0.40560451999623726}
{"epoch": 8, "val_accuracy": 0.9222730891719745, "train_accuracy": 0.9660904255319149, "f1_macro": 0.921356782286727, "pre_macro": 0.9227895890074251, "re_macro": 0.9211339633151372, "best_epoch": 8, "val_loss": 0.25938091583692346, "train_loss": 0.3881795241477642}
{"epoch": 9, "val_accuracy": 0.9236664012738853, "train_accuracy": 0.9681515957446809, "f1_macro": 0.922783416348314, "pre_macro": 0.9241096483373921, "re_macro": 0.9225510068672182, "best_epoch": 9, "val_loss": 0.2526600373030943, "train_loss": 0.37467767342608027}
{"epoch": 10, "val_accuracy": 0.9266520700636943, "train_accuracy": 0.9705452127659574, "f1_macro": 0.9257460715228454, "pre_macro": 0.9271264260193524, "re_macro": 0.9254920027389704, "best_epoch": 10, "val_loss": 0.2486678480295239, "train_loss": 0.3637794357665042}
{"epoch": 11, "val_accuracy": 0.9278463375796179, "train_accuracy": 0.9726728723404255, "f1_macro": 0.9269632264131005, "pre_macro": 0.9282763660330208, "re_macro": 0.926720589168529, "best_epoch": 11, "val_loss": 0.24494489895737476, "train_loss": 0.3545792544141729}
{"epoch": 12, "val_accuracy": 0.9308320063694268, "train_accuracy": 0.9745345744680851, "f1_macro": 0.9300185884195249, "pre_macro": 0.9309292654635144, "re_macro": 0.9298291610235008, "best_epoch": 12, "val_loss": 0.23988891653360644, "train_loss": 0.34693260294325806}
{"epoch": 13, "val_accuracy": 0.9330214968152867, "train_accuracy": 0.977061170212766, "f1_macro": 0.9322687954199349, "pre_macro": 0.9328600550272839, "re_macro": 0.9321257694754426, "best_epoch": 13, "val_loss": 0.23542909875844314, "train_loss": 0.3401482744419828}
{"epoch": 14, "val_accuracy": 0.9346138535031847, "train_accuracy": 0.9786569148936171, "f1_macro": 0.9338876858725337, "pre_macro": 0.9343097984868539, "re_macro": 0.9337780677644881, "best_epoch": 14, "val_loss": 0.2321542316430788, "train_loss": 0.33461641986319357}
{"epoch": 15, "val_accuracy": 0.9354100318471338, "train_accuracy": 0.9800531914893617, "f1_macro": 0.9346910448253013, "pre_macro": 0.9350015481065936, "re_macro": 0.9346055897356905, "best_epoch": 15, "val_loss": 0.22992356941934414, "train_loss": 0.3301818188200606}
{"training time": 48.64929914474487}
