{"epoch": 1, "val_accuracy": 0.7992635350318471, "train_accuracy": 0.6043408069204776, "f1_macro": 0.794506050592928, "pre_macro": 0.8249128850523082, "re_macro": 0.7954617757573605, "best_epoch": 1, "val_loss": 0.6878829410501347, "train_loss": 1.6490651052048866}
{"epoch": 2, "val_accuracy": 0.8375796178343949, "train_accuracy": 0.8607047885022265, "f1_macro": 0.8372087745275879, "pre_macro": 0.8572095988479485, "re_macro": 0.8348156494675825, "best_epoch": 2, "val_loss": 0.5289018721717178, "train_loss": 0.8598747988964649}
{"epoch": 3, "val_accuracy": 0.8619625796178344, "train_accuracy": 0.910049392821941, "f1_macro": 0.8607474226305225, "pre_macro": 0.8702146886027752, "re_macro": 0.8595021706700801, "best_epoch": 3, "val_loss": 0.4536051081529089, "train_loss": 0.7128954479034911}
{"epoch": 4, "val_accuracy": 0.8755971337579618, "train_accuracy": 0.9333206694176857, "f1_macro": 0.8746146856883887, "pre_macro": 0.8805887807817745, "re_macro": 0.8737819665221102, "best_epoch": 4, "val_loss": 0.4202667252178405, "train_loss": 0.6385165934867048}
{"epoch": 5, "val_accuracy": 0.8802746815286624, "train_accuracy": 0.9416318396304516, "f1_macro": 0.8795870839826379, "pre_macro": 0.8845816670447035, "re_macro": 0.8788356484040506, "best_epoch": 5, "val_loss": 0.4031968615284771, "train_loss": 0.5924253153040054}
{"epoch": 6, "val_accuracy": 0.8854498407643312, "train_accuracy": 0.9506079034602388, "f1_macro": 0.8844180460950659, "pre_macro": 0.8865079140726151, "re_macro": 0.8845131742335083, "best_epoch": 6, "val_loss": 0.3868503947000784, "train_loss": 0.5652277032111553}
{"epoch": 7, "val_accuracy": 0.8884355095541401, "train_accuracy": 0.9566869304535237, "f1_macro": 0.8873430769508678, "pre_macro": 0.8893138237508824, "re_macro": 0.8877919175075863, "best_epoch": 7, "val_loss": 0.38127447591181013, "train_loss": 0.5467063613394474}
{"epoch": 8, "val_accuracy": 0.8844546178343949, "train_accuracy": 0.9620535728779245, "f1_macro": 0.883546294135126, "pre_macro": 0.8891912075233825, "re_macro": 0.8839410101858478, "best_epoch": 7, "val_loss": 0.3957971115211013, "train_loss": 0.5307081861698881}
{"epoch": 9, "val_accuracy": 0.8769904458598726, "train_accuracy": 0.9660429345800522, "f1_macro": 0.8755917978296438, "pre_macro": 0.8843718161491468, "re_macro": 0.8760976609725446, "best_epoch": 7, "val_loss": 0.40352102302631754, "train_loss": 0.5156610722237445}
{"epoch": 10, "val_accuracy": 0.8846536624203821, "train_accuracy": 0.9687025090481373, "f1_macro": 0.8835073035640718, "pre_macro": 0.8890238462830837, "re_macro": 0.8835431380625568, "best_epoch": 7, "val_loss": 0.38518376917738445, "train_loss": 0.5023500684728014}
{"epoch": 11, "val_accuracy": 0.8854498407643312, "train_accuracy": 0.9690349558566479, "f1_macro": 0.884347014531181, "pre_macro": 0.8897558617646641, "re_macro": 0.8842612272944945, "best_epoch": 7, "val_loss": 0.3822393948152946, "train_loss": 0.4911151794677085}
{"epoch": 12, "val_accuracy": 0.886843152866242, "train_accuracy": 0.9706971898992011, "f1_macro": 0.8856614453055061, "pre_macro": 0.8901492694774138, "re_macro": 0.8857855170077519, "best_epoch": 7, "val_loss": 0.3786309747511794, "train_loss": 0.48446182494467877}
{"epoch": 13, "val_accuracy": 0.8899283439490446, "train_accuracy": 0.9720269771332436, "f1_macro": 0.8887860406055725, "pre_macro": 0.8921480753640061, "re_macro": 0.8890449539950003, "best_epoch": 13, "val_loss": 0.37173842717033284, "train_loss": 0.4800952241775837}
{"epoch": 14, "val_accuracy": 0.8938097133757962, "train_accuracy": 0.9726918707502649, "f1_macro": 0.8923618211651757, "pre_macro": 0.8944453456404295, "re_macro": 0.8926792105962333, "best_epoch": 14, "val_loss": 0.36419940811053964, "train_loss": 0.4760921426275943}
{"epoch": 15, "val_accuracy": 0.8959992038216561, "train_accuracy": 0.9736892111757969, "f1_macro": 0.8942735774874062, "pre_macro": 0.895475099632755, "re_macro": 0.8946174291806791, "best_epoch": 15, "val_loss": 0.35818897684810647, "train_loss": 0.4706810903041921}
{"training time": 21.021209478378296}
