{"epoch": 1, "val_accuracy": 0.536922770700637, "train_accuracy": 0.309375, "f1_macro": 0.47812785331666696, "pre_macro": 0.5694004631893359, "re_macro": 0.5220234295419272, "best_epoch": 1, "val_loss": 1.539802060765066, "train_loss": 2.4396622657775877}
{"epoch": 2, "val_accuracy": 0.6415207006369427, "train_accuracy": 0.68125, "f1_macro": 0.6219424861660375, "pre_macro": 0.6705362031203446, "re_macro": 0.6320344501264046, "best_epoch": 2, "val_loss": 1.1623053000231458, "train_loss": 1.5539616346359253}
{"epoch": 3, "val_accuracy": 0.7055135350318471, "train_accuracy": 0.8255208373069763, "f1_macro": 0.6981258323918802, "pre_macro": 0.70954014499112, "re_macro": 0.6997749510244716, "best_epoch": 3, "val_loss": 0.9703505327747126, "train_loss": 1.163224458694458}
{"epoch": 4, "val_accuracy": 0.7411425159235668, "train_accuracy": 0.8734375, "f1_macro": 0.7319583967505221, "pre_macro": 0.737321753752793, "re_macro": 0.7349596864943931, "best_epoch": 4, "val_loss": 0.8575692290713073, "train_loss": 0.9590185582637787}
{"epoch": 5, "val_accuracy": 0.7549761146496815, "train_accuracy": 0.9130208373069764, "f1_macro": 0.7500024972465715, "pre_macro": 0.7542445444829797, "re_macro": 0.7499654733406502, "best_epoch": 5, "val_loss": 0.78773262565303, "train_loss": 0.8368959665298462}
{"epoch": 6, "val_accuracy": 0.7661226114649682, "train_accuracy": 0.93125, "f1_macro": 0.7606726641576516, "pre_macro": 0.7643530296542482, "re_macro": 0.7608699147431435, "best_epoch": 6, "val_loss": 0.752690534872614, "train_loss": 0.7497746825218201}
{"epoch": 7, "val_accuracy": 0.7733877388535032, "train_accuracy": 0.9515625, "f1_macro": 0.7690499907361065, "pre_macro": 0.7723388892248497, "re_macro": 0.7686027322698745, "best_epoch": 7, "val_loss": 0.7270307866441217, "train_loss": 0.6919756710529328}
{"epoch": 8, "val_accuracy": 0.775577229299363, "train_accuracy": 0.959375, "f1_macro": 0.7711850130683332, "pre_macro": 0.7760123693662692, "re_macro": 0.7708771901214135, "best_epoch": 8, "val_loss": 0.7121857233867523, "train_loss": 0.6554283201694489}
{"epoch": 9, "val_accuracy": 0.7827428343949044, "train_accuracy": 0.965625, "f1_macro": 0.7781379399187784, "pre_macro": 0.781792306268359, "re_macro": 0.7781639480875188, "best_epoch": 9, "val_loss": 0.7008175453182998, "train_loss": 0.6269715547561645}
{"epoch": 10, "val_accuracy": 0.7832404458598726, "train_accuracy": 0.96875, "f1_macro": 0.7787649266936867, "pre_macro": 0.7825852713606277, "re_macro": 0.7787357885838055, "best_epoch": 10, "val_loss": 0.6935903563810761, "train_loss": 0.6079726874828338}
{"epoch": 11, "val_accuracy": 0.7855294585987261, "train_accuracy": 0.971875, "f1_macro": 0.7810591860347988, "pre_macro": 0.7847599059773539, "re_macro": 0.7810381615127933, "best_epoch": 11, "val_loss": 0.6877605129199423, "train_loss": 0.5940148591995239}
{"epoch": 12, "val_accuracy": 0.786922770700637, "train_accuracy": 0.9734375, "f1_macro": 0.7820622588598646, "pre_macro": 0.7854037503102204, "re_macro": 0.7821141851412522, "best_epoch": 12, "val_loss": 0.6831238688367187, "train_loss": 0.5836775183677674}
{"epoch": 13, "val_accuracy": 0.7878184713375797, "train_accuracy": 0.9765625, "f1_macro": 0.7831671700042447, "pre_macro": 0.7864529881942064, "re_macro": 0.783149961036967, "best_epoch": 13, "val_loss": 0.6798995754141717, "train_loss": 0.5758190214633941}
{"epoch": 14, "val_accuracy": 0.7880175159235668, "train_accuracy": 0.9796875, "f1_macro": 0.7833926433339962, "pre_macro": 0.7867183859794236, "re_macro": 0.7833656510862773, "best_epoch": 14, "val_loss": 0.6774213945220231, "train_loss": 0.5696886301040649}
{"epoch": 15, "val_accuracy": 0.7890127388535032, "train_accuracy": 0.9796875, "f1_macro": 0.7844245856958327, "pre_macro": 0.7877452204894715, "re_macro": 0.7843832565860778, "best_epoch": 15, "val_loss": 0.6753824595243308, "train_loss": 0.5649001479148865}
{"training time": 14.371052980422974}
