{"epoch": 1, "val_accuracy": 0.8581807324840764, "train_accuracy": 0.8062721632896586, "f1_macro": 0.8519903984594102, "pre_macro": 0.8692545383625403, "re_macro": 0.8562971533213437, "best_epoch": 1, "val_loss": 0.4437278403787856, "train_loss": 0.9851000740173015}
{"epoch": 2, "val_accuracy": 0.8800756369426752, "train_accuracy": 0.9024601063829787, "f1_macro": 0.8779846339379646, "pre_macro": 0.8913953118449355, "re_macro": 0.8779970180970519, "best_epoch": 2, "val_loss": 0.3772948303847176, "train_loss": 0.6561287571775153}
{"epoch": 3, "val_accuracy": 0.8995820063694268, "train_accuracy": 0.923692376055616, "f1_macro": 0.8988747843936062, "pre_macro": 0.9060013960655017, "re_macro": 0.8989993758571085, "best_epoch": 3, "val_loss": 0.3269123768872896, "train_loss": 0.5693506342299441}
{"epoch": 4, "val_accuracy": 0.910031847133758, "train_accuracy": 0.9368572696726373, "f1_macro": 0.9081673165590007, "pre_macro": 0.9110467852590418, "re_macro": 0.9094422257407464, "best_epoch": 4, "val_loss": 0.29519486613571644, "train_loss": 0.5118981972653815}
{"epoch": 5, "val_accuracy": 0.9216759554140127, "train_accuracy": 0.9475620569066798, "f1_macro": 0.9205158669707767, "pre_macro": 0.9221206783696341, "re_macro": 0.9204114891667619, "best_epoch": 5, "val_loss": 0.26503695947396905, "train_loss": 0.4715876799948672}
{"epoch": 6, "val_accuracy": 0.9262539808917197, "train_accuracy": 0.9541888297872341, "f1_macro": 0.9250013574603987, "pre_macro": 0.926513109722166, "re_macro": 0.9246126095277486, "best_epoch": 6, "val_loss": 0.25181834156488536, "train_loss": 0.44190027028956314}
{"epoch": 7, "val_accuracy": 0.9243630573248408, "train_accuracy": 0.9602393617021276, "f1_macro": 0.9231781576739463, "pre_macro": 0.9248497311162552, "re_macro": 0.9229637165698469, "best_epoch": 6, "val_loss": 0.25082715533104294, "train_loss": 0.41964103883885323}
{"epoch": 8, "val_accuracy": 0.9220740445859873, "train_accuracy": 0.9630984042553191, "f1_macro": 0.9208631396439436, "pre_macro": 0.923307494613636, "re_macro": 0.9205788706483211, "best_epoch": 6, "val_loss": 0.25455315485833935, "train_loss": 0.4031739607770392}
{"epoch": 9, "val_accuracy": 0.9221735668789809, "train_accuracy": 0.9664228723404256, "f1_macro": 0.9209936153313109, "pre_macro": 0.9233143705582025, "re_macro": 0.9207351897551412, "best_epoch": 6, "val_loss": 0.25182808209566554, "train_loss": 0.39011463129774054}
{"epoch": 10, "val_accuracy": 0.923765923566879, "train_accuracy": 0.9686835106382978, "f1_macro": 0.9226094468892672, "pre_macro": 0.9243558711632385, "re_macro": 0.9223818795432953, "best_epoch": 6, "val_loss": 0.24562908684134863, "train_loss": 0.3796767140956635}
{"epoch": 11, "val_accuracy": 0.9272492038216561, "train_accuracy": 0.9705452127659574, "f1_macro": 0.9261312083842238, "pre_macro": 0.9275160831534566, "re_macro": 0.9258810556334478, "best_epoch": 11, "val_loss": 0.2403414399143617, "train_loss": 0.37073264299555025}
{"epoch": 12, "val_accuracy": 0.9290406050955414, "train_accuracy": 0.9728058510638298, "f1_macro": 0.927920315096032, "pre_macro": 0.9292289608747781, "re_macro": 0.9276293243438646, "best_epoch": 12, "val_loss": 0.23629102651267106, "train_loss": 0.36362625081488426}
{"epoch": 13, "val_accuracy": 0.930234872611465, "train_accuracy": 0.9740026595744681, "f1_macro": 0.9291758431298043, "pre_macro": 0.9302282743920053, "re_macro": 0.9289068056103471, "best_epoch": 13, "val_loss": 0.23275496544921473, "train_loss": 0.35786921077586237}
{"epoch": 14, "val_accuracy": 0.9322253184713376, "train_accuracy": 0.9757978723404256, "f1_macro": 0.9312726551645616, "pre_macro": 0.9320351312671399, "re_macro": 0.9310302280910857, "best_epoch": 14, "val_loss": 0.22970866933939563, "train_loss": 0.3530768431247549}
{"epoch": 15, "val_accuracy": 0.933718152866242, "train_accuracy": 0.9767952127659575, "f1_macro": 0.9328900615037783, "pre_macro": 0.933455494774645, "re_macro": 0.9326731585753276, "best_epoch": 15, "val_loss": 0.22729589762225463, "train_loss": 0.3492519993731316}
{"training time": 46.08733129501343}
