{"epoch": 1, "val_accuracy": 0.8965963375796179, "train_accuracy": 0.8471370824872811, "f1_macro": 0.8950007104074855, "pre_macro": 0.8970629738181174, "re_macro": 0.8953723391271579, "best_epoch": 1, "val_loss": 0.3610192707199959, "train_loss": 0.6309575285357453}
{"epoch": 2, "val_accuracy": 0.9103304140127388, "train_accuracy": 0.9056614251024941, "f1_macro": 0.9089474751712026, "pre_macro": 0.9103795385901364, "re_macro": 0.9091682127921977, "best_epoch": 2, "val_loss": 0.3150974356563418, "train_loss": 0.424559926967631}
{"epoch": 3, "val_accuracy": 0.9152070063694268, "train_accuracy": 0.9167221926931125, "f1_macro": 0.9139371575595632, "pre_macro": 0.9151894040252506, "re_macro": 0.9141120338676331, "best_epoch": 3, "val_loss": 0.2898801645964004, "train_loss": 0.3938731577223552}
{"epoch": 4, "val_accuracy": 0.9212778662420382, "train_accuracy": 0.9245291400565776, "f1_macro": 0.9201819954099246, "pre_macro": 0.9212151837940269, "re_macro": 0.9203222757917626, "best_epoch": 4, "val_loss": 0.2706490486480628, "train_loss": 0.37217008127078316}
{"epoch": 5, "val_accuracy": 0.9257563694267515, "train_accuracy": 0.9304259950672386, "f1_macro": 0.924499162880713, "pre_macro": 0.9252502342397422, "re_macro": 0.9246942464669337, "best_epoch": 5, "val_loss": 0.2555834770463644, "train_loss": 0.3556763968869313}
{"epoch": 6, "val_accuracy": 0.9306329617834395, "train_accuracy": 0.9350235430416522, "f1_macro": 0.9295228145538003, "pre_macro": 0.9298147799950991, "re_macro": 0.929804523902747, "best_epoch": 6, "val_loss": 0.24371183499883695, "train_loss": 0.3429983117814257}
{"epoch": 7, "val_accuracy": 0.9333200636942676, "train_accuracy": 0.9380885750245946, "f1_macro": 0.932268055270242, "pre_macro": 0.9323741939165473, "re_macro": 0.9325657192672073, "best_epoch": 7, "val_loss": 0.234678882725869, "train_loss": 0.3331828721677825}
{"epoch": 8, "val_accuracy": 0.9355095541401274, "train_accuracy": 0.9406538735320573, "f1_macro": 0.9344761061510131, "pre_macro": 0.9344231680452459, "re_macro": 0.934801841947985, "best_epoch": 8, "val_loss": 0.22808293554528503, "train_loss": 0.3255492100265743}
{"epoch": 9, "val_accuracy": 0.9368033439490446, "train_accuracy": 0.943074804633411, "f1_macro": 0.9357852374437323, "pre_macro": 0.9356876408376426, "re_macro": 0.9360928904761764, "best_epoch": 9, "val_loss": 0.22327800184654392, "train_loss": 0.31957904988133323}
{"epoch": 10, "val_accuracy": 0.93859474522293, "train_accuracy": 0.9441742182794665, "f1_macro": 0.9375886975008724, "pre_macro": 0.937486123486418, "re_macro": 0.9378734946676792, "best_epoch": 10, "val_loss": 0.2197000086663445, "train_loss": 0.3148805107007911}
{"epoch": 11, "val_accuracy": 0.9388933121019108, "train_accuracy": 0.9451403696653939, "f1_macro": 0.9378955787043847, "pre_macro": 0.9378317668778852, "re_macro": 0.9381304010089071, "best_epoch": 11, "val_loss": 0.21696563348601197, "train_loss": 0.31116881680641095}
{"epoch": 12, "val_accuracy": 0.9392914012738853, "train_accuracy": 0.9464729922666733, "f1_macro": 0.9383168871452622, "pre_macro": 0.938265907445764, "re_macro": 0.9385316300364341, "best_epoch": 12, "val_loss": 0.21483830501366952, "train_loss": 0.3082317700708853}
{"epoch": 13, "val_accuracy": 0.9399880573248408, "train_accuracy": 0.946972725742153, "f1_macro": 0.9390301762861757, "pre_macro": 0.9390029124666428, "re_macro": 0.9392154754956274, "best_epoch": 13, "val_loss": 0.21314067846745444, "train_loss": 0.3059053667255048}
{"epoch": 14, "val_accuracy": 0.9405851910828026, "train_accuracy": 0.9475724059127287, "f1_macro": 0.9396266645381752, "pre_macro": 0.9395954285551127, "re_macro": 0.9397945751976916, "best_epoch": 14, "val_loss": 0.21173884873841978, "train_loss": 0.3040634631030341}
{"epoch": 15, "val_accuracy": 0.9411823248407644, "train_accuracy": 0.9479721926931125, "f1_macro": 0.9402480639742953, "pre_macro": 0.940253566954221, "re_macro": 0.9403782079179, "best_epoch": 15, "val_loss": 0.21056372547154403, "train_loss": 0.30260769396956794}
{"training time": 87.40799641609192}
