{"epoch": 1, "val_accuracy": 0.39281449044585987, "train_accuracy": 0.21770833432674408, "f1_macro": 0.3519531342234158, "pre_macro": 0.6475393547099676, "re_macro": 0.3790262664335106, "best_epoch": 1, "val_loss": 2.0278154042116396, "train_loss": 2.2493022680282593}
{"epoch": 2, "val_accuracy": 0.5757364649681529, "train_accuracy": 0.565625, "f1_macro": 0.5307081404520512, "pre_macro": 0.7333056446667341, "re_macro": 0.5639591873920373, "best_epoch": 2, "val_loss": 1.6946053110110533, "train_loss": 1.8697996973991393}
{"epoch": 3, "val_accuracy": 0.6740644904458599, "train_accuracy": 0.7067708373069763, "f1_macro": 0.642681788361003, "pre_macro": 0.7299536011823594, "re_macro": 0.6630791751144691, "best_epoch": 3, "val_loss": 1.4148591977016183, "train_loss": 1.5103369116783143}
{"epoch": 4, "val_accuracy": 0.7139729299363057, "train_accuracy": 0.79375, "f1_macro": 0.6907623920979938, "pre_macro": 0.7388484690081397, "re_macro": 0.7042941456516825, "best_epoch": 4, "val_loss": 1.2312140753314753, "train_loss": 1.2464022397994996}
{"epoch": 5, "val_accuracy": 0.730593152866242, "train_accuracy": 0.8125, "f1_macro": 0.711481189004766, "pre_macro": 0.7444574345190975, "re_macro": 0.7214707123977451, "best_epoch": 5, "val_loss": 1.1172681583720407, "train_loss": 1.0825222194194795}
{"epoch": 6, "val_accuracy": 0.7431329617834395, "train_accuracy": 0.8359375, "f1_macro": 0.7266316236914718, "pre_macro": 0.7513042561627443, "re_macro": 0.7346432925577211, "best_epoch": 6, "val_loss": 1.0431726366091685, "train_loss": 0.979211938381195}
{"epoch": 7, "val_accuracy": 0.7493033439490446, "train_accuracy": 0.84375, "f1_macro": 0.7347399585521917, "pre_macro": 0.7539991701840513, "re_macro": 0.7415179016995818, "best_epoch": 7, "val_loss": 0.9934527581664407, "train_loss": 0.9112254559993744}
{"epoch": 8, "val_accuracy": 0.7573646496815286, "train_accuracy": 0.8572916686534882, "f1_macro": 0.7440222918473759, "pre_macro": 0.7602786522549573, "re_macro": 0.7499176919916746, "best_epoch": 8, "val_loss": 0.9588001214774551, "train_loss": 0.8645654797554017}
{"epoch": 9, "val_accuracy": 0.7613455414012739, "train_accuracy": 0.8588541686534882, "f1_macro": 0.7491254225011612, "pre_macro": 0.7633338384524646, "re_macro": 0.7542117640456898, "best_epoch": 9, "val_loss": 0.9336475392056119, "train_loss": 0.8312696039676666}
{"epoch": 10, "val_accuracy": 0.7652269108280255, "train_accuracy": 0.8682291686534882, "f1_macro": 0.7536486897007206, "pre_macro": 0.7667366350502118, "re_macro": 0.7582665040438596, "best_epoch": 10, "val_loss": 0.9149917886135684, "train_loss": 0.8068344056606293}
{"epoch": 11, "val_accuracy": 0.7673168789808917, "train_accuracy": 0.8713541686534881, "f1_macro": 0.7563127628539004, "pre_macro": 0.768247345987997, "re_macro": 0.7605134203132647, "best_epoch": 11, "val_loss": 0.9009529952031032, "train_loss": 0.7885250568389892}
{"epoch": 12, "val_accuracy": 0.770203025477707, "train_accuracy": 0.8744791686534882, "f1_macro": 0.7599356133409125, "pre_macro": 0.7710936611757291, "re_macro": 0.7636280726767272, "best_epoch": 12, "val_loss": 0.8902381024542888, "train_loss": 0.7745847821235656}
{"epoch": 13, "val_accuracy": 0.7715963375796179, "train_accuracy": 0.8744791686534882, "f1_macro": 0.7617201893103596, "pre_macro": 0.7725789001212265, "re_macro": 0.7651314975552929, "best_epoch": 13, "val_loss": 0.8819616186391016, "train_loss": 0.7638434648513794}
{"epoch": 14, "val_accuracy": 0.7726910828025477, "train_accuracy": 0.8776041686534881, "f1_macro": 0.762988766227467, "pre_macro": 0.7734998822847678, "re_macro": 0.7662754463175147, "best_epoch": 14, "val_loss": 0.8755124279647876, "train_loss": 0.7554927349090577}
{"epoch": 15, "val_accuracy": 0.7733877388535032, "train_accuracy": 0.8791666686534881, "f1_macro": 0.7639720993685236, "pre_macro": 0.7740813546877783, "re_macro": 0.7670541465652168, "best_epoch": 15, "val_loss": 0.8704555516789674, "train_loss": 0.7489560067653656}
{"training time": 14.946963787078857}
