{"epoch": 1, "val_accuracy": 0.7942874203821656, "train_accuracy": 0.5658244693532903, "f1_macro": 0.7903559673248138, "pre_macro": 0.8045609056923337, "re_macro": 0.7905499172987714, "best_epoch": 1, "val_loss": 0.8255589868232702, "train_loss": 1.558265247243516}
{"epoch": 2, "val_accuracy": 0.8445461783439491, "train_accuracy": 0.8262253048572135, "f1_macro": 0.8424828191280982, "pre_macro": 0.8490506708439852, "re_macro": 0.8427062234090288, "best_epoch": 2, "val_loss": 0.5895340814711941, "train_loss": 0.7214783556917881}
{"epoch": 3, "val_accuracy": 0.8626592356687898, "train_accuracy": 0.8624620069848731, "f1_macro": 0.861037784628204, "pre_macro": 0.8664084746804548, "re_macro": 0.8619888396733868, "best_epoch": 3, "val_loss": 0.5139139507701442, "train_loss": 0.5778687247570525}
{"epoch": 4, "val_accuracy": 0.8689291401273885, "train_accuracy": 0.882741262304022, "f1_macro": 0.867655408878454, "pre_macro": 0.8718049829984474, "re_macro": 0.8683212736078051, "best_epoch": 4, "val_loss": 0.47742164808853416, "train_loss": 0.5127583868960117}
{"epoch": 5, "val_accuracy": 0.8735071656050956, "train_accuracy": 0.8957066878359369, "f1_macro": 0.8723439776883302, "pre_macro": 0.8759479099879697, "re_macro": 0.8728778203473964, "best_epoch": 5, "val_loss": 0.45598378720556854, "train_loss": 0.4762190282344818}
{"epoch": 6, "val_accuracy": 0.876890923566879, "train_accuracy": 0.9033529644316816, "f1_macro": 0.8758380655484652, "pre_macro": 0.8790419424355959, "re_macro": 0.8762245392254033, "best_epoch": 6, "val_loss": 0.4420081617630971, "train_loss": 0.45449880526420916}
{"epoch": 7, "val_accuracy": 0.8794785031847133, "train_accuracy": 0.9086721133678517, "f1_macro": 0.8779873149421931, "pre_macro": 0.8806935171491077, "re_macro": 0.8785007119549724, "best_epoch": 7, "val_loss": 0.4315232636917169, "train_loss": 0.44018979402298625}
{"epoch": 8, "val_accuracy": 0.8811703821656051, "train_accuracy": 0.9123290282614688, "f1_macro": 0.8792858632892167, "pre_macro": 0.8815868145418747, "re_macro": 0.8798734566420314, "best_epoch": 8, "val_loss": 0.4238091061829002, "train_loss": 0.42951584052532277}
{"epoch": 9, "val_accuracy": 0.8830613057324841, "train_accuracy": 0.9169832835806176, "f1_macro": 0.8811417312324382, "pre_macro": 0.8826919736598976, "re_macro": 0.8818605814063103, "best_epoch": 9, "val_loss": 0.4176268198402824, "train_loss": 0.4208007924100186}
{"epoch": 10, "val_accuracy": 0.8844546178343949, "train_accuracy": 0.9189779644316816, "f1_macro": 0.8826229886954072, "pre_macro": 0.8836688966677965, "re_macro": 0.8832567969333753, "best_epoch": 10, "val_loss": 0.41253600283792824, "train_loss": 0.4137196033558947}
{"epoch": 11, "val_accuracy": 0.8858479299363057, "train_accuracy": 0.9206401984742347, "f1_macro": 0.8837962559711932, "pre_macro": 0.8845378001627184, "re_macro": 0.884363478473435, "best_epoch": 11, "val_loss": 0.4088465177044747, "train_loss": 0.40811030852033736}
{"epoch": 12, "val_accuracy": 0.8862460191082803, "train_accuracy": 0.9226348793252985, "f1_macro": 0.884273503496695, "pre_macro": 0.8848665604047742, "re_macro": 0.8848054281519353, "best_epoch": 12, "val_loss": 0.40626658439920965, "train_loss": 0.40377420947906817}
{"epoch": 13, "val_accuracy": 0.8867436305732485, "train_accuracy": 0.9239646665593411, "f1_macro": 0.8848230517939438, "pre_macro": 0.8853819186401314, "re_macro": 0.8853497580047117, "best_epoch": 13, "val_loss": 0.40438297051627925, "train_loss": 0.400452714651189}
{"epoch": 14, "val_accuracy": 0.8869426751592356, "train_accuracy": 0.9246295601763623, "f1_macro": 0.8850201922037464, "pre_macro": 0.8855341702108838, "re_macro": 0.8855337001990875, "best_epoch": 14, "val_loss": 0.40296424654828517, "train_loss": 0.397882712014178}
{"epoch": 15, "val_accuracy": 0.8869426751592356, "train_accuracy": 0.9256269006018943, "f1_macro": 0.88503686756516, "pre_macro": 0.8855119045261695, "re_macro": 0.8855297009673914, "best_epoch": 14, "val_loss": 0.40187628458070146, "train_loss": 0.3958742745379184}
{"training time": 22.114251852035522}
