{"epoch": 1, "val_accuracy": 0.8813694267515924, "train_accuracy": 0.800288120736467, "f1_macro": 0.8793873047493269, "pre_macro": 0.8831119668803366, "re_macro": 0.8807056891079267, "best_epoch": 1, "val_loss": 0.41112373116764295, "train_loss": 0.7951858531921467}
{"epoch": 2, "val_accuracy": 0.8977906050955414, "train_accuracy": 0.8925753547790203, "f1_macro": 0.8958366796332561, "pre_macro": 0.8977128055552109, "re_macro": 0.8964870780991955, "best_epoch": 2, "val_loss": 0.3558986592017541, "train_loss": 0.4629738540091413}
{"epoch": 3, "val_accuracy": 0.9041600318471338, "train_accuracy": 0.9056959220703612, "f1_macro": 0.9024542259817416, "pre_macro": 0.9043552978048984, "re_macro": 0.902770227171467, "best_epoch": 3, "val_loss": 0.332543464033467, "train_loss": 0.42430588336701086}
{"epoch": 4, "val_accuracy": 0.9080414012738853, "train_accuracy": 0.9141400710065314, "f1_macro": 0.9062367718957203, "pre_macro": 0.9081944557250645, "re_macro": 0.9063385678153251, "best_epoch": 4, "val_loss": 0.3181700548097776, "train_loss": 0.4017554274898894}
{"epoch": 5, "val_accuracy": 0.9109275477707006, "train_accuracy": 0.920035461161999, "f1_macro": 0.9092252458561297, "pre_macro": 0.9109731232670256, "re_macro": 0.9092676687894148, "best_epoch": 5, "val_loss": 0.3069971334426456, "train_loss": 0.38537863936830075}
{"epoch": 6, "val_accuracy": 0.914609872611465, "train_accuracy": 0.9244902483960415, "f1_macro": 0.9130339815616606, "pre_macro": 0.9144386267827151, "re_macro": 0.9130273335361799, "best_epoch": 6, "val_loss": 0.2979506463951366, "train_loss": 0.37292411593680685}
{"epoch": 7, "val_accuracy": 0.9173964968152867, "train_accuracy": 0.9274157803109352, "f1_macro": 0.9159886762347448, "pre_macro": 0.9170739185273051, "re_macro": 0.9159597039815959, "best_epoch": 7, "val_loss": 0.29060199238644663, "train_loss": 0.36330925663735003}
{"epoch": 8, "val_accuracy": 0.9189888535031847, "train_accuracy": 0.9304742909492331, "f1_macro": 0.9176400358563628, "pre_macro": 0.9184994660419138, "re_macro": 0.9176313383556408, "best_epoch": 8, "val_loss": 0.2845072609959704, "train_loss": 0.35575370496891917}
{"epoch": 9, "val_accuracy": 0.92078025477707, "train_accuracy": 0.9324024824385947, "f1_macro": 0.9194762275587356, "pre_macro": 0.9200664667301279, "re_macro": 0.9195045692479968, "best_epoch": 9, "val_loss": 0.27954945961238853, "train_loss": 0.34974227585691087}
{"epoch": 10, "val_accuracy": 0.9230692675159236, "train_accuracy": 0.9337322696726373, "f1_macro": 0.9218384786451302, "pre_macro": 0.9222118049070884, "re_macro": 0.9219311042500691, "best_epoch": 10, "val_loss": 0.27572627522193704, "train_loss": 0.3449337567420716}
{"epoch": 11, "val_accuracy": 0.9247611464968153, "train_accuracy": 0.9349955675449777, "f1_macro": 0.9235866907193268, "pre_macro": 0.9238350578773218, "re_macro": 0.9237095334672212, "best_epoch": 11, "val_loss": 0.27287279533305364, "train_loss": 0.3410904274976}
{"epoch": 12, "val_accuracy": 0.9257563694267515, "train_accuracy": 0.9359929079705096, "f1_macro": 0.9246065227675804, "pre_macro": 0.9247659008599204, "re_macro": 0.9247294847750179, "best_epoch": 12, "val_loss": 0.27073909476351965, "train_loss": 0.3380262770551316}
{"epoch": 13, "val_accuracy": 0.9273487261146497, "train_accuracy": 0.9367686170212766, "f1_macro": 0.9262520857436094, "pre_macro": 0.9263661483659871, "re_macro": 0.9263507278135151, "best_epoch": 13, "val_loss": 0.2691329690942149, "train_loss": 0.33558331372890066}
{"epoch": 14, "val_accuracy": 0.9280453821656051, "train_accuracy": 0.9375, "f1_macro": 0.9269824264802565, "pre_macro": 0.9270862300930125, "re_macro": 0.9270565660972423, "best_epoch": 14, "val_loss": 0.26793038827266286, "train_loss": 0.3336310901540391}
{"epoch": 15, "val_accuracy": 0.9276472929936306, "train_accuracy": 0.9380984042553191, "f1_macro": 0.9265976198574315, "pre_macro": 0.9266984432776214, "re_macro": 0.9266611336483315, "best_epoch": 14, "val_loss": 0.2670217947975086, "train_loss": 0.3320677472555891}
{"training time": 51.29756999015808}
