{"epoch": 1, "val_accuracy": 0.9044585987261147, "train_accuracy": 0.8634144176136364, "f1_macro": 0.9032317752423605, "pre_macro": 0.9052971920915613, "re_macro": 0.9031991009809645, "best_epoch": 1, "val_loss": 0.3223783508844816, "train_loss": 0.5732196537269787}
{"epoch": 2, "val_accuracy": 0.9181926751592356, "train_accuracy": 0.9127086292613636, "f1_macro": 0.9173149253274719, "pre_macro": 0.918779368247957, "re_macro": 0.9171698473928034, "best_epoch": 2, "val_loss": 0.2766172688893357, "train_loss": 0.40660435998473654}
{"epoch": 3, "val_accuracy": 0.9278463375796179, "train_accuracy": 0.9260031960227273, "f1_macro": 0.9272883883985881, "pre_macro": 0.9286456107729592, "re_macro": 0.92699102940825, "best_epoch": 3, "val_loss": 0.24511530369543916, "train_loss": 0.36790416908281093}
{"epoch": 4, "val_accuracy": 0.934812898089172, "train_accuracy": 0.9350142045454546, "f1_macro": 0.934337511471764, "pre_macro": 0.9356150439610811, "re_macro": 0.9339432781972024, "best_epoch": 4, "val_loss": 0.22309853068914762, "train_loss": 0.3424598340114409}
{"epoch": 5, "val_accuracy": 0.9406847133757962, "train_accuracy": 0.9408291903409091, "f1_macro": 0.9399222987281002, "pre_macro": 0.9410001031782675, "re_macro": 0.9395643091045018, "best_epoch": 5, "val_loss": 0.20762857952552616, "train_loss": 0.3254530605733056}
{"epoch": 6, "val_accuracy": 0.943968949044586, "train_accuracy": 0.9451349431818182, "f1_macro": 0.9431830906730578, "pre_macro": 0.9440286324111777, "re_macro": 0.9429123258132032, "best_epoch": 6, "val_loss": 0.19650309492543244, "train_loss": 0.31356616360558703}
{"epoch": 7, "val_accuracy": 0.9470541401273885, "train_accuracy": 0.9480202414772727, "f1_macro": 0.9462558817534695, "pre_macro": 0.9469712105771533, "re_macro": 0.9460251330062419, "best_epoch": 7, "val_loss": 0.18878942364411558, "train_loss": 0.3048995114778253}
{"epoch": 8, "val_accuracy": 0.9488455414012739, "train_accuracy": 0.9497958096590909, "f1_macro": 0.9480432854040867, "pre_macro": 0.9485964413929622, "re_macro": 0.9478694527637064, "best_epoch": 8, "val_loss": 0.18367403027287144, "train_loss": 0.29841891754503275}
{"epoch": 9, "val_accuracy": 0.9503383757961783, "train_accuracy": 0.9514382102272727, "f1_macro": 0.9495532035133276, "pre_macro": 0.9499876862497147, "re_macro": 0.9494116164814139, "best_epoch": 9, "val_loss": 0.18026176230258242, "train_loss": 0.29348913599228993}
{"epoch": 10, "val_accuracy": 0.9517316878980892, "train_accuracy": 0.9527476917613636, "f1_macro": 0.9510180140608684, "pre_macro": 0.9513735640542983, "re_macro": 0.9508996511468337, "best_epoch": 10, "val_loss": 0.17786485517907674, "train_loss": 0.28969112734987656}
{"epoch": 11, "val_accuracy": 0.9525278662420382, "train_accuracy": 0.9537686434659091, "f1_macro": 0.951833991575224, "pre_macro": 0.9521419575036998, "re_macro": 0.951723275088917, "best_epoch": 11, "val_loss": 0.17605905562259588, "train_loss": 0.28674367866055533}
{"epoch": 12, "val_accuracy": 0.9526273885350318, "train_accuracy": 0.9546786221590909, "f1_macro": 0.9519214336478582, "pre_macro": 0.952218431783167, "re_macro": 0.9518161116582743, "best_epoch": 12, "val_loss": 0.1746374871463153, "train_loss": 0.28444484816017473}
{"epoch": 13, "val_accuracy": 0.9530254777070064, "train_accuracy": 0.9553000710227273, "f1_macro": 0.9523200678162317, "pre_macro": 0.9526011325187339, "re_macro": 0.9522160938631113, "best_epoch": 13, "val_loss": 0.17349538972874165, "train_loss": 0.28264278471893206}
{"epoch": 14, "val_accuracy": 0.9532245222929936, "train_accuracy": 0.9555886008522727, "f1_macro": 0.9525186332773469, "pre_macro": 0.9527962952088689, "re_macro": 0.9524154109440293, "best_epoch": 14, "val_loss": 0.17257196349418089, "train_loss": 0.2812235129743137}
{"epoch": 15, "val_accuracy": 0.9537221337579618, "train_accuracy": 0.9558993252840909, "f1_macro": 0.9530097246062045, "pre_macro": 0.953292415591919, "re_macro": 0.9528807298687632, "best_epoch": 15, "val_loss": 0.1718205275536058, "train_loss": 0.2801021852064878}
{"training time": 123.01931667327881}
