{"epoch": 1, "val_accuracy": 0.4882563694267516, "train_accuracy": 0.365625, "f1_macro": 0.4382119418246987, "pre_macro": 0.6069243057324971, "re_macro": 0.48760000000000014, "best_epoch": 1, "val_loss": 1.8156726542551807, "train_loss": 2.1589293837547303}
{"epoch": 2, "val_accuracy": 0.5834992038216561, "train_accuracy": 0.540625, "f1_macro": 0.5526195024723531, "pre_macro": 0.6250559257734032, "re_macro": 0.5833, "best_epoch": 2, "val_loss": 1.4291220364297272, "train_loss": 1.6628016829490662}
{"epoch": 3, "val_accuracy": 0.6525676751592356, "train_accuracy": 0.6442708373069763, "f1_macro": 0.6419179792801536, "pre_macro": 0.6589283152220905, "re_macro": 0.6524, "best_epoch": 3, "val_loss": 1.2040188225211612, "train_loss": 1.341265046596527}
{"epoch": 4, "val_accuracy": 0.6736664012738853, "train_accuracy": 0.70625, "f1_macro": 0.6716393640330265, "pre_macro": 0.6884501371883677, "re_macro": 0.6736, "best_epoch": 4, "val_loss": 1.0799746312153566, "train_loss": 1.1576985001564026}
{"epoch": 5, "val_accuracy": 0.6847133757961783, "train_accuracy": 0.7328125, "f1_macro": 0.6836976910919284, "pre_macro": 0.6994664375879587, "re_macro": 0.6843999999999999, "best_epoch": 5, "val_loss": 1.0060555323673661, "train_loss": 1.0516820788383483}
{"epoch": 6, "val_accuracy": 0.6950636942675159, "train_accuracy": 0.7432291686534882, "f1_macro": 0.693619881886052, "pre_macro": 0.7061662439503381, "re_macro": 0.6948000000000001, "best_epoch": 6, "val_loss": 0.9604017852218287, "train_loss": 0.9857312917709351}
{"epoch": 7, "val_accuracy": 0.7006369426751592, "train_accuracy": 0.7489583373069764, "f1_macro": 0.6991129572167611, "pre_macro": 0.710767920025899, "re_macro": 0.7001000000000001, "best_epoch": 7, "val_loss": 0.9315656974057483, "train_loss": 0.9424587786197662}
{"epoch": 8, "val_accuracy": 0.7052149681528662, "train_accuracy": 0.7567708373069764, "f1_macro": 0.7036483923052831, "pre_macro": 0.715210690768447, "re_macro": 0.7043999999999999, "best_epoch": 8, "val_loss": 0.9121828758792513, "train_loss": 0.9125512063503265}
{"epoch": 9, "val_accuracy": 0.7080015923566879, "train_accuracy": 0.7630208373069763, "f1_macro": 0.7067366705454281, "pre_macro": 0.7181009058834904, "re_macro": 0.7072, "best_epoch": 9, "val_loss": 0.8983539988280861, "train_loss": 0.8910233676433563}
{"epoch": 10, "val_accuracy": 0.709593949044586, "train_accuracy": 0.7703125, "f1_macro": 0.7084893858935812, "pre_macro": 0.7195122491687679, "re_macro": 0.7088, "best_epoch": 10, "val_loss": 0.888149061780067, "train_loss": 0.8750552833080292}
{"epoch": 11, "val_accuracy": 0.7110867834394905, "train_accuracy": 0.771875, "f1_macro": 0.7101239684554889, "pre_macro": 0.7209617155877799, "re_macro": 0.7102999999999999, "best_epoch": 11, "val_loss": 0.8804912058411131, "train_loss": 0.8629653930664063}
{"epoch": 12, "val_accuracy": 0.7116839171974523, "train_accuracy": 0.7796875, "f1_macro": 0.7109226993154216, "pre_macro": 0.7215044900516473, "re_macro": 0.7109, "best_epoch": 12, "val_loss": 0.874673866921929, "train_loss": 0.8536831438541412}
{"epoch": 13, "val_accuracy": 0.7128781847133758, "train_accuracy": 0.7796875, "f1_macro": 0.7121819841488681, "pre_macro": 0.7226148336198659, "re_macro": 0.7121, "best_epoch": 13, "val_loss": 0.8702053974388512, "train_loss": 0.8464839220046997}
{"epoch": 14, "val_accuracy": 0.7138734076433121, "train_accuracy": 0.7796875, "f1_macro": 0.7132051692120289, "pre_macro": 0.7235173702101204, "re_macro": 0.7131, "best_epoch": 14, "val_loss": 0.8667401181664437, "train_loss": 0.8408576369285583}
{"epoch": 15, "val_accuracy": 0.7146695859872612, "train_accuracy": 0.7796875, "f1_macro": 0.7140533421287587, "pre_macro": 0.7243292601127752, "re_macro": 0.7139, "best_epoch": 15, "val_loss": 0.864032319396924, "train_loss": 0.8364352643489837}
{"epoch": 16, "val_accuracy": 0.714968152866242, "train_accuracy": 0.7796875, "f1_macro": 0.7144102499793903, "pre_macro": 0.7246552656495622, "re_macro": 0.7142, "best_epoch": 16, "val_loss": 0.8619041029055408, "train_loss": 0.8329438269138336}
{"epoch": 17, "val_accuracy": 0.7156648089171974, "train_accuracy": 0.78125, "f1_macro": 0.715089130046263, "pre_macro": 0.7252935483863531, "re_macro": 0.7149, "best_epoch": 17, "val_loss": 0.8602240400709165, "train_loss": 0.830178153514862}
{"epoch": 18, "val_accuracy": 0.7158638535031847, "train_accuracy": 0.7859375, "f1_macro": 0.7152857078233589, "pre_macro": 0.725475799738459, "re_macro": 0.7151, "best_epoch": 18, "val_loss": 0.8588933090495455, "train_loss": 0.8279816627502441}
{"epoch": 19, "val_accuracy": 0.7159633757961783, "train_accuracy": 0.7859375, "f1_macro": 0.7153526603817721, "pre_macro": 0.7254365832392502, "re_macro": 0.7152, "best_epoch": 19, "val_loss": 0.8578365194569727, "train_loss": 0.826233732700348}
{"epoch": 20, "val_accuracy": 0.7161624203821656, "train_accuracy": 0.7859375, "f1_macro": 0.7155824447686734, "pre_macro": 0.7256877215065038, "re_macro": 0.7154, "best_epoch": 20, "val_loss": 0.8569956171284815, "train_loss": 0.8248406171798706}
{"epoch": 21, "val_accuracy": 0.7164609872611465, "train_accuracy": 0.7875, "f1_macro": 0.7159155139337616, "pre_macro": 0.7260212474578225, "re_macro": 0.7157, "best_epoch": 21, "val_loss": 0.8563254449018247, "train_loss": 0.8237288951873779}
{"epoch": 22, "val_accuracy": 0.7164609872611465, "train_accuracy": 0.7875, "f1_macro": 0.7159474160612846, "pre_macro": 0.7261219947235013, "re_macro": 0.7157, "best_epoch": 21, "val_loss": 0.8557906856962071, "train_loss": 0.8228409767150879}
{"epoch": 23, "val_accuracy": 0.7165605095541401, "train_accuracy": 0.7875, "f1_macro": 0.7160492238945751, "pre_macro": 0.7262222739139352, "re_macro": 0.7158, "best_epoch": 23, "val_loss": 0.855363570960464, "train_loss": 0.8221312701702118}
{"epoch": 24, "val_accuracy": 0.7165605095541401, "train_accuracy": 0.7875, "f1_macro": 0.7160438314758977, "pre_macro": 0.7261923900702258, "re_macro": 0.7158, "best_epoch": 23, "val_loss": 0.8550221783340357, "train_loss": 0.8215636849403382}
{"epoch": 25, "val_accuracy": 0.7166600318471338, "train_accuracy": 0.7875, "f1_macro": 0.716124260714426, "pre_macro": 0.7262513941093821, "re_macro": 0.7158999999999999, "best_epoch": 25, "val_loss": 0.854749167800709, "train_loss": 0.821109515428543}
{"training time": 27.94007921218872}
