{"epoch": 1, "val_accuracy": 0.7999601910828026, "train_accuracy": 0.7785866477272727, "f1_macro": 0.7984116908677535, "pre_macro": 0.8027963219114612, "re_macro": 0.7996000000000001, "best_epoch": 1, "val_loss": 0.5591658849245423, "train_loss": 0.7299133036285639}
{"epoch": 2, "val_accuracy": 0.8103105095541401, "train_accuracy": 0.8272816051136364, "f1_macro": 0.8084215046525622, "pre_macro": 0.811782726895809, "re_macro": 0.8099999999999999, "best_epoch": 2, "val_loss": 0.5253715160166382, "train_loss": 0.5932009302672338}
{"epoch": 3, "val_accuracy": 0.8190684713375797, "train_accuracy": 0.8365145596590909, "f1_macro": 0.8173639627414474, "pre_macro": 0.819545961725755, "re_macro": 0.8188000000000001, "best_epoch": 3, "val_loss": 0.5042269465270316, "train_loss": 0.5688914754004641}
{"epoch": 4, "val_accuracy": 0.8249402866242038, "train_accuracy": 0.8424627130681818, "f1_macro": 0.823120205911772, "pre_macro": 0.8244262346335661, "re_macro": 0.8247, "best_epoch": 4, "val_loss": 0.4900648320556446, "train_loss": 0.5540806425904686}
{"epoch": 5, "val_accuracy": 0.8277269108280255, "train_accuracy": 0.8471235795454546, "f1_macro": 0.8257262525262107, "pre_macro": 0.8269437243716954, "re_macro": 0.8275, "best_epoch": 5, "val_loss": 0.4819537209477394, "train_loss": 0.5434453600001606}
{"epoch": 6, "val_accuracy": 0.830015923566879, "train_accuracy": 0.8504971590909091, "f1_macro": 0.8281220257053109, "pre_macro": 0.8291528036498151, "re_macro": 0.8298, "best_epoch": 6, "val_loss": 0.47559015898947504, "train_loss": 0.5352802917953919}
{"epoch": 7, "val_accuracy": 0.8322054140127388, "train_accuracy": 0.8531605113636364, "f1_macro": 0.8304624059151257, "pre_macro": 0.8310513879360768, "re_macro": 0.8320000000000001, "best_epoch": 7, "val_loss": 0.4696158351032597, "train_loss": 0.528875619681044}
{"epoch": 8, "val_accuracy": 0.8350915605095541, "train_accuracy": 0.8561789772727273, "f1_macro": 0.8334951447355067, "pre_macro": 0.83385964661258, "re_macro": 0.8349, "best_epoch": 8, "val_loss": 0.4648683023680547, "train_loss": 0.5238369314677336}
{"epoch": 9, "val_accuracy": 0.836484872611465, "train_accuracy": 0.8580877130681818, "f1_macro": 0.8349303423179784, "pre_macro": 0.8351647443037986, "re_macro": 0.8363000000000002, "best_epoch": 9, "val_loss": 0.4611270017684645, "train_loss": 0.5198584749278697}
{"epoch": 10, "val_accuracy": 0.8377786624203821, "train_accuracy": 0.8594859730113636, "f1_macro": 0.8361825435137481, "pre_macro": 0.836198238715351, "re_macro": 0.8375999999999999, "best_epoch": 10, "val_loss": 0.4580583942543929, "train_loss": 0.5167061589996923}
{"epoch": 11, "val_accuracy": 0.8385748407643312, "train_accuracy": 0.8608176491477273, "f1_macro": 0.837004513828721, "pre_macro": 0.8367774035331348, "re_macro": 0.8384, "best_epoch": 11, "val_loss": 0.4555827726604073, "train_loss": 0.5142030440355566}
{"epoch": 12, "val_accuracy": 0.8401671974522293, "train_accuracy": 0.8617498224431818, "f1_macro": 0.8385667155059835, "pre_macro": 0.8381636902967898, "re_macro": 0.8400000000000001, "best_epoch": 12, "val_loss": 0.4536199763322332, "train_loss": 0.5122141309759833}
{"epoch": 13, "val_accuracy": 0.8409633757961783, "train_accuracy": 0.8623490767045454, "f1_macro": 0.8393896303291797, "pre_macro": 0.8389049117550498, "re_macro": 0.8408, "best_epoch": 13, "val_loss": 0.4521348999374232, "train_loss": 0.5106318746270104}
{"epoch": 14, "val_accuracy": 0.8420581210191083, "train_accuracy": 0.8626819957386364, "f1_macro": 0.8404657086805283, "pre_macro": 0.8399289575155342, "re_macro": 0.8419000000000001, "best_epoch": 14, "val_loss": 0.451081990341472, "train_loss": 0.5093704051846131}
{"epoch": 15, "val_accuracy": 0.8419585987261147, "train_accuracy": 0.8629705255681818, "f1_macro": 0.840308351093538, "pre_macro": 0.8397713231787612, "re_macro": 0.8418000000000001, "best_epoch": 14, "val_loss": 0.45037499905391865, "train_loss": 0.5083620054223998}
{"epoch": 16, "val_accuracy": 0.8414609872611465, "train_accuracy": 0.8632368607954546, "f1_macro": 0.8397715151271579, "pre_macro": 0.8392319692126176, "re_macro": 0.8413, "best_epoch": 14, "val_loss": 0.44990518110193267, "train_loss": 0.5075533420948143}
{"epoch": 17, "val_accuracy": 0.8415605095541401, "train_accuracy": 0.8634144176136364, "f1_macro": 0.8398016389271736, "pre_macro": 0.839297817996617, "re_macro": 0.8413999999999999, "best_epoch": 14, "val_loss": 0.44956976051922815, "train_loss": 0.5069030641408806}
{"epoch": 18, "val_accuracy": 0.8415605095541401, "train_accuracy": 0.8635475852272727, "f1_macro": 0.8397895684527074, "pre_macro": 0.8392814972068505, "re_macro": 0.8413999999999998, "best_epoch": 14, "val_loss": 0.4492976627532084, "train_loss": 0.5063792517070066}
{"epoch": 19, "val_accuracy": 0.8413614649681529, "train_accuracy": 0.8638139204545454, "f1_macro": 0.8395818398716717, "pre_macro": 0.8390794747276178, "re_macro": 0.8412, "best_epoch": 14, "val_loss": 0.4490558588580721, "train_loss": 0.5059567799114368}
{"epoch": 20, "val_accuracy": 0.8417595541401274, "train_accuracy": 0.8641468394886364, "f1_macro": 0.8399805978198316, "pre_macro": 0.8394743116214809, "re_macro": 0.8416, "best_epoch": 14, "val_loss": 0.4488380865496435, "train_loss": 0.5056154718199237}
{"epoch": 21, "val_accuracy": 0.8419585987261147, "train_accuracy": 0.8643687855113636, "f1_macro": 0.8401812475466992, "pre_macro": 0.8396628928915165, "re_macro": 0.8417999999999999, "best_epoch": 14, "val_loss": 0.4486489139354912, "train_loss": 0.5053390477868643}
{"epoch": 22, "val_accuracy": 0.8417595541401274, "train_accuracy": 0.8645463423295454, "f1_macro": 0.8400210724299599, "pre_macro": 0.8394924354515405, "re_macro": 0.8416, "best_epoch": 14, "val_loss": 0.44849253498065245, "train_loss": 0.505114502823827}
{"epoch": 23, "val_accuracy": 0.8416600318471338, "train_accuracy": 0.8644575639204546, "f1_macro": 0.8399096713116325, "pre_macro": 0.8393639836739697, "re_macro": 0.8414999999999999, "best_epoch": 14, "val_loss": 0.44836885078697447, "train_loss": 0.504931581418284}
{"epoch": 24, "val_accuracy": 0.8419585987261147, "train_accuracy": 0.8643465909090909, "f1_macro": 0.8402008847447263, "pre_macro": 0.8396558948063495, "re_macro": 0.8417999999999999, "best_epoch": 14, "val_loss": 0.44827414726375775, "train_loss": 0.5047822402874854}
{"epoch": 25, "val_accuracy": 0.841859076433121, "train_accuracy": 0.8646573153409091, "f1_macro": 0.8401761679795182, "pre_macro": 0.8396450208037942, "re_macro": 0.8417, "best_epoch": 14, "val_loss": 0.44820306568768375, "train_loss": 0.5046602048149164}
{"training time": 202.90556001663208}
