{"epoch": 1, "val_accuracy": 0.7822452229299363, "train_accuracy": 0.7286569148936171, "f1_macro": 0.7767701014153923, "pre_macro": 0.7846691097917387, "re_macro": 0.7817999999999999, "best_epoch": 1, "val_loss": 0.6250836807451431, "train_loss": 0.8896058762327154}
{"epoch": 2, "val_accuracy": 0.8017515923566879, "train_accuracy": 0.8070478723404255, "f1_macro": 0.7975660771579153, "pre_macro": 0.8022139522090684, "re_macro": 0.8014000000000001, "best_epoch": 2, "val_loss": 0.5730503089488692, "train_loss": 0.6406410488676517}
{"epoch": 3, "val_accuracy": 0.8091162420382165, "train_accuracy": 0.8210771276595744, "f1_macro": 0.8049775023795313, "pre_macro": 0.8079806040908484, "re_macro": 0.8088, "best_epoch": 3, "val_loss": 0.5500034259003439, "train_loss": 0.6033379093129584}
{"epoch": 4, "val_accuracy": 0.8120023885350318, "train_accuracy": 0.8286125888215735, "f1_macro": 0.8078310522786756, "pre_macro": 0.8100246359619406, "re_macro": 0.8117000000000001, "best_epoch": 4, "val_loss": 0.5376079853173275, "train_loss": 0.5831079113990703}
{"epoch": 5, "val_accuracy": 0.814390923566879, "train_accuracy": 0.8348625888215735, "f1_macro": 0.8106361071119558, "pre_macro": 0.8118869552922146, "re_macro": 0.8141, "best_epoch": 5, "val_loss": 0.5289019843575301, "train_loss": 0.5694602153402694}
{"epoch": 6, "val_accuracy": 0.8172770700636943, "train_accuracy": 0.8395833335024245, "f1_macro": 0.8138765696419608, "pre_macro": 0.8146680502150044, "re_macro": 0.817, "best_epoch": 6, "val_loss": 0.5223134604229289, "train_loss": 0.5594810821908586}
{"epoch": 7, "val_accuracy": 0.818172770700637, "train_accuracy": 0.8426418441407224, "f1_macro": 0.8147710719085641, "pre_macro": 0.8152651321284748, "re_macro": 0.8179000000000001, "best_epoch": 7, "val_loss": 0.5175132945085027, "train_loss": 0.5519379514328977}
{"epoch": 8, "val_accuracy": 0.8206608280254777, "train_accuracy": 0.8452349292471054, "f1_macro": 0.8173711382750775, "pre_macro": 0.8176231556997274, "re_macro": 0.8204, "best_epoch": 8, "val_loss": 0.5139384269714355, "train_loss": 0.5460667539150157}
{"epoch": 9, "val_accuracy": 0.8213574840764332, "train_accuracy": 0.8472960994598714, "f1_macro": 0.8182626577316146, "pre_macro": 0.8181918678587875, "re_macro": 0.8211, "best_epoch": 9, "val_loss": 0.5110550813234536, "train_loss": 0.541417571204774}
{"epoch": 10, "val_accuracy": 0.8213574840764332, "train_accuracy": 0.8496453901554676, "f1_macro": 0.818476424504509, "pre_macro": 0.8180827998261153, "re_macro": 0.8210999999999998, "best_epoch": 9, "val_loss": 0.5086555325301589, "train_loss": 0.5377431002069026}
{"epoch": 11, "val_accuracy": 0.8223527070063694, "train_accuracy": 0.8505097518575953, "f1_macro": 0.8196653552815597, "pre_macro": 0.8189695212760999, "re_macro": 0.8220999999999998, "best_epoch": 11, "val_loss": 0.5067185459622912, "train_loss": 0.5348452647949787}
{"epoch": 12, "val_accuracy": 0.8229498407643312, "train_accuracy": 0.8512411348363187, "f1_macro": 0.8206467521315088, "pre_macro": 0.81987503855289, "re_macro": 0.8227, "best_epoch": 12, "val_loss": 0.5052602716312287, "train_loss": 0.5325433914965771}
{"epoch": 13, "val_accuracy": 0.8233479299363057, "train_accuracy": 0.8518395390916378, "f1_macro": 0.8213020773543276, "pre_macro": 0.8205181976730888, "re_macro": 0.8230999999999999, "best_epoch": 13, "val_loss": 0.5042259518507939, "train_loss": 0.5306962046217412}
{"epoch": 14, "val_accuracy": 0.8230493630573248, "train_accuracy": 0.8521719859001484, "f1_macro": 0.821251565741467, "pre_macro": 0.8205136391954813, "re_macro": 0.8228, "best_epoch": 13, "val_loss": 0.5035000857274243, "train_loss": 0.5292063325009447}
{"epoch": 15, "val_accuracy": 0.8232484076433121, "train_accuracy": 0.8529033688788719, "f1_macro": 0.8216156463869929, "pre_macro": 0.8208921793606437, "re_macro": 0.8230000000000001, "best_epoch": 13, "val_loss": 0.502968510245062, "train_loss": 0.5280047613255521}
{"epoch": 16, "val_accuracy": 0.8232484076433121, "train_accuracy": 0.8536347518575952, "f1_macro": 0.8217441878386671, "pre_macro": 0.8210418315603742, "re_macro": 0.8230000000000001, "best_epoch": 13, "val_loss": 0.5025536302168658, "train_loss": 0.5270373306375868}
{"epoch": 17, "val_accuracy": 0.8229498407643312, "train_accuracy": 0.8541001773895102, "f1_macro": 0.8215285912445293, "pre_macro": 0.8208538821994404, "re_macro": 0.8227, "best_epoch": 13, "val_loss": 0.502216356195462, "train_loss": 0.5262590519925381}
{"epoch": 18, "val_accuracy": 0.8230493630573248, "train_accuracy": 0.8542996454746166, "f1_macro": 0.8216602733742304, "pre_macro": 0.8209686283363666, "re_macro": 0.8228, "best_epoch": 13, "val_loss": 0.5019417331097232, "train_loss": 0.525632267556292}
{"epoch": 19, "val_accuracy": 0.8230493630573248, "train_accuracy": 0.8544991135597229, "f1_macro": 0.8216181609818272, "pre_macro": 0.8208861788371538, "re_macro": 0.8228, "best_epoch": 13, "val_loss": 0.5017234428673033, "train_loss": 0.5251261203847033}
{"epoch": 20, "val_accuracy": 0.8234474522292994, "train_accuracy": 0.8546320922831272, "f1_macro": 0.8220142179668389, "pre_macro": 0.8212827458300813, "re_macro": 0.8232000000000002, "best_epoch": 20, "val_loss": 0.5015544788852618, "train_loss": 0.5247163421296058}
{"epoch": 21, "val_accuracy": 0.8232484076433121, "train_accuracy": 0.8543661348363186, "f1_macro": 0.8217974697559937, "pre_macro": 0.8210480476557132, "re_macro": 0.8230000000000001, "best_epoch": 20, "val_loss": 0.5014254272363747, "train_loss": 0.5243843064663258}
{"epoch": 22, "val_accuracy": 0.823546974522293, "train_accuracy": 0.8542331561129144, "f1_macro": 0.8220817977060371, "pre_macro": 0.8213215848231844, "re_macro": 0.8233, "best_epoch": 22, "val_loss": 0.5013267004945475, "train_loss": 0.5241155625657833}
{"epoch": 23, "val_accuracy": 0.8236464968152867, "train_accuracy": 0.8541666667512122, "f1_macro": 0.822194805018776, "pre_macro": 0.8214372456033476, "re_macro": 0.8234, "best_epoch": 23, "val_loss": 0.5012504403378554, "train_loss": 0.5238984843517872}
{"epoch": 24, "val_accuracy": 0.8237460191082803, "train_accuracy": 0.8544326241980208, "f1_macro": 0.8222732025141702, "pre_macro": 0.8215146674623321, "re_macro": 0.8234999999999999, "best_epoch": 24, "val_loss": 0.5011909034601443, "train_loss": 0.5237235269647964}
{"epoch": 25, "val_accuracy": 0.8237460191082803, "train_accuracy": 0.8544326241980208, "f1_macro": 0.8222739887294924, "pre_macro": 0.8215156195001063, "re_macro": 0.8234999999999999, "best_epoch": 24, "val_loss": 0.5011440384539829, "train_loss": 0.5235827835316353}
{"training time": 85.03667831420898}
