{"epoch": 1, "val_accuracy": 0.6964570063694268, "train_accuracy": 0.5755604112401922, "f1_macro": 0.6938279734197816, "pre_macro": 0.7030470328688236, "re_macro": 0.6961999999999999, "best_epoch": 1, "val_loss": 0.8770003485831486, "train_loss": 1.4373043217557542}
{"epoch": 2, "val_accuracy": 0.7344745222929936, "train_accuracy": 0.7253989374383967, "f1_macro": 0.7318624257554437, "pre_macro": 0.7375180325097406, "re_macro": 0.7338, "best_epoch": 2, "val_loss": 0.7519638318165093, "train_loss": 0.8588333053791777}
{"epoch": 3, "val_accuracy": 0.7503980891719745, "train_accuracy": 0.7602583588437831, "f1_macro": 0.7490825161185397, "pre_macro": 0.7543312490720104, "re_macro": 0.7498, "best_epoch": 3, "val_loss": 0.7067290016799975, "train_loss": 0.7644923900036101}
{"epoch": 4, "val_accuracy": 0.7608479299363057, "train_accuracy": 0.780252660842652, "f1_macro": 0.7594263030704677, "pre_macro": 0.7640007255465758, "re_macro": 0.76, "best_epoch": 4, "val_loss": 0.681182777046398, "train_loss": 0.7177788627908585}
{"epoch": 5, "val_accuracy": 0.7676154458598726, "train_accuracy": 0.7938829799915882, "f1_macro": 0.7659136511626125, "pre_macro": 0.7696777105824806, "re_macro": 0.7668, "best_epoch": 5, "val_loss": 0.664913988606945, "train_loss": 0.6886146791437839}
{"epoch": 6, "val_accuracy": 0.7715963375796179, "train_accuracy": 0.8025265970128648, "f1_macro": 0.7689286583979891, "pre_macro": 0.7709500381054603, "re_macro": 0.7707999999999999, "best_epoch": 6, "val_loss": 0.6535898634962215, "train_loss": 0.6689030375886471}
{"epoch": 7, "val_accuracy": 0.7748805732484076, "train_accuracy": 0.8098879190201455, "f1_macro": 0.771593858896811, "pre_macro": 0.7724292441363282, "re_macro": 0.7741, "best_epoch": 7, "val_loss": 0.6448339844585225, "train_loss": 0.6547720990282424}
{"epoch": 8, "val_accuracy": 0.7759753184713376, "train_accuracy": 0.8155395147648263, "f1_macro": 0.7725637095331936, "pre_macro": 0.7727771187853283, "re_macro": 0.7752000000000001, "best_epoch": 8, "val_loss": 0.6375394011758695, "train_loss": 0.6440345251813848}
{"epoch": 9, "val_accuracy": 0.7786624203821656, "train_accuracy": 0.8181990892329114, "f1_macro": 0.7755287309856679, "pre_macro": 0.7752334392024868, "re_macro": 0.7779, "best_epoch": 9, "val_loss": 0.6316083067921316, "train_loss": 0.6355644280606128}
{"epoch": 10, "val_accuracy": 0.7794585987261147, "train_accuracy": 0.8211911105095072, "f1_macro": 0.7766892845682799, "pre_macro": 0.7762463050390782, "re_macro": 0.7787000000000001, "best_epoch": 10, "val_loss": 0.6272268099769666, "train_loss": 0.6288226024901613}
{"epoch": 11, "val_accuracy": 0.7798566878980892, "train_accuracy": 0.8265102594456775, "f1_macro": 0.777359174689255, "pre_macro": 0.7768486594666939, "re_macro": 0.7790999999999999, "best_epoch": 11, "val_loss": 0.6241739075274984, "train_loss": 0.6235027630278405}
{"epoch": 12, "val_accuracy": 0.7815485668789809, "train_accuracy": 0.8281724934882306, "f1_macro": 0.7792856341394201, "pre_macro": 0.7788959229057422, "re_macro": 0.7807999999999999, "best_epoch": 12, "val_loss": 0.622008031340921, "train_loss": 0.61936077221911}
{"epoch": 13, "val_accuracy": 0.7821457006369427, "train_accuracy": 0.8288373871052519, "f1_macro": 0.7799693456080637, "pre_macro": 0.7795668278570349, "re_macro": 0.7814, "best_epoch": 13, "val_loss": 0.6204076291649205, "train_loss": 0.6161456583662236}
{"epoch": 14, "val_accuracy": 0.7827428343949044, "train_accuracy": 0.8291698339137625, "f1_macro": 0.7806489121525002, "pre_macro": 0.7802962296659091, "re_macro": 0.782, "best_epoch": 14, "val_loss": 0.6191936294743969, "train_loss": 0.61363511263056}
{"epoch": 15, "val_accuracy": 0.7825437898089171, "train_accuracy": 0.8298347275307838, "f1_macro": 0.7805195044072082, "pre_macro": 0.7802143725654587, "re_macro": 0.7817999999999999, "best_epoch": 14, "val_loss": 0.6182583515431471, "train_loss": 0.6116629889670838}
{"epoch": 16, "val_accuracy": 0.783140923566879, "train_accuracy": 0.8304996211478051, "f1_macro": 0.7812480092464503, "pre_macro": 0.7810134906625142, "re_macro": 0.7824, "best_epoch": 16, "val_loss": 0.6175304229851741, "train_loss": 0.6101068638740702}
{"epoch": 17, "val_accuracy": 0.7832404458598726, "train_accuracy": 0.8304996211478051, "f1_macro": 0.7813720698760236, "pre_macro": 0.781150265430945, "re_macro": 0.7825, "best_epoch": 17, "val_loss": 0.6169599085856395, "train_loss": 0.6088748371347468}
{"epoch": 18, "val_accuracy": 0.7836385350318471, "train_accuracy": 0.8311645147648263, "f1_macro": 0.7818336061948291, "pre_macro": 0.7816609074927483, "re_macro": 0.7828999999999999, "best_epoch": 18, "val_loss": 0.6165105269593039, "train_loss": 0.6078968942165375}
{"epoch": 19, "val_accuracy": 0.7836385350318471, "train_accuracy": 0.8318294083818476, "f1_macro": 0.7818838440902194, "pre_macro": 0.7817450855675869, "re_macro": 0.7828999999999999, "best_epoch": 18, "val_loss": 0.6161552711277251, "train_loss": 0.6071190922818286}
{"epoch": 20, "val_accuracy": 0.7835390127388535, "train_accuracy": 0.8321618551903582, "f1_macro": 0.7817870065293331, "pre_macro": 0.7816401776543034, "re_macro": 0.7828, "best_epoch": 18, "val_loss": 0.6158736608210643, "train_loss": 0.6064995343380786}
{"epoch": 21, "val_accuracy": 0.7836385350318471, "train_accuracy": 0.8321618551903582, "f1_macro": 0.7819255063222201, "pre_macro": 0.7818152298244037, "re_macro": 0.7828999999999999, "best_epoch": 18, "val_loss": 0.6156499554776842, "train_loss": 0.6060054505125005}
{"epoch": 22, "val_accuracy": 0.7836385350318471, "train_accuracy": 0.8321618551903582, "f1_macro": 0.7819255063222201, "pre_macro": 0.7818152298244037, "re_macro": 0.7828999999999999, "best_epoch": 18, "val_loss": 0.6154719722119106, "train_loss": 0.605611060528045}
{"epoch": 23, "val_accuracy": 0.7837380573248408, "train_accuracy": 0.8324943019988689, "f1_macro": 0.7820376012065952, "pre_macro": 0.7819318645735294, "re_macro": 0.7829999999999999, "best_epoch": 23, "val_loss": 0.615330193642598, "train_loss": 0.6052960392008436}
{"epoch": 24, "val_accuracy": 0.7837380573248408, "train_accuracy": 0.8324943019988689, "f1_macro": 0.7820376012065952, "pre_macro": 0.7819318645735294, "re_macro": 0.7829999999999999, "best_epoch": 23, "val_loss": 0.6152171409054167, "train_loss": 0.6050442704494964}
{"epoch": 25, "val_accuracy": 0.7837380573248408, "train_accuracy": 0.8324943019988689, "f1_macro": 0.7820464001305185, "pre_macro": 0.7819524175221766, "re_macro": 0.7829999999999999, "best_epoch": 23, "val_loss": 0.6151269440817985, "train_loss": 0.6048429582981353}
{"training time": 35.879374265670776}
