{"epoch": 1, "val_accuracy": 0.8369824840764332, "train_accuracy": 0.7455895390916378, "f1_macro": 0.8297315859235616, "pre_macro": 0.8599874616501267, "re_macro": 0.8320949004120365, "best_epoch": 1, "val_loss": 0.5023662614499688, "train_loss": 3.431376634760106}
{"epoch": 2, "val_accuracy": 0.8826632165605095, "train_accuracy": 0.8823359930768926, "f1_macro": 0.8801617476856904, "pre_macro": 0.8899723607956945, "re_macro": 0.8803586034885518, "best_epoch": 2, "val_loss": 0.392370094918901, "train_loss": 1.820407964320893}
{"epoch": 3, "val_accuracy": 0.9036624203821656, "train_accuracy": 0.9032801420130628, "f1_macro": 0.9021788002948341, "pre_macro": 0.9062492135234388, "re_macro": 0.9021738108706631, "best_epoch": 3, "val_loss": 0.33032392531301186, "train_loss": 1.3667683687615901}
{"epoch": 4, "val_accuracy": 0.9033638535031847, "train_accuracy": 0.9158687944107867, "f1_macro": 0.9017056216096521, "pre_macro": 0.9057311782638579, "re_macro": 0.9017131514155873, "best_epoch": 3, "val_loss": 0.32485971853706486, "train_loss": 1.1238257961070284}
{"epoch": 5, "val_accuracy": 0.9129179936305732, "train_accuracy": 0.9245124114320633, "f1_macro": 0.9116572430422158, "pre_macro": 0.9141454258602998, "re_macro": 0.9114432287804821, "best_epoch": 5, "val_loss": 0.3020063791851139, "train_loss": 0.9700182338978381}
{"epoch": 6, "val_accuracy": 0.913515127388535, "train_accuracy": 0.9295877659574469, "f1_macro": 0.9117224462474953, "pre_macro": 0.9132874887807123, "re_macro": 0.9122532224580281, "best_epoch": 6, "val_loss": 0.29296515803712947, "train_loss": 0.8688055682689586}
{"epoch": 7, "val_accuracy": 0.9140127388535032, "train_accuracy": 0.9348404255319149, "f1_macro": 0.9122573497671986, "pre_macro": 0.9137541864420399, "re_macro": 0.9128381247864915, "best_epoch": 7, "val_loss": 0.28937910513798143, "train_loss": 0.7922195348333805}
{"epoch": 8, "val_accuracy": 0.9189888535031847, "train_accuracy": 0.9391622340425532, "f1_macro": 0.9174145388469332, "pre_macro": 0.9183526847670862, "re_macro": 0.9177928499355852, "best_epoch": 8, "val_loss": 0.27782122732679937, "train_loss": 0.7377978743390834}
{"epoch": 9, "val_accuracy": 0.9235668789808917, "train_accuracy": 0.9409574468085107, "f1_macro": 0.9221804391959438, "pre_macro": 0.923232648308374, "re_macro": 0.9222536937272615, "best_epoch": 9, "val_loss": 0.26752307340740017, "train_loss": 0.6964390914490882}
{"epoch": 10, "val_accuracy": 0.9253582802547771, "train_accuracy": 0.9434397164811479, "f1_macro": 0.9240121738972948, "pre_macro": 0.9251697908538044, "re_macro": 0.9239302395739951, "best_epoch": 10, "val_loss": 0.2633993071118358, "train_loss": 0.664076669926339}
{"epoch": 11, "val_accuracy": 0.9258558917197452, "train_accuracy": 0.9465647164811479, "f1_macro": 0.9245225194926008, "pre_macro": 0.9256893059776179, "re_macro": 0.9244218780649494, "best_epoch": 11, "val_loss": 0.2596746258983377, "train_loss": 0.638924618477517}
{"epoch": 12, "val_accuracy": 0.9281449044585988, "train_accuracy": 0.9482712765957447, "f1_macro": 0.9269778273501105, "pre_macro": 0.9281260150280932, "re_macro": 0.9268038853446413, "best_epoch": 12, "val_loss": 0.2557158582149797, "train_loss": 0.6179297878387127}
{"epoch": 13, "val_accuracy": 0.9292396496815286, "train_accuracy": 0.9501994680851064, "f1_macro": 0.9280686547327693, "pre_macro": 0.9291871639406823, "re_macro": 0.9278679126850475, "best_epoch": 13, "val_loss": 0.252975286476931, "train_loss": 0.6011006310899207}
{"epoch": 14, "val_accuracy": 0.9292396496815286, "train_accuracy": 0.9511303191489362, "f1_macro": 0.9281114757431175, "pre_macro": 0.929127027684574, "re_macro": 0.9279079439563157, "best_epoch": 13, "val_loss": 0.2500833731002299, "train_loss": 0.588084803616747}
{"epoch": 15, "val_accuracy": 0.930234872611465, "train_accuracy": 0.9530585106382978, "f1_macro": 0.929161493203428, "pre_macro": 0.9300176563980884, "re_macro": 0.9289901252404569, "best_epoch": 15, "val_loss": 0.24751789068245583, "train_loss": 0.5774467986948947}
{"training time": 42.99863052368164}
