{"epoch": 1, "val_accuracy": 0.7134753184713376, "train_accuracy": 0.4771561559210432, "f1_macro": 0.7087206141370171, "pre_macro": 0.7293182686352067, "re_macro": 0.7090416432288216, "best_epoch": 1, "val_loss": 0.9741903619401774, "train_loss": 5.242140911995096}
{"epoch": 2, "val_accuracy": 0.7763734076433121, "train_accuracy": 0.7731762921556513, "f1_macro": 0.77542514598795, "pre_macro": 0.7925312234160583, "re_macro": 0.7730301693594511, "best_epoch": 2, "val_loss": 0.7210149512549114, "train_loss": 3.7175760116982968}
{"epoch": 3, "val_accuracy": 0.8179737261146497, "train_accuracy": 0.8297872353107372, "f1_macro": 0.8177124316410674, "pre_macro": 0.826026943608594, "re_macro": 0.8158176607105082, "best_epoch": 3, "val_loss": 0.6123456094105533, "train_loss": 3.1191877507148904}
{"epoch": 4, "val_accuracy": 0.8326035031847133, "train_accuracy": 0.8651215814529581, "f1_macro": 0.831412291730061, "pre_macro": 0.836480940812263, "re_macro": 0.8308258347577159, "best_epoch": 4, "val_loss": 0.5588550250146799, "train_loss": 2.767771528122273}
{"epoch": 5, "val_accuracy": 0.8368829617834395, "train_accuracy": 0.8787044083818476, "f1_macro": 0.8339841041546141, "pre_macro": 0.8456610042228629, "re_macro": 0.8350097765126128, "best_epoch": 5, "val_loss": 0.5442799566562768, "train_loss": 2.544686768917327}
{"epoch": 6, "val_accuracy": 0.8425557324840764, "train_accuracy": 0.8873955176231709, "f1_macro": 0.839568437842589, "pre_macro": 0.8507593306620457, "re_macro": 0.8405885497719421, "best_epoch": 6, "val_loss": 0.5216527478235542, "train_loss": 2.382828575499514}
{"epoch": 7, "val_accuracy": 0.8583797770700637, "train_accuracy": 0.8996960495380645, "f1_macro": 0.8562465488147435, "pre_macro": 0.8615330315720584, "re_macro": 0.8567293025806471, "best_epoch": 7, "val_loss": 0.4783147773260524, "train_loss": 2.2551313765505525}
{"epoch": 8, "val_accuracy": 0.861265923566879, "train_accuracy": 0.9183605630347069, "f1_macro": 0.859154992472775, "pre_macro": 0.8627225231260269, "re_macro": 0.8594639935725166, "best_epoch": 8, "val_loss": 0.46104983909494557, "train_loss": 2.150259700227291}
{"epoch": 9, "val_accuracy": 0.865047770700637, "train_accuracy": 0.9216375388997666, "f1_macro": 0.8630540488093799, "pre_macro": 0.8664119117614446, "re_macro": 0.863329656426839, "best_epoch": 9, "val_loss": 0.4509984100605272, "train_loss": 2.080789619303764}
{"epoch": 10, "val_accuracy": 0.8657444267515924, "train_accuracy": 0.9242971133678517, "f1_macro": 0.8637375430639029, "pre_macro": 0.8670755928820114, "re_macro": 0.8639569564360775, "best_epoch": 10, "val_loss": 0.44683005594334024, "train_loss": 2.0248636920401393}
{"epoch": 11, "val_accuracy": 0.8660429936305732, "train_accuracy": 0.9252944537933837, "f1_macro": 0.8639167583169766, "pre_macro": 0.8675583841068502, "re_macro": 0.864206145144305, "best_epoch": 11, "val_loss": 0.44241562447730143, "train_loss": 1.9835744994751952}
{"epoch": 12, "val_accuracy": 0.8682324840764332, "train_accuracy": 0.9246295601763623, "f1_macro": 0.8661580057415967, "pre_macro": 0.8695518563367927, "re_macro": 0.8664064398724868, "best_epoch": 12, "val_loss": 0.4370703951093801, "train_loss": 1.9513734071812732}
{"epoch": 13, "val_accuracy": 0.8701234076433121, "train_accuracy": 0.9276215814529581, "f1_macro": 0.8681659579238783, "pre_macro": 0.87036460081613, "re_macro": 0.8684312390703852, "best_epoch": 13, "val_loss": 0.43139502323072426, "train_loss": 1.9235026684213192}
{"epoch": 14, "val_accuracy": 0.872312898089172, "train_accuracy": 0.9306136027295538, "f1_macro": 0.8704460886840968, "pre_macro": 0.8719682058445949, "re_macro": 0.8707892546083835, "best_epoch": 14, "val_loss": 0.4269314980383512, "train_loss": 1.9004667540814013}
{"epoch": 15, "val_accuracy": 0.8744028662420382, "train_accuracy": 0.9329407303891284, "f1_macro": 0.8719970003740277, "pre_macro": 0.8730069934932094, "re_macro": 0.8723600670320198, "best_epoch": 15, "val_loss": 0.4239191441636556, "train_loss": 1.8806642344657412}
{"training time": 22.13214921951294}
