{"epoch": 1, "val_accuracy": 0.8968949044585988, "train_accuracy": 0.8447265625, "f1_macro": 0.8953142983356475, "pre_macro": 0.9014444535026256, "re_macro": 0.8964396887975289, "best_epoch": 1, "val_loss": 0.35827303836774677, "train_loss": 2.199924773451957}
{"epoch": 2, "val_accuracy": 0.8998805732484076, "train_accuracy": 0.906494140625, "f1_macro": 0.8983079415018871, "pre_macro": 0.9054828802120566, "re_macro": 0.8991717680843146, "best_epoch": 2, "val_loss": 0.34122827003715905, "train_loss": 0.8834343463690444}
{"epoch": 3, "val_accuracy": 0.9097332802547771, "train_accuracy": 0.9191228693181818, "f1_macro": 0.9079200720932313, "pre_macro": 0.9135073536313593, "re_macro": 0.9088079727447592, "best_epoch": 3, "val_loss": 0.3066848512905039, "train_loss": 0.6018774892542172}
{"epoch": 4, "val_accuracy": 0.9148089171974523, "train_accuracy": 0.9284224076704546, "f1_macro": 0.9135028070849032, "pre_macro": 0.9176807213337341, "re_macro": 0.9143046778560768, "best_epoch": 4, "val_loss": 0.2769989390638034, "train_loss": 0.47956319843334233}
{"epoch": 5, "val_accuracy": 0.9242635350318471, "train_accuracy": 0.9364346590909091, "f1_macro": 0.9232270022547505, "pre_macro": 0.9263141258521053, "re_macro": 0.9232831374382308, "best_epoch": 5, "val_loss": 0.2533748641515234, "train_loss": 0.40977934548969974}
{"epoch": 6, "val_accuracy": 0.927547770700637, "train_accuracy": 0.9433371803977273, "f1_macro": 0.9264161160249017, "pre_macro": 0.9291967304767693, "re_macro": 0.9263206023467241, "best_epoch": 6, "val_loss": 0.23980994542740333, "train_loss": 0.3647085365373641}
{"epoch": 7, "val_accuracy": 0.9351114649681529, "train_accuracy": 0.9482421875, "f1_macro": 0.934278097409304, "pre_macro": 0.9359861669372211, "re_macro": 0.9341280384892553, "best_epoch": 7, "val_loss": 0.2181349105563513, "train_loss": 0.3335734201298857}
{"epoch": 8, "val_accuracy": 0.9414808917197452, "train_accuracy": 0.9530584161931818, "f1_macro": 0.9406660756479359, "pre_macro": 0.9416930874902191, "re_macro": 0.9405601067995759, "best_epoch": 8, "val_loss": 0.19978524788407384, "train_loss": 0.3106276949401945}
{"epoch": 9, "val_accuracy": 0.9457603503184714, "train_accuracy": 0.9566983309659091, "f1_macro": 0.944954373586256, "pre_macro": 0.9457318248627476, "re_macro": 0.944841704968822, "best_epoch": 9, "val_loss": 0.18751863813158243, "train_loss": 0.2925512114412744}
{"epoch": 10, "val_accuracy": 0.9478503184713376, "train_accuracy": 0.9597611860795454, "f1_macro": 0.9470032994035347, "pre_macro": 0.9476520036947932, "re_macro": 0.9469328641393118, "best_epoch": 10, "val_loss": 0.18117930558005904, "train_loss": 0.2785911194514483}
{"epoch": 11, "val_accuracy": 0.9497412420382165, "train_accuracy": 0.9622913707386364, "f1_macro": 0.9489057650622769, "pre_macro": 0.9494779883995852, "re_macro": 0.948727668020538, "best_epoch": 11, "val_loss": 0.17503790194346647, "train_loss": 0.26750240894034505}
{"epoch": 12, "val_accuracy": 0.9514331210191083, "train_accuracy": 0.9638893821022727, "f1_macro": 0.9505998743793572, "pre_macro": 0.9510868888823245, "re_macro": 0.950437721198031, "best_epoch": 12, "val_loss": 0.16902143162657407, "train_loss": 0.25846716577441176}
{"epoch": 13, "val_accuracy": 0.9532245222929936, "train_accuracy": 0.9654651988636364, "f1_macro": 0.952404386896645, "pre_macro": 0.9528617934680866, "re_macro": 0.9522295582501595, "best_epoch": 13, "val_loss": 0.16480256567537122, "train_loss": 0.2510301537430761}
{"epoch": 14, "val_accuracy": 0.9529259554140127, "train_accuracy": 0.9664195667613636, "f1_macro": 0.9521220592321231, "pre_macro": 0.9525122833853203, "re_macro": 0.9519823423784356, "best_epoch": 13, "val_loss": 0.1619019404196056, "train_loss": 0.24506025543351742}
{"epoch": 15, "val_accuracy": 0.9536226114649682, "train_accuracy": 0.9673739346590909, "f1_macro": 0.9528246935075618, "pre_macro": 0.9531414988758649, "re_macro": 0.9527125800114888, "best_epoch": 15, "val_loss": 0.15988191674540567, "train_loss": 0.2401672820560634}
{"training time": 105.90585088729858}
