{"epoch": 1, "val_accuracy": 0.24223726114649682, "train_accuracy": 0.1875, "f1_macro": 0.237459910431488, "pre_macro": 0.36065190779085793, "re_macro": 0.2398220487944848, "best_epoch": 1, "val_loss": 2.044540201023126, "train_loss": 6.4479310512542725}
{"epoch": 2, "val_accuracy": 0.5134355095541401, "train_accuracy": 0.4390625, "f1_macro": 0.4613110218866563, "pre_macro": 0.5217597420506802, "re_macro": 0.500060561815417, "best_epoch": 2, "val_loss": 1.6149663818869622, "train_loss": 5.502402257919312}
{"epoch": 3, "val_accuracy": 0.6076831210191083, "train_accuracy": 0.6859375, "f1_macro": 0.593611479731344, "pre_macro": 0.6012406505712857, "re_macro": 0.6001602163185172, "best_epoch": 3, "val_loss": 1.375708401582803, "train_loss": 5.014300966262818}
{"epoch": 4, "val_accuracy": 0.6426154458598726, "train_accuracy": 0.7671875, "f1_macro": 0.6189888562559676, "pre_macro": 0.6469644208207057, "re_macro": 0.6325227133445959, "best_epoch": 4, "val_loss": 1.2605743560062093, "train_loss": 4.653692150115967}
{"epoch": 5, "val_accuracy": 0.669187898089172, "train_accuracy": 0.803125, "f1_macro": 0.6515816074956435, "pre_macro": 0.6670047093595226, "re_macro": 0.6608883545552778, "best_epoch": 5, "val_loss": 1.1679038530702044, "train_loss": 4.444993686676026}
{"epoch": 6, "val_accuracy": 0.6954617834394905, "train_accuracy": 0.8255208373069763, "f1_macro": 0.6782523035771967, "pre_macro": 0.6845155213691358, "re_macro": 0.687104657832617, "best_epoch": 6, "val_loss": 1.1024385500865377, "train_loss": 4.24851770401001}
{"epoch": 7, "val_accuracy": 0.7009355095541401, "train_accuracy": 0.8671875, "f1_macro": 0.6883370771845347, "pre_macro": 0.6950977789769927, "re_macro": 0.6930600944508062, "best_epoch": 7, "val_loss": 1.0666748964862458, "train_loss": 4.126146078109741}
{"epoch": 8, "val_accuracy": 0.7096934713375797, "train_accuracy": 0.871875, "f1_macro": 0.6951757238447933, "pre_macro": 0.6994428466253371, "re_macro": 0.7015808984816816, "best_epoch": 8, "val_loss": 1.036077540771217, "train_loss": 4.023442578315735}
{"epoch": 9, "val_accuracy": 0.7124800955414012, "train_accuracy": 0.8932291686534881, "f1_macro": 0.700216909148306, "pre_macro": 0.704490182161723, "re_macro": 0.7048754924026962, "best_epoch": 9, "val_loss": 1.016319411955062, "train_loss": 3.9482268571853636}
{"epoch": 10, "val_accuracy": 0.7170581210191083, "train_accuracy": 0.8963541686534882, "f1_macro": 0.7047875262874257, "pre_macro": 0.7099347484579613, "re_macro": 0.7094100653178684, "best_epoch": 10, "val_loss": 1.002207678594407, "train_loss": 3.8944849491119387}
{"epoch": 11, "val_accuracy": 0.7196457006369427, "train_accuracy": 0.9041666686534882, "f1_macro": 0.7074566326104006, "pre_macro": 0.7121317247104268, "re_macro": 0.7120751848302304, "best_epoch": 11, "val_loss": 0.9896076674673967, "train_loss": 3.849618101119995}
{"epoch": 12, "val_accuracy": 0.7216361464968153, "train_accuracy": 0.9072916686534882, "f1_macro": 0.7098349875002812, "pre_macro": 0.7143619471468798, "re_macro": 0.7142178985387552, "best_epoch": 12, "val_loss": 0.9802530221878343, "train_loss": 3.8151675939559935}
{"epoch": 13, "val_accuracy": 0.7230294585987261, "train_accuracy": 0.9119791686534882, "f1_macro": 0.7112974578232155, "pre_macro": 0.7158486157101627, "re_macro": 0.7156530942821946, "best_epoch": 13, "val_loss": 0.9733352030918097, "train_loss": 3.7886298418045046}
{"epoch": 14, "val_accuracy": 0.724422770700637, "train_accuracy": 0.9119791686534882, "f1_macro": 0.712698341936807, "pre_macro": 0.7172628516728052, "re_macro": 0.7170731888465658, "best_epoch": 14, "val_loss": 0.9677178026384609, "train_loss": 3.7672410011291504}
{"epoch": 15, "val_accuracy": 0.7259156050955414, "train_accuracy": 0.9119791686534882, "f1_macro": 0.714312246332499, "pre_macro": 0.718867619041878, "re_macro": 0.7186139315373032, "best_epoch": 15, "val_loss": 0.9631482320985977, "train_loss": 3.7501322984695435}
{"training time": 14.376328468322754}
