{"epoch": 1, "val_accuracy": 0.9083399681528662, "train_accuracy": 0.8551106076759062, "f1_macro": 0.906899975174527, "pre_macro": 0.9117557327245448, "re_macro": 0.9067124291372195, "best_epoch": 1, "val_loss": 0.31128775188402763, "train_loss": 1.9024305241956894}
{"epoch": 2, "val_accuracy": 0.9252587579617835, "train_accuracy": 0.9134295042643923, "f1_macro": 0.9244009171116356, "pre_macro": 0.9261002666852638, "re_macro": 0.9242788639837404, "best_epoch": 2, "val_loss": 0.252537055682557, "train_loss": 0.6850109581690608}
{"epoch": 3, "val_accuracy": 0.9346138535031847, "train_accuracy": 0.9269556236673774, "f1_macro": 0.9339745075538131, "pre_macro": 0.9351930247170136, "re_macro": 0.9337919663538148, "best_epoch": 3, "val_loss": 0.2247799625086367, "train_loss": 0.47368217250113803}
{"epoch": 4, "val_accuracy": 0.9400875796178344, "train_accuracy": 0.9366837686567164, "f1_macro": 0.9392594701622251, "pre_macro": 0.9406860825222567, "re_macro": 0.9388365433205704, "best_epoch": 4, "val_loss": 0.20251030286857089, "train_loss": 0.3857764599483405}
{"epoch": 5, "val_accuracy": 0.9437699044585988, "train_accuracy": 0.9442797174840085, "f1_macro": 0.94307208879938, "pre_macro": 0.9444738731751281, "re_macro": 0.9425808596010443, "best_epoch": 5, "val_loss": 0.1890592851622659, "train_loss": 0.3372161578712687}
{"epoch": 6, "val_accuracy": 0.9483479299363057, "train_accuracy": 0.9496768390191898, "f1_macro": 0.9477110566278137, "pre_macro": 0.9486602707328851, "re_macro": 0.9473484936656273, "best_epoch": 6, "val_loss": 0.17537731676997179, "train_loss": 0.3043631053904989}
{"epoch": 7, "val_accuracy": 0.9499402866242038, "train_accuracy": 0.9546075426439232, "f1_macro": 0.9493470634164451, "pre_macro": 0.950355968050563, "re_macro": 0.9489703117369406, "best_epoch": 7, "val_loss": 0.17070643626343293, "train_loss": 0.28117632595842074}
{"epoch": 8, "val_accuracy": 0.9522292993630573, "train_accuracy": 0.9588219616204691, "f1_macro": 0.9516356196261915, "pre_macro": 0.9525500370383858, "re_macro": 0.9513633473188591, "best_epoch": 8, "val_loss": 0.16847612346955546, "train_loss": 0.26270104514986975}
{"epoch": 9, "val_accuracy": 0.9541202229299363, "train_accuracy": 0.9612706556503199, "f1_macro": 0.9534695600665806, "pre_macro": 0.9539571811333645, "re_macro": 0.9532915753351215, "best_epoch": 9, "val_loss": 0.16145852950822775, "train_loss": 0.24879635072180203}
{"epoch": 10, "val_accuracy": 0.9560111464968153, "train_accuracy": 0.9635027985074627, "f1_macro": 0.9553925379821264, "pre_macro": 0.9556939336953738, "re_macro": 0.9552879845688451, "best_epoch": 10, "val_loss": 0.15511454611862446, "train_loss": 0.2379947155555174}
{"epoch": 11, "val_accuracy": 0.9581011146496815, "train_accuracy": 0.9652685234541578, "f1_macro": 0.9575229602255542, "pre_macro": 0.9576946958115435, "re_macro": 0.9574830095980953, "best_epoch": 11, "val_loss": 0.15096405762763823, "train_loss": 0.22925785352299208}
{"epoch": 12, "val_accuracy": 0.9582006369426752, "train_accuracy": 0.966817697228145, "f1_macro": 0.9576049133155167, "pre_macro": 0.9577155125336458, "re_macro": 0.9576201974676524, "best_epoch": 12, "val_loss": 0.1484401717568469, "train_loss": 0.22202619699749357}
{"epoch": 13, "val_accuracy": 0.9586982484076433, "train_accuracy": 0.9684668176972282, "f1_macro": 0.9581281882525492, "pre_macro": 0.9582977519805475, "re_macro": 0.9580843809559332, "best_epoch": 13, "val_loss": 0.14662708630666707, "train_loss": 0.21605316924451512}
{"epoch": 14, "val_accuracy": 0.9590963375796179, "train_accuracy": 0.9697328091684435, "f1_macro": 0.9585348452950051, "pre_macro": 0.9587698617799665, "re_macro": 0.958450406385712, "best_epoch": 14, "val_loss": 0.14493737486339395, "train_loss": 0.21117000645602435}
{"epoch": 15, "val_accuracy": 0.9598925159235668, "train_accuracy": 0.970815565031983, "f1_macro": 0.9593285488031043, "pre_macro": 0.9595777486800003, "re_macro": 0.9592489108311657, "best_epoch": 15, "val_loss": 0.1430649211909029, "train_loss": 0.2071603896346555}
{"training time": 136.82790613174438}
